{"meta": {"format": 3, "version": "7.13.5", "timestamp": "2026-04-21T15:38:02.431488", "branch_coverage": false, "show_contexts": false}, "files": {"run_full_analysis.py": {"executed_lines": [24, 25, 26, 27, 28, 29, 30, 31, 32, 33, 34, 35, 37, 41, 43, 48, 53, 54, 55, 56, 57, 60, 76, 92, 118, 121, 122, 123, 126, 129, 130, 131, 132, 135, 136, 139, 140, 141, 142, 143, 144, 146, 147, 153, 154, 157, 158, 159, 160, 161, 162, 163, 164, 166, 188, 189, 192, 193, 194, 195, 196, 197, 198, 199, 200, 201, 202, 203, 205, 222, 223, 226, 227, 228, 229, 230, 231, 234, 235, 238, 239, 240, 241, 247, 275, 303, 331, 348, 360, 364, 370, 440, 520, 525, 658, 732, 783, 799, 819, 821, 822, 823, 825, 827, 828, 829, 831, 832, 833, 1001, 1060, 1096, 1118, 1136, 1158, 1173, 1174, 1175, 1177, 1178, 1179, 1182, 1184, 1191, 1250, 1262, 1267, 1348, 1416, 1467, 1544, 1560, 1562, 1563, 1564, 1567, 1568, 1571, 1575, 1578, 1580, 1584, 1585, 1586, 1588, 1596, 1599, 1602, 1605, 1606, 1609, 1610, 1611, 1612, 1617, 1620, 1621, 1628, 1629, 1630, 1633, 1634, 1635, 1636, 1637, 1643, 1646, 1647, 1648, 1649, 1659, 1660, 1662, 1663, 1664, 1667, 1668, 1669, 1672, 1679, 1682, 1690, 1693], "summary": {"covered_lines": 183, "num_statements": 467, "percent_covered": 39.186295503211994, "percent_covered_display": "39", "missing_lines": 284, "excluded_lines": 0, "percent_statements_covered": 39.186295503211994, "percent_statements_covered_display": "39"}, "missing_lines": [149, 150, 167, 206, 333, 334, 339, 340, 341, 342, 380, 381, 383, 385, 386, 387, 389, 392, 393, 394, 395, 396, 397, 398, 399, 400, 401, 403, 404, 407, 408, 409, 410, 411, 413, 417, 418, 431, 432, 522, 545, 546, 548, 550, 551, 552, 553, 554, 555, 556, 558, 559, 560, 561, 564, 565, 566, 567, 569, 570, 571, 572, 573, 574, 575, 576, 577, 579, 580, 583, 584, 585, 586, 589, 590, 593, 596, 597, 600, 601, 604, 605, 607, 617, 618, 640, 642, 649, 650, 679, 682, 683, 684, 686, 687, 689, 691, 692, 693, 694, 696, 697, 700, 702, 704, 707, 708, 709, 710, 712, 720, 724, 725, 838, 839, 840, 843, 844, 845, 847, 850, 853, 854, 855, 856, 886, 887, 888, 889, 919, 920, 921, 922, 956, 957, 992, 993, 1016, 1019, 1020, 1021, 1024, 1025, 1026, 1027, 1029, 1031, 1032, 1033, 1034, 1035, 1036, 1038, 1039, 1040, 1042, 1051, 1052, 1065, 1066, 1067, 1079, 1080, 1081, 1093, 1102, 1113, 1114, 1115, 1123, 1131, 1132, 1133, 1141, 1153, 1154, 1155, 1263, 1264, 1275, 1276, 1278, 1284, 1288, 1310, 1311, 1312, 1318, 1320, 1321, 1322, 1326, 1327, 1328, 1329, 1330, 1331, 1337, 1339, 1343, 1344, 1345, 1354, 1359, 1360, 1361, 1362, 1363, 1364, 1371, 1372, 1373, 1376, 1377, 1378, 1383, 1388, 1391, 1392, 1393, 1394, 1395, 1396, 1397, 1398, 1399, 1406, 1408, 1411, 1412, 1413, 1421, 1426, 1427, 1428, 1429, 1430, 1434, 1435, 1441, 1444, 1457, 1459, 1462, 1463, 1464, 1472, 1477, 1478, 1480, 1481, 1482, 1484, 1485, 1486, 1491, 1492, 1497, 1499, 1500, 1501, 1502, 1503, 1505, 1506, 1507, 1508, 1509, 1510, 1514, 1515, 1519, 1520, 1529, 1531, 1534, 1535, 1536, 1572, 1573, 1581, 1661, 1694, 1695], "excluded_lines": [], "functions": {"CompetenceSource.github_url": {"executed_lines": [], "summary": {"covered_lines": 0, "num_statements": 2, "percent_covered": 0.0, "percent_covered_display": "0", "missing_lines": 2, "excluded_lines": 0, "percent_statements_covered": 0.0, "percent_statements_covered_display": "0"}, "missing_lines": [149, 150], "excluded_lines": [], "start_line": 147}, "Competence.to_dict": {"executed_lines": [], "summary": {"covered_lines": 0, "num_statements": 1, "percent_covered": 0.0, "percent_covered_display": "0", "missing_lines": 1, "excluded_lines": 0, "percent_statements_covered": 0.0, "percent_statements_covered_display": "0"}, "missing_lines": [167], "excluded_lines": [], "start_line": 166}, "MicroCredential.to_dict": {"executed_lines": [], "summary": {"covered_lines": 0, "num_statements": 1, "percent_covered": 0.0, "percent_covered_display": "0", "missing_lines": 1, "excluded_lines": 0, "percent_statements_covered": 0.0, "percent_statements_covered_display": "0"}, "missing_lines": [206], "excluded_lines": [], "start_line": 205}, "_detect_axis": {"executed_lines": [], "summary": {"covered_lines": 0, "num_statements": 6, "percent_covered": 0.0, "percent_covered_display": "0", "missing_lines": 6, "excluded_lines": 0, "percent_statements_covered": 0.0, "percent_statements_covered_display": "0"}, "missing_lines": [333, 334, 339, 340, 341, 342], "excluded_lines": [], "start_line": 331}, "load_baseline_competences": {"executed_lines": [], "summary": {"covered_lines": 0, "num_statements": 29, "percent_covered": 0.0, "percent_covered_display": "0", "missing_lines": 29, "excluded_lines": 0, "percent_statements_covered": 0.0, "percent_statements_covered_display": "0"}, "missing_lines": [380, 381, 383, 385, 386, 387, 389, 392, 393, 394, 395, 396, 397, 398, 399, 400, 401, 403, 404, 407, 408, 409, 410, 411, 413, 417, 418, 431, 432], "excluded_lines": [], "start_line": 370}, "_slugify": {"executed_lines": [], "summary": {"covered_lines": 0, "num_statements": 1, "percent_covered": 0.0, "percent_covered_display": "0", "missing_lines": 1, "excluded_lines": 0, "percent_statements_covered": 0.0, "percent_statements_covered_display": "0"}, "missing_lines": [522], "excluded_lines": [], "start_line": 520}, "extract_literature_competences": {"executed_lines": [], "summary": {"covered_lines": 0, "num_statements": 49, "percent_covered": 0.0, "percent_covered_display": "0", "missing_lines": 49, "excluded_lines": 0, "percent_statements_covered": 0.0, "percent_statements_covered_display": "0"}, "missing_lines": [545, 546, 548, 550, 551, 552, 553, 554, 555, 556, 558, 559, 560, 561, 564, 565, 566, 567, 569, 570, 571, 572, 573, 574, 575, 576, 577, 579, 580, 583, 584, 585, 586, 589, 590, 593, 596, 597, 600, 601, 604, 605, 607, 617, 618, 640, 642, 649, 650], "excluded_lines": [], "start_line": 525}, "run_gap_analysis": {"executed_lines": [], "summary": {"covered_lines": 0, "num_statements": 24, "percent_covered": 0.0, "percent_covered_display": "0", "missing_lines": 24, "excluded_lines": 0, "percent_statements_covered": 0.0, "percent_statements_covered_display": "0"}, "missing_lines": [679, 682, 683, 684, 686, 687, 689, 691, 692, 693, 694, 696, 697, 700, 702, 704, 707, 708, 709, 710, 712, 720, 724, 725], "excluded_lines": [], "start_line": 658}, "generate_micro_credentials": {"executed_lines": [819, 821, 822, 823, 825, 827, 828, 829, 831, 832, 833], "summary": {"covered_lines": 11, "num_statements": 35, "percent_covered": 31.428571428571427, "percent_covered_display": "31", "missing_lines": 24, "excluded_lines": 0, "percent_statements_covered": 31.428571428571427, "percent_statements_covered_display": "31"}, "missing_lines": [838, 839, 840, 843, 844, 845, 847, 850, 853, 854, 855, 856, 886, 887, 888, 889, 919, 920, 921, 922, 956, 957, 992, 993], "excluded_lines": [], "start_line": 799}, "compute_sector_pathways": {"executed_lines": [], "summary": {"covered_lines": 0, "num_statements": 21, "percent_covered": 0.0, "percent_covered_display": "0", "missing_lines": 21, "excluded_lines": 0, "percent_statements_covered": 0.0, "percent_statements_covered_display": "0"}, "missing_lines": [1016, 1019, 1020, 1021, 1024, 1025, 1026, 1027, 1029, 1031, 1032, 1033, 1034, 1035, 1036, 1038, 1039, 1040, 1042, 1051, 1052], "excluded_lines": [], "start_line": 1001}, "export_gaps_summary_csv": {"executed_lines": [], "summary": {"covered_lines": 0, "num_statements": 7, "percent_covered": 0.0, "percent_covered_display": "0", "missing_lines": 7, "excluded_lines": 0, "percent_statements_covered": 0.0, "percent_statements_covered_display": "0"}, "missing_lines": [1065, 1066, 1067, 1079, 1080, 1081, 1093], "excluded_lines": [], "start_line": 1060}, "export_competences_json": {"executed_lines": [], "summary": {"covered_lines": 0, "num_statements": 4, "percent_covered": 0.0, "percent_covered_display": "0", "missing_lines": 4, "excluded_lines": 0, "percent_statements_covered": 0.0, "percent_statements_covered_display": "0"},