query_id,sector_slug,query_family,query_text,provider,provider_canonical,execution_status,returned_record_count,normalized_record_count,contributed_record_count,raw_record_count,accepted_record_count,excluded_outside_time_window_count,excluded_missing_year_count,from_year,to_year,declared_sort_strategy,sort_status,declared_sampling_mode,declared_pages,declared_rows_per_page,sampling_status,time_window_status,requested_constraint_filters,applied_constraint_filters,unsupported_constraint_filters,unapplied_constraint_filters,validity_warnings,errors,warnings
Q_BLUE_BIOTECH_COMP_001,blue_biotech,competence_demand,marine biotechnology workforce skills competences training,crossref,crossref,completed,50,23,23,50,23,23,4,2019,2026,published-desc,applied_post_fetch,stratified,3,50,partially_applied_registry_has_no_page_cursor,applied_post_fetch,sampling_strategy|sort_strategy|time_window,sort_strategy|time_window,,sampling_strategy,filter_not_applied:multi_page_sampling,,
Q_BLUE_BIOTECH_COMP_001,blue_biotech,competence_demand,marine biotechnology workforce skills competences training,scopus,scopus,completed,0,0,0,0,0,0,0,2019,2026,date-desc,applied_post_fetch,stratified,3,50,partially_applied_registry_has_no_page_cursor,applied_post_fetch,sampling_strategy|sort_strategy|time_window,sort_strategy|time_window,,sampling_strategy,filter_not_applied:multi_page_sampling,,"Scopus diagnostics: projected_query='TITLE-ABS-KEY(""marine"" AND ""biotechnology"" AND ""workforce"" AND ""skills"" AND ""competences"" AND ""training"")'; requested_count=50; applied_count=25"
Q_BLUE_BIOTECH_COMP_002,blue_biotech,competence_demand,blue bioeconomy education learning outcomes curriculum qualification,crossref,crossref,completed,50,27,26,50,27,19,4,2019,2026,published-desc,applied_post_fetch,stratified,3,50,partially_applied_registry_has_no_page_cursor,applied_post_fetch,sampling_strategy|sort_strategy|time_window,sort_strategy|time_window,,sampling_strategy,filter_not_applied:multi_page_sampling,,
Q_BLUE_BIOTECH_COMP_002,blue_biotech,competence_demand,blue bioeconomy education learning outcomes curriculum qualification,scopus,scopus,completed,0,0,0,0,0,0,0,2019,2026,date-desc,applied_post_fetch,stratified,3,50,partially_applied_registry_has_no_page_cursor,applied_post_fetch,sampling_strategy|sort_strategy|time_window,sort_strategy|time_window,,sampling_strategy,filter_not_applied:multi_page_sampling,,"Scopus diagnostics: projected_query='TITLE-ABS-KEY(""blue"" AND ""bioeconomy"" AND ""education"" AND ""learning"" AND ""outcomes"" AND ""curriculum"" AND ""qualification"")'; requested_count=50; applied_count=25"
Q_BLUE_BIOTECH_CORE_001,blue_biotech,core_sector,marine biotechnology blue bioeconomy innovation governance,crossref,crossref,completed,50,45,45,50,45,3,2,2019,2026,published-desc,applied_post_fetch,stratified,3,50,partially_applied_registry_has_no_page_cursor,applied_post_fetch,sampling_strategy|sort_strategy|time_window,sort_strategy|time_window,,sampling_strategy,filter_not_applied:multi_page_sampling,,
Q_BLUE_BIOTECH_CORE_001,blue_biotech,core_sector,marine biotechnology blue bioeconomy innovation governance,scopus,scopus,completed,0,0,0,0,0,0,0,2019,2026,date-desc,applied_post_fetch,stratified,3,50,partially_applied_registry_has_no_page_cursor,applied_post_fetch,sampling_strategy|sort_strategy|time_window,sort_strategy|time_window,,sampling_strategy,filter_not_applied:multi_page_sampling,,"Scopus diagnostics: projected_query='TITLE-ABS-KEY(""marine"" AND ""biotechnology"" AND ""blue"" AND ""bioeconomy"" AND ""innovation"" AND ""governance"")'; requested_count=50; applied_count=25"
Q_BLUE_BIOTECH_CORE_002,blue_biotech,core_sector,bioprospecting marine genetic resources benefit sharing,crossref,crossref,completed,50,18,18,50,18,32,0,2019,2026,published-desc,applied_post_fetch,stratified,3,50,partially_applied_registry_has_no_page_cursor,applied_post_fetch,sampling_strategy|sort_strategy|time_window,sort_strategy|time_window,,sampling_strategy,filter_not_applied:multi_page_sampling,,
Q_BLUE_BIOTECH_CORE_002,blue_biotech,core_sector,bioprospecting marine genetic resources benefit sharing,scopus,scopus,completed,25,14,14,25,14,11,0,2019,2026,date-desc,applied_post_fetch,stratified,3,50,partially_applied_registry_has_no_page_cursor,applied_post_fetch,sampling_strategy|sort_strategy|time_window,sort_strategy|time_window,,sampling_strategy,filter_not_applied:multi_page_sampling,,"Scopus diagnostics: projected_query='TITLE-ABS-KEY(""bioprospecting"" AND ""marine"" AND ""genetic"" AND ""resources"" AND ""benefit"" AND ""sharing"")'; requested_count=50; applied_count=25"
Q_BLUE_BIOTECH_CORE_003,blue_biotech,core_sector,marine biomaterials pharmaceuticals bioremediation sustainability,crossref,crossref,completed,50,39,24,50,39,9,2,2019,2026,published-desc,applied_post_fetch,stratified,3,50,partially_applied_registry_has_no_page_cursor,applied_post_fetch,sampling_strategy|sort_strategy|time_window,sort_strategy|time_window,,sampling_strategy,filter_not_applied:multi_page_sampling,,
Q_BLUE_BIOTECH_CORE_003,blue_biotech,core_sector,marine biomaterials pharmaceuticals bioremediation sustainability,scopus,scopus,completed,2,2,2,2,2,0,0,2019,2026,date-desc,applied_post_fetch,stratified,3,50,partially_applied_registry_has_no_page_cursor,applied_post_fetch,sampling_strategy|sort_strategy|time_window,sort_strategy|time_window,,sampling_strategy,filter_not_applied:multi_page_sampling,,"Scopus diagnostics: projected_query='TITLE-ABS-KEY(""marine"" AND ""biomaterials"" AND ""pharmaceuticals"" AND ""bioremediation"" AND ""sustainability"")'; requested_count=50; applied_count=25"
Q_BLUE_BIOTECH_EMRG_001,blue_biotech,emerging_demand,marine biotechnology AI digital twin sustainability just transition,crossref,crossref,completed,50,45,45,50,45,1,4,2019,2026,published-desc,applied_post_fetch,stratified,3,50,partially_applied_registry_has_no_page_cursor,applied_post_fetch,sampling_strategy|sort_strategy|time_window,sort_strategy|time_window,,sampling_strategy,filter_not_applied:multi_page_sampling,,
Q_BLUE_BIOTECH_EMRG_001,blue_biotech,emerging_demand,marine biotechnology AI digital twin sustainability just transition,scopus,scopus,completed,0,0,0,0,0,0,0,2019,2026,date-desc,applied_post_fetch,stratified,3,50,partially_applied_registry_has_no_page_cursor,applied_post_fetch,sampling_strategy|sort_strategy|time_window,sort_strategy|time_window,,sampling_strategy,filter_not_applied:multi_page_sampling,,"Scopus diagnostics: projected_query='TITLE-ABS-KEY(""marine"" AND ""biotechnology"" AND ""AI"" AND ""digital"" AND ""twin"" AND ""sustainability"" AND ""just"" AND ""transition"")'; requested_count=50; applied_count=25"
Q_BLUE_BIOTECH_EMRG_002,blue_biotech,emerging_demand,marine genetic resources ocean literacy governance climate adaptation,crossref,crossref,completed,50,17,17,50,17,29,4,2019,2026,published-desc,applied_post_fetch,stratified,3,50,partially_applied_registry_has_no_page_cursor,applied_post_fetch,sampling_strategy|sort_strategy|time_window,sort_strategy|time_window,,sampling_strategy,filter_not_applied:multi_page_sampling,,
Q_BLUE_BIOTECH_EMRG_002,blue_biotech,emerging_demand,marine genetic resources ocean literacy governance climate adaptation,scopus,scopus,completed,0,0,0,0,0,0,0,2019,2026,date-desc,applied_post_fetch,stratified,3,50,partially_applied_registry_has_no_page_cursor,applied_post_fetch,sampling_strategy|sort_strategy|time_window,sort_strategy|time_window,,sampling_strategy,filter_not_applied:multi_page_sampling,,"Scopus diagnostics: projected_query='TITLE-ABS-KEY(""marine"" AND ""genetic"" AND ""resources"" AND ""ocean"" AND ""literacy"" AND ""governance"" AND ""climate"" AND ""adaptation"")'; requested_count=50; applied_count=25"
Q_BLUE_BIOTECH_HYP_001,blue_biotech,hypothesis_verification,blue biotech maritimisation marinization oceanisation hydrosocial de-base-re hypothesis verification indicators,crossref,crossref,completed,50,23,18,50,23,20,7,2019,2026,published-desc,applied_post_fetch,stratified,3,50,partially_applied_registry_has_no_page_cursor,applied_post_fetch,sampling_strategy|sort_strategy|time_window,sort_strategy|time_window,,sampling_strategy,filter_not_applied:multi_page_sampling,,
Q_BLUE_BIOTECH_HYP_001,blue_biotech,hypothesis_verification,blue biotech maritimisation marinization oceanisation hydrosocial de-base-re hypothesis verification indicators,scopus,scopus,completed,0,0,0,0,0,0,0,2019,2026,date-desc,applied_post_fetch,stratified,3,50,partially_applied_registry_has_no_page_cursor,applied_post_fetch,sampling_strategy|sort_strategy|time_window,sort_strategy|time_window,,sampling_strategy,filter_not_applied:multi_page_sampling,,"Scopus diagnostics: projected_query='TITLE-ABS-KEY(""blue"" AND ""biotech"" AND ""maritimisation"" AND ""marinization"" AND ""oceanisation"" AND ""hydrosocial"" AND ""de-base-re"" AND ""hypothesis"" AND ""verification"" AND ""indicators"")'; requested_count=50; applied_count=25"
Q_BLUE_BIOTECH_THY_001,blue_biotech,theory_translation,blue biotech qmbd axis translation marine maritime oceanic hydronization theory terms taxonomy mapping,crossref,crossref,completed,50,39,39,50,39,10,1,2019,2026,published-desc,applied_post_fetch,stratified,3,50,partially_applied_registry_has_no_page_cursor,applied_post_fetch,sampling_strategy|sort_strategy|time_window,sort_strategy|time_window,,sampling_strategy,filter_not_applied:multi_page_sampling,,
Q_BLUE_BIOTECH_THY_001,blue_biotech,theory_translation,blue biotech qmbd axis translation marine maritime oceanic hydronization theory terms taxonomy mapping,scopus,scopus,completed,0,0,0,0,0,0,0,2019,2026,date-desc,applied_post_fetch,stratified,3,50,partially_applied_registry_has_no_page_cursor,applied_post_fetch,sampling_strategy|sort_strategy|time_window,sort_strategy|time_window,,sampling_strategy,filter_not_applied:multi_page_sampling,,"Scopus diagnostics: projected_query='TITLE-ABS-KEY(""blue"" AND ""biotech"" AND ""qmbd"" AND ""axis"" AND ""translation"" AND ""marine"" AND ""maritime"" AND ""oceanic"" AND ""hydronization"" AND ""theory"" AND ""terms"" AND ""taxonomy"" AND ""mapping"")'; requested_count=50; applied_count=25"
Q_BLUE_BIOTECH_VAL_001,blue_biotech,validation_eqf_translation,marine biotechnology EQF qualification framework micro-credential professional development,crossref,crossref,completed,50,35,35,50,35,12,3,2019,2026,published-desc,applied_post_fetch,stratified,3,50,partially_applied_registry_has_no_page_cursor,applied_post_fetch,sampling_strategy|sort_strategy|time_window,sort_strategy|time_window,,sampling_strategy,filter_not_applied:multi_page_sampling,,
Q_BLUE_BIOTECH_VAL_001,blue_biotech,validation_eqf_translation,marine biotechnology EQF qualification framework micro-credential professional development,scopus,scopus,completed,0,0,0,0,0,0,0,2019,2026,date-desc,applied_post_fetch,stratified,3,50,partially_applied_registry_has_no_page_cursor,applied_post_fetch,sampling_strategy|sort_strategy|time_window,sort_strategy|time_window,,sampling_strategy,filter_not_applied:multi_page_sampling,,"Scopus diagnostics: projected_query='TITLE-ABS-KEY(""marine"" AND ""biotechnology"" AND ""EQF"" AND ""qualification"" AND ""framework"" AND ""micro"" AND ""credential"" AND ""professional"" AND ""development"")'; requested_count=50; applied_count=25"
Q_COASTAL_TOURISM_COMP_001,coastal_tourism,competence_demand,coastal tourism workforce skills competences training professional development,crossref,crossref,completed,50,34,33,50,34,12,4,2019,2026,published-desc,applied_post_fetch,stratified,3,50,partially_applied_registry_has_no_page_cursor,applied_post_fetch,sampling_strategy|sort_strategy|time_window,sort_strategy|time_window,,sampling_strategy,filter_not_applied:multi_page_sampling,,
Q_COASTAL_TOURISM_COMP_001,coastal_tourism,competence_demand,coastal tourism workforce skills competences training professional development,scopus,scopus,completed,0,0,0,0,0,0,0,2019,2026,date-desc,applied_post_fetch,stratified,3,50,partially_applied_registry_has_no_page_cursor,applied_post_fetch,sampling_strategy|sort_strategy|time_window,sort_strategy|time_window,,sampling_strategy,filter_not_applied:multi_page_sampling,,"Scopus diagnostics: projected_query='TITLE-ABS-KEY(""coastal"" AND ""tourism"" AND ""workforce"" AND ""skills"" AND ""competences"" AND ""training"" AND ""professional"" AND ""development"")'; requested_count=50; applied_count=25"
Q_COASTAL_TOURISM_COMP_002,coastal_tourism,competence_demand,marine ecotourism education learning outcomes curriculum qualification,crossref,crossref,completed,50,15,15,50,15,30,5,2019,2026,published-desc,applied_post_fetch,stratified,3,50,partially_applied_registry_has_no_page_cursor,applied_post_fetch,sampling_strategy|sort_strategy|time_window,sort_strategy|time_window,,sampling_strategy,filter_not_applied:multi_page_sampling,,Crossref retry search: attempt=1 http_status=429 retry_after_seconds=None backoff_seconds=1.0 jitter_seconds=0.395 wait_seconds=1.395|Crossref retry terminal_status=success attempt=2
Q_COASTAL_TOURISM_COMP_002,coastal_tourism,competence_demand,marine ecotourism education learning outcomes curriculum qualification,scopus,scopus,completed,0,0,0,0,0,0,0,2019,2026,date-desc,applied_post_fetch,stratified,3,50,partially_applied_registry_has_no_page_cursor,applied_post_fetch,sampling_strategy|sort_strategy|time_window,sort_strategy|time_window,,sampling_strategy,filter_not_applied:multi_page_sampling,,"Scopus diagnostics: projected_query='TITLE-ABS-KEY(""marine"" AND ""ecotourism"" AND ""education"" AND ""learning"" AND ""outcomes"" AND ""curriculum"" AND ""qualification"")'; requested_count=50; applied_count=25"
Q_COASTAL_TOURISM_CORE_001,coastal_tourism,core_sector,coastal tourism sustainability overtourism management,crossref,crossref,completed,50,49,43,50,49,1,0,2019,2026,published-desc,applied_post_fetch,stratified,3,50,partially_applied_registry_has_no_page_cursor,applied_post_fetch,sampling_strategy|sort_strategy|time_window,sort_strategy|time_window,,sampling_strategy,filter_not_applied:multi_page_sampling,,
Q_COASTAL_TOURISM_CORE_001,coastal_tourism,core_sector,coastal tourism sustainability overtourism management,scopus,scopus,completed,8,8,8,8,8,0,0,2019,2026,date-desc,applied_post_fetch,stratified,3,50,partially_applied_registry_has_no_page_cursor,applied_post_fetch,sampling_strategy|sort_strategy|time_window,sort_strategy|time_window,,sampling_strategy,filter_not_applied:multi_page_sampling,,"Scopus diagnostics: projected_query='TITLE-ABS-KEY(""coastal"" AND ""tourism"" AND ""sustainability"" AND ""overtourism"" AND ""management"")'; requested_count=50; applied_count=25"
Q_COASTAL_TOURISM_CORE_002,coastal_tourism,core_sector,marine ecotourism blue economy livelihoods governance,crossref,crossref,completed,50,34,31,50,34,14,2,2019,2026,published-desc,applied_post_fetch,stratified,3,50,partially_applied_registry_has_no_page_cursor,applied_post_fetch,sampling_strategy|sort_strategy|time_window,sort_strategy|time_window,,sampling_strategy,filter_not_applied:multi_page_sampling,,
Q_COASTAL_TOURISM_CORE_002,coastal_tourism,core_sector,marine ecotourism blue economy livelihoods governance,scopus,scopus,completed,1,1,1,1,1,0,0,2019,2026,date-desc,applied_post_fetch,stratified,3,50,partially_applied_registry_has_no_page_cursor,applied_post_fetch,sampling_strategy|sort_strategy|time_window,sort_strategy|time_window,,sampling_strategy,filter_not_applied:multi_page_sampling,,"Scopus diagnostics: projected_query='TITLE-ABS-KEY(""marine"" AND ""ecotourism"" AND ""blue"" AND ""economy"" AND ""livelihoods"" AND ""governance"")'; requested_count=50; applied_count=25"
Q_COASTAL_TOURISM_CORE_003,coastal_tourism,core_sector,cruise tourism environmental impact governance,crossref,crossref,completed,50,21,20,50,21,29,0,2019,2026,published-desc,applied_post_fetch,stratified,3,50,partially_applied_registry_has_no_page_cursor,applied_post_fetch,sampling_strategy|sort_strategy|time_window,sort_strategy|time_window,,sampling_strategy,filter_not_applied:multi_page_sampling,,
Q_COASTAL_TOURISM_CORE_003,coastal_tourism,core_sector,cruise tourism environmental impact governance,scopus,scopus,completed,19,12,12,19,12,7,0,2019,2026,date-desc,applied_post_fetch,stratified,3,50,partially_applied_registry_has_no_page_cursor,applied_post_fetch,sampling_strategy|sort_strategy|time_window,sort_strategy|time_window,,sampling_strategy,filter_not_applied:multi_page_sampling,,"Scopus diagnostics: projected_query='TITLE-ABS-KEY(""cruise"" AND ""tourism"" AND ""environmental"" AND ""impact"" AND ""governance"")'; requested_count=50; applied_count=25"
Q_COASTAL_TOURISM_EMRG_001,coastal_tourism,emerging_demand,coastal tourism climate adaptation resilience just transition safety,crossref,crossref,completed,50,24,23,50,24,18,8,2019,2026,published-desc,applied_post_fetch,stratified,3,50,partially_applied_registry_has_no_page_cursor,applied_post_fetch,sampling_strategy|sort_strategy|time_window,sort_strategy|time_window,,sampling_strategy,filter_not_applied:multi_page_sampling,,
Q_COASTAL_TOURISM_EMRG_001,coastal_tourism,emerging_demand,coastal tourism climate adaptation resilience just transition safety,scopus,scopus,completed,0,0,0,0,0,0,0,2019,2026,date-desc,applied_post_fetch,stratified,3,50,partially_applied_registry_has_no_page_cursor,applied_post_fetch,sampling_strategy|sort_strategy|time_window,sort_strategy|time_window,,sampling_strategy,filter_not_applied:multi_page_sampling,,"Scopus diagnostics: projected_query='TITLE-ABS-KEY(""coastal"" AND ""tourism"" AND ""climate"" AND ""adaptation"" AND ""resilience"" AND ""just"" AND ""transition"" AND ""safety"")'; requested_count=50; applied_count=25"
Q_COASTAL_TOURISM_EMRG_002,coastal_tourism,emerging_demand,coastal tourism AI digital twin ocean literacy hydrosocial,crossref,crossref,completed,50,29,28,50,29,20,1,2019,2026,published-desc,applied_post_fetch,stratified,3,50,partially_applied_registry_has_no_page_cursor,applied_post_fetch,sampling_strategy|sort_strategy|time_window,sort_strategy|time_window,,sampling_strategy,filter_not_applied:multi_page_sampling,,
Q_COASTAL_TOURISM_EMRG_002,coastal_tourism,emerging_demand,coastal tourism AI digital twin ocean literacy hydrosocial,scopus,scopus,completed,0,0,0,0,0,0,0,2019,2026,date-desc,applied_post_fetch,stratified,3,50,partially_applied_registry_has_no_page_cursor,applied_post_fetch,sampling_strategy|sort_strategy|time_window,sort_strategy|time_window,,sampling_strategy,filter_not_applied:multi_page_sampling,,"Scopus diagnostics: projected_query='TITLE-ABS-KEY(""coastal"" AND ""tourism"" AND ""AI"" AND ""digital"" AND ""twin"" AND ""ocean"" AND ""literacy"" AND ""hydrosocial"")'; requested_count=50; applied_count=25"
Q_COASTAL_TOURISM_HYP_001,coastal_tourism,hypothesis_verification,coastal tourism maritimisation marinization oceanisation hydrosocial de-base-re hypothesis verification indicators,crossref,crossref,completed,50,21,21,50,21,24,5,2019,2026,published-desc,applied_post_fetch,stratified,3,50,partially_applied_registry_has_no_page_cursor,applied_post_fetch,sampling_strategy|sort_strategy|time_window,sort_strategy|time_window,,sampling_strategy,filter_not_applied:multi_page_sampling,,
Q_COASTAL_TOURISM_HYP_001,coastal_tourism,hypothesis_verification,coastal tourism maritimisation marinization oceanisation hydrosocial de-base-re hypothesis verification indicators,scopus,scopus,completed,0,0,0,0,0,0,0,2019,2026,date-desc,applied_post_fetch,stratified,3,50,partially_applied_registry_has_no_page_cursor,applied_post_fetch,sampling_strategy|sort_strategy|time_window,sort_strategy|time_window,,sampling_strategy,filter_not_applied:multi_page_sampling,,"Scopus diagnostics: projected_query='TITLE-ABS-KEY(""coastal"" AND ""tourism"" AND ""maritimisation"" AND ""marinization"" AND ""oceanisation"" AND ""hydrosocial"" AND ""de-base-re"" AND ""hypothesis"" AND ""verification"" AND ""indicators"")'; requested_count=50; applied_count=25"
Q_COASTAL_TOURISM_THY_001,coastal_tourism,theory_translation,coastal tourism qmbd axis translation marine maritime oceanic hydronization theory terms taxonomy mapping,crossref,crossref,completed,50,24,23,50,24,23,3,2019,2026,published-desc,applied_post_fetch,stratified,3,50,partially_applied_registry_has_no_page_cursor,applied_post_fetch,sampling_strategy|sort_strategy|time_window,sort_strategy|time_window,,sampling_strategy,filter_not_applied:multi_page_sampling,,
Q_COASTAL_TOURISM_THY_001,coastal_tourism,theory_translation,coastal tourism qmbd axis translation marine maritime oceanic hydronization theory terms taxonomy mapping,scopus,scopus,completed,0,0,0,0,0,0,0,2019,2026,date-desc,applied_post_fetch,stratified,3,50,partially_applied_registry_has_no_page_cursor,applied_post_fetch,sampling_strategy|sort_strategy|time_window,sort_strategy|time_window,,sampling_strategy,filter_not_applied:multi_page_sampling,,"Scopus diagnostics: projected_query='TITLE-ABS-KEY(""coastal"" AND ""tourism"" AND ""qmbd"" AND ""axis"" AND ""translation"" AND ""marine"" AND ""maritime"" AND ""oceanic"" AND ""hydronization"" AND ""theory"" AND ""terms"" AND ""taxonomy"" AND ""mapping"")'; requested_count=50; applied_count=25"
Q_COASTAL_TOURISM_VAL_001,coastal_tourism,validation_eqf_translation,coastal tourism EQF qualification framework micro-credential learning outcomes,crossref,crossref,completed,50,41,41,50,41,8,1,2019,2026,published-desc,applied_post_fetch,stratified,3,50,partially_applied_registry_has_no_page_cursor,applied_post_fetch,sampling_strategy|sort_strategy|time_window,sort_strategy|time_window,,sampling_strategy,filter_not_applied:multi_page_sampling,,
Q_COASTAL_TOURISM_VAL_001,coastal_tourism,validation_eqf_translation,coastal tourism EQF qualification framework micro-credential learning outcomes,scopus,scopus,completed,0,0,0,0,0,0,0,2019,2026,date-desc,applied_post_fetch,stratified,3,50,partially_applied_registry_has_no_page_cursor,applied_post_fetch,sampling_strategy|sort_strategy|time_window,sort_strategy|time_window,,sampling_strategy,filter_not_applied:multi_page_sampling,,"Scopus diagnostics: projected_query='TITLE-ABS-KEY(""coastal"" AND ""tourism"" AND ""EQF"" AND ""qualification"" AND ""framework"" AND ""micro"" AND ""credential"" AND ""learning"" AND ""outcomes"")'; requested_count=50; applied_count=25"
Q_DESALINATION_COMP_001,desalination,competence_demand,desalination workforce skills competences training professional development,crossref,crossref,completed,50,35,34,50,35,11,4,2019,2026,published-desc,applied_post_fetch,stratified,3,50,partially_applied_registry_has_no_page_cursor,applied_post_fetch,sampling_strategy|sort_strategy|time_window,sort_strategy|time_window,,sampling_strategy,filter_not_applied:multi_page_sampling,,
Q_DESALINATION_COMP_001,desalination,competence_demand,desalination workforce skills competences training professional development,scopus,scopus,completed,0,0,0,0,0,0,0,2019,2026,date-desc,applied_post_fetch,stratified,3,50,partially_applied_registry_has_no_page_cursor,applied_post_fetch,sampling_strategy|sort_strategy|time_window,sort_strategy|time_window,,sampling_strategy,filter_not_applied:multi_page_sampling,,"Scopus diagnostics: projected_query='TITLE-ABS-KEY(""desalination"" AND ""workforce"" AND ""skills"" AND ""competences"" AND ""training"" AND ""professional"" AND ""development"")'; requested_count=50; applied_count=25"
Q_DESALINATION_COMP_002,desalination,competence_demand,desalination operator education learning outcomes curriculum qualification,crossref,crossref,completed,50,24,24,50,24,21,5,2019,2026,published-desc,applied_post_fetch,stratified,3,50,partially_applied_registry_has_no_page_cursor,applied_post_fetch,sampling_strategy|sort_strategy|time_window,sort_strategy|time_window,,sampling_strategy,filter_not_applied:multi_page_sampling,,
Q_DESALINATION_COMP_002,desalination,competence_demand,desalination operator education learning outcomes curriculum qualification,scopus,scopus,completed,0,0,0,0,0,0,0,2019,2026,date-desc,applied_post_fetch,stratified,3,50,partially_applied_registry_has_no_page_cursor,applied_post_fetch,sampling_strategy|sort_strategy|time_window,sort_strategy|time_window,,sampling_strategy,filter_not_applied:multi_page_sampling,,"Scopus diagnostics: projected_query='TITLE-ABS-KEY(""desalination"" AND ""operator"" AND ""education"" AND ""learning"" AND ""outcomes"" AND ""curriculum"" AND ""qualification"")'; requested_count=50; applied_count=25"
Q_DESALINATION_CORE_001,desalination,core_sector,desalination brine management environmental impact governance,crossref,crossref,completed,50,23,23,50,23,27,0,2019,2026,published-desc,applied_post_fetch,stratified,3,50,partially_applied_registry_has_no_page_cursor,applied_post_fetch,sampling_strategy|sort_strategy|time_window,sort_strategy|time_window,,sampling_strategy,filter_not_applied:multi_page_sampling,,
Q_DESALINATION_CORE_001,desalination,core_sector,desalination brine management environmental impact governance,scopus,scopus,completed,4,4,4,4,4,0,0,2019,2026,date-desc,applied_post_fetch,stratified,3,50,partially_applied_registry_has_no_page_cursor,applied_post_fetch,sampling_strategy|sort_strategy|time_window,sort_strategy|time_window,,sampling_strategy,filter_not_applied:multi_page_sampling,,"Scopus diagnostics: projected_query='TITLE-ABS-KEY(""desalination"" AND ""brine"" AND ""management"" AND ""environmental"" AND ""impact"" AND ""governance"")'; requested_count=50; applied_count=25"
Q_DESALINATION_CORE_002,desalination,core_sector,desalination water energy nexus sustainability,crossref,crossref,completed,50,30,29,50,30,16,4,2019,2026,published-desc,applied_post_fetch,stratified,3,50,partially_applied_registry_has_no_page_cursor,applied_post_fetch,sampling_strategy|sort_strategy|time_window,sort_strategy|time_window,,sampling_strategy,filter_not_applied:multi_page_sampling,,
Q_DESALINATION_CORE_002,desalination,core_sector,desalination water energy nexus sustainability,scopus,scopus,completed,25,25,25,25,25,0,0,2019,2026,date-desc,applied_post_fetch,stratified,3,50,partially_applied_registry_has_no_page_cursor,applied_post_fetch,sampling_strategy|sort_strategy|time_window,sort_strategy|time_window,,sampling_strategy,filter_not_applied:multi_page_sampling,,"Scopus diagnostics: projected_query='TITLE-ABS-KEY(""desalination"" AND ""water"" AND ""energy"" AND ""nexus"" AND ""sustainability"")'; requested_count=50; applied_count=25"
Q_DESALINATION_CORE_003,desalination,core_sector,desalination hydrosocial water justice governance,crossref,crossref,completed,50,31,30,50,31,14,5,2019,2026,published-desc,applied_post_fetch,stratified,3,50,partially_applied_registry_has_no_page_cursor,applied_post_fetch,sampling_strategy|sort_strategy|time_window,sort_strategy|time_window,,sampling_strategy,filter_not_applied:multi_page_sampling,,
Q_DESALINATION_CORE_003,desalination,core_sector,desalination hydrosocial water justice governance,scopus,scopus,completed,0,0,0,0,0,0,0,2019,2026,date-desc,applied_post_fetch,stratified,3,50,partially_applied_registry_has_no_page_cursor,applied_post_fetch,sampling_strategy|sort_strategy|time_window,sort_strategy|time_window,,sampling_strategy,filter_not_applied:multi_page_sampling,,"Scopus diagnostics: projected_query='TITLE-ABS-KEY(""desalination"" AND ""hydrosocial"" AND ""water"" AND ""justice"" AND ""governance"")'; requested_count=50; applied_count=25"
Q_DESALINATION_EMRG_001,desalination,emerging_demand,desalination AI digital twin autonomous systems resilience,crossref,crossref,completed,50,46,46,50,46,0,4,2019,2026,published-desc,applied_post_fetch,stratified,3,50,partially_applied_registry_has_no_page_cursor,applied_post_fetch,sampling_strategy|sort_strategy|time_window,sort_strategy|time_window,,sampling_strategy,filter_not_applied:multi_page_sampling,,Crossref retry search: attempt=1 http_status=429 retry_after_seconds=None backoff_seconds=1.0 jitter_seconds=0.174 wait_seconds=1.174|Crossref retry terminal_status=success attempt=2
Q_DESALINATION_EMRG_001,desalination,emerging_demand,desalination AI digital twin autonomous systems resilience,scopus,scopus,completed,0,0,0,0,0,0,0,2019,2026,date-desc,applied_post_fetch,stratified,3,50,partially_applied_registry_has_no_page_cursor,applied_post_fetch,sampling_strategy|sort_strategy|time_window,sort_strategy|time_window,,sampling_strategy,filter_not_applied:multi_page_sampling,,"Scopus diagnostics: projected_query='TITLE-ABS-KEY(""desalination"" AND ""AI"" AND ""digital"" AND ""twin"" AND ""autonomous"" AND ""systems"" AND ""resilience"")'; requested_count=50; applied_count=25"
Q_DESALINATION_EMRG_002,desalination,emerging_demand,desalination climate adaptation just transition hydrosocial safety,crossref,crossref,completed,50,25,24,50,25,0,25,2019,2026,published-desc,applied_post_fetch,stratified,3,50,partially_applied_registry_has_no_page_cursor,applied_post_fetch,sampling_strategy|sort_strategy|time_window,sort_strategy|time_window,,sampling_strategy,filter_not_applied:multi_page_sampling,,Crossref retry search: attempt=1 http_status=429 retry_after_seconds=None backoff_seconds=1.0 jitter_seconds=0.056 wait_seconds=1.056|Crossref retry terminal_status=success attempt=2
Q_DESALINATION_EMRG_002,desalination,emerging_demand,desalination climate adaptation just transition hydrosocial safety,scopus,scopus,completed,0,0,0,0,0,0,0,2019,2026,date-desc,applied_post_fetch,stratified,3,50,partially_applied_registry_has_no_page_cursor,applied_post_fetch,sampling_strategy|sort_strategy|time_window,sort_strategy|time_window,,sampling_strategy,filter_not_applied:multi_page_sampling,,"Scopus diagnostics: projected_query='TITLE-ABS-KEY(""desalination"" AND ""climate"" AND ""adaptation"" AND ""just"" AND ""transition"" AND ""hydrosocial"" AND ""safety"")'; requested_count=50; applied_count=25"
Q_DESALINATION_HYP_001,desalination,hypothesis_verification,desalination maritimisation marinization oceanisation hydrosocial de-base-re hypothesis verification indicators,crossref,crossref,completed,50,15,12,50,15,30,5,2019,2026,published-desc,applied_post_fetch,stratified,3,50,partially_applied_registry_has_no_page_cursor,applied_post_fetch,sampling_strategy|sort_strategy|time_window,sort_strategy|time_window,,sampling_strategy,filter_not_applied:multi_page_sampling,,
Q_DESALINATION_HYP_001,desalination,hypothesis_verification,desalination maritimisation marinization oceanisation hydrosocial de-base-re hypothesis verification indicators,scopus,scopus,completed,0,0,0,0,0,0,0,2019,2026,date-desc,applied_post_fetch,stratified,3,50,partially_applied_registry_has_no_page_cursor,applied_post_fetch,sampling_strategy|sort_strategy|time_window,sort_strategy|time_window,,sampling_strategy,filter_not_applied:multi_page_sampling,,"Scopus diagnostics: projected_query='TITLE-ABS-KEY(""desalination"" AND ""maritimisation"" AND ""marinization"" AND ""oceanisation"" AND ""hydrosocial"" AND ""de-base-re"" AND ""hypothesis"" AND ""verification"" AND ""indicators"")'; requested_count=50; applied_count=25"
Q_DESALINATION_THY_001,desalination,theory_translation,desalination qmbd axis translation marine maritime oceanic hydronization theory terms taxonomy mapping,crossref,crossref,completed,50,33,33,50,33,15,2,2019,2026,published-desc,applied_post_fetch,stratified,3,50,partially_applied_registry_has_no_page_cursor,applied_post_fetch,sampling_strategy|sort_strategy|time_window,sort_strategy|time_window,,sampling_strategy,filter_not_applied:multi_page_sampling,,
Q_DESALINATION_THY_001,desalination,theory_translation,desalination qmbd axis translation marine maritime oceanic hydronization theory terms taxonomy mapping,scopus,scopus,completed,0,0,0,0,0,0,0,2019,2026,date-desc,applied_post_fetch,stratified,3,50,partially_applied_registry_has_no_page_cursor,applied_post_fetch,sampling_strategy|sort_strategy|time_window,sort_strategy|time_window,,sampling_strategy,filter_not_applied:multi_page_sampling,,"Scopus diagnostics: projected_query='TITLE-ABS-KEY(""desalination"" AND ""qmbd"" AND ""axis"" AND ""translation"" AND ""marine"" AND ""maritime"" AND ""oceanic"" AND ""hydronization"" AND ""theory"" AND ""terms"" AND ""taxonomy"" AND ""mapping"")'; requested_count=50; applied_count=25"
Q_DESALINATION_VAL_001,desalination,validation_eqf_translation,desalination EQF qualification framework micro-credential learning outcomes,crossref,crossref,completed,50,42,42,50,42,7,1,2019,2026,published-desc,applied_post_fetch,stratified,3,50,partially_applied_registry_has_no_page_cursor,applied_post_fetch,sampling_strategy|sort_strategy|time_window,sort_strategy|time_window,,sampling_strategy,filter_not_applied:multi_page_sampling,,
Q_DESALINATION_VAL_001,desalination,validation_eqf_translation,desalination EQF qualification framework micro-credential learning outcomes,scopus,scopus,completed,0,0,0,0,0,0,0,2019,2026,date-desc,applied_post_fetch,stratified,3,50,partially_applied_registry_has_no_page_cursor,applied_post_fetch,sampling_strategy|sort_strategy|time_window,sort_strategy|time_window,,sampling_strategy,filter_not_applied:multi_page_sampling,,"Scopus diagnostics: projected_query='TITLE-ABS-KEY(""desalination"" AND ""EQF"" AND ""qualification"" AND ""framework"" AND ""micro"" AND ""credential"" AND ""learning"" AND ""outcomes"")'; requested_count=50; applied_count=25"
Q_INFRA_ROBOTICS_COMP_001,infra_robotics,competence_demand,offshore robotics workforce skills competences training professional development,crossref,crossref,completed,50,34,33,50,34,12,4,2019,2026,published-desc,applied_post_fetch,stratified,3,50,partially_applied_registry_has_no_page_cursor,applied_post_fetch,sampling_strategy|sort_strategy|time_window,sort_strategy|time_window,,sampling_strategy,filter_not_applied:multi_page_sampling,,
Q_INFRA_ROBOTICS_COMP_001,infra_robotics,competence_demand,offshore robotics workforce skills competences training professional development,scopus,scopus,completed,0,0,0,0,0,0,0,2019,2026,date-desc,applied_post_fetch,stratified,3,50,partially_applied_registry_has_no_page_cursor,applied_post_fetch,sampling_strategy|sort_strategy|time_window,sort_strategy|time_window,,sampling_strategy,filter_not_applied:multi_page_sampling,,"Scopus diagnostics: projected_query='TITLE-ABS-KEY(""offshore"" AND ""robotics"" AND ""workforce"" AND ""skills"" AND ""competences"" AND ""training"" AND ""professional"" AND ""development"")'; requested_count=50; applied_count=25"
Q_INFRA_ROBOTICS_COMP_002,infra_robotics,competence_demand,maritime robotics engineer education learning outcomes curriculum qualification,crossref,crossref,completed,50,28,28,50,28,19,3,2019,2026,published-desc,applied_post_fetch,stratified,3,50,partially_applied_registry_has_no_page_cursor,applied_post_fetch,sampling_strategy|sort_strategy|time_window,sort_strategy|time_window,,sampling_strategy,filter_not_applied:multi_page_sampling,,
Q_INFRA_ROBOTICS_COMP_002,infra_robotics,competence_demand,maritime robotics engineer education learning outcomes curriculum qualification,scopus,scopus,completed,0,0,0,0,0,0,0,2019,2026,date-desc,applied_post_fetch,stratified,3,50,partially_applied_registry_has_no_page_cursor,applied_post_fetch,sampling_strategy|sort_strategy|time_window,sort_strategy|time_window,,sampling_strategy,filter_not_applied:multi_page_sampling,,"Scopus diagnostics: projected_query='TITLE-ABS-KEY(""maritime"" AND ""robotics"" AND ""engineer"" AND ""education"" AND ""learning"" AND ""outcomes"" AND ""curriculum"" AND ""qualification"")'; requested_count=50; applied_count=25"
Q_INFRA_ROBOTICS_CORE_001,infra_robotics,core_sector,maritime infrastructure cyber physical systems digital twin,crossref,crossref,completed,50,45,44,50,45,3,2,2019,2026,published-desc,applied_post_fetch,stratified,3,50,partially_applied_registry_has_no_page_cursor,applied_post_fetch,sampling_strategy|sort_strategy|time_window,sort_strategy|time_window,,sampling_strategy,filter_not_applied:multi_page_sampling,,
Q_INFRA_ROBOTICS_CORE_001,infra_robotics,core_sector,maritime infrastructure cyber physical systems digital twin,scopus,scopus,completed,10,10,9,10,10,0,0,2019,2026,date-desc,applied_post_fetch,stratified,3,50,partially_applied_registry_has_no_page_cursor,applied_post_fetch,sampling_strategy|sort_strategy|time_window,sort_strategy|time_window,,sampling_strategy,filter_not_applied:multi_page_sampling,,"Scopus diagnostics: projected_query='TITLE-ABS-KEY(""maritime"" AND ""infrastructure"" AND ""cyber"" AND ""physical"" AND ""systems"" AND ""digital"" AND ""twin"")'; requested_count=50; applied_count=25"
Q_INFRA_ROBOTICS_CORE_002,infra_robotics,core_sector,offshore robotics marine monitoring autonomous systems,crossref,crossref,completed,50,21,14,50,21,28,1,2019,2026,published-desc,applied_post_fetch,stratified,3,50,partially_applied_registry_has_no_page_cursor,applied_post_fetch,sampling_strategy|sort_strategy|time_window,sort_strategy|time_window,,sampling_strategy,filter_not_applied:multi_page_sampling,,
Q_INFRA_ROBOTICS_CORE_002,infra_robotics,core_sector,offshore robotics marine monitoring autonomous systems,scopus,scopus,completed,25,21,21,25,21,4,0,2019,2026,date-desc,applied_post_fetch,stratified,3,50,partially_applied_registry_has_no_page_cursor,applied_post_fetch,sampling_strategy|sort_strategy|time_window,sort_strategy|time_window,,sampling_strategy,filter_not_applied:multi_page_sampling,,"Scopus diagnostics: projected_query='TITLE-ABS-KEY(""offshore"" AND ""robotics"" AND ""marine"" AND ""monitoring"" AND ""autonomous"" AND ""systems"")'; requested_count=50; applied_count=25"
Q_INFRA_ROBOTICS_CORE_003,infra_robotics,core_sector,smart coastal infrastructure flood risk adaptation,crossref,crossref,completed,50,40,39,50,40,8,2,2019,2026,published-desc,applied_post_fetch,stratified,3,50,partially_applied_registry_has_no_page_cursor,applied_post_fetch,sampling_strategy|sort_strategy|time_window,sort_strategy|time_window,,sampling_strategy,filter_not_applied:multi_page_sampling,,Crossref retry search: attempt=1 http_status=429 retry_after_seconds=None backoff_seconds=1.0 jitter_seconds=0.149 wait_seconds=1.149|Crossref retry terminal_status=success attempt=2
Q_INFRA_ROBOTICS_CORE_003,infra_robotics,core_sector,smart coastal infrastructure flood risk adaptation,scopus,scopus,completed,4,4,4,4,4,0,0,2019,2026,date-desc,applied_post_fetch,stratified,3,50,partially_applied_registry_has_no_page_cursor,applied_post_fetch,sampling_strategy|sort_strategy|time_window,sort_strategy|time_window,,sampling_strategy,filter_not_applied:multi_page_sampling,,"Scopus diagnostics: projected_query='TITLE-ABS-KEY(""smart"" AND ""coastal"" AND ""infrastructure"" AND ""flood"" AND ""risk"" AND ""adaptation"")'; requested_count=50; applied_count=25"
Q_INFRA_ROBOTICS_EMRG_001,infra_robotics,emerging_demand,offshore robotics AI digital twin autonomous systems resilience,crossref,crossref,completed,50,42,42,50,42,4,4,2019,2026,published-desc,applied_post_fetch,stratified,3,50,partially_applied_registry_has_no_page_cursor,applied_post_fetch,sampling_strategy|sort_strategy|time_window,sort_strategy|time_window,,sampling_strategy,filter_not_applied:multi_page_sampling,,Crossref retry search: attempt=1 http_status=429 retry_after_seconds=None backoff_seconds=1.0 jitter_seconds=0.065 wait_seconds=1.065|Crossref retry terminal_status=success attempt=2
Q_INFRA_ROBOTICS_EMRG_001,infra_robotics,emerging_demand,offshore robotics AI digital twin autonomous systems resilience,scopus,scopus,completed,0,0,0,0,0,0,0,2019,2026,date-desc,applied_post_fetch,stratified,3,50,partially_applied_registry_has_no_page_cursor,applied_post_fetch,sampling_strategy|sort_strategy|time_window,sort_strategy|time_window,,sampling_strategy,filter_not_applied:multi_page_sampling,,"Scopus diagnostics: projected_query='TITLE-ABS-KEY(""offshore"" AND ""robotics"" AND ""AI"" AND ""digital"" AND ""twin"" AND ""autonomous"" AND ""systems"" AND ""resilience"")'; requested_count=50; applied_count=25"
Q_INFRA_ROBOTICS_EMRG_002,infra_robotics,emerging_demand,maritime cyber-physical systems climate adaptation safety port-city,crossref,crossref,completed,50,27,26,50,27,15,8,2019,2026,published-desc,applied_post_fetch,stratified,3,50,partially_applied_registry_has_no_page_cursor,applied_post_fetch,sampling_strategy|sort_strategy|time_window,sort_strategy|time_window,,sampling_strategy,filter_not_applied:multi_page_sampling,,
Q_INFRA_ROBOTICS_EMRG_002,infra_robotics,emerging_demand,maritime cyber-physical systems climate adaptation safety port-city,scopus,scopus,completed,0,0,0,0,0,0,0,2019,2026,date-desc,applied_post_fetch,stratified,3,50,partially_applied_registry_has_no_page_cursor,applied_post_fetch,sampling_strategy|sort_strategy|time_window,sort_strategy|time_window,,sampling_strategy,filter_not_applied:multi_page_sampling,,"Scopus diagnostics: projected_query='TITLE-ABS-KEY(""maritime"" AND ""cyber"" AND ""physical"" AND ""systems"" AND ""climate"" AND ""adaptation"" AND ""safety"" AND ""port-city"")'; requested_count=50; applied_count=25"
Q_INFRA_ROBOTICS_HYP_001,infra_robotics,hypothesis_verification,infra & robotics maritimisation marinization oceanisation hydrosocial de-base-re hypothesis verification indicators,crossref,crossref,completed,50,24,19,50,24,17,9,2019,2026,published-desc,applied_post_fetch,stratified,3,50,partially_applied_registry_has_no_page_cursor,applied_post_fetch,sampling_strategy|sort_strategy|time_window,sort_strategy|time_window,,sampling_strategy,filter_not_applied:multi_page_sampling,,
Q_INFRA_ROBOTICS_HYP_001,infra_robotics,hypothesis_verification,infra & robotics maritimisation marinization oceanisation hydrosocial de-base-re hypothesis verification indicators,scopus,scopus,completed,0,0,0,0,0,0,0,2019,2026,date-desc,applied_post_fetch,stratified,3,50,partially_applied_registry_has_no_page_cursor,applied_post_fetch,sampling_strategy|sort_strategy|time_window,sort_strategy|time_window,,sampling_strategy,filter_not_applied:multi_page_sampling,,"Scopus diagnostics: projected_query='TITLE-ABS-KEY(""infra"" AND ""robotics"" AND ""maritimisation"" AND ""marinization"" AND ""oceanisation"" AND ""hydrosocial"" AND ""de-base-re"" AND ""hypothesis"" AND ""verification"" AND ""indicators"")'; requested_count=50; applied_count=25"
Q_INFRA_ROBOTICS_THY_001,infra_robotics,theory_translation,infra & robotics qmbd axis translation marine maritime oceanic hydronization theory terms taxonomy mapping,crossref,crossref,completed,50,36,36,50,36,13,1,2019,2026,published-desc,applied_post_fetch,stratified,3,50,partially_applied_registry_has_no_page_cursor,applied_post_fetch,sampling_strategy|sort_strategy|time_window,sort_strategy|time_window,,sampling_strategy,filter_not_applied:multi_page_sampling,,Crossref retry search: attempt=1 http_status=429 retry_after_seconds=None backoff_seconds=1.0 jitter_seconds=0.474 wait_seconds=1.474|Crossref retry terminal_status=success attempt=2
Q_INFRA_ROBOTICS_THY_001,infra_robotics,theory_translation,infra & robotics qmbd axis translation marine maritime oceanic hydronization theory terms taxonomy mapping,scopus,scopus,completed,0,0,0,0,0,0,0,2019,2026,date-desc,applied_post_fetch,stratified,3,50,partially_applied_registry_has_no_page_cursor,applied_post_fetch,sampling_strategy|sort_strategy|time_window,sort_strategy|time_window,,sampling_strategy,filter_not_applied:multi_page_sampling,,"Scopus diagnostics: projected_query='TITLE-ABS-KEY(""infra"" AND ""robotics"" AND ""qmbd"" AND ""axis"" AND ""translation"" AND ""marine"" AND ""maritime"" AND ""oceanic"" AND ""hydronization"" AND ""theory"" AND ""terms"" AND ""taxonomy"" AND ""mapping"")'; requested_count=50; applied_count=25"
Q_INFRA_ROBOTICS_VAL_001,infra_robotics,validation_eqf_translation,offshore robotics EQF qualification framework micro-credential learning outcomes,crossref,crossref,completed,50,39,38,50,39,9,2,2019,2026,published-desc,applied_post_fetch,stratified,3,50,partially_applied_registry_has_no_page_cursor,applied_post_fetch,sampling_strategy|sort_strategy|time_window,sort_strategy|time_window,,sampling_strategy,filter_not_applied:multi_page_sampling,,
Q_INFRA_ROBOTICS_VAL_001,infra_robotics,validation_eqf_translation,offshore robotics EQF qualification framework micro-credential learning outcomes,scopus,scopus,completed,0,0,0,0,0,0,0,2019,2026,date-desc,applied_post_fetch,stratified,3,50,partially_applied_registry_has_no_page_cursor,applied_post_fetch,sampling_strategy|sort_strategy|time_window,sort_strategy|time_window,,sampling_strategy,filter_not_applied:multi_page_sampling,,"Scopus diagnostics: projected_query='TITLE-ABS-KEY(""offshore"" AND ""robotics"" AND ""EQF"" AND ""qualification"" AND ""framework"" AND ""micro"" AND ""credential"" AND ""learning"" AND ""outcomes"")'; requested_count=50; applied_count=25"
Q_LIVING_RES_COMP_001,living_res,competence_demand,fisheries workforce skills competences training professional development,crossref,crossref,completed,50,35,34,50,35,11,4,2019,2026,published-desc,applied_post_fetch,stratified,3,50,partially_applied_registry_has_no_page_cursor,applied_post_fetch,sampling_strategy|sort_strategy|time_window,sort_strategy|time_window,,sampling_strategy,filter_not_applied:multi_page_sampling,,
Q_LIVING_RES_COMP_001,living_res,competence_demand,fisheries workforce skills competences training professional development,scopus,scopus,completed,0,0,0,0,0,0,0,2019,2026,date-desc,applied_post_fetch,stratified,3,50,partially_applied_registry_has_no_page_cursor,applied_post_fetch,sampling_strategy|sort_strategy|time_window,sort_strategy|time_window,,sampling_strategy,filter_not_applied:multi_page_sampling,,"Scopus diagnostics: projected_query='TITLE-ABS-KEY(""fisheries"" AND ""workforce"" AND ""skills"" AND ""competences"" AND ""training"" AND ""professional"" AND ""development"")'; requested_count=50; applied_count=25"
Q_LIVING_RES_COMP_002,living_res,competence_demand,aquaculture education learning outcomes curriculum qualification,crossref,crossref,completed,50,25,25,50,25,22,3,2019,2026,published-desc,applied_post_fetch,stratified,3,50,partially_applied_registry_has_no_page_cursor,applied_post_fetch,sampling_strategy|sort_strategy|time_window,sort_strategy|time_window,,sampling_strategy,filter_not_applied:multi_page_sampling,,
Q_LIVING_RES_COMP_002,living_res,competence_demand,aquaculture education learning outcomes curriculum qualification,scopus,scopus,completed,0,0,0,0,0,0,0,2019,2026,date-desc,applied_post_fetch,stratified,3,50,partially_applied_registry_has_no_page_cursor,applied_post_fetch,sampling_strategy|sort_strategy|time_window,sort_strategy|time_window,,sampling_strategy,filter_not_applied:multi_page_sampling,,"Scopus diagnostics: projected_query='TITLE-ABS-KEY(""aquaculture"" AND ""education"" AND ""learning"" AND ""outcomes"" AND ""curriculum"" AND ""qualification"")'; requested_count=50; applied_count=25"
Q_LIVING_RES_CORE_001,living_res,core_sector,small scale fisheries livelihoods blue economy governance,crossref,crossref,completed,50,42,37,50,42,7,1,2019,2026,published-desc,applied_post_fetch,stratified,3,50,partially_applied_registry_has_no_page_cursor,applied_post_fetch,sampling_strategy|sort_strategy|time_window,sort_strategy|time_window,,sampling_strategy,filter_not_applied:multi_page_sampling,,
Q_LIVING_RES_CORE_001,living_res,core_sector,small scale fisheries livelihoods blue economy governance,scopus,scopus,completed,20,19,19,20,19,1,0,2019,2026,date-desc,applied_post_fetch,stratified,3,50,partially_applied_registry_has_no_page_cursor,applied_post_fetch,sampling_strategy|sort_strategy|time_window,sort_strategy|time_window,,sampling_strategy,filter_not_applied:multi_page_sampling,,"Scopus diagnostics: projected_query='TITLE-ABS-KEY(""small"" AND ""scale"" AND ""fisheries"" AND ""livelihoods"" AND ""blue"" AND ""economy"" AND ""governance"")'; requested_count=50; applied_count=25"
Q_LIVING_RES_CORE_002,living_res,core_sector,fisheries management sustainability marine protected areas,crossref,crossref,completed,50,20,19,50,20,29,1,2019,2026,published-desc,applied_post_fetch,stratified,3,50,partially_applied_registry_has_no_page_cursor,applied_post_fetch,sampling_strategy|sort_strategy|time_window,sort_strategy|time_window,,sampling_strategy,filter_not_applied:multi_page_sampling,,
Q_LIVING_RES_CORE_002,living_res,core_sector,fisheries management sustainability marine protected areas,scopus,scopus,completed,25,25,25,25,25,0,0,2019,2026,date-desc,applied_post_fetch,stratified,3,50,partially_applied_registry_has_no_page_cursor,applied_post_fetch,sampling_strategy|sort_strategy|time_window,sort_strategy|time_window,,sampling_strategy,filter_not_applied:multi_page_sampling,,"Scopus diagnostics: projected_query='TITLE-ABS-KEY(""fisheries"" AND ""management"" AND ""sustainability"" AND ""marine"" AND ""protected"" AND ""areas"")'; requested_count=50; applied_count=25"
Q_LIVING_RES_CORE_003,living_res,core_sector,aquaculture social licence environmental impact governance,crossref,crossref,completed,50,39,28,50,39,10,1,2019,2026,published-desc,applied_post_fetch,stratified,3,50,partially_applied_registry_has_no_page_cursor,applied_post_fetch,sampling_strategy|sort_strategy|time_window,sort_strategy|time_window,,sampling_strategy,filter_not_applied:multi_page_sampling,,
Q_LIVING_RES_CORE_003,living_res,core_sector,aquaculture social licence environmental impact governance,scopus,scopus,completed,4,3,3,4,3,1,0,2019,2026,date-desc,applied_post_fetch,stratified,3,50,partially_applied_registry_has_no_page_cursor,applied_post_fetch,sampling_strategy|sort_strategy|time_window,sort_strategy|time_window,,sampling_strategy,filter_not_applied:multi_page_sampling,,"Scopus diagnostics: projected_query='TITLE-ABS-KEY(""aquaculture"" AND ""social"" AND ""licence"" AND ""environmental"" AND ""impact"" AND ""governance"")'; requested_count=50; applied_count=25"
Q_LIVING_RES_EMRG_001,living_res,emerging_demand,fisheries AI digital twin resilience climate adaptation just transition,crossref,crossref,completed,50,44,44,50,44,1,5,2019,2026,published-desc,applied_post_fetch,stratified,3,50,partially_applied_registry_has_no_page_cursor,applied_post_fetch,sampling_strategy|sort_strategy|time_window,sort_strategy|time_window,,sampling_strategy,filter_not_applied:multi_page_sampling,,
Q_LIVING_RES_EMRG_001,living_res,emerging_demand,fisheries AI digital twin resilience climate adaptation just transition,scopus,scopus,completed,0,0,0,0,0,0,0,2019,2026,date-desc,applied_post_fetch,stratified,3,50,partially_applied_registry_has_no_page_cursor,applied_post_fetch,sampling_strategy|sort_strategy|time_window,sort_strategy|time_window,,sampling_strategy,filter_not_applied:multi_page_sampling,,"Scopus diagnostics: projected_query='TITLE-ABS-KEY(""fisheries"" AND ""AI"" AND ""digital"" AND ""twin"" AND ""resilience"" AND ""climate"" AND ""adaptation"" AND ""just"" AND ""transition"")'; requested_count=50; applied_count=25"
Q_LIVING_RES_EMRG_002,living_res,emerging_demand,small scale fisheries blue economy labour ocean literacy marine governance,crossref,crossref,completed,50,44,42,50,44,5,1,2019,2026,published-desc,applied_post_fetch,stratified,3,50,partially_applied_registry_has_no_page_cursor,applied_post_fetch,sampling_strategy|sort_strategy|time_window,sort_strategy|time_window,,sampling_strategy,filter_not_applied:multi_page_sampling,,Crossref retry search: attempt=1 http_status=429 retry_after_seconds=None backoff_seconds=1.0 jitter_seconds=0.044 wait_seconds=1.044|Crossref retry terminal_status=success attempt=2
Q_LIVING_RES_EMRG_002,living_res,emerging_demand,small scale fisheries blue economy labour ocean literacy marine governance,scopus,scopus,completed,0,0,0,0,0,0,0,2019,2026,date-desc,applied_post_fetch,stratified,3,50,partially_applied_registry_has_no_page_cursor,applied_post_fetch,sampling_strategy|sort_strategy|time_window,sort_strategy|time_window,,sampling_strategy,filter_not_applied:multi_page_sampling,,"Scopus diagnostics: projected_query='TITLE-ABS-KEY(""small"" AND ""scale"" AND ""fisheries"" AND ""blue"" AND ""economy"" AND ""labour"" AND ""ocean"" AND ""literacy"" AND ""marine"" AND ""governance"")'; requested_count=50; applied_count=25"
Q_LIVING_RES_HYP_001,living_res,hypothesis_verification,living res. maritimisation marinization oceanisation hydrosocial de-base-re hypothesis verification indicators,crossref,crossref,completed,50,20,17,50,20,26,4,2019,2026,published-desc,applied_post_fetch,stratified,3,50,partially_applied_registry_has_no_page_cursor,applied_post_fetch,sampling_strategy|sort_strategy|time_window,sort_strategy|time_window,,sampling_strategy,filter_not_applied:multi_page_sampling,,Crossref retry search: attempt=1 http_status=429 retry_after_seconds=None backoff_seconds=1.0 jitter_seconds=0.284 wait_seconds=1.284|Crossref retry terminal_status=success attempt=2
Q_LIVING_RES_HYP_001,living_res,hypothesis_verification,living res. maritimisation marinization oceanisation hydrosocial de-base-re hypothesis verification indicators,scopus,scopus,completed,0,0,0,0,0,0,0,2019,2026,date-desc,applied_post_fetch,stratified,3,50,partially_applied_registry_has_no_page_cursor,applied_post_fetch,sampling_strategy|sort_strategy|time_window,sort_strategy|time_window,,sampling_strategy,filter_not_applied:multi_page_sampling,,"Scopus diagnostics: projected_query='TITLE-ABS-KEY(""living"" AND ""res."" AND ""maritimisation"" AND ""marinization"" AND ""oceanisation"" AND ""hydrosocial"" AND ""de-base-re"" AND ""hypothesis"" AND ""verification"" AND ""indicators"")'; requested_count=50; applied_count=25"
Q_LIVING_RES_THY_001,living_res,theory_translation,living res. qmbd axis translation marine maritime oceanic hydronization theory terms taxonomy mapping,crossref,crossref,completed,50,32,32,50,32,16,2,2019,2026,published-desc,applied_post_fetch,stratified,3,50,partially_applied_registry_has_no_page_cursor,applied_post_fetch,sampling_strategy|sort_strategy|time_window,sort_strategy|time_window,,sampling_strategy,filter_not_applied:multi_page_sampling,,Crossref retry search: attempt=1 http_status=429 retry_after_seconds=None backoff_seconds=1.0 jitter_seconds=0.457 wait_seconds=1.457|Crossref retry terminal_status=success attempt=2
Q_LIVING_RES_THY_001,living_res,theory_translation,living res. qmbd axis translation marine maritime oceanic hydronization theory terms taxonomy mapping,scopus,scopus,completed,0,0,0,0,0,0,0,2019,2026,date-desc,applied_post_fetch,stratified,3,50,partially_applied_registry_has_no_page_cursor,applied_post_fetch,sampling_strategy|sort_strategy|time_window,sort_strategy|time_window,,sampling_strategy,filter_not_applied:multi_page_sampling,,"Scopus diagnostics: projected_query='TITLE-ABS-KEY(""living"" AND ""res."" AND ""qmbd"" AND ""axis"" AND ""translation"" AND ""marine"" AND ""maritime"" AND ""oceanic"" AND ""hydronization"" AND ""theory"" AND ""terms"" AND ""taxonomy"" AND ""mapping"")'; requested_count=50; applied_count=25"
Q_LIVING_RES_VAL_001,living_res,validation_eqf_translation,fisheries aquaculture EQF qualification framework micro-credential learning outcomes,crossref,crossref,completed,50,38,38,50,38,11,1,2019,2026,published-desc,applied_post_fetch,stratified,3,50,partially_applied_registry_has_no_page_cursor,applied_post_fetch,sampling_strategy|sort_strategy|time_window,sort_strategy|time_window,,sampling_strategy,filter_not_applied:multi_page_sampling,,
Q_LIVING_RES_VAL_001,living_res,validation_eqf_translation,fisheries aquaculture EQF qualification framework micro-credential learning outcomes,scopus,scopus,completed,0,0,0,0,0,0,0,2019,2026,date-desc,applied_post_fetch,stratified,3,50,partially_applied_registry_has_no_page_cursor,applied_post_fetch,sampling_strategy|sort_strategy|time_window,sort_strategy|time_window,,sampling_strategy,filter_not_applied:multi_page_sampling,,"Scopus diagnostics: projected_query='TITLE-ABS-KEY(""fisheries"" AND ""aquaculture"" AND ""EQF"" AND ""qualification"" AND ""framework"" AND ""micro"" AND ""credential"" AND ""learning"" AND ""outcomes"")'; requested_count=50; applied_count=25"
Q_MARITIME_DEFENCE_COMP_001,maritime_defence,competence_demand,maritime security workforce skills competences training professional development,crossref,crossref,completed,50,36,35,50,36,12,2,2019,2026,published-desc,applied_post_fetch,stratified,3,50,partially_applied_registry_has_no_page_cursor,applied_post_fetch,sampling_strategy|sort_strategy|time_window,sort_strategy|time_window,,sampling_strategy,filter_not_applied:multi_page_sampling,,
Q_MARITIME_DEFENCE_COMP_001,maritime_defence,competence_demand,maritime security workforce skills competences training professional development,scopus,scopus,completed,1,1,1,1,1,0,0,2019,2026,date-desc,applied_post_fetch,stratified,3,50,partially_applied_registry_has_no_page_cursor,applied_post_fetch,sampling_strategy|sort_strategy|time_window,sort_strategy|time_window,,sampling_strategy,filter_not_applied:multi_page_sampling,,"Scopus diagnostics: projected_query='TITLE-ABS-KEY(""maritime"" AND ""security"" AND ""workforce"" AND ""skills"" AND ""competences"" AND ""training"" AND ""professional"" AND ""development"")'; requested_count=50; applied_count=25"
Q_MARITIME_DEFENCE_COMP_002,maritime_defence,competence_demand,naval operations education learning outcomes curriculum qualification,crossref,crossref,completed,50,23,23,50,23,22,5,2019,2026,published-desc,applied_post_fetch,stratified,3,50,partially_applied_registry_has_no_page_cursor,applied_post_fetch,sampling_strategy|sort_strategy|time_window,sort_strategy|time_window,,sampling_strategy,filter_not_applied:multi_page_sampling,,Crossref retry search: attempt=1 http_status=429 retry_after_seconds=None backoff_seconds=1.0 jitter_seconds=0.461 wait_seconds=1.461|Crossref retry terminal_status=success attempt=2
Q_MARITIME_DEFENCE_COMP_002,maritime_defence,competence_demand,naval operations education learning outcomes curriculum qualification,scopus,scopus,completed,0,0,0,0,0,0,0,2019,2026,date-desc,applied_post_fetch,stratified,3,50,partially_applied_registry_has_no_page_cursor,applied_post_fetch,sampling_strategy|sort_strategy|time_window,sort_strategy|time_window,,sampling_strategy,filter_not_applied:multi_page_sampling,,"Scopus diagnostics: projected_query='TITLE-ABS-KEY(""naval"" AND ""operations"" AND ""education"" AND ""learning"" AND ""outcomes"" AND ""curriculum"" AND ""qualification"")'; requested_count=50; applied_count=25"
Q_MARITIME_DEFENCE_CORE_001,maritime_defence,core_sector,maritime security governance blue economy,crossref,crossref,completed,50,42,37,50,42,6,2,2019,2026,published-desc,applied_post_fetch,stratified,3,50,partially_applied_registry_has_no_page_cursor,applied_post_fetch,sampling_strategy|sort_strategy|time_window,sort_strategy|time_window,,sampling_strategy,filter_not_applied:multi_page_sampling,,Crossref retry search: attempt=1 http_status=429 retry_after_seconds=None backoff_seconds=1.0 jitter_seconds=0.488 wait_seconds=1.488|Crossref retry terminal_status=success attempt=2
Q_MARITIME_DEFENCE_CORE_001,maritime_defence,core_sector,maritime security governance blue economy,scopus,scopus,completed,25,25,24,25,25,0,0,2019,2026,date-desc,applied_post_fetch,stratified,3,50,partially_applied_registry_has_no_page_cursor,applied_post_fetch,sampling_strategy|sort_strategy|time_window,sort_strategy|time_window,,sampling_strategy,filter_not_applied:multi_page_sampling,,"Scopus diagnostics: projected_query='TITLE-ABS-KEY(""maritime"" AND ""security"" AND ""governance"" AND ""blue"" AND ""economy"")'; requested_count=50; applied_count=25"
Q_MARITIME_DEFENCE_CORE_002,maritime_defence,core_sector,naval operations maritime domain awareness surveillance,crossref,crossref,completed,50,19,17,50,19,28,3,2019,2026,published-desc,applied_post_fetch,stratified,3,50,partially_applied_registry_has_no_page_cursor,applied_post_fetch,sampling_strategy|sort_strategy|time_window,sort_strategy|time_window,,sampling_strategy,filter_not_applied:multi_page_sampling,,
Q_MARITIME_DEFENCE_CORE_002,maritime_defence,core_sector,naval operations maritime domain awareness surveillance,scopus,scopus,completed,12,8,8,12,8,4,0,2019,2026,date-desc,applied_post_fetch,stratified,3,50,partially_applied_registry_has_no_page_cursor,applied_post_fetch,sampling_strategy|sort_strategy|time_window,sort_strategy|time_window,,sampling_strategy,filter_not_applied:multi_page_sampling,,"Scopus diagnostics: projected_query='TITLE-ABS-KEY(""naval"" AND ""operations"" AND ""maritime"" AND ""domain"" AND ""awareness"" AND ""surveillance"")'; requested_count=50; applied_count=25"
Q_MARITIME_DEFENCE_CORE_003,maritime_defence,core_sector,critical maritime infrastructure protection governance,crossref,crossref,completed,50,33,27,50,33,14,3,2019,2026,published-desc,applied_post_fetch,stratified,3,50,partially_applied_registry_has_no_page_cursor,applied_post_fetch,sampling_strategy|sort_strategy|time_window,sort_strategy|time_window,,sampling_strategy,filter_not_applied:multi_page_sampling,,
Q_MARITIME_DEFENCE_CORE_003,maritime_defence,core_sector,critical maritime infrastructure protection governance,scopus,scopus,completed,10,9,9,10,9,1,0,2019,2026,date-desc,applied_post_fetch,stratified,3,50,partially_applied_registry_has_no_page_cursor,applied_post_fetch,sampling_strategy|sort_strategy|time_window,sort_strategy|time_window,,sampling_strategy,filter_not_applied:multi_page_sampling,,"Scopus diagnostics: projected_query='TITLE-ABS-KEY(""critical"" AND ""maritime"" AND ""infrastructure"" AND ""protection"" AND ""governance"")'; requested_count=50; applied_count=25"
Q_MARITIME_DEFENCE_EMRG_001,maritime_defence,emerging_demand,maritime domain awareness AI autonomous systems digital twin resilience,crossref,crossref,completed,50,35,35,50,35,10,5,2019,2026,published-desc,applied_post_fetch,stratified,3,50,partially_applied_registry_has_no_page_cursor,applied_post_fetch,sampling_strategy|sort_strategy|time_window,sort_strategy|time_window,,sampling_strategy,filter_not_applied:multi_page_sampling,,
Q_MARITIME_DEFENCE_EMRG_001,maritime_defence,emerging_demand,maritime domain awareness AI autonomous systems digital twin resilience,scopus,scopus,completed,0,0,0,0,0,0,0,2019,2026,date-desc,applied_post_fetch,stratified,3,50,partially_applied_registry_has_no_page_cursor,applied_post_fetch,sampling_strategy|sort_strategy|time_window,sort_strategy|time_window,,sampling_strategy,filter_not_applied:multi_page_sampling,,"Scopus diagnostics: projected_query='TITLE-ABS-KEY(""maritime"" AND ""domain"" AND ""awareness"" AND ""AI"" AND ""autonomous"" AND ""systems"" AND ""digital"" AND ""twin"" AND ""resilience"")'; requested_count=50; applied_count=25"
Q_MARITIME_DEFENCE_EMRG_002,maritime_defence,emerging_demand,maritime security climate adaptation marine governance safety port-city,crossref,crossref,completed,50,19,19,50,19,22,9,2019,2026,published-desc,applied_post_fetch,stratified,3,50,partially_applied_registry_has_no_page_cursor,applied_post_fetch,sampling_strategy|sort_strategy|time_window,sort_strategy|time_window,,sampling_strategy,filter_not_applied:multi_page_sampling,,Crossref retry search: attempt=1 http_status=429 retry_after_seconds=None backoff_seconds=1.0 jitter_seconds=0.22 wait_seconds=1.22|Crossref retry terminal_status=success attempt=2
Q_MARITIME_DEFENCE_EMRG_002,maritime_defence,emerging_demand,maritime security climate adaptation marine governance safety port-city,scopus,scopus,completed,0,0,0,0,0,0,0,2019,2026,date-desc,applied_post_fetch,stratified,3,50,partially_applied_registry_has_no_page_cursor,applied_post_fetch,sampling_strategy|sort_strategy|time_window,sort_strategy|time_window,,sampling_strategy,filter_not_applied:multi_page_sampling,,"Scopus diagnostics: projected_query='TITLE-ABS-KEY(""maritime"" AND ""security"" AND ""climate"" AND ""adaptation"" AND ""marine"" AND ""governance"" AND ""safety"" AND ""port-city"")'; requested_count=50; applied_count=25"
Q_MARITIME_DEFENCE_HYP_001,maritime_defence,hypothesis_verification,maritime defence maritimisation marinization oceanisation hydrosocial de-base-re hypothesis verification indicators,crossref,crossref,completed,50,20,20,50,20,26,4,2019,2026,published-desc,applied_post_fetch,stratified,3,50,partially_applied_registry_has_no_page_cursor,applied_post_fetch,sampling_strategy|sort_strategy|time_window,sort_strategy|time_window,,sampling_strategy,filter_not_applied:multi_page_sampling,,
Q_MARITIME_DEFENCE_HYP_001,maritime_defence,hypothesis_verification,maritime defence maritimisation marinization oceanisation hydrosocial de-base-re hypothesis verification indicators,scopus,scopus,completed,0,0,0,0,0,0,0,2019,2026,date-desc,applied_post_fetch,stratified,3,50,partially_applied_registry_has_no_page_cursor,applied_post_fetch,sampling_strategy|sort_strategy|time_window,sort_strategy|time_window,,sampling_strategy,filter_not_applied:multi_page_sampling,,"Scopus diagnostics: projected_query='TITLE-ABS-KEY(""maritime"" AND ""defence"" AND ""maritimisation"" AND ""marinization"" AND ""oceanisation"" AND ""hydrosocial"" AND ""de-base-re"" AND ""hypothesis"" AND ""verification"" AND ""indicators"")'; requested_count=50; applied_count=25"
Q_MARITIME_DEFENCE_THY_001,maritime_defence,theory_translation,maritime defence qmbd axis translation marine maritime oceanic hydronization theory terms taxonomy mapping,crossref,crossref,completed,50,21,21,50,21,23,6,2019,2026,published-desc,applied_post_fetch,stratified,3,50,partially_applied_registry_has_no_page_cursor,applied_post_fetch,sampling_strategy|sort_strategy|time_window,sort_strategy|time_window,,sampling_strategy,filter_not_applied:multi_page_sampling,,
Q_MARITIME_DEFENCE_THY_001,maritime_defence,theory_translation,maritime defence qmbd axis translation marine maritime oceanic hydronization theory terms taxonomy mapping,scopus,scopus,completed,0,0,0,0,0,0,0,2019,2026,date-desc,applied_post_fetch,stratified,3,50,partially_applied_registry_has_no_page_cursor,applied_post_fetch,sampling_strategy|sort_strategy|time_window,sort_strategy|time_window,,sampling_strategy,filter_not_applied:multi_page_sampling,,"Scopus diagnostics: projected_query='TITLE-ABS-KEY(""maritime"" AND ""defence"" AND ""qmbd"" AND ""axis"" AND ""translation"" AND ""marine"" AND ""maritime"" AND ""oceanic"" AND ""hydronization"" AND ""theory"" AND ""terms"" AND ""taxonomy"" AND ""mapping"")'; requested_count=50; applied_count=25"
Q_MARITIME_DEFENCE_VAL_001,maritime_defence,validation_eqf_translation,maritime defence EQF qualification framework micro-credential learning outcomes,crossref,crossref,completed,50,40,40,50,40,9,1,2019,2026,published-desc,applied_post_fetch,stratified,3,50,partially_applied_registry_has_no_page_cursor,applied_post_fetch,sampling_strategy|sort_strategy|time_window,sort_strategy|time_window,,sampling_strategy,filter_not_applied:multi_page_sampling,,
Q_MARITIME_DEFENCE_VAL_001,maritime_defence,validation_eqf_translation,maritime defence EQF qualification framework micro-credential learning outcomes,scopus,scopus,completed,0,0,0,0,0,0,0,2019,2026,date-desc,applied_post_fetch,stratified,3,50,partially_applied_registry_has_no_page_cursor,applied_post_fetch,sampling_strategy|sort_strategy|time_window,sort_strategy|time_window,,sampling_strategy,filter_not_applied:multi_page_sampling,,"Scopus diagnostics: projected_query='TITLE-ABS-KEY(""maritime"" AND ""defence"" AND ""EQF"" AND ""qualification"" AND ""framework"" AND ""micro"" AND ""credential"" AND ""learning"" AND ""outcomes"")'; requested_count=50; applied_count=25"
Q_MARITIME_TRANSPORT_COMP_001,maritime_transport,competence_demand,seafarer workforce skills competences training professional development,crossref,crossref,completed,50,34,33,50,34,12,4,2019,2026,published-desc,applied_post_fetch,stratified,3,50,partially_applied_registry_has_no_page_cursor,applied_post_fetch,sampling_strategy|sort_strategy|time_window,sort_strategy|time_window,,sampling_strategy,filter_not_applied:multi_page_sampling,,
Q_MARITIME_TRANSPORT_COMP_001,maritime_transport,competence_demand,seafarer workforce skills competences training professional development,scopus,scopus,completed,1,1,1,1,1,0,0,2019,2026,date-desc,applied_post_fetch,stratified,3,50,partially_applied_registry_has_no_page_cursor,applied_post_fetch,sampling_strategy|sort_strategy|time_window,sort_strategy|time_window,,sampling_strategy,filter_not_applied:multi_page_sampling,,"Scopus diagnostics: projected_query='TITLE-ABS-KEY(""seafarer"" AND ""workforce"" AND ""skills"" AND ""competences"" AND ""training"" AND ""professional"" AND ""development"")'; requested_count=50; applied_count=25"
Q_MARITIME_TRANSPORT_COMP_002,maritime_transport,competence_demand,maritime officer education learning outcomes curriculum qualification,crossref,crossref,completed,50,23,23,50,23,24,3,2019,2026,published-desc,applied_post_fetch,stratified,3,50,partially_applied_registry_has_no_page_cursor,applied_post_fetch,sampling_strategy|sort_strategy|time_window,sort_strategy|time_window,,sampling_strategy,filter_not_applied:multi_page_sampling,,
Q_MARITIME_TRANSPORT_COMP_002,maritime_transport,competence_demand,maritime officer education learning outcomes curriculum qualification,scopus,scopus,completed,0,0,0,0,0,0,0,2019,2026,date-desc,applied_post_fetch,stratified,3,50,partially_applied_registry_has_no_page_cursor,applied_post_fetch,sampling_strategy|sort_strategy|time_window,sort_strategy|time_window,,sampling_strategy,filter_not_applied:multi_page_sampling,,"Scopus diagnostics: projected_query='TITLE-ABS-KEY(""maritime"" AND ""officer"" AND ""education"" AND ""learning"" AND ""outcomes"" AND ""curriculum"" AND ""qualification"")'; requested_count=50; applied_count=25"
Q_MARITIME_TRANSPORT_CORE_001,maritime_transport,core_sector,maritime transport decarbonization emissions reduction,crossref,crossref,completed,50,43,43,50,43,2,5,2019,2026,published-desc,applied_post_fetch,stratified,3,50,partially_applied_registry_has_no_page_cursor,applied_post_fetch,sampling_strategy|sort_strategy|time_window,sort_strategy|time_window,,sampling_strategy,filter_not_applied:multi_page_sampling,,
Q_MARITIME_TRANSPORT_CORE_001,maritime_transport,core_sector,maritime transport decarbonization emissions reduction,scopus,scopus,completed,25,25,25,25,25,0,0,2019,2026,date-desc,applied_post_fetch,stratified,3,50,partially_applied_registry_has_no_page_cursor,applied_post_fetch,sampling_strategy|sort_strategy|time_window,sort_strategy|time_window,,sampling_strategy,filter_not_applied:multi_page_sampling,,"Scopus diagnostics: projected_query='TITLE-ABS-KEY(""maritime"" AND ""transport"" AND ""decarbonization"" AND ""emissions"" AND ""reduction"")'; requested_count=50; applied_count=25"
Q_MARITIME_TRANSPORT_CORE_002,maritime_transport,core_sector,shipping governance international regulations IMO,crossref,crossref,completed,50,26,25,50,26,22,2,2019,2026,published-desc,applied_post_fetch,stratified,3,50,partially_applied_registry_has_no_page_cursor,applied_post_fetch,sampling_strategy|sort_strategy|time_window,sort_strategy|time_window,,sampling_strategy,filter_not_applied:multi_page_sampling,,
Q_MARITIME_TRANSPORT_CORE_002,maritime_transport,core_sector,shipping governance international regulations IMO,scopus,scopus,completed,25,25,25,25,25,0,0,2019,2026,date-desc,applied_post_fetch,stratified,3,50,partially_applied_registry_has_no_page_cursor,applied_post_fetch,sampling_strategy|sort_strategy|time_window,sort_strategy|time_window,,sampling_strategy,filter_not_applied:multi_page_sampling,,"Scopus diagnostics: projected_query='TITLE-ABS-KEY(""shipping"" AND ""governance"" AND ""international"" AND ""regulations"" AND ""IMO"")'; requested_count=50; applied_count=25"
Q_MARITIME_TRANSPORT_CORE_003,maritime_transport,core_sector,maritime safety maritime labour conditions,crossref,crossref,completed,50,16,14,50,16,32,2,2019,2026,published-desc,applied_post_fetch,stratified,3,50,partially_applied_registry_has_no_page_cursor,applied_post_fetch,sampling_strategy|sort_strategy|time_window,sort_strategy|time_window,,sampling_strategy,filter_not_applied:multi_page_sampling,,Crossref retry search: attempt=1 http_status=429 retry_after_seconds=None backoff_seconds=1.0 jitter_seconds=0.13 wait_seconds=1.13|Crossref retry terminal_status=success attempt=2
Q_MARITIME_TRANSPORT_CORE_003,maritime_transport,core_sector,maritime safety maritime labour conditions,scopus,scopus,completed,25,25,25,25,25,0,0,2019,2026,date-desc,applied_post_fetch,stratified,3,50,partially_applied_registry_has_no_page_cursor,applied_post_fetch,sampling_strategy|sort_strategy|time_window,sort_strategy|time_window,,sampling_strategy,filter_not_applied:multi_page_sampling,,"Scopus diagnostics: projected_query='TITLE-ABS-KEY(""maritime"" AND ""safety"" AND ""maritime"" AND ""labour"" AND ""conditions"")'; requested_count=50; applied_count=25"
Q_MARITIME_TRANSPORT_EMRG_001,maritime_transport,emerging_demand,shipping AI digital twin autonomous systems decarbonization resilience,crossref,crossref,completed,50,48,48,50,48,0,2,2019,2026,published-desc,applied_post_fetch,stratified,3,50,partially_applied_registry_has_no_page_cursor,applied_post_fetch,sampling_strategy|sort_strategy|time_window,sort_strategy|time_window,,sampling_strategy,filter_not_applied:multi_page_sampling,,
Q_MARITIME_TRANSPORT_EMRG_001,maritime_transport,emerging_demand,shipping AI digital twin autonomous systems decarbonization resilience,scopus,scopus,completed,0,0,0,0,0,0,0,2019,2026,date-desc,applied_post_fetch,stratified,3,50,partially_applied_registry_has_no_page_cursor,applied_post_fetch,sampling_strategy|sort_strategy|time_window,sort_strategy|time_window,,sampling_strategy,filter_not_applied:multi_page_sampling,,"Scopus diagnostics: projected_query='TITLE-ABS-KEY(""shipping"" AND ""AI"" AND ""digital"" AND ""twin"" AND ""autonomous"" AND ""systems"" AND ""decarbonization"" AND ""resilience"")'; requested_count=50; applied_count=25"
Q_MARITIME_TRANSPORT_EMRG_002,maritime_transport,emerging_demand,shipping just transition blue economy labour ocean literacy marine governance safety,crossref,crossref,completed,50,42,39,50,42,8,0,2019,2026,published-desc,applied_post_fetch,stratified,3,50,partially_applied_registry_has_no_page_cursor,applied_post_fetch,sampling_strategy|sort_strategy|time_window,sort_strategy|time_window,,sampling_strategy,filter_not_applied:multi_page_sampling,,
Q_MARITIME_TRANSPORT_EMRG_002,maritime_transport,emerging_demand,shipping just transition blue economy labour ocean literacy marine governance safety,scopus,scopus,completed,0,0,0,0,0,0,0,2019,2026,date-desc,applied_post_fetch,stratified,3,50,partially_applied_registry_has_no_page_cursor,applied_post_fetch,sampling_strategy|sort_strategy|time_window,sort_strategy|time_window,,sampling_strategy,filter_not_applied:multi_page_sampling,,"Scopus diagnostics: projected_query='TITLE-ABS-KEY(""shipping"" AND ""just"" AND ""transition"" AND ""blue"" AND ""economy"" AND ""labour"" AND ""ocean"" AND ""literacy"" AND ""marine"" AND ""governance"" AND ""safety"")'; requested_count=50; applied_count=25"
Q_MARITIME_TRANSPORT_HYP_001,maritime_transport,hypothesis_verification,maritime transport maritimisation marinization oceanisation hydrosocial de-base-re hypothesis verification indicators,crossref,crossref,completed,50,28,27,50,28,9,13,2019,2026,published-desc,applied_post_fetch,stratified,3,50,partially_applied_registry_has_no_page_cursor,applied_post_fetch,sampling_strategy|sort_strategy|time_window,sort_strategy|time_window,,sampling_strategy,filter_not_applied:multi_page_sampling,,
Q_MARITIME_TRANSPORT_HYP_001,maritime_transport,hypothesis_verification,maritime transport maritimisation marinization oceanisation hydrosocial de-base-re hypothesis verification indicators,scopus,scopus,completed,0,0,0,0,0,0,0,2019,2026,date-desc,applied_post_fetch,stratified,3,50,partially_applied_registry_has_no_page_cursor,applied_post_fetch,sampling_strategy|sort_strategy|time_window,sort_strategy|time_window,,sampling_strategy,filter_not_applied:multi_page_sampling,,"Scopus diagnostics: projected_query='TITLE-ABS-KEY(""maritime"" AND ""transport"" AND ""maritimisation"" AND ""marinization"" AND ""oceanisation"" AND ""hydrosocial"" AND ""de-base-re"" AND ""hypothesis"" AND ""verification"" AND ""indicators"")'; requested_count=50; applied_count=25"
Q_MARITIME_TRANSPORT_THY_001,maritime_transport,theory_translation,maritime transport qmbd axis translation marine maritime oceanic hydronization theory terms taxonomy mapping,crossref,crossref,completed,50,16,16,50,16,14,20,2019,2026,published-desc,applied_post_fetch,stratified,3,50,partially_applied_registry_has_no_page_cursor,applied_post_fetch,sampling_strategy|sort_strategy|time_window,sort_strategy|time_window,,sampling_strategy,filter_not_applied:multi_page_sampling,,Crossref retry search: attempt=1 http_status=429 retry_after_seconds=None backoff_seconds=1.0 jitter_seconds=0.3 wait_seconds=1.3|Crossref retry terminal_status=success attempt=2
Q_MARITIME_TRANSPORT_THY_001,maritime_transport,theory_translation,maritime transport qmbd axis translation marine maritime oceanic hydronization theory terms taxonomy mapping,scopus,scopus,completed,0,0,0,0,0,0,0,2019,2026,date-desc,applied_post_fetch,stratified,3,50,partially_applied_registry_has_no_page_cursor,applied_post_fetch,sampling_strategy|sort_strategy|time_window,sort_strategy|time_window,,sampling_strategy,filter_not_applied:multi_page_sampling,,"Scopus diagnostics: projected_query='TITLE-ABS-KEY(""maritime"" AND ""transport"" AND ""qmbd"" AND ""axis"" AND ""translation"" AND ""marine"" AND ""maritime"" AND ""oceanic"" AND ""hydronization"" AND ""theory"" AND ""terms"" AND ""taxonomy"" AND ""mapping"")'; requested_count=50; applied_count=25"
Q_MARITIME_TRANSPORT_VAL_001,maritime_transport,validation_eqf_translation,maritime transport EQF qualification framework micro-credential STCW learning outcomes,crossref,crossref,completed,50,24,23,50,24,23,3,2019,2026,published-desc,applied_post_fetch,stratified,3,50,partially_applied_registry_has_no_page_cursor,applied_post_fetch,sampling_strategy|sort_strategy|time_window,sort_strategy|time_window,,sampling_strategy,filter_not_applied:multi_page_sampling,,Crossref retry search: attempt=1 http_status=429 retry_after_seconds=None backoff_seconds=1.0 jitter_seconds=0.172 wait_seconds=1.172|Crossref retry terminal_status=success attempt=2
Q_MARITIME_TRANSPORT_VAL_001,maritime_transport,validation_eqf_translation,maritime transport EQF qualification framework micro-credential STCW learning outcomes,scopus,scopus,completed,0,0,0,0,0,0,0,2019,2026,date-desc,applied_post_fetch,stratified,3,50,partially_applied_registry_has_no_page_cursor,applied_post_fetch,sampling_strategy|sort_strategy|time_window,sort_strategy|time_window,,sampling_strategy,filter_not_applied:multi_page_sampling,,"Scopus diagnostics: projected_query='TITLE-ABS-KEY(""maritime"" AND ""transport"" AND ""EQF"" AND ""qualification"" AND ""framework"" AND ""micro"" AND ""credential"" AND ""STCW"" AND ""learning"" AND ""outcomes"")'; requested_count=50; applied_count=25"
Q_NON_LIVING_RES_COMP_001,non_living_res,competence_demand,seabed mining workforce skills competences training professional development,crossref,crossref,completed,50,33,32,50,33,13,4,2019,2026,published-desc,applied_post_fetch,stratified,3,50,partially_applied_registry_has_no_page_cursor,applied_post_fetch,sampling_strategy|sort_strategy|time_window,sort_strategy|time_window,,sampling_strategy,filter_not_applied:multi_page_sampling,,
Q_NON_LIVING_RES_COMP_001,non_living_res,competence_demand,seabed mining workforce skills competences training professional development,scopus,scopus,completed,0,0,0,0,0,0,0,2019,2026,date-desc,applied_post_fetch,stratified,3,50,partially_applied_registry_has_no_page_cursor,applied_post_fetch,sampling_strategy|sort_strategy|time_window,sort_strategy|time_window,,sampling_strategy,filter_not_applied:multi_page_sampling,,"Scopus diagnostics: projected_query='TITLE-ABS-KEY(""seabed"" AND ""mining"" AND ""workforce"" AND ""skills"" AND ""competences"" AND ""training"" AND ""professional"" AND ""development"")'; requested_count=50; applied_count=25"
Q_NON_LIVING_RES_COMP_002,non_living_res,competence_demand,marine aggregates education learning outcomes curriculum qualification,crossref,crossref,completed,50,24,24,50,24,22,4,2019,2026,published-desc,applied_post_fetch,stratified,3,50,partially_applied_registry_has_no_page_cursor,applied_post_fetch,sampling_strategy|sort_strategy|time_window,sort_strategy|time_window,,sampling_strategy,filter_not_applied:multi_page_sampling,,
Q_NON_LIVING_RES_COMP_002,non_living_res,competence_demand,marine aggregates education learning outcomes curriculum qualification,scopus,scopus,completed,0,0,0,0,0,0,0,2019,2026,date-desc,applied_post_fetch,stratified,3,50,partially_applied_registry_has_no_page_cursor,applied_post_fetch,sampling_strategy|sort_strategy|time_window,sort_strategy|time_window,,sampling_strategy,filter_not_applied:multi_page_sampling,,"Scopus diagnostics: projected_query='TITLE-ABS-KEY(""marine"" AND ""aggregates"" AND ""education"" AND ""learning"" AND ""outcomes"" AND ""curriculum"" AND ""qualification"")'; requested_count=50; applied_count=25"
Q_NON_LIVING_RES_CORE_001,non_living_res,core_sector,seabed mining governance environmental impact social licence,crossref,crossref,completed,50,37,35,50,37,12,1,2019,2026,published-desc,applied_post_fetch,stratified,3,50,partially_applied_registry_has_no_page_cursor,applied_post_fetch,sampling_strategy|sort_strategy|time_window,sort_strategy|time_window,,sampling_strategy,filter_not_applied:multi_page_sampling,,
Q_NON_LIVING_RES_CORE_001,non_living_res,core_sector,seabed mining governance environmental impact social licence,scopus,scopus,completed,1,1,1,1,1,0,0,2019,2026,date-desc,applied_post_fetch,stratified,3,50,partially_applied_registry_has_no_page_cursor,applied_post_fetch,sampling_strategy|sort_strategy|time_window,sort_strategy|time_window,,sampling_strategy,filter_not_applied:multi_page_sampling,,"Scopus diagnostics: projected_query='TITLE-ABS-KEY(""seabed"" AND ""mining"" AND ""governance"" AND ""environmental"" AND ""impact"" AND ""social"" AND ""licence"")'; requested_count=50; applied_count=25"
Q_NON_LIVING_RES_CORE_002,non_living_res,core_sector,marine aggregates extraction coastal governance sustainability,crossref,crossref,completed,50,30,30,50,30,20,0,2019,2026,published-desc,applied_post_fetch,stratified,3,50,partially_applied_registry_has_no_page_cursor,applied_post_fetch,sampling_strategy|sort_strategy|time_window,sort_strategy|time_window,,sampling_strategy,filter_not_applied:multi_page_sampling,,
Q_NON_LIVING_RES_CORE_002,non_living_res,core_sector,marine aggregates extraction coastal governance sustainability,scopus,scopus,completed,0,0,0,0,0,0,0,2019,2026,date-desc,applied_post_fetch,stratified,3,50,partially_applied_registry_has_no_page_cursor,applied_post_fetch,sampling_strategy|sort_strategy|time_window,sort_strategy|time_window,,sampling_strategy,filter_not_applied:multi_page_sampling,,"Scopus diagnostics: projected_query='TITLE-ABS-KEY(""marine"" AND ""aggregates"" AND ""extraction"" AND ""coastal"" AND ""governance"" AND ""sustainability"")'; requested_count=50; applied_count=25"
Q_NON_LIVING_RES_CORE_003,non_living_res,core_sector,critical raw materials offshore extraction governance,crossref,crossref,completed,50,30,27,50,30,7,13,2019,2026,published-desc,applied_post_fetch,stratified,3,50,partially_applied_registry_has_no_page_cursor,applied_post_fetch,sampling_strategy|sort_strategy|time_window,sort_strategy|time_window,,sampling_strategy,filter_not_applied:multi_page_sampling,,
Q_NON_LIVING_RES_CORE_003,non_living_res,core_sector,critical raw materials offshore extraction governance,scopus,scopus,completed,0,0,0,0,0,0,0,2019,2026,date-desc,applied_post_fetch,stratified,3,50,partially_applied_registry_has_no_page_cursor,applied_post_fetch,sampling_strategy|sort_strategy|time_window,sort_strategy|time_window,,sampling_strategy,filter_not_applied:multi_page_sampling,,"Scopus diagnostics: projected_query='TITLE-ABS-KEY(""critical"" AND ""raw"" AND ""materials"" AND ""offshore"" AND ""extraction"" AND ""governance"")'; requested_count=50; applied_count=25"
Q_NON_LIVING_RES_EMRG_001,non_living_res,emerging_demand,seabed mining AI autonomous systems safety climate adaptation,crossref,crossref,completed,50,42,42,50,42,2,6,2019,2026,published-desc,applied_post_fetch,stratified,3,50,partially_applied_registry_has_no_page_cursor,applied_post_fetch,sampling_strategy|sort_strategy|time_window,sort_strategy|time_window,,sampling_strategy,filter_not_applied:multi_page_sampling,,Crossref retry search: attempt=1 http_status=429 retry_after_seconds=None backoff_seconds=1.0 jitter_seconds=0.282 wait_seconds=1.282|Crossref retry terminal_status=success attempt=2
Q_NON_LIVING_RES_EMRG_001,non_living_res,emerging_demand,seabed mining AI autonomous systems safety climate adaptation,scopus,scopus,completed,0,0,0,0,0,0,0,2019,2026,date-desc,applied_post_fetch,stratified,3,50,partially_applied_registry_has_no_page_cursor,applied_post_fetch,sampling_strategy|sort_strategy|time_window,sort_strategy|time_window,,sampling_strategy,filter_not_applied:multi_page_sampling,,"Scopus diagnostics: projected_query='TITLE-ABS-KEY(""seabed"" AND ""mining"" AND ""AI"" AND ""autonomous"" AND ""systems"" AND ""safety"" AND ""climate"" AND ""adaptation"")'; requested_count=50; applied_count=25"
Q_NON_LIVING_RES_EMRG_002,non_living_res,emerging_demand,critical raw materials just transition marine governance blue economy labour,crossref,crossref,completed,50,42,39,50,42,4,4,2019,2026,published-desc,applied_post_fetch,stratified,3,50,partially_applied_registry_has_no_page_cursor,applied_post_fetch,sampling_strategy|sort_strategy|time_window,sort_strategy|time_window,,sampling_strategy,filter_not_applied:multi_page_sampling,,
Q_NON_LIVING_RES_EMRG_002,non_living_res,emerging_demand,critical raw materials just transition marine governance blue economy labour,scopus,scopus,completed,0,0,0,0,0,0,0,2019,2026,date-desc,applied_post_fetch,stratified,3,50,partially_applied_registry_has_no_page_cursor,applied_post_fetch,sampling_strategy|sort_strategy|time_window,sort_strategy|time_window,,sampling_strategy,filter_not_applied:multi_page_sampling,,"Scopus diagnostics: projected_query='TITLE-ABS-KEY(""critical"" AND ""raw"" AND ""materials"" AND ""just"" AND ""transition"" AND ""marine"" AND ""governance"" AND ""blue"" AND ""economy"" AND ""labour"")'; requested_count=50; applied_count=25"
Q_NON_LIVING_RES_HYP_001,non_living_res,hypothesis_verification,non-living res. maritimisation marinization oceanisation hydrosocial de-base-re hypothesis verification indicators,crossref,crossref,completed,50,21,18,50,21,22,7,2019,2026,published-desc,applied_post_fetch,stratified,3,50,partially_applied_registry_has_no_page_cursor,applied_post_fetch,sampling_strategy|sort_strategy|time_window,sort_strategy|time_window,,sampling_strategy,filter_not_applied:multi_page_sampling,,
Q_NON_LIVING_RES_HYP_001,non_living_res,hypothesis_verification,non-living res. maritimisation marinization oceanisation hydrosocial de-base-re hypothesis verification indicators,scopus,scopus,completed,0,0,0,0,0,0,0,2019,2026,date-desc,applied_post_fetch,stratified,3,50,partially_applied_registry_has_no_page_cursor,applied_post_fetch,sampling_strategy|sort_strategy|time_window,sort_strategy|time_window,,sampling_strategy,filter_not_applied:multi_page_sampling,,"Scopus diagnostics: projected_query='TITLE-ABS-KEY(""non"" AND ""living"" AND ""res."" AND ""maritimisation"" AND ""marinization"" AND ""oceanisation"" AND ""hydrosocial"" AND ""de-base-re"" AND ""hypothesis"" AND ""verification"" AND ""indicators"")'; requested_count=50; applied_count=25"
Q_NON_LIVING_RES_THY_001,non_living_res,theory_translation,non-living res. qmbd axis translation marine maritime oceanic hydronization theory terms taxonomy mapping,crossref,crossref,completed,50,30,30,50,30,19,1,2019,2026,published-desc,applied_post_fetch,stratified,3,50,partially_applied_registry_has_no_page_cursor,applied_post_fetch,sampling_strategy|sort_strategy|time_window,sort_strategy|time_window,,sampling_strategy,filter_not_applied:multi_page_sampling,,
Q_NON_LIVING_RES_THY_001,non_living_res,theory_translation,non-living res. qmbd axis translation marine maritime oceanic hydronization theory terms taxonomy mapping,scopus,scopus,completed,0,0,0,0,0,0,0,2019,2026,date-desc,applied_post_fetch,stratified,3,50,partially_applied_registry_has_no_page_cursor,applied_post_fetch,sampling_strategy|sort_strategy|time_window,sort_strategy|time_window,,sampling_strategy,filter_not_applied:multi_page_sampling,,"Scopus diagnostics: projected_query='TITLE-ABS-KEY(""non"" AND ""living"" AND ""res."" AND ""qmbd"" AND ""axis"" AND ""translation"" AND ""marine"" AND ""maritime"" AND ""oceanic"" AND ""hydronization"" AND ""theory"" AND ""terms"" AND ""taxonomy"" AND ""mapping"")'; requested_count=50; applied_count=25"
Q_NON_LIVING_RES_VAL_001,non_living_res,validation_eqf_translation,seabed extraction EQF qualification framework micro-credential learning outcomes,crossref,crossref,completed,50,41,41,50,41,8,1,2019,2026,published-desc,applied_post_fetch,stratified,3,50,partially_applied_registry_has_no_page_cursor,applied_post_fetch,sampling_strategy|sort_strategy|time_window,sort_strategy|time_window,,sampling_strategy,filter_not_applied:multi_page_sampling,,Crossref retry search: attempt=1 http_status=429 retry_after_seconds=None backoff_seconds=1.0 jitter_seconds=0.41 wait_seconds=1.41|Crossref retry terminal_status=success attempt=2
Q_NON_LIVING_RES_VAL_001,non_living_res,validation_eqf_translation,seabed extraction EQF qualification framework micro-credential learning outcomes,scopus,scopus,completed,0,0,0,0,0,0,0,2019,2026,date-desc,applied_post_fetch,stratified,3,50,partially_applied_registry_has_no_page_cursor,applied_post_fetch,sampling_strategy|sort_strategy|time_window,sort_strategy|time_window,,sampling_strategy,filter_not_applied:multi_page_sampling,,"Scopus diagnostics: projected_query='TITLE-ABS-KEY(""seabed"" AND ""extraction"" AND ""EQF"" AND ""qualification"" AND ""framework"" AND ""micro"" AND ""credential"" AND ""learning"" AND ""outcomes"")'; requested_count=50; applied_count=25"
Q_PORT_ACTIVITIES_COMP_001,port_activities,competence_demand,port worker workforce skills competences training professional development,crossref,crossref,completed,50,33,32,50,33,12,5,2019,2026,published-desc,applied_post_fetch,stratified,3,50,partially_applied_registry_has_no_page_cursor,applied_post_fetch,sampling_strategy|sort_strategy|time_window,sort_strategy|time_window,,sampling_strategy,filter_not_applied:multi_page_sampling,,
Q_PORT_ACTIVITIES_COMP_001,port_activities,competence_demand,port worker workforce skills competences training professional development,scopus,scopus,completed,0,0,0,0,0,0,0,2019,2026,date-desc,applied_post_fetch,stratified,3,50,partially_applied_registry_has_no_page_cursor,applied_post_fetch,sampling_strategy|sort_strategy|time_window,sort_strategy|time_window,,sampling_strategy,filter_not_applied:multi_page_sampling,,"Scopus diagnostics: projected_query='TITLE-ABS-KEY(""port"" AND ""worker"" AND ""workforce"" AND ""skills"" AND ""competences"" AND ""training"" AND ""professional"" AND ""development"")'; requested_count=50; applied_count=25"
Q_PORT_ACTIVITIES_COMP_002,port_activities,competence_demand,port operations education learning outcomes curriculum qualification,crossref,crossref,completed,50,22,22,50,22,22,6,2019,2026,published-desc,applied_post_fetch,stratified,3,50,partially_applied_registry_has_no_page_cursor,applied_post_fetch,sampling_strategy|sort_strategy|time_window,sort_strategy|time_window,,sampling_strategy,filter_not_applied:multi_page_sampling,,
Q_PORT_ACTIVITIES_COMP_002,port_activities,competence_demand,port operations education learning outcomes curriculum qualification,scopus,scopus,completed,0,0,0,0,0,0,0,2019,2026,date-desc,applied_post_fetch,stratified,3,50,partially_applied_registry_has_no_page_cursor,applied_post_fetch,sampling_strategy|sort_strategy|time_window,sort_strategy|time_window,,sampling_strategy,filter_not_applied:multi_page_sampling,,"Scopus diagnostics: projected_query='TITLE-ABS-KEY(""port"" AND ""operations"" AND ""education"" AND ""learning"" AND ""outcomes"" AND ""curriculum"" AND ""qualification"")'; requested_count=50; applied_count=25"
Q_PORT_ACTIVITIES_CORE_001,port_activities,core_sector,port governance maritime logistics sustainability,crossref,crossref,completed,50,28,28,50,28,22,0,2019,2026,published-desc,applied_post_fetch,stratified,3,50,partially_applied_registry_has_no_page_cursor,applied_post_fetch,sampling_strategy|sort_strategy|time_window,sort_strategy|time_window,,sampling_strategy,filter_not_applied:multi_page_sampling,,
Q_PORT_ACTIVITIES_CORE_001,port_activities,core_sector,port governance maritime logistics sustainability,scopus,scopus,completed,25,25,25,25,25,0,0,2019,2026,date-desc,applied_post_fetch,stratified,3,50,partially_applied_registry_has_no_page_cursor,applied_post_fetch,sampling_strategy|sort_strategy|time_window,sort_strategy|time_window,,sampling_strategy,filter_not_applied:multi_page_sampling,,"Scopus diagnostics: projected_query='TITLE-ABS-KEY(""port"" AND ""governance"" AND ""maritime"" AND ""logistics"" AND ""sustainability"")'; requested_count=50; applied_count=25"
Q_PORT_ACTIVITIES_CORE_002,port_activities,core_sector,smart ports digital transformation port operations,crossref,crossref,completed,50,34,32,50,34,16,0,2019,2026,published-desc,applied_post_fetch,stratified,3,50,partially_applied_registry_has_no_page_cursor,applied_post_fetch,sampling_strategy|sort_strategy|time_window,sort_strategy|time_window,,sampling_strategy,filter_not_applied:multi_page_sampling,,Crossref retry search: attempt=1 http_status=429 retry_after_seconds=None backoff_seconds=1.0 jitter_seconds=0.075 wait_seconds=1.075|Crossref retry terminal_status=success attempt=2
Q_PORT_ACTIVITIES_CORE_002,port_activities,core_sector,smart ports digital transformation port operations,scopus,scopus,completed,25,24,24,25,24,1,0,2019,2026,date-desc,applied_post_fetch,stratified,3,50,partially_applied_registry_has_no_page_cursor,applied_post_fetch,sampling_strategy|sort_strategy|time_window,sort_strategy|time_window,,sampling_strategy,filter_not_applied:multi_page_sampling,,"Scopus diagnostics: projected_query='TITLE-ABS-KEY(""smart"" AND ""ports"" AND ""digital"" AND ""transformation"" AND ""port"" AND ""operations"")'; requested_count=50; applied_count=25"
Q_PORT_ACTIVITIES_CORE_003,port_activities,core_sector,port climate adaptation sea level rise flood risk,crossref,crossref,completed,50,27,26,50,27,15,8,2019,2026,published-desc,applied_post_fetch,stratified,3,50,partially_applied_registry_has_no_page_cursor,applied_post_fetch,sampling_strategy|sort_strategy|time_window,sort_strategy|time_window,,sampling_strategy,filter_not_applied:multi_page_sampling,,Crossref retry search: attempt=1 http_status=429 retry_after_seconds=None backoff_seconds=1.0 jitter_seconds=0.465 wait_seconds=1.465|Crossref retry terminal_status=success attempt=2
Q_PORT_ACTIVITIES_CORE_003,port_activities,core_sector,port climate adaptation sea level rise flood risk,scopus,scopus,completed,24,13,13,24,13,11,0,2019,2026,date-desc,applied_post_fetch,stratified,3,50,partially_applied_registry_has_no_page_cursor,applied_post_fetch,sampling_strategy|sort_strategy|time_window,sort_strategy|time_window,,sampling_strategy,filter_not_applied:multi_page_sampling,,"Scopus diagnostics: projected_query='TITLE-ABS-KEY(""port"" AND ""climate"" AND ""adaptation"" AND ""sea"" AND ""level"" AND ""rise"" AND ""flood"" AND ""risk"")'; requested_count=50; applied_count=25"
Q_PORT_ACTIVITIES_EMRG_001,port_activities,emerging_demand,smart port AI digital twin autonomous systems resilience,crossref,crossref,completed,50,47,45,50,47,0,3,2019,2026,published-desc,applied_post_fetch,stratified,3,50,partially_applied_registry_has_no_page_cursor,applied_post_fetch,sampling_strategy|sort_strategy|time_window,sort_strategy|time_window,,sampling_strategy,filter_not_applied:multi_page_sampling,,Crossref retry search: attempt=1 http_status=429 retry_after_seconds=None backoff_seconds=1.0 jitter_seconds=0.008 wait_seconds=1.008|Crossref retry terminal_status=success attempt=2
Q_PORT_ACTIVITIES_EMRG_001,port_activities,emerging_demand,smart port AI digital twin autonomous systems resilience,scopus,scopus,completed,0,0,0,0,0,0,0,2019,2026,date-desc,applied_post_fetch,stratified,3,50,partially_applied_registry_has_no_page_cursor,applied_post_fetch,sampling_strategy|sort_strategy|time_window,sort_strategy|time_window,,sampling_strategy,filter_not_applied:multi_page_sampling,,"Scopus diagnostics: projected_query='TITLE-ABS-KEY(""smart"" AND ""port"" AND ""AI"" AND ""digital"" AND ""twin"" AND ""autonomous"" AND ""systems"" AND ""resilience"")'; requested_count=50; applied_count=25"
Q_PORT_ACTIVITIES_EMRG_002,port_activities,emerging_demand,port-city climate adaptation just transition ocean literacy marine governance hydrosocial,crossref,crossref,completed,50,34,33,50,34,14,2,2019,2026,published-desc,applied_post_fetch,stratified,3,50,partially_applied_registry_has_no_page_cursor,applied_post_fetch,sampling_strategy|sort_strategy|time_window,sort_strategy|time_window,,sampling_strategy,filter_not_applied:multi_page_sampling,,Crossref retry search: attempt=1 http_status=429 retry_after_seconds=None backoff_seconds=1.0 jitter_seconds=0.479 wait_seconds=1.479|Crossref retry terminal_status=success attempt=2
Q_PORT_ACTIVITIES_EMRG_002,port_activities,emerging_demand,port-city climate adaptation just transition ocean literacy marine governance hydrosocial,scopus,scopus,completed,0,0,0,0,0,0,0,2019,2026,date-desc,applied_post_fetch,stratified,3,50,partially_applied_registry_has_no_page_cursor,applied_post_fetch,sampling_strategy|sort_strategy|time_window,sort_strategy|time_window,,sampling_strategy,filter_not_applied:multi_page_sampling,,"Scopus diagnostics: projected_query='TITLE-ABS-KEY(""port-city"" AND ""climate"" AND ""adaptation"" AND ""just"" AND ""transition"" AND ""ocean"" AND ""literacy"" AND ""marine"" AND ""governance"" AND ""hydrosocial"")'; requested_count=50; applied_count=25"
Q_PORT_ACTIVITIES_HYP_001,port_activities,hypothesis_verification,port activities maritimisation marinization oceanisation hydrosocial de-base-re hypothesis verification indicators,crossref,crossref,completed,50,30,25,50,30,11,9,2019,2026,published-desc,applied_post_fetch,stratified,3,50,partially_applied_registry_has_no_page_cursor,applied_post_fetch,sampling_strategy|sort_strategy|time_window,sort_strategy|time_window,,sampling_strategy,filter_not_applied:multi_page_sampling,,Crossref retry search: attempt=1 http_status=429 retry_after_seconds=None backoff_seconds=1.0 jitter_seconds=0.406 wait_seconds=1.406|Crossref retry terminal_status=success attempt=2
Q_PORT_ACTIVITIES_HYP_001,port_activities,hypothesis_verification,port activities maritimisation marinization oceanisation hydrosocial de-base-re hypothesis verification indicators,scopus,scopus,completed,0,0,0,0,0,0,0,2019,2026,date-desc,applied_post_fetch,stratified,3,50,partially_applied_registry_has_no_page_cursor,applied_post_fetch,sampling_strategy|sort_strategy|time_window,sort_strategy|time_window,,sampling_strategy,filter_not_applied:multi_page_sampling,,"Scopus diagnostics: projected_query='TITLE-ABS-KEY(""port"" AND ""activities"" AND ""maritimisation"" AND ""marinization"" AND ""oceanisation"" AND ""hydrosocial"" AND ""de-base-re"" AND ""hypothesis"" AND ""verification"" AND ""indicators"")'; requested_count=50; applied_count=25"
Q_PORT_ACTIVITIES_THY_001,port_activities,theory_translation,port activities qmbd axis translation marine maritime oceanic hydronization theory terms taxonomy mapping,crossref,crossref,completed,50,22,21,50,22,20,8,2019,2026,published-desc,applied_post_fetch,stratified,3,50,partially_applied_registry_has_no_page_cursor,applied_post_fetch,sampling_strategy|sort_strategy|time_window,sort_strategy|time_window,,sampling_strategy,filter_not_applied:multi_page_sampling,,
Q_PORT_ACTIVITIES_THY_001,port_activities,theory_translation,port activities qmbd axis translation marine maritime oceanic hydronization theory terms taxonomy mapping,scopus,scopus,completed,0,0,0,0,0,0,0,2019,2026,date-desc,applied_post_fetch,stratified,3,50,partially_applied_registry_has_no_page_cursor,applied_post_fetch,sampling_strategy|sort_strategy|time_window,sort_strategy|time_window,,sampling_strategy,filter_not_applied:multi_page_sampling,,"Scopus diagnostics: projected_query='TITLE-ABS-KEY(""port"" AND ""activities"" AND ""qmbd"" AND ""axis"" AND ""translation"" AND ""marine"" AND ""maritime"" AND ""oceanic"" AND ""hydronization"" AND ""theory"" AND ""terms"" AND ""taxonomy"" AND ""mapping"")'; requested_count=50; applied_count=25"
Q_PORT_ACTIVITIES_VAL_001,port_activities,validation_eqf_translation,port operations EQF qualification framework micro-credential learning outcomes,crossref,crossref,completed,50,41,41,50,41,7,2,2019,2026,published-desc,applied_post_fetch,stratified,3,50,partially_applied_registry_has_no_page_cursor,applied_post_fetch,sampling_strategy|sort_strategy|time_window,sort_strategy|time_window,,sampling_strategy,filter_not_applied:multi_page_sampling,,
Q_PORT_ACTIVITIES_VAL_001,port_activities,validation_eqf_translation,port operations EQF qualification framework micro-credential learning outcomes,scopus,scopus,completed,0,0,0,0,0,0,0,2019,2026,date-desc,applied_post_fetch,stratified,3,50,partially_applied_registry_has_no_page_cursor,applied_post_fetch,sampling_strategy|sort_strategy|time_window,sort_strategy|time_window,,sampling_strategy,filter_not_applied:multi_page_sampling,,"Scopus diagnostics: projected_query='TITLE-ABS-KEY(""port"" AND ""operations"" AND ""EQF"" AND ""qualification"" AND ""framework"" AND ""micro"" AND ""credential"" AND ""learning"" AND ""outcomes"")'; requested_count=50; applied_count=25"
Q_RENEWABLE_ENERGY_COMP_001,renewable_energy,competence_demand,offshore wind workforce skills competences training professional development,crossref,crossref,completed,50,35,34,50,35,11,4,2019,2026,published-desc,applied_post_fetch,stratified,3,50,partially_applied_registry_has_no_page_cursor,applied_post_fetch,sampling_strategy|sort_strategy|time_window,sort_strategy|time_window,,sampling_strategy,filter_not_applied:multi_page_sampling,,
Q_RENEWABLE_ENERGY_COMP_001,renewable_energy,competence_demand,offshore wind workforce skills competences training professional development,scopus,scopus,completed,0,0,0,0,0,0,0,2019,2026,date-desc,applied_post_fetch,stratified,3,50,partially_applied_registry_has_no_page_cursor,applied_post_fetch,sampling_strategy|sort_strategy|time_window,sort_strategy|time_window,,sampling_strategy,filter_not_applied:multi_page_sampling,,"Scopus diagnostics: projected_query='TITLE-ABS-KEY(""offshore"" AND ""wind"" AND ""workforce"" AND ""skills"" AND ""competences"" AND ""training"" AND ""professional"" AND ""development"")'; requested_count=50; applied_count=25"
Q_RENEWABLE_ENERGY_COMP_002,renewable_energy,competence_demand,ocean renewable energy education learning outcomes curriculum qualification,crossref,crossref,completed,50,11,11,50,11,36,3,2019,2026,published-desc,applied_post_fetch,stratified,3,50,partially_applied_registry_has_no_page_cursor,applied_post_fetch,sampling_strategy|sort_strategy|time_window,sort_strategy|time_window,,sampling_strategy,filter_not_applied:multi_page_sampling,,Crossref retry search: attempt=1 http_status=429 retry_after_seconds=None backoff_seconds=1.0 jitter_seconds=0.29 wait_seconds=1.29|Crossref retry terminal_status=success attempt=2
Q_RENEWABLE_ENERGY_COMP_002,renewable_energy,competence_demand,ocean renewable energy education learning outcomes curriculum qualification,scopus,scopus,completed,0,0,0,0,0,0,0,2019,2026,date-desc,applied_post_fetch,stratified,3,50,partially_applied_registry_has_no_page_cursor,applied_post_fetch,sampling_strategy|sort_strategy|time_window,sort_strategy|time_window,,sampling_strategy,filter_not_applied:multi_page_sampling,,"Scopus diagnostics: projected_query='TITLE-ABS-KEY(""ocean"" AND ""renewable"" AND ""energy"" AND ""education"" AND ""learning"" AND ""outcomes"" AND ""curriculum"" AND ""qualification"")'; requested_count=50; applied_count=25"
Q_RENEWABLE_ENERGY_CORE_001,renewable_energy,core_sector,offshore wind energy marine spatial planning governance,crossref,crossref,completed,50,21,18,50,21,25,4,2019,2026,published-desc,applied_post_fetch,stratified,3,50,partially_applied_registry_has_no_page_cursor,applied_post_fetch,sampling_strategy|sort_strategy|time_window,sort_strategy|time_window,,sampling_strategy,filter_not_applied:multi_page_sampling,,
Q_RENEWABLE_ENERGY_CORE_001,renewable_energy,core_sector,offshore wind energy marine spatial planning governance,scopus,scopus,completed,25,25,24,25,25,0,0,2019,2026,date-desc,applied_post_fetch,stratified,3,50,partially_applied_registry_has_no_page_cursor,applied_post_fetch,sampling_strategy|sort_strategy|time_window,sort_strategy|time_window,,sampling_strategy,filter_not_applied:multi_page_sampling,,"Scopus diagnostics: projected_query='TITLE-ABS-KEY(""offshore"" AND ""wind"" AND ""energy"" AND ""marine"" AND ""spatial"" AND ""planning"" AND ""governance"")'; requested_count=50; applied_count=25"
Q_RENEWABLE_ENERGY_CORE_002,renewable_energy,core_sector,ocean renewable energy governance sustainability,crossref,crossref,completed,50,27,27,50,27,21,2,2019,2026,published-desc,applied_post_fetch,stratified,3,50,partially_applied_registry_has_no_page_cursor,applied_post_fetch,sampling_strategy|sort_strategy|time_window,sort_strategy|time_window,,sampling_strategy,filter_not_applied:multi_page_sampling,,
Q_RENEWABLE_ENERGY_CORE_002,renewable_energy,core_sector,ocean renewable energy governance sustainability,scopus,scopus,completed,25,23,22,25,23,2,0,2019,2026,date-desc,applied_post_fetch,stratified,3,50,partially_applied_registry_has_no_page_cursor,applied_post_fetch,sampling_strategy|sort_strategy|time_window,sort_strategy|time_window,,sampling_strategy,filter_not_applied:multi_page_sampling,,"Scopus diagnostics: projected_query='TITLE-ABS-KEY(""ocean"" AND ""renewable"" AND ""energy"" AND ""governance"" AND ""sustainability"")'; requested_count=50; applied_count=25"
Q_RENEWABLE_ENERGY_CORE_003,renewable_energy,core_sector,tidal energy wave energy environmental impact,crossref,crossref,completed,50,14,14,50,14,8,28,2019,2026,published-desc,applied_post_fetch,stratified,3,50,partially_applied_registry_has_no_page_cursor,applied_post_fetch,sampling_strategy|sort_strategy|time_window,sort_strategy|time_window,,sampling_strategy,filter_not_applied:multi_page_sampling,,
Q_RENEWABLE_ENERGY_CORE_003,renewable_energy,core_sector,tidal energy wave energy environmental impact,scopus,scopus,completed,25,25,25,25,25,0,0,2019,2026,date-desc,applied_post_fetch,stratified,3,50,partially_applied_registry_has_no_page_cursor,applied_post_fetch,sampling_strategy|sort_strategy|time_window,sort_strategy|time_window,,sampling_strategy,filter_not_applied:multi_page_sampling,,"Scopus diagnostics: projected_query='TITLE-ABS-KEY(""tidal"" AND ""energy"" AND ""wave"" AND ""energy"" AND ""environmental"" AND ""impact"")'; requested_count=50; applied_count=25"
Q_RENEWABLE_ENERGY_EMRG_001,renewable_energy,emerging_demand,offshore wind AI digital twin autonomous systems resilience,crossref,crossref,completed,50,47,45,50,47,0,3,2019,2026,published-desc,applied_post_fetch,stratified,3,50,partially_applied_registry_has_no_page_cursor,applied_post_fetch,sampling_strategy|sort_strategy|time_window,sort_strategy|time_window,,sampling_strategy,filter_not_applied:multi_page_sampling,,
Q_RENEWABLE_ENERGY_EMRG_001,renewable_energy,emerging_demand,offshore wind AI digital twin autonomous systems resilience,scopus,scopus,completed,0,0,0,0,0,0,0,2019,2026,date-desc,applied_post_fetch,stratified,3,50,partially_applied_registry_has_no_page_cursor,applied_post_fetch,sampling_strategy|sort_strategy|time_window,sort_strategy|time_window,,sampling_strategy,filter_not_applied:multi_page_sampling,,"Scopus diagnostics: projected_query='TITLE-ABS-KEY(""offshore"" AND ""wind"" AND ""AI"" AND ""digital"" AND ""twin"" AND ""autonomous"" AND ""systems"" AND ""resilience"")'; requested_count=50; applied_count=25"
Q_RENEWABLE_ENERGY_EMRG_002,renewable_energy,emerging_demand,offshore wind just transition climate adaptation marine governance safety,crossref,crossref,completed,50,33,29,50,33,10,7,2019,2026,published-desc,applied_post_fetch,stratified,3,50,partially_applied_registry_has_no_page_cursor,applied_post_fetch,sampling_strategy|sort_strategy|time_window,sort_strategy|time_window,,sampling_strategy,filter_not_applied:multi_page_sampling,,
Q_RENEWABLE_ENERGY_EMRG_002,renewable_energy,emerging_demand,offshore wind just transition climate adaptation marine governance safety,scopus,scopus,completed,0,0,0,0,0,0,0,2019,2026,date-desc,applied_post_fetch,stratified,3,50,partially_applied_registry_has_no_page_cursor,applied_post_fetch,sampling_strategy|sort_strategy|time_window,sort_strategy|time_window,,sampling_strategy,filter_not_applied:multi_page_sampling,,"Scopus diagnostics: projected_query='TITLE-ABS-KEY(""offshore"" AND ""wind"" AND ""just"" AND ""transition"" AND ""climate"" AND ""adaptation"" AND ""marine"" AND ""governance"" AND ""safety"")'; requested_count=50; applied_count=25"
Q_RENEWABLE_ENERGY_HYP_001,renewable_energy,hypothesis_verification,renewable energy maritimisation marinization oceanisation hydrosocial de-base-re hypothesis verification indicators,crossref,crossref,completed,50,19,19,50,19,24,7,2019,2026,published-desc,applied_post_fetch,stratified,3,50,partially_applied_registry_has_no_page_cursor,applied_post_fetch,sampling_strategy|sort_strategy|time_window,sort_strategy|time_window,,sampling_strategy,filter_not_applied:multi_page_sampling,,
Q_RENEWABLE_ENERGY_HYP_001,renewable_energy,hypothesis_verification,renewable energy maritimisation marinization oceanisation hydrosocial de-base-re hypothesis verification indicators,scopus,scopus,completed,0,0,0,0,0,0,0,2019,2026,date-desc,applied_post_fetch,stratified,3,50,partially_applied_registry_has_no_page_cursor,applied_post_fetch,sampling_strategy|sort_strategy|time_window,sort_strategy|time_window,,sampling_strategy,filter_not_applied:multi_page_sampling,,"Scopus diagnostics: projected_query='TITLE-ABS-KEY(""renewable"" AND ""energy"" AND ""maritimisation"" AND ""marinization"" AND ""oceanisation"" AND ""hydrosocial"" AND ""de-base-re"" AND ""hypothesis"" AND ""verification"" AND ""indicators"")'; requested_count=50; applied_count=25"
Q_RENEWABLE_ENERGY_THY_001,renewable_energy,theory_translation,renewable energy qmbd axis translation marine maritime oceanic hydronization theory terms taxonomy mapping,crossref,crossref,completed,50,21,21,50,21,26,3,2019,2026,published-desc,applied_post_fetch,stratified,3,50,partially_applied_registry_has_no_page_cursor,applied_post_fetch,sampling_strategy|sort_strategy|time_window,sort_strategy|time_window,,sampling_strategy,filter_not_applied:multi_page_sampling,,Crossref retry search: attempt=1 http_status=429 retry_after_seconds=None backoff_seconds=1.0 jitter_seconds=0.381 wait_seconds=1.381|Crossref retry terminal_status=success attempt=2
Q_RENEWABLE_ENERGY_THY_001,renewable_energy,theory_translation,renewable energy qmbd axis translation marine maritime oceanic hydronization theory terms taxonomy mapping,scopus,scopus,completed,0,0,0,0,0,0,0,2019,2026,date-desc,applied_post_fetch,stratified,3,50,partially_applied_registry_has_no_page_cursor,applied_post_fetch,sampling_strategy|sort_strategy|time_window,sort_strategy|time_window,,sampling_strategy,filter_not_applied:multi_page_sampling,,"Scopus diagnostics: projected_query='TITLE-ABS-KEY(""renewable"" AND ""energy"" AND ""qmbd"" AND ""axis"" AND ""translation"" AND ""marine"" AND ""maritime"" AND ""oceanic"" AND ""hydronization"" AND ""theory"" AND ""terms"" AND ""taxonomy"" AND ""mapping"")'; requested_count=50; applied_count=25"
Q_RENEWABLE_ENERGY_VAL_001,renewable_energy,validation_eqf_translation,offshore renewable energy EQF qualification framework micro-credential learning outcomes,crossref,crossref,completed,50,31,30,50,31,15,4,2019,2026,published-desc,applied_post_fetch,stratified,3,50,partially_applied_registry_has_no_page_cursor,applied_post_fetch,sampling_strategy|sort_strategy|time_window,sort_strategy|time_window,,sampling_strategy,filter_not_applied:multi_page_sampling,,
Q_RENEWABLE_ENERGY_VAL_001,renewable_energy,validation_eqf_translation,offshore renewable energy EQF qualification framework micro-credential learning outcomes,scopus,scopus,completed,0,0,0,0,0,0,0,2019,2026,date-desc,applied_post_fetch,stratified,3,50,partially_applied_registry_has_no_page_cursor,applied_post_fetch,sampling_strategy|sort_strategy|time_window,sort_strategy|time_window,,sampling_strategy,filter_not_applied:multi_page_sampling,,"Scopus diagnostics: projected_query='TITLE-ABS-KEY(""offshore"" AND ""renewable"" AND ""energy"" AND ""EQF"" AND ""qualification"" AND ""framework"" AND ""micro"" AND ""credential"" AND ""learning"" AND ""outcomes"")'; requested_count=50; applied_count=25"
Q_R_I_COMP_001,r_i,competence_demand,blue economy researcher workforce skills competences training professional development,crossref,crossref,completed,50,34,33,50,34,14,2,2019,2026,published-desc,applied_post_fetch,stratified,3,50,partially_applied_registry_has_no_page_cursor,applied_post_fetch,sampling_strategy|sort_strategy|time_window,sort_strategy|time_window,,sampling_strategy,filter_not_applied:multi_page_sampling,,
Q_R_I_COMP_001,r_i,competence_demand,blue economy researcher workforce skills competences training professional development,scopus,scopus,completed,0,0,0,0,0,0,0,2019,2026,date-desc,applied_post_fetch,stratified,3,50,partially_applied_registry_has_no_page_cursor,applied_post_fetch,sampling_strategy|sort_strategy|time_window,sort_strategy|time_window,,sampling_strategy,filter_not_applied:multi_page_sampling,,"Scopus diagnostics: projected_query='TITLE-ABS-KEY(""blue"" AND ""economy"" AND ""researcher"" AND ""workforce"" AND ""skills"" AND ""competences"" AND ""training"" AND ""professional"" AND ""development"")'; requested_count=50; applied_count=25"
Q_R_I_COMP_002,r_i,competence_demand,ocean science education learning outcomes curriculum qualification,crossref,crossref,completed,50,26,26,50,26,21,3,2019,2026,published-desc,applied_post_fetch,stratified,3,50,partially_applied_registry_has_no_page_cursor,applied_post_fetch,sampling_strategy|sort_strategy|time_window,sort_strategy|time_window,,sampling_strategy,filter_not_applied:multi_page_sampling,,
Q_R_I_COMP_002,r_i,competence_demand,ocean science education learning outcomes curriculum qualification,scopus,scopus,completed,0,0,0,0,0,0,0,2019,2026,date-desc,applied_post_fetch,stratified,3,50,partially_applied_registry_has_no_page_cursor,applied_post_fetch,sampling_strategy|sort_strategy|time_window,sort_strategy|time_window,,sampling_strategy,filter_not_applied:multi_page_sampling,,"Scopus diagnostics: projected_query='TITLE-ABS-KEY(""ocean"" AND ""science"" AND ""education"" AND ""learning"" AND ""outcomes"" AND ""curriculum"" AND ""qualification"")'; requested_count=50; applied_count=25"
Q_R_I_CORE_001,r_i,core_sector,ocean observation marine monitoring data infrastructure,crossref,crossref,completed,50,26,26,50,26,16,8,2019,2026,published-desc,applied_post_fetch,stratified,3,50,partially_applied_registry_has_no_page_cursor,applied_post_fetch,sampling_strategy|sort_strategy|time_window,sort_strategy|time_window,,sampling_strategy,filter_not_applied:multi_page_sampling,,Crossref retry search: attempt=1 http_status=429 retry_after_seconds=None backoff_seconds=1.0 jitter_seconds=0.028 wait_seconds=1.028|Crossref retry terminal_status=success attempt=2
Q_R_I_CORE_001,r_i,core_sector,ocean observation marine monitoring data infrastructure,scopus,scopus,completed,25,25,25,25,25,0,0,2019,2026,date-desc,applied_post_fetch,stratified,3,50,partially_applied_registry_has_no_page_cursor,applied_post_fetch,sampling_strategy|sort_strategy|time_window,sort_strategy|time_window,,sampling_strategy,filter_not_applied:multi_page_sampling,,"Scopus diagnostics: projected_query='TITLE-ABS-KEY(""ocean"" AND ""observation"" AND ""marine"" AND ""monitoring"" AND ""data"" AND ""infrastructure"")'; requested_count=50; applied_count=25"
Q_R_I_CORE_002,r_i,core_sector,ocean data governance FAIR CARE principles,crossref,crossref,completed,50,33,32,50,33,13,4,2019,2026,published-desc,applied_post_fetch,stratified,3,50,partially_applied_registry_has_no_page_cursor,applied_post_fetch,sampling_strategy|sort_strategy|time_window,sort_strategy|time_window,,sampling_strategy,filter_not_applied:multi_page_sampling,,Crossref retry search: attempt=1 http_status=429 retry_after_seconds=None backoff_seconds=1.0 jitter_seconds=0.5 wait_seconds=1.5|Crossref retry terminal_status=success attempt=2
Q_R_I_CORE_002,r_i,core_sector,ocean data governance FAIR CARE principles,scopus,scopus,completed,1,1,1,1,1,0,0,2019,2026,date-desc,applied_post_fetch,stratified,3,50,partially_applied_registry_has_no_page_cursor,applied_post_fetch,sampling_strategy|sort_strategy|time_window,sort_strategy|time_window,,sampling_strategy,filter_not_applied:multi_page_sampling,,"Scopus diagnostics: projected_query='TITLE-ABS-KEY(""ocean"" AND ""data"" AND ""governance"" AND ""FAIR"" AND ""CARE"" AND ""principles"")'; requested_count=50; applied_count=25"
Q_R_I_CORE_003,r_i,core_sector,blue economy research innovation policy governance,crossref,crossref,completed,50,35,33,50,35,11,4,2019,2026,published-desc,applied_post_fetch,stratified,3,50,partially_applied_registry_has_no_page_cursor,applied_post_fetch,sampling_strategy|sort_strategy|time_window,sort_strategy|time_window,,sampling_strategy,filter_not_applied:multi_page_sampling,,
Q_R_I_CORE_003,r_i,core_sector,blue economy research innovation policy governance,scopus,scopus,completed,25,25,25,25,25,0,0,2019,2026,date-desc,applied_post_fetch,stratified,3,50,partially_applied_registry_has_no_page_cursor,applied_post_fetch,sampling_strategy|sort_strategy|time_window,sort_strategy|time_window,,sampling_strategy,filter_not_applied:multi_page_sampling,,"Scopus diagnostics: projected_query='TITLE-ABS-KEY(""blue"" AND ""economy"" AND ""research"" AND ""innovation"" AND ""policy"" AND ""governance"")'; requested_count=50; applied_count=25"
Q_R_I_EMRG_001,r_i,emerging_demand,ocean observation AI digital twin autonomous systems resilience climate adaptation,crossref,crossref,completed,50,42,41,50,42,3,5,2019,2026,published-desc,applied_post_fetch,stratified,3,50,partially_applied_registry_has_no_page_cursor,applied_post_fetch,sampling_strategy|sort_strategy|time_window,sort_strategy|time_window,,sampling_strategy,filter_not_applied:multi_page_sampling,,Crossref retry search: attempt=1 http_status=429 retry_after_seconds=None backoff_seconds=1.0 jitter_seconds=0.409 wait_seconds=1.409|Crossref retry terminal_status=success attempt=2
Q_R_I_EMRG_001,r_i,emerging_demand,ocean observation AI digital twin autonomous systems resilience climate adaptation,scopus,scopus,completed,0,0,0,0,0,0,0,2019,2026,date-desc,applied_post_fetch,stratified,3,50,partially_applied_registry_has_no_page_cursor,applied_post_fetch,sampling_strategy|sort_strategy|time_window,sort_strategy|time_window,,sampling_strategy,filter_not_applied:multi_page_sampling,,"Scopus diagnostics: projected_query='TITLE-ABS-KEY(""ocean"" AND ""observation"" AND ""AI"" AND ""digital"" AND ""twin"" AND ""autonomous"" AND ""systems"" AND ""resilience"" AND ""climate"" AND ""adaptation"")'; requested_count=50; applied_count=25"
Q_R_I_EMRG_002,r_i,emerging_demand,blue economy research just transition ocean literacy marine governance hydrosocial,crossref,crossref,completed,50,44,41,50,44,6,0,2019,2026,published-desc,applied_post_fetch,stratified,3,50,partially_applied_registry_has_no_page_cursor,applied_post_fetch,sampling_strategy|sort_strategy|time_window,sort_strategy|time_window,,sampling_strategy,filter_not_applied:multi_page_sampling,,Crossref retry search: attempt=1 http_status=429 retry_after_seconds=None backoff_seconds=1.0 jitter_seconds=0.237 wait_seconds=1.237|Crossref retry terminal_status=success attempt=2
Q_R_I_EMRG_002,r_i,emerging_demand,blue economy research just transition ocean literacy marine governance hydrosocial,scopus,scopus,completed,0,0,0,0,0,0,0,2019,2026,date-desc,applied_post_fetch,stratified,3,50,partially_applied_registry_has_no_page_cursor,applied_post_fetch,sampling_strategy|sort_strategy|time_window,sort_strategy|time_window,,sampling_strategy,filter_not_applied:multi_page_sampling,,"Scopus diagnostics: projected_query='TITLE-ABS-KEY(""blue"" AND ""economy"" AND ""research"" AND ""just"" AND ""transition"" AND ""ocean"" AND ""literacy"" AND ""marine"" AND ""governance"" AND ""hydrosocial"")'; requested_count=50; applied_count=25"
Q_R_I_HYP_001,r_i,hypothesis_verification,r&i maritimisation marinization oceanisation hydrosocial de-base-re hypothesis verification indicators,crossref,crossref,completed,50,18,15,50,18,28,4,2019,2026,published-desc,applied_post_fetch,stratified,3,50,partially_applied_registry_has_no_page_cursor,applied_post_fetch,sampling_strategy|sort_strategy|time_window,sort_strategy|time_window,,sampling_strategy,filter_not_applied:multi_page_sampling,,
Q_R_I_HYP_001,r_i,hypothesis_verification,r&i maritimisation marinization oceanisation hydrosocial de-base-re hypothesis verification indicators,scopus,scopus,completed,0,0,0,0,0,0,0,2019,2026,date-desc,applied_post_fetch,stratified,3,50,partially_applied_registry_has_no_page_cursor,applied_post_fetch,sampling_strategy|sort_strategy|time_window,sort_strategy|time_window,,sampling_strategy,filter_not_applied:multi_page_sampling,,"Scopus diagnostics: projected_query='TITLE-ABS-KEY(""r"" AND ""i"" AND ""maritimisation"" AND ""marinization"" AND ""oceanisation"" AND ""hydrosocial"" AND ""de-base-re"" AND ""hypothesis"" AND ""verification"" AND ""indicators"")'; requested_count=50; applied_count=25"
Q_R_I_THY_001,r_i,theory_translation,r&i qmbd axis translation marine maritime oceanic hydronization theory terms taxonomy mapping,crossref,crossref,completed,50,29,29,50,29,21,0,2019,2026,published-desc,applied_post_fetch,stratified,3,50,partially_applied_registry_has_no_page_cursor,applied_post_fetch,sampling_strategy|sort_strategy|time_window,sort_strategy|time_window,,sampling_strategy,filter_not_applied:multi_page_sampling,,
Q_R_I_THY_001,r_i,theory_translation,r&i qmbd axis translation marine maritime oceanic hydronization theory terms taxonomy mapping,scopus,scopus,completed,0,0,0,0,0,0,0,2019,2026,date-desc,applied_post_fetch,stratified,3,50,partially_applied_registry_has_no_page_cursor,applied_post_fetch,sampling_strategy|sort_strategy|time_window,sort_strategy|time_window,,sampling_strategy,filter_not_applied:multi_page_sampling,,"Scopus diagnostics: projected_query='TITLE-ABS-KEY(""r"" AND ""i"" AND ""qmbd"" AND ""axis"" AND ""translation"" AND ""marine"" AND ""maritime"" AND ""oceanic"" AND ""hydronization"" AND ""theory"" AND ""terms"" AND ""taxonomy"" AND ""mapping"")'; requested_count=50; applied_count=25"
Q_R_I_VAL_001,r_i,validation_eqf_translation,ocean science EQF qualification framework micro-credential learning outcomes,crossref,crossref,completed,50,43,43,50,43,6,1,2019,2026,published-desc,applied_post_fetch,stratified,3,50,partially_applied_registry_has_no_page_cursor,applied_post_fetch,sampling_strategy|sort_strategy|time_window,sort_strategy|time_window,,sampling_strategy,filter_not_applied:multi_page_sampling,,
Q_R_I_VAL_001,r_i,validation_eqf_translation,ocean science EQF qualification framework micro-credential learning outcomes,scopus,scopus,completed,0,0,0,0,0,0,0,2019,2026,date-desc,applied_post_fetch,stratified,3,50,partially_applied_registry_has_no_page_cursor,applied_post_fetch,sampling_strategy|sort_strategy|time_window,sort_strategy|time_window,,sampling_strategy,filter_not_applied:multi_page_sampling,,"Scopus diagnostics: projected_query='TITLE-ABS-KEY(""ocean"" AND ""science"" AND ""EQF"" AND ""qualification"" AND ""framework"" AND ""micro"" AND ""credential"" AND ""learning"" AND ""outcomes"")'; requested_count=50; applied_count=25"
Q_SHIP_REPAIR_COMP_001,ship_repair,competence_demand,shipyard worker workforce skills competences training professional development,crossref,crossref,completed,50,32,31,50,32,12,6,2019,2026,published-desc,applied_post_fetch,stratified,3,50,partially_applied_registry_has_no_page_cursor,applied_post_fetch,sampling_strategy|sort_strategy|time_window,sort_strategy|time_window,,sampling_strategy,filter_not_applied:multi_page_sampling,,Crossref retry search: attempt=1 http_status=429 retry_after_seconds=None backoff_seconds=1.0 jitter_seconds=0.378 wait_seconds=1.378|Crossref retry terminal_status=success attempt=2
Q_SHIP_REPAIR_COMP_001,ship_repair,competence_demand,shipyard worker workforce skills competences training professional development,scopus,scopus,completed,0,0,0,0,0,0,0,2019,2026,date-desc,applied_post_fetch,stratified,3,50,partially_applied_registry_has_no_page_cursor,applied_post_fetch,sampling_strategy|sort_strategy|time_window,sort_strategy|time_window,,sampling_strategy,filter_not_applied:multi_page_sampling,,"Scopus diagnostics: projected_query='TITLE-ABS-KEY(""shipyard"" AND ""worker"" AND ""workforce"" AND ""skills"" AND ""competences"" AND ""training"" AND ""professional"" AND ""development"")'; requested_count=50; applied_count=25"
Q_SHIP_REPAIR_COMP_002,ship_repair,competence_demand,ship repair engineer education learning outcomes curriculum qualification,crossref,crossref,completed,50,25,25,50,25,22,3,2019,2026,published-desc,applied_post_fetch,stratified,3,50,partially_applied_registry_has_no_page_cursor,applied_post_fetch,sampling_strategy|sort_strategy|time_window,sort_strategy|time_window,,sampling_strategy,filter_not_applied:multi_page_sampling,,
Q_SHIP_REPAIR_COMP_002,ship_repair,competence_demand,ship repair engineer education learning outcomes curriculum qualification,scopus,scopus,completed,0,0,0,0,0,0,0,2019,2026,date-desc,applied_post_fetch,stratified,3,50,partially_applied_registry_has_no_page_cursor,applied_post_fetch,sampling_strategy|sort_strategy|time_window,sort_strategy|time_window,,sampling_strategy,filter_not_applied:multi_page_sampling,,"Scopus diagnostics: projected_query='TITLE-ABS-KEY(""ship"" AND ""repair"" AND ""engineer"" AND ""education"" AND ""learning"" AND ""outcomes"" AND ""curriculum"" AND ""qualification"")'; requested_count=50; applied_count=25"
Q_SHIP_REPAIR_CORE_001,ship_repair,core_sector,ship repair shipyard workforce skills training,crossref,crossref,completed,50,16,16,50,16,26,8,2019,2026,published-desc,applied_post_fetch,stratified,3,50,partially_applied_registry_has_no_page_cursor,applied_post_fetch,sampling_strategy|sort_strategy|time_window,sort_strategy|time_window,,sampling_strategy,filter_not_applied:multi_page_sampling,,
Q_SHIP_REPAIR_CORE_001,ship_repair,core_sector,ship repair shipyard workforce skills training,scopus,scopus,completed,5,2,2,5,2,3,0,2019,2026,date-desc,applied_post_fetch,stratified,3,50,partially_applied_registry_has_no_page_cursor,applied_post_fetch,sampling_strategy|sort_strategy|time_window,sort_strategy|time_window,,sampling_strategy,filter_not_applied:multi_page_sampling,,"Scopus diagnostics: projected_query='TITLE-ABS-KEY(""ship"" AND ""repair"" AND ""shipyard"" AND ""workforce"" AND ""skills"" AND ""training"")'; requested_count=50; applied_count=25"
Q_SHIP_REPAIR_CORE_002,ship_repair,core_sector,ship retrofit decarbonization maintenance governance,crossref,crossref,completed,50,40,37,50,40,6,4,2019,2026,published-desc,applied_post_fetch,stratified,3,50,partially_applied_registry_has_no_page_cursor,applied_post_fetch,sampling_strategy|sort_strategy|time_window,sort_strategy|time_window,,sampling_strategy,filter_not_applied:multi_page_sampling,,
Q_SHIP_REPAIR_CORE_002,ship_repair,core_sector,ship retrofit decarbonization maintenance governance,scopus,scopus,completed,0,0,0,0,0,0,0,2019,2026,date-desc,applied_post_fetch,stratified,3,50,partially_applied_registry_has_no_page_cursor,applied_post_fetch,sampling_strategy|sort_strategy|time_window,sort_strategy|time_window,,sampling_strategy,filter_not_applied:multi_page_sampling,,"Scopus diagnostics: projected_query='TITLE-ABS-KEY(""ship"" AND ""retrofit"" AND ""decarbonization"" AND ""maintenance"" AND ""governance"")'; requested_count=50; applied_count=25"
Q_SHIP_REPAIR_CORE_003,ship_repair,core_sector,maritime repair supply chain safety standards,crossref,crossref,completed,50,21,21,50,21,26,3,2019,2026,published-desc,applied_post_fetch,stratified,3,50,partially_applied_registry_has_no_page_cursor,applied_post_fetch,sampling_strategy|sort_strategy|time_window,sort_strategy|time_window,,sampling_strategy,filter_not_applied:multi_page_sampling,,
Q_SHIP_REPAIR_CORE_003,ship_repair,core_sector,maritime repair supply chain safety standards,scopus,scopus,completed,0,0,0,0,0,0,0,2019,2026,date-desc,applied_post_fetch,stratified,3,50,partially_applied_registry_has_no_page_cursor,applied_post_fetch,sampling_strategy|sort_strategy|time_window,sort_strategy|time_window,,sampling_strategy,filter_not_applied:multi_page_sampling,,"Scopus diagnostics: projected_query='TITLE-ABS-KEY(""maritime"" AND ""repair"" AND ""supply"" AND ""chain"" AND ""safety"" AND ""standards"")'; requested_count=50; applied_count=25"
Q_SHIP_REPAIR_EMRG_001,ship_repair,emerging_demand,ship repair AI digital twin autonomous systems resilience,crossref,crossref,completed,50,48,45,50,48,0,2,2019,2026,published-desc,applied_post_fetch,stratified,3,50,partially_applied_registry_has_no_page_cursor,applied_post_fetch,sampling_strategy|sort_strategy|time_window,sort_strategy|time_window,,sampling_strategy,filter_not_applied:multi_page_sampling,,
Q_SHIP_REPAIR_EMRG_001,ship_repair,emerging_demand,ship repair AI digital twin autonomous systems resilience,scopus,scopus,completed,0,0,0,0,0,0,0,2019,2026,date-desc,applied_post_fetch,stratified,3,50,partially_applied_registry_has_no_page_cursor,applied_post_fetch,sampling_strategy|sort_strategy|time_window,sort_strategy|time_window,,sampling_strategy,filter_not_applied:multi_page_sampling,,"Scopus diagnostics: projected_query='TITLE-ABS-KEY(""ship"" AND ""repair"" AND ""AI"" AND ""digital"" AND ""twin"" AND ""autonomous"" AND ""systems"" AND ""resilience"")'; requested_count=50; applied_count=25"
Q_SHIP_REPAIR_EMRG_002,ship_repair,emerging_demand,ship retrofit just transition climate adaptation marine governance safety,crossref,crossref,completed,50,31,29,50,31,7,12,2019,2026,published-desc,applied_post_fetch,stratified,3,50,partially_applied_registry_has_no_page_cursor,applied_post_fetch,sampling_strategy|sort_strategy|time_window,sort_strategy|time_window,,sampling_strategy,filter_not_applied:multi_page_sampling,,Crossref retry search: attempt=1 http_status=429 retry_after_seconds=None backoff_seconds=1.0 jitter_seconds=0.149 wait_seconds=1.149|Crossref retry terminal_status=success attempt=2
Q_SHIP_REPAIR_EMRG_002,ship_repair,emerging_demand,ship retrofit just transition climate adaptation marine governance safety,scopus,scopus,completed,0,0,0,0,0,0,0,2019,2026,date-desc,applied_post_fetch,stratified,3,50,partially_applied_registry_has_no_page_cursor,applied_post_fetch,sampling_strategy|sort_strategy|time_window,sort_strategy|time_window,,sampling_strategy,filter_not_applied:multi_page_sampling,,"Scopus diagnostics: projected_query='TITLE-ABS-KEY(""ship"" AND ""retrofit"" AND ""just"" AND ""transition"" AND ""climate"" AND ""adaptation"" AND ""marine"" AND ""governance"" AND ""safety"")'; requested_count=50; applied_count=25"
Q_SHIP_REPAIR_HYP_001,ship_repair,hypothesis_verification,ship repair maritimisation marinization oceanisation hydrosocial de-base-re hypothesis verification indicators,crossref,crossref,completed,50,20,17,50,20,23,7,2019,2026,published-desc,applied_post_fetch,stratified,3,50,partially_applied_registry_has_no_page_cursor,applied_post_fetch,sampling_strategy|sort_strategy|time_window,sort_strategy|time_window,,sampling_strategy,filter_not_applied:multi_page_sampling,,
Q_SHIP_REPAIR_HYP_001,ship_repair,hypothesis_verification,ship repair maritimisation marinization oceanisation hydrosocial de-base-re hypothesis verification indicators,scopus,scopus,completed,0,0,0,0,0,0,0,2019,2026,date-desc,applied_post_fetch,stratified,3,50,partially_applied_registry_has_no_page_cursor,applied_post_fetch,sampling_strategy|sort_strategy|time_window,sort_strategy|time_window,,sampling_strategy,filter_not_applied:multi_page_sampling,,"Scopus diagnostics: projected_query='TITLE-ABS-KEY(""ship"" AND ""repair"" AND ""maritimisation"" AND ""marinization"" AND ""oceanisation"" AND ""hydrosocial"" AND ""de-base-re"" AND ""hypothesis"" AND ""verification"" AND ""indicators"")'; requested_count=50; applied_count=25"
Q_SHIP_REPAIR_THY_001,ship_repair,theory_translation,ship repair qmbd axis translation marine maritime oceanic hydronization theory terms taxonomy mapping,crossref,crossref,completed,50,28,28,50,28,22,0,2019,2026,published-desc,applied_post_fetch,stratified,3,50,partially_applied_registry_has_no_page_cursor,applied_post_fetch,sampling_strategy|sort_strategy|time_window,sort_strategy|time_window,,sampling_strategy,filter_not_applied:multi_page_sampling,,
Q_SHIP_REPAIR_THY_001,ship_repair,theory_translation,ship repair qmbd axis translation marine maritime oceanic hydronization theory terms taxonomy mapping,scopus,scopus,completed,0,0,0,0,0,0,0,2019,2026,date-desc,applied_post_fetch,stratified,3,50,partially_applied_registry_has_no_page_cursor,applied_post_fetch,sampling_strategy|sort_strategy|time_window,sort_strategy|time_window,,sampling_strategy,filter_not_applied:multi_page_sampling,,"Scopus diagnostics: projected_query='TITLE-ABS-KEY(""ship"" AND ""repair"" AND ""qmbd"" AND ""axis"" AND ""translation"" AND ""marine"" AND ""maritime"" AND ""oceanic"" AND ""hydronization"" AND ""theory"" AND ""terms"" AND ""taxonomy"" AND ""mapping"")'; requested_count=50; applied_count=25"
Q_SHIP_REPAIR_VAL_001,ship_repair,validation_eqf_translation,ship repair EQF qualification framework micro-credential learning outcomes,crossref,crossref,completed,50,42,42,50,42,7,1,2019,2026,published-desc,applied_post_fetch,stratified,3,50,partially_applied_registry_has_no_page_cursor,applied_post_fetch,sampling_strategy|sort_strategy|time_window,sort_strategy|time_window,,sampling_strategy,filter_not_applied:multi_page_sampling,,
Q_SHIP_REPAIR_VAL_001,ship_repair,validation_eqf_translation,ship repair EQF qualification framework micro-credential learning outcomes,scopus,scopus,completed,0,0,0,0,0,0,0,2019,2026,date-desc,applied_post_fetch,stratified,3,50,partially_applied_registry_has_no_page_cursor,applied_post_fetch,sampling_strategy|sort_strategy|time_window,sort_strategy|time_window,,sampling_strategy,filter_not_applied:multi_page_sampling,,"Scopus diagnostics: projected_query='TITLE-ABS-KEY(""ship"" AND ""repair"" AND ""EQF"" AND ""qualification"" AND ""framework"" AND ""micro"" AND ""credential"" AND ""learning"" AND ""outcomes"")'; requested_count=50; applied_count=25"
