credential_id,credential_title,sector,axis_group,eqf_level,ects,competence_demand_ids,learning_outcomes,assessment_method,evidence_record_count,unique_doi_count,confidence_score,coverage_status,validity_warning
cred-blue-biotech-marine-eqf4-4c6f0f53a938,blue_biotech — MARINE competence pathway (EQF 4),blue_biotech,MARINE,4,2.0,cd-blue-biotech-marine-policy-or-regulation-aaa9618ee37e,"Operate and monitor Policy or regulation skill for blue_biotech contexts at EQF 4, demonstrating skills; evidence=evidence:doi:10.1007/978-3-031-24888-7_19|evidence:doi:10.1016/j.ocecoaman.2020.105207|evidence:doi:10.1163/9789004391567_013|evidence:doi:10.12429/j.advps.2025.0010|evidence:doi:10.33989/2075-146x.2022.29.264354|evidence:doi:10.33989/2075-146x.2023.31.283330|evidence:title:b49b01ea9b60489b; demand=cd-blue-biotech-marine-policy-or-regulation-aaa9618ee37e; confidence=0.45",portfolio_and_case_study,7,6,0.45,review_required,metadata_only_limitation|propagated_review_required
cred-blue-biotech-marine-eqf5-cf052436d83b,blue_biotech — MARINE competence pathway (EQF 5),blue_biotech,MARINE,5,20.0,cd-blue-biotech-marine-credential-translati-3b719e9f4cb4|cd-blue-biotech-marine-digital-or-data-skil-c3d293484832|cd-blue-biotech-marine-education-and-traini-672f045f4082|cd-blue-biotech-marine-explicit-competence--57cfa667a9ea|cd-blue-biotech-marine-learning-outcome-sig-90d1f2592583|cd-blue-biotech-marine-safety-or-risk-manag-2a97206775df|cd-blue-biotech-marine-social-science-or-li-9e42915639f3|cd-blue-biotech-marine-sustainability-resil-63d919bd1fcd|cd-blue-biotech-marine-technical-or-enginee-a5f67815e62b|cd-blue-biotech-marine-workforce-skill-sign-908f1188c6b5,"Apply and coordinate Credential translation signal for blue_biotech contexts at EQF 5, demonstrating skills and social competence; evidence=evidence:doi:10.1016/j.marpol.2024.106338|evidence:doi:10.1080/19415257.2025.2593891|evidence:doi:10.12688/openreseurope.14083.1|evidence:doi:10.1787/a41f148b-en|evidence:doi:10.20944/preprints202507.2034.v1|evidence:doi:10.21125/edulearn.2025.1050|evidence:doi:10.2139/ssrn.6182879|evidence:doi:10.4018/978-1-7998-3820-3.ch002|evidence:doi:10.4018/978-1-7998-3820-3.ch003|evidence:doi:10.4018/978-1-7998-3820-3.ch018|evidence:doi:10.4018/979-8-3693-9496-0.ch002|evidence:doi:10.46328/ijemst.5906|evidence:doi:10.5220/0011030600003182|evidence:doi:10.56059/11599/5742|evidence:doi:10.56059/jl4d.v8i2.525|evidence:doi:10.70725/881380vlsnpa; demand=cd-blue-biotech-marine-credential-translati-3b719e9f4cb4; confidence=0.45||Apply and coordinate Digital or data skill for blue_biotech contexts at EQF 5, demonstrating skills and social competence; evidence=evidence:doi:10.1002/9781394411320.ch7|evidence:doi:10.1007/978-3-031-61749-2_3|evidence:doi:10.1007/978-981-97-8483-7_1|evidence:doi:10.1016/b978-0-323-99205-3.00003-1|evidence:doi:10.1109/aectsd65988.2025.11411208|evidence:doi:10.1109/icgs3.2019.8688144|evidence:doi:10.1109/iciccs67901.2026.11503012|evidence:doi:10.1177/2055207620985396|evidence:doi:10.1201/9781003395416-12|evidence:doi:10.1201/9781003395416-16|evidence:doi:10.1201/9781003395416-4|evidence:doi:10.1201/9781003395416-6|evidence:doi:10.1201/9781003395416-8|evidence:doi:10.1201/9781003395416-9|evidence:doi:10.1201/9781003492146-18|evidence:doi:10.1201/9781003638308-34|evidence:doi:10.1201/9781003638308-4|evidence:doi:10.1201/9781003790730-21|evidence:doi:10.1201/9781003790730-74|evidence:doi:10.15405/epsbs.2019.08.03.1|evidence:doi:10.18690/um.fov.4.2024|evidence:doi:10.18690/um.fov.4.2024.21|evidence:doi:10.18690/um.fov.4.2024.22|evidence:doi:10.18690/um.fov.4.2024.39|evidence:doi:10.18690/um.fov.4.2024.50|evidence:doi:10.18690/um.fov.4.2024.51|evidence:doi:10.20869/auditf/2026/182/012|evidence:doi:10.2118/221957-ms|evidence:doi:10.2139/ssrn.5288285|evidence:doi:10.2139/ssrn.6394601|evidence:doi:10.2139/ssrn.6957419|evidence:doi:10.23977/ceed.2019.002|evidence:doi:10.26226/m.679bb1dd37809895893de5c9|evidence:doi:10.29119/1641-3466.2026.243.11|evidence:doi:10.3233/ip-230015|evidence:doi:10.3390/su16145917|evidence:doi:10.3390/su17219491|evidence:doi:10.3390/su18094485|evidence:doi:10.3390/su18147241|evidence:doi:10.4018/979-8-2600-1669-5.ch013|evidence:doi:10.4337/9781035364282.00020|evidence:doi:10.4337/9781035364282.00021|evidence:doi:10.51301/abeats.2025.v1|evidence:doi:10.58837/chula.educu.47.4.22; demand=cd-blue-biotech-marine-digital-or-data-skil-c3d293484832; confidence=0.45||Apply and coordinate Education and training signal for blue_biotech contexts at EQF 5, demonstrating skills and social competence; evidence=evidence:doi:10.1007/978-3-319-94532-3_44|evidence:doi:10.1007/978-981-97-0987-8_39|evidence:doi:10.1007/978-981-97-8966-5_9|evidence:doi:10.1016/b978-0-323-90569-5.00002-0|evidence:doi:10.1016/b978-0-323-98383-9.00004-7|evidence:doi:10.1080/03075079.2019.1637845|evidence:doi:10.1108/s2055-364120220000045005|evidence:doi:10.1109/sbmicro64348.2024.10673875|evidence:doi:10.1145/3706468.3706518|evidence:doi:10.1163/9789004513488_037|evidence:doi:10.1177/2055207620985396|evidence:doi:10.15405/epsbs.2019.08.03.1|evidence:doi:10.20319/pijtel.2021.43.6276|evidence:doi:10.20944/preprints202507.2034.v1|evidence:doi:10.21125/inted.2025.0901|evidence:doi:10.2139/ssrn.5042420|evidence:doi:10.2139/ssrn.6182879|evidence:doi:10.23977/avte.2026.080115|evidence:doi:10.23977/ceed.2019.002|evidence:doi:10.23977/curtm.2024.071001|evidence:doi:10.24193/pedacta.10.2.7|evidence:doi:10.31763/ijele.v3i1.93|evidence:doi:10.31871/wjrr.19.6.21|evidence:doi:10.32674/4r1hwc86|evidence:doi:10.3390/higheredu3040064|evidence:doi:10.33989/2075-146x.2021.28.250357|evidence:doi:10.33989/2075-146x.2022.29.264354|evidence:doi:10.33989/2075-146x.2023.31.283330|evidence:doi:10.36948/ijfmr.2024.v06i03.23885|evidence:doi:10.3940/rina.mi.2019.07|evidence:doi:10.4018/978-1-7998-3820-3.ch003|evidence:doi:10.4018/ijswis.413707|evidence:doi:10.4028/p-8z420d|evidence:doi:10.4324/9781003342960-8|evidence:doi:10.4337/9781035364282.00020|evidence:doi:10.47191/ijmra/v8-i06-55|evidence:doi:10.5220/0009413503270335|evidence:doi:10.5220/0010596507190723|evidence:doi:10.5220/0011030600003182|evidence:doi:10.5220/0013413300004654|evidence:doi:10.56404/jels.v3i2.51|evidence:doi:10.58837/chula.educu.47.4.22|evidence:doi:10.5961/jhes.2019.305; demand=cd-blue-biotech-marine-education-and-traini-672f045f4082; confidence=0.45||Apply and coordinate Explicit competence demand for blue_biotech contexts at EQF 5, demonstrating skills and social competence; evidence=evidence:doi:10.1089/genbio.2022.29047.thu|evidence:doi:10.1109/sbmicro64348.2024.10673875|evidence:doi:10.1177/2055207620985396|evidence:doi:10.18690/um.fov.4.2024.22|evidence:doi:10.23977/ceed.2019.002|evidence:doi:10.31871/wjrr.19.6.21|evidence:doi:10.33989/2075-146x.2021.28.250357|evidence:doi:10.33989/2075-146x.2022.29.264354|evidence:doi:10.33989/2075-146x.2023.31.283330; demand=cd-blue-biotech-marine-explicit-competence--57cfa667a9ea; confidence=0.45||Apply and coordinate Learning outcome signal for blue_biotech contexts at EQF 5, demonstrating skills and social competence; evidence=evidence:doi:10.1080/03075079.2019.1637845|evidence:doi:10.1108/s2055-364120220000045005|evidence:doi:10.1145/3706468.3706518|evidence:doi:10.15405/epsbs.2019.08.03.1|evidence:doi:10.2139/ssrn.5042420|evidence:doi:10.23977/curtm.2024.071001|evidence:doi:10.32674/4r1hwc86|evidence:doi:10.3390/higheredu3040064|evidence:doi:10.33989/2075-146x.2022.29.264354|evidence:doi:10.4028/p-8z420d|evidence:doi:10.47191/ijmra/v8-i06-55|evidence:doi:10.5220/0013413300004654|evidence:doi:10.56404/jels.v3i2.51|evidence:doi:10.58837/chula.educu.47.4.22|evidence:doi:10.5961/jhes.2019.305; demand=cd-blue-biotech-marine-learning-outcome-sig-90d1f2592583; confidence=0.45||Apply and coordinate Safety or risk-management skill for blue_biotech contexts at EQF 5, demonstrating skills and social competence; evidence=evidence:doi:10.3390/su18147241; demand=cd-blue-biotech-marine-safety-or-risk-manag-2a97206775df; confidence=0.45||Apply and coordinate Social-science or literacy skill for blue_biotech contexts at EQF 5, demonstrating skills and social competence; evidence=evidence:doi:10.1080/19415257.2025.2593891; demand=cd-blue-biotech-marine-social-science-or-li-9e42915639f3; confidence=0.45||Apply and coordinate Sustainability, resilience, or adaptation skill for blue_biotech contexts at EQF 5, demonstrating skills and social competence; evidence=evidence:doi:10.1002/9781394411320.ch7|evidence:doi:10.1007/978-3-031-61749-2_3|evidence:doi:10.1007/978-981-97-8483-7_1|evidence:doi:10.1016/c2019-0-01053-9|evidence:doi:10.1109/iciccs67901.2026.11503012|evidence:doi:10.1201/9781003638308-34|evidence:doi:10.1201/9781003638308-4|evidence:doi:10.1201/9781003790730-74|evidence:doi:10.18690/um.fov.4.2024|evidence:doi:10.18690/um.fov.4.2024.11|evidence:doi:10.18690/um.fov.4.2024.21|evidence:doi:10.18690/um.fov.4.2024.51|evidence:doi:10.20869/auditf/2026/182/012|evidence:doi:10.2118/221957-ms|evidence:doi:10.2139/ssrn.5288285|evidence:doi:10.2139/ssrn.6182879|evidence:doi:10.2139/ssrn.6394601|evidence:doi:10.29119/1641-3466.2026.243.11|evidence:doi:10.3233/ip-230015|evidence:doi:10.3366/edinburgh/9781474487054.003.0009|evidence:doi:10.3389/fmars.2026.1833479|evidence:doi:10.3390/su13137505|evidence:doi:10.3390/su17219491|evidence:doi:10.3390/su18094485|evidence:doi:10.3390/su18147241|evidence:doi:10.4018/979-8-2600-1669-5.ch013|evidence:doi:10.4324/9781003397120-8|evidence:doi:10.4337/9781035349043.00014|evidence:doi:10.4337/9781035364282.00018|evidence:doi:10.51301/abeats.2025.v1; demand=cd-blue-biotech-marine-sustainability-resil-63d919bd1fcd; confidence=0.45||Apply and coordinate Technical or engineering skill for blue_biotech contexts at EQF 5, demonstrating skills and social competence; evidence=evidence:doi:10.1201/9781003395416-16|evidence:doi:10.1201/9781003395416-4|evidence:doi:10.2118/221957-ms|evidence:doi:10.32935/0023-1169-2023-640-6-19-26|evidence:doi:10.32935/0023-1169-2023-640-6-45-51|evidence:doi:10.3389/fmars.2026.1833479|evidence:doi:10.46328/ijemst.5906|evidence:doi:10.5220/0009413503270335; demand=cd-blue-biotech-marine-technical-or-enginee-a5f67815e62b; confidence=0.45||Apply and coordinate Workforce skill signal for blue_biotech contexts at EQF 5, demonstrating skills and social competence; evidence=evidence:doi:10.1007/978-3-319-94532-3_44|evidence:doi:10.1007/978-981-97-5914-9_9|evidence:doi:10.1007/978-981-97-8966-5_9|evidence:doi:10.1016/b978-0-323-98383-9.00004-7|evidence:doi:10.1080/19415257.2025.2593891|evidence:doi:10.1089/genbio.2022.29047.thu|evidence:doi:10.1177/2055207620985396|evidence:doi:10.20869/auditf/2026/182/012|evidence:doi:10.21125/inted.2025.0901|evidence:doi:10.2139/ssrn.6729923|evidence:doi:10.31871/wjrr.19.6.21|evidence:doi:10.32674/4r1hwc86|evidence:doi:10.33989/2075-146x.2021.28.250357|evidence:doi:10.33989/2075-146x.2022.29.264354|evidence:doi:10.36948/ijfmr.2024.v06i03.23885|evidence:doi:10.3940/rina.mi.2019.07|evidence:doi:10.4018/978-1-7998-3820-3|evidence:doi:10.4018/978-1-7998-3820-3.ch003|evidence:doi:10.4018/978-1-7998-3820-3.ch008|evidence:doi:10.4018/ijswis.413707|evidence:doi:10.4324/9781003342960-8|evidence:doi:10.4324/9781003648000-26|evidence:doi:10.4324/9781003648000-5|evidence:doi:10.46328/ijemst.5906|evidence:doi:10.5220/0010596507190723|evidence:doi:10.70725/881380vlsnpa; demand=cd-blue-biotech-marine-workforce-skill-sign-908f1188c6b5; confidence=0.45",portfolio_and_case_study,193,111,0.45,review_required,metadata_only_limitation|propagated_review_required
cred-blue-biotech-marine-eqf6-1cff38da39f0,blue_biotech — MARINE competence pathway (EQF 6),blue_biotech,MARINE,6,20.0,cd-blue-biotech-marine-credential-translati-3b719e9f4cb4|cd-blue-biotech-marine-digital-or-data-skil-c3d293484832|cd-blue-biotech-marine-education-and-traini-672f045f4082|cd-blue-biotech-marine-explicit-competence--57cfa667a9ea|cd-blue-biotech-marine-learning-outcome-sig-90d1f2592583|cd-blue-biotech-marine-safety-or-risk-manag-2a97206775df|cd-blue-biotech-marine-social-science-or-li-9e42915639f3|cd-blue-biotech-marine-sustainability-resil-63d919bd1fcd|cd-blue-biotech-marine-technical-or-enginee-a5f67815e62b|cd-blue-biotech-marine-workforce-skill-sign-908f1188c6b5,"Analyse and design Credential translation signal for blue_biotech contexts at EQF 6, demonstrating knowledge and skills; evidence=evidence:doi:10.1016/j.marpol.2024.106338|evidence:doi:10.1080/19415257.2025.2593891|evidence:doi:10.12688/openreseurope.14083.1|evidence:doi:10.1787/a41f148b-en|evidence:doi:10.20944/preprints202507.2034.v1|evidence:doi:10.21125/edulearn.2025.1050|evidence:doi:10.2139/ssrn.6182879|evidence:doi:10.4018/978-1-7998-3820-3.ch002|evidence:doi:10.4018/978-1-7998-3820-3.ch003|evidence:doi:10.4018/978-1-7998-3820-3.ch018|evidence:doi:10.4018/979-8-3693-9496-0.ch002|evidence:doi:10.46328/ijemst.5906|evidence:doi:10.5220/0011030600003182|evidence:doi:10.56059/11599/5742|evidence:doi:10.56059/jl4d.v8i2.525|evidence:doi:10.70725/881380vlsnpa; demand=cd-blue-biotech-marine-credential-translati-3b719e9f4cb4; confidence=0.45||Analyse and design Digital or data skill for blue_biotech contexts at EQF 6, demonstrating knowledge and skills; evidence=evidence:doi:10.1002/9781394411320.ch7|evidence:doi:10.1007/978-3-031-61749-2_3|evidence:doi:10.1007/978-981-97-8483-7_1|evidence:doi:10.1016/b978-0-323-99205-3.00003-1|evidence:doi:10.1109/aectsd65988.2025.11411208|evidence:doi:10.1109/icgs3.2019.8688144|evidence:doi:10.1109/iciccs67901.2026.11503012|evidence:doi:10.1177/2055207620985396|evidence:doi:10.1201/9781003395416-12|evidence:doi:10.1201/9781003395416-16|evidence:doi:10.1201/9781003395416-4|evidence:doi:10.1201/9781003395416-6|evidence:doi:10.1201/9781003395416-8|evidence:doi:10.1201/9781003395416-9|evidence:doi:10.1201/9781003492146-18|evidence:doi:10.1201/9781003638308-34|evidence:doi:10.1201/9781003638308-4|evidence:doi:10.1201/9781003790730-21|evidence:doi:10.1201/9781003790730-74|evidence:doi:10.15405/epsbs.2019.08.03.1|evidence:doi:10.18690/um.fov.4.2024|evidence:doi:10.18690/um.fov.4.2024.21|evidence:doi:10.18690/um.fov.4.2024.22|evidence:doi:10.18690/um.fov.4.2024.39|evidence:doi:10.18690/um.fov.4.2024.50|evidence:doi:10.18690/um.fov.4.2024.51|evidence:doi:10.20869/auditf/2026/182/012|evidence:doi:10.2118/221957-ms|evidence:doi:10.2139/ssrn.5288285|evidence:doi:10.2139/ssrn.6394601|evidence:doi:10.2139/ssrn.6957419|evidence:doi:10.23977/ceed.2019.002|evidence:doi:10.26226/m.679bb1dd37809895893de5c9|evidence:doi:10.29119/1641-3466.2026.243.11|evidence:doi:10.3233/ip-230015|evidence:doi:10.3390/su16145917|evidence:doi:10.3390/su17219491|evidence:doi:10.3390/su18094485|evidence:doi:10.3390/su18147241|evidence:doi:10.4018/979-8-2600-1669-5.ch013|evidence:doi:10.4337/9781035364282.00020|evidence:doi:10.4337/9781035364282.00021|evidence:doi:10.51301/abeats.2025.v1|evidence:doi:10.58837/chula.educu.47.4.22; demand=cd-blue-biotech-marine-digital-or-data-skil-c3d293484832; confidence=0.45||Analyse and design Education and training signal for blue_biotech contexts at EQF 6, demonstrating knowledge and skills; evidence=evidence:doi:10.1007/978-3-319-94532-3_44|evidence:doi:10.1007/978-981-97-0987-8_39|evidence:doi:10.1007/978-981-97-8966-5_9|evidence:doi:10.1016/b978-0-323-90569-5.00002-0|evidence:doi:10.1016/b978-0-323-98383-9.00004-7|evidence:doi:10.1080/03075079.2019.1637845|evidence:doi:10.1108/s2055-364120220000045005|evidence:doi:10.1109/sbmicro64348.2024.10673875|evidence:doi:10.1145/3706468.3706518|evidence:doi:10.1163/9789004513488_037|evidence:doi:10.1177/2055207620985396|evidence:doi:10.15405/epsbs.2019.08.03.1|evidence:doi:10.20319/pijtel.2021.43.6276|evidence:doi:10.20944/preprints202507.2034.v1|evidence:doi:10.21125/inted.2025.0901|evidence:doi:10.2139/ssrn.5042420|evidence:doi:10.2139/ssrn.6182879|evidence:doi:10.23977/avte.2026.080115|evidence:doi:10.23977/ceed.2019.002|evidence:doi:10.23977/curtm.2024.071001|evidence:doi:10.24193/pedacta.10.2.7|evidence:doi:10.31763/ijele.v3i1.93|evidence:doi:10.31871/wjrr.19.6.21|evidence:doi:10.32674/4r1hwc86|evidence:doi:10.3390/higheredu3040064|evidence:doi:10.33989/2075-146x.2021.28.250357|evidence:doi:10.33989/2075-146x.2022.29.264354|evidence:doi:10.33989/2075-146x.2023.31.283330|evidence:doi:10.36948/ijfmr.2024.v06i03.23885|evidence:doi:10.3940/rina.mi.2019.07|evidence:doi:10.4018/978-1-7998-3820-3.ch003|evidence:doi:10.4018/ijswis.413707|evidence:doi:10.4028/p-8z420d|evidence:doi:10.4324/9781003342960-8|evidence:doi:10.4337/9781035364282.00020|evidence:doi:10.47191/ijmra/v8-i06-55|evidence:doi:10.5220/0009413503270335|evidence:doi:10.5220/0010596507190723|evidence:doi:10.5220/0011030600003182|evidence:doi:10.5220/0013413300004654|evidence:doi:10.56404/jels.v3i2.51|evidence:doi:10.58837/chula.educu.47.4.22|evidence:doi:10.5961/jhes.2019.305; demand=cd-blue-biotech-marine-education-and-traini-672f045f4082; confidence=0.45||Analyse and design Explicit competence demand for blue_biotech contexts at EQF 6, demonstrating knowledge and skills; evidence=evidence:doi:10.1089/genbio.2022.29047.thu|evidence:doi:10.1109/sbmicro64348.2024.10673875|evidence:doi:10.1177/2055207620985396|evidence:doi:10.18690/um.fov.4.2024.22|evidence:doi:10.23977/ceed.2019.002|evidence:doi:10.31871/wjrr.19.6.21|evidence:doi:10.33989/2075-146x.2021.28.250357|evidence:doi:10.33989/2075-146x.2022.29.264354|evidence:doi:10.33989/2075-146x.2023.31.283330; demand=cd-blue-biotech-marine-explicit-competence--57cfa667a9ea; confidence=0.45||Analyse and design Learning outcome signal for blue_biotech contexts at EQF 6, demonstrating knowledge and skills; evidence=evidence:doi:10.1080/03075079.2019.1637845|evidence:doi:10.1108/s2055-364120220000045005|evidence:doi:10.1145/3706468.3706518|evidence:doi:10.15405/epsbs.2019.08.03.1|evidence:doi:10.2139/ssrn.5042420|evidence:doi:10.23977/curtm.2024.071001|evidence:doi:10.32674/4r1hwc86|evidence:doi:10.3390/higheredu3040064|evidence:doi:10.33989/2075-146x.2022.29.264354|evidence:doi:10.4028/p-8z420d|evidence:doi:10.47191/ijmra/v8-i06-55|evidence:doi:10.5220/0013413300004654|evidence:doi:10.56404/jels.v3i2.51|evidence:doi:10.58837/chula.educu.47.4.22|evidence:doi:10.5961/jhes.2019.305; demand=cd-blue-biotech-marine-learning-outcome-sig-90d1f2592583; confidence=0.45||Analyse and design Safety or risk-management skill for blue_biotech contexts at EQF 6, demonstrating knowledge and skills; evidence=evidence:doi:10.3390/su18147241; demand=cd-blue-biotech-marine-safety-or-risk-manag-2a97206775df; confidence=0.45||Analyse and design Social-science or literacy skill for blue_biotech contexts at EQF 6, demonstrating knowledge and skills; evidence=evidence:doi:10.1080/19415257.2025.2593891; demand=cd-blue-biotech-marine-social-science-or-li-9e42915639f3; confidence=0.45||Analyse and design Sustainability, resilience, or adaptation skill for blue_biotech contexts at EQF 6, demonstrating knowledge and skills; evidence=evidence:doi:10.1002/9781394411320.ch7|evidence:doi:10.1007/978-3-031-61749-2_3|evidence:doi:10.1007/978-981-97-8483-7_1|evidence:doi:10.1016/c2019-0-01053-9|evidence:doi:10.1109/iciccs67901.2026.11503012|evidence:doi:10.1201/9781003638308-34|evidence:doi:10.1201/9781003638308-4|evidence:doi:10.1201/9781003790730-74|evidence:doi:10.18690/um.fov.4.2024|evidence:doi:10.18690/um.fov.4.2024.11|evidence:doi:10.18690/um.fov.4.2024.21|evidence:doi:10.18690/um.fov.4.2024.51|evidence:doi:10.20869/auditf/2026/182/012|evidence:doi:10.2118/221957-ms|evidence:doi:10.2139/ssrn.5288285|evidence:doi:10.2139/ssrn.6182879|evidence:doi:10.2139/ssrn.6394601|evidence:doi:10.29119/1641-3466.2026.243.11|evidence:doi:10.3233/ip-230015|evidence:doi:10.3366/edinburgh/9781474487054.003.0009|evidence:doi:10.3389/fmars.2026.1833479|evidence:doi:10.3390/su13137505|evidence:doi:10.3390/su17219491|evidence:doi:10.3390/su18094485|evidence:doi:10.3390/su18147241|evidence:doi:10.4018/979-8-2600-1669-5.ch013|evidence:doi:10.4324/9781003397120-8|evidence:doi:10.4337/9781035349043.00014|evidence:doi:10.4337/9781035364282.00018|evidence:doi:10.51301/abeats.2025.v1; demand=cd-blue-biotech-marine-sustainability-resil-63d919bd1fcd; confidence=0.45||Analyse and design Technical or engineering skill for blue_biotech contexts at EQF 6, demonstrating knowledge and skills; evidence=evidence:doi:10.1201/9781003395416-16|evidence:doi:10.1201/9781003395416-4|evidence:doi:10.2118/221957-ms|evidence:doi:10.32935/0023-1169-2023-640-6-19-26|evidence:doi:10.32935/0023-1169-2023-640-6-45-51|evidence:doi:10.3389/fmars.2026.1833479|evidence:doi:10.46328/ijemst.5906|evidence:doi:10.5220/0009413503270335; demand=cd-blue-biotech-marine-technical-or-enginee-a5f67815e62b; confidence=0.45||Analyse and design Workforce skill signal for blue_biotech contexts at EQF 6, demonstrating knowledge and skills; evidence=evidence:doi:10.1007/978-3-319-94532-3_44|evidence:doi:10.1007/978-981-97-5914-9_9|evidence:doi:10.1007/978-981-97-8966-5_9|evidence:doi:10.1016/b978-0-323-98383-9.00004-7|evidence:doi:10.1080/19415257.2025.2593891|evidence:doi:10.1089/genbio.2022.29047.thu|evidence:doi:10.1177/2055207620985396|evidence:doi:10.20869/auditf/2026/182/012|evidence:doi:10.21125/inted.2025.0901|evidence:doi:10.2139/ssrn.6729923|evidence:doi:10.31871/wjrr.19.6.21|evidence:doi:10.32674/4r1hwc86|evidence:doi:10.33989/2075-146x.2021.28.250357|evidence:doi:10.33989/2075-146x.2022.29.264354|evidence:doi:10.36948/ijfmr.2024.v06i03.23885|evidence:doi:10.3940/rina.mi.2019.07|evidence:doi:10.4018/978-1-7998-3820-3|evidence:doi:10.4018/978-1-7998-3820-3.ch003|evidence:doi:10.4018/978-1-7998-3820-3.ch008|evidence:doi:10.4018/ijswis.413707|evidence:doi:10.4324/9781003342960-8|evidence:doi:10.4324/9781003648000-26|evidence:doi:10.4324/9781003648000-5|evidence:doi:10.46328/ijemst.5906|evidence:doi:10.5220/0010596507190723|evidence:doi:10.70725/881380vlsnpa; demand=cd-blue-biotech-marine-workforce-skill-sign-908f1188c6b5; confidence=0.45",portfolio_and_case_study,193,111,0.45,review_required,metadata_only_limitation|propagated_review_required
cred-blue-biotech-marine-eqf7-873e06a7ed6b,blue_biotech — MARINE competence pathway (EQF 7),blue_biotech,MARINE,7,4.0,cd-blue-biotech-marine-governance-or-policy-803aa194f0fc|cd-blue-biotech-marine-policy-or-regulation-aaa9618ee37e,"Evaluate and justify Governance or policy skill for blue_biotech contexts at EQF 7, demonstrating advanced knowledge and social competence; evidence=evidence:doi:10.1201/9781003638308-34|evidence:doi:10.1787/a41f148b-en|evidence:doi:10.3233/ip-230015|evidence:doi:10.3390/su18147241; demand=cd-blue-biotech-marine-governance-or-policy-803aa194f0fc; confidence=0.45||Evaluate and justify Policy or regulation skill for blue_biotech contexts at EQF 7, demonstrating advanced knowledge and social competence; evidence=evidence:doi:10.1007/978-3-031-24888-7_19|evidence:doi:10.1016/j.ocecoaman.2020.105207|evidence:doi:10.1163/9789004391567_013|evidence:doi:10.12429/j.advps.2025.0010|evidence:doi:10.33989/2075-146x.2022.29.264354|evidence:doi:10.33989/2075-146x.2023.31.283330|evidence:title:b49b01ea9b60489b; demand=cd-blue-biotech-marine-policy-or-regulation-aaa9618ee37e; confidence=0.45",portfolio_and_case_study,11,10,0.45,review_required,metadata_only_limitation|propagated_review_required
cred-blue-biotech-oceanic-eqf4-fc3befc1fc08,blue_biotech — OCEANIC competence pathway (EQF 4),blue_biotech,OCEANIC,4,2.0,cd-blue-biotech-oceanic-policy-or-regulatio-5b321bb01fc3,"Operate and monitor Policy or regulation skill for blue_biotech contexts at EQF 4, demonstrating skills; evidence=evidence:doi:10.1007/s40152-020-00163-5|evidence:doi:10.1016/j.marpol.2024.106339|evidence:doi:10.1017/9781108502238.019|evidence:doi:10.28956/gbd.1655181; demand=cd-blue-biotech-oceanic-policy-or-regulatio-5b321bb01fc3; confidence=0.45",portfolio_and_case_study,4,4,0.45,review_required,metadata_only_limitation|propagated_review_required
cred-blue-biotech-oceanic-eqf5-89731938d962,blue_biotech — OCEANIC competence pathway (EQF 5),blue_biotech,OCEANIC,5,16.0,cd-blue-biotech-oceanic-digital-or-data-ski-b8fd0cda5f9a|cd-blue-biotech-oceanic-education-and-train-c98bc197f1db|cd-blue-biotech-oceanic-explicit-competence-965fcfa92dd3|cd-blue-biotech-oceanic-safety-or-risk-mana-ec60ef1bd694|cd-blue-biotech-oceanic-social-science-or-l-1908055b7eba|cd-blue-biotech-oceanic-sustainability-resi-4782539001b2|cd-blue-biotech-oceanic-technical-or-engine-a68f4b1174a8|cd-blue-biotech-oceanic-workforce-skill-sig-af3ec3219fea,"Apply and coordinate Digital or data skill for blue_biotech contexts at EQF 5, demonstrating skills and social competence; evidence=evidence:doi:10.2139/ssrn.5403904|evidence:doi:10.28956/gbd.1655181; demand=cd-blue-biotech-oceanic-digital-or-data-ski-b8fd0cda5f9a; confidence=0.45||Apply and coordinate Education and training signal for blue_biotech contexts at EQF 5, demonstrating skills and social competence; evidence=evidence:doi:10.33175/mtr.2023.261340|evidence:doi:10.64058/mes.25.1.01; demand=cd-blue-biotech-oceanic-education-and-train-c98bc197f1db; confidence=0.45||Apply and coordinate Explicit competence demand for blue_biotech contexts at EQF 5, demonstrating skills and social competence; evidence=evidence:doi:10.4324/9781003227298-6; demand=cd-blue-biotech-oceanic-explicit-competence-965fcfa92dd3; confidence=0.45||Apply and coordinate Safety or risk-management skill for blue_biotech contexts at EQF 5, demonstrating skills and social competence; evidence=evidence:doi:10.3389/focsu.2025.1743635; demand=cd-blue-biotech-oceanic-safety-or-risk-mana-ec60ef1bd694; confidence=0.45||Apply and coordinate Social-science or literacy skill for blue_biotech contexts at EQF 5, demonstrating skills and social competence; evidence=evidence:doi:10.1163/9789004380271_092|evidence:doi:10.64058/mes.25.1.01; demand=cd-blue-biotech-oceanic-social-science-or-l-1908055b7eba; confidence=0.45||Apply and coordinate Sustainability, resilience, or adaptation skill for blue_biotech contexts at EQF 5, demonstrating skills and social competence; evidence=evidence:doi:10.1007/978-3-031-48831-3_1|evidence:doi:10.1007/978-981-19-4790-2_5|evidence:doi:10.1016/j.marpol.2024.106339|evidence:doi:10.1016/j.ocecoaman.2020.105176|evidence:doi:10.1017/9781108502238.011|evidence:doi:10.17645/oas.11542|evidence:doi:10.2139/ssrn.6066246|evidence:doi:10.3389/focsu.2025.1743635|evidence:doi:10.4060/cb9570en|evidence:doi:10.4337/9781800887909.00020|evidence:doi:10.5040/9780755618392.ch-11; demand=cd-blue-biotech-oceanic-sustainability-resi-4782539001b2; confidence=0.45||Apply and coordinate Technical or engineering skill for blue_biotech contexts at EQF 5, demonstrating skills and social competence; evidence=evidence:doi:10.1016/j.tibtech.2026.06.017|evidence:doi:10.33175/mtr.2023.261340; demand=cd-blue-biotech-oceanic-technical-or-engine-a68f4b1174a8; confidence=0.45||Apply and coordinate Workforce skill signal for blue_biotech contexts at EQF 5, demonstrating skills and social competence; evidence=evidence:doi:10.1163/9789004380271_092; demand=cd-blue-biotech-oceanic-workforce-skill-sig-af3ec3219fea; confidence=0.45",portfolio_and_case_study,22,18,0.45,review_required,metadata_only_limitation|propagated_review_required
cred-blue-biotech-oceanic-eqf6-b3e5528b414f,blue_biotech — OCEANIC competence pathway (EQF 6),blue_biotech,OCEANIC,6,16.0,cd-blue-biotech-oceanic-digital-or-data-ski-b8fd0cda5f9a|cd-blue-biotech-oceanic-education-and-train-c98bc197f1db|cd-blue-biotech-oceanic-explicit-competence-965fcfa92dd3|cd-blue-biotech-oceanic-safety-or-risk-mana-ec60ef1bd694|cd-blue-biotech-oceanic-social-science-or-l-1908055b7eba|cd-blue-biotech-oceanic-sustainability-resi-4782539001b2|cd-blue-biotech-oceanic-technical-or-engine-a68f4b1174a8|cd-blue-biotech-oceanic-workforce-skill-sig-af3ec3219fea,"Analyse and design Digital or data skill for blue_biotech contexts at EQF 6, demonstrating knowledge and skills; evidence=evidence:doi:10.2139/ssrn.5403904|evidence:doi:10.28956/gbd.1655181; demand=cd-blue-biotech-oceanic-digital-or-data-ski-b8fd0cda5f9a; confidence=0.45||Analyse and design Education and training signal for blue_biotech contexts at EQF 6, demonstrating knowledge and skills; evidence=evidence:doi:10.33175/mtr.2023.261340|evidence:doi:10.64058/mes.25.1.01; demand=cd-blue-biotech-oceanic-education-and-train-c98bc197f1db; confidence=0.45||Analyse and design Explicit competence demand for blue_biotech contexts at EQF 6, demonstrating knowledge and skills; evidence=evidence:doi:10.4324/9781003227298-6; demand=cd-blue-biotech-oceanic-explicit-competence-965fcfa92dd3; confidence=0.45||Analyse and design Safety or risk-management skill for blue_biotech contexts at EQF 6, demonstrating knowledge and skills; evidence=evidence:doi:10.3389/focsu.2025.1743635; demand=cd-blue-biotech-oceanic-safety-or-risk-mana-ec60ef1bd694; confidence=0.45||Analyse and design Social-science or literacy skill for blue_biotech contexts at EQF 6, demonstrating knowledge and skills; evidence=evidence:doi:10.1163/9789004380271_092|evidence:doi:10.64058/mes.25.1.01; demand=cd-blue-biotech-oceanic-social-science-or-l-1908055b7eba; confidence=0.45||Analyse and design Sustainability, resilience, or adaptation skill for blue_biotech contexts at EQF 6, demonstrating knowledge and skills; evidence=evidence:doi:10.1007/978-3-031-48831-3_1|evidence:doi:10.1007/978-981-19-4790-2_5|evidence:doi:10.1016/j.marpol.2024.106339|evidence:doi:10.1016/j.ocecoaman.2020.105176|evidence:doi:10.1017/9781108502238.011|evidence:doi:10.17645/oas.11542|evidence:doi:10.2139/ssrn.6066246|evidence:doi:10.3389/focsu.2025.1743635|evidence:doi:10.4060/cb9570en|evidence:doi:10.4337/9781800887909.00020|evidence:doi:10.5040/9780755618392.ch-11; demand=cd-blue-biotech-oceanic-sustainability-resi-4782539001b2; confidence=0.45||Analyse and design Technical or engineering skill for blue_biotech contexts at EQF 6, demonstrating knowledge and skills; evidence=evidence:doi:10.1016/j.tibtech.2026.06.017|evidence:doi:10.33175/mtr.2023.261340; demand=cd-blue-biotech-oceanic-technical-or-engine-a68f4b1174a8; confidence=0.45||Analyse and design Workforce skill signal for blue_biotech contexts at EQF 6, demonstrating knowledge and skills; evidence=evidence:doi:10.1163/9789004380271_092; demand=cd-blue-biotech-oceanic-workforce-skill-sig-af3ec3219fea; confidence=0.45",portfolio_and_case_study,22,18,0.45,review_required,metadata_only_limitation|propagated_review_required
cred-blue-biotech-oceanic-eqf7-f741ddf5c56f,blue_biotech — OCEANIC competence pathway (EQF 7),blue_biotech,OCEANIC,7,4.0,cd-blue-biotech-oceanic-governance-or-polic-a7c7a3c02172|cd-blue-biotech-oceanic-policy-or-regulatio-5b321bb01fc3,"Evaluate and justify Governance or policy skill for blue_biotech contexts at EQF 7, demonstrating advanced knowledge and social competence; evidence=evidence:doi:10.1016/j.ocecoaman.2020.105176|evidence:doi:10.1017/9781108502238.019|evidence:doi:10.17645/oas.11542|evidence:doi:10.3389/focsu.2025.1743635|evidence:doi:10.4337/9781800887909.00020|evidence:doi:10.64058/mes.25.1.01; demand=cd-blue-biotech-oceanic-governance-or-polic-a7c7a3c02172; confidence=0.45||Evaluate and justify Policy or regulation skill for blue_biotech contexts at EQF 7, demonstrating advanced knowledge and social competence; evidence=evidence:doi:10.1007/s40152-020-00163-5|evidence:doi:10.1016/j.marpol.2024.106339|evidence:doi:10.1017/9781108502238.019|evidence:doi:10.28956/gbd.1655181; demand=cd-blue-biotech-oceanic-policy-or-regulatio-5b321bb01fc3; confidence=0.45",portfolio_and_case_study,10,9,0.45,review_required,metadata_only_limitation|propagated_review_required
cred-coastal-tourism-oceanic-eqf4-f9d8d26e7676,coastal_tourism — OCEANIC competence pathway (EQF 4),coastal_tourism,OCEANIC,4,2.0,cd-coastal-tourism-oceanic-policy-or-regula-c629fdfc2137,"Operate and monitor Policy or regulation skill for coastal_tourism contexts at EQF 4, demonstrating skills; evidence=evidence:doi:10.24158/spp.2021.11.35|evidence:doi:10.35911/torani.v5i1.19083; demand=cd-coastal-tourism-oceanic-policy-or-regula-c629fdfc2137; confidence=0.45",portfolio_and_case_study,2,2,0.45,review_required,metadata_only_limitation|propagated_review_required
cred-coastal-tourism-oceanic-eqf5-8d6dc5df9688,coastal_tourism — OCEANIC competence pathway (EQF 5),coastal_tourism,OCEANIC,5,20.0,cd-coastal-tourism-oceanic-credential-trans-7f0cb2037613|cd-coastal-tourism-oceanic-digital-or-data--040756ca5e3a|cd-coastal-tourism-oceanic-education-and-tr-32560f0428ca|cd-coastal-tourism-oceanic-explicit-compete-db5b3ff50d6c|cd-coastal-tourism-oceanic-learning-outcome-416718edbafb|cd-coastal-tourism-oceanic-safety-or-risk-m-9de65c2a9db8|cd-coastal-tourism-oceanic-social-science-o-b205615b389f|cd-coastal-tourism-oceanic-sustainability-r-b7ca1a36632e|cd-coastal-tourism-oceanic-technical-or-eng-8f418a38adfa|cd-coastal-tourism-oceanic-workforce-skill--1a2e382b9728,"Apply and coordinate Credential translation signal for coastal_tourism contexts at EQF 5, demonstrating skills and social competence; evidence=evidence:doi:10.1007/978-3-031-73187-7_14|evidence:doi:10.1109/icic54025.2021.9632913|evidence:doi:10.1109/te.2024.3486016|evidence:doi:10.14742/apubs.2019.328|evidence:doi:10.14742/apubs.2022.198|evidence:doi:10.21956/openreseurope.15181.r28442|evidence:doi:10.24191/ijelhe.v17n1.1718|evidence:doi:10.3390/knowledge6020011|evidence:doi:10.36232/jurnalbiolearning.v10i1.3643|evidence:doi:10.4337/9781035311293.00046|evidence:doi:10.47772/ijriss.2025.908000169|evidence:doi:10.47772/ijriss.2026.100601021|evidence:doi:10.5220/0012946700003838|evidence:doi:10.53555/kuey.v30i6.4471|evidence:doi:10.53807/07016no9|evidence:doi:10.55041/isjem06603|evidence:doi:10.62754/joe.v3i4.3578|evidence:doi:10.63593/rae.2788-7057.2025.05.003|evidence:doi:10.64233/jglj3047|evidence:doi:10.66887/jltl.v15i2.797; demand=cd-coastal-tourism-oceanic-credential-trans-7f0cb2037613; confidence=0.45||Apply and coordinate Digital or data skill for coastal_tourism contexts at EQF 5, demonstrating skills and social competence; evidence=evidence:doi:10.14293/ffl26.000007.v1|evidence:doi:10.2139/ssrn.6816418|evidence:doi:10.3390/app13148143|evidence:doi:10.47772/ijriss.2026.100601021|evidence:doi:10.5194/egusphere-egu23-11561|evidence:doi:10.5194/egusphere-egu24-14472|evidence:doi:10.5194/egusphere-egu25-11836|evidence:doi:10.5194/oos2025-759|evidence:doi:10.5194/os-22-2083-2026|evidence:doi:10.5256/f1000research.198604.r489503|evidence:doi:10.52842/conf.sigradi.2024.2361|evidence:doi:10.55041/isjem06603; demand=cd-coastal-tourism-oceanic-digital-or-data--040756ca5e3a; confidence=0.45||Apply and coordinate Education and training signal for coastal_tourism contexts at EQF 5, demonstrating skills and social competence; evidence=evidence:doi:10.1007/978-3-031-73187-7_14|evidence:doi:10.1007/s10772-025-10200-5|evidence:doi:10.1016/j.ocecoaman.2022.106047|evidence:doi:10.1109/te.2024.3486016|evidence:doi:10.1177/13548166231185897|evidence:doi:10.1201/9781003035978-3|evidence:doi:10.1201/9781003338796-1|evidence:doi:10.14293/ffl26.000007.v1|evidence:doi:10.20944/preprints202602.0130.v1|evidence:doi:10.2139/ssrn.6816418|evidence:doi:10.24191/ijelhe.v17n1.1718|evidence:doi:10.32782/2663-6085/2025/84.1.22|evidence:doi:10.33989/2075-146x.2019.24.194634|evidence:doi:10.33989/2075-146x.2025.36.339114|evidence:doi:10.36315/2025v1end044|evidence:doi:10.3727/154427322x16716341745104|evidence:doi:10.4018/978-1-7998-2318-6.ch003|evidence:doi:10.4324/9780429423437-5|evidence:doi:10.4324/9781003001768-22|evidence:doi:10.5958/2278-4853.2022.00254.3|evidence:doi:10.61838/jcbl.301|evidence:doi:10.63593/rae.2788-7057.2025.05.003|evidence:doi:10.7490/f1000research.1119716.1; demand=cd-coastal-tourism-oceanic-education-and-tr-32560f0428ca; confidence=0.45||Apply and coordinate Explicit competence demand for coastal_tourism contexts at EQF 5, demonstrating skills and social competence; evidence=evidence:doi:10.1007/978-3-032-01959-2_3|evidence:doi:10.1201/9781003035978-3|evidence:doi:10.1201/9781003338796-1|evidence:doi:10.24158/spp.2021.11.35|evidence:doi:10.26226/morressier.5cf632c0af72dec2b05547ad|evidence:doi:10.32782/2663-6085/2025/84.1.22|evidence:doi:10.3390/su13105533|evidence:doi:10.33989/2075-146x.2019.24.194634|evidence:doi:10.33989/2075-146x.2025.36.339114|evidence:doi:10.37547/ijp/volume06issue04-10|evidence:doi:10.4018/978-1-7998-2318-6.ch003|evidence:doi:10.4324/9781003464082-33|evidence:doi:10.46793/pctja.19.67s|evidence:doi:10.53555/kuey.v30i6.4471|evidence:doi:10.5958/2278-4853.2022.00254.3; demand=cd-coastal-tourism-oceanic-explicit-compete-db5b3ff50d6c; confidence=0.45||Apply and coordinate Learning outcome signal for coastal_tourism contexts at EQF 5, demonstrating skills and social competence; evidence=evidence:doi:10.1108/jhti-09-2025-1067|evidence:doi:10.1177/13548166231185897|evidence:doi:10.63593/rae.2788-7057.2025.05.003; demand=cd-coastal-tourism-oceanic-learning-outcome-416718edbafb; confidence=0.45||Apply and coordinate Safety or risk-management skill for coastal_tourism contexts at EQF 5, demonstrating skills and social competence; evidence=evidence:doi:10.1016/j.ocecoaman.2022.106047|evidence:doi:10.1201/9781003500667-20|evidence:doi:10.4018/978-1-7998-1522-8.ch003|evidence:doi:10.4324/9781003483977-20|evidence:doi:10.64233/jglj3047; demand=cd-coastal-tourism-oceanic-safety-or-risk-m-9de65c2a9db8; confidence=0.45||Apply and coordinate Social-science or literacy skill for coastal_tourism contexts at EQF 5, demonstrating skills and social competence; evidence=evidence:doi:10.1016/j.ocecoaman.2022.106047|evidence:doi:10.1016/j.ocecoaman.2024.107325|evidence:doi:10.14293/ffl26.000007.v1|evidence:doi:10.2991/icoma-18.2019.67|evidence:doi:10.4324/9781003483977-20|evidence:doi:10.5256/f1000research.198604.r489503|evidence:doi:10.61838/jcbl.301; demand=cd-coastal-tourism-oceanic-social-science-o-b205615b389f; confidence=0.45||Apply and coordinate Sustainability, resilience, or adaptation skill for coastal_tourism contexts at EQF 5, demonstrating skills and social competence; evidence=evidence:doi:10.1007/978-3-031-73187-7_14|evidence:doi:10.1007/978-3-032-11678-9_26|evidence:doi:10.1007/978-3-032-19927-0_37|evidence:doi:10.1016/j.ocecoaman.2024.107128|evidence:doi:10.1016/j.ocecoaman.2024.107325|evidence:doi:10.1016/j.tmp.2021.100890|evidence:doi:10.1016/j.tourman.2021.104380|evidence:doi:10.1057/s41599-025-04556-x|evidence:doi:10.1079/9781800628441.0001|evidence:doi:10.1079/9781800628441.0008|evidence:doi:10.1079/9781800628441.0012|evidence:doi:10.1080/09669582.2020.1864386|evidence:doi:10.1108/jhti-09-2025-1067|evidence:doi:10.1109/icic54025.2021.9632913|evidence:doi:10.1201/9781003338796-1|evidence:doi:10.1201/9781003385592-10|evidence:doi:10.1201/9781003500667-20|evidence:doi:10.1596/35476|evidence:doi:10.1787/12e6bf3e-en|evidence:doi:10.1787/6e46e845-en|evidence:doi:10.1787/aa270ff4-en|evidence:doi:10.1787/e362c609-en|evidence:doi:10.20944/preprints202404.0392.v1|evidence:doi:10.2139/ssrn.5162628|evidence:doi:10.2139/ssrn.6437527|evidence:doi:10.21832/9781836460114-008|evidence:doi:10.26686/pq.v17i3.7129|evidence:doi:10.26686/wgtn.12612938|evidence:doi:10.3389/fmars.2023.1075803|evidence:doi:10.3390/su11154223|evidence:doi:10.3390/su11164494|evidence:doi:10.3390/su13105533|evidence:doi:10.3727/216901926x17688104403804|evidence:doi:10.37741/t.68.2.3|evidence:doi:10.4018/979-8-3373-0071-9.ch006|evidence:doi:10.4095/332192|evidence:doi:10.4324/9780429026805-2|evidence:doi:10.4324/9780429423437-5|evidence:doi:10.4324/9781003024293-13|evidence:doi:10.4324/9781003140788-7|evidence:doi:10.4324/9781003253495-14|evidence:doi:10.4324/9781003397120-11|evidence:doi:10.4324/9781003397120-12|evidence:doi:10.4324/9781003483977-10|evidence:doi:10.4324/9781003483977-20|evidence:doi:10.4337/9781035311255.00018|evidence:doi:10.5194/egusphere-egu25-9114|evidence:doi:10.5194/egusphere-egu26-21281|evidence:doi:10.52842/conf.sigradi.2024.2361|evidence:doi:10.70102/ijares/v5i2/5-2-29|evidence:doi:10.9753/icce.v38.management.232|evidence:title:5767bfc552f7508b; demand=cd-coastal-tourism-oceanic-sustainability-r-b7ca1a36632e; confidence=0.45||Apply and coordinate Technical or engineering skill for coastal_tourism contexts at EQF 5, demonstrating skills and social competence; evidence=evidence:doi:10.21669/tomo.v44.23684|evidence:doi:10.53555/kuey.v30i6.4471|evidence:doi:10.9753/icce.v38.management.232; demand=cd-coastal-tourism-oceanic-technical-or-eng-8f418a38adfa; confidence=0.45||Apply and coordinate Workforce skill signal for coastal_tourism contexts at EQF 5, demonstrating skills and social competence; evidence=evidence:doi:10.1007/978-3-032-01959-2_3|evidence:doi:10.1200/acon.22.00140|evidence:doi:10.1201/9781003035978-3|evidence:doi:10.1201/9781003338796-1|evidence:doi:10.2139/ssrn.6816418|evidence:doi:10.24158/spp.2021.11.35|evidence:doi:10.26226/morressier.5cf632c0af72dec2b05547ad|evidence:doi:10.32782/2663-6085/2025/84.1.22|evidence:doi:10.3390/su13105533|evidence:doi:10.33989/2075-146x.2019.24.194634|evidence:doi:10.33989/2075-146x.2025.36.339114|evidence:doi:10.36315/2025v1end044|evidence:doi:10.37547/ijp/volume06issue04-10|evidence:doi:10.4018/979-8-3373-0071-9.ch006|evidence:doi:10.4018/979-8-3373-5322-7.ch003|evidence:doi:10.4018/979-8-3693-3856-8|evidence:doi:10.4018/979-8-3693-3856-8.ch003|evidence:doi:10.4018/979-8-3693-3856-8.ch004|evidence:doi:10.4018/979-8-3693-3856-8.ch010|evidence:doi:10.4018/979-8-3693-3856-8.ch012|evidence:doi:10.4324/9781003464082-33|evidence:doi:10.46793/pctja.19.67s|evidence:doi:10.5958/2278-4853.2022.00254.3|evidence:doi:10.62486/978-9915-704-12-8.ch08|evidence:doi:10.7490/f1000research.1119716.1; demand=cd-coastal-tourism-oceanic-workforce-skill--1a2e382b9728; confidence=0.45",portfolio_and_case_study,165,110,0.45,review_required,metadata_only_limitation|propagated_review_required
cred-coastal-tourism-oceanic-eqf6-cb81699f2157,coastal_tourism — OCEANIC competence pathway (EQF 6),coastal_tourism,OCEANIC,6,20.0,cd-coastal-tourism-oceanic-credential-trans-7f0cb2037613|cd-coastal-tourism-oceanic-digital-or-data--040756ca5e3a|cd-coastal-tourism-oceanic-education-and-tr-32560f0428ca|cd-coastal-tourism-oceanic-explicit-compete-db5b3ff50d6c|cd-coastal-tourism-oceanic-learning-outcome-416718edbafb|cd-coastal-tourism-oceanic-safety-or-risk-m-9de65c2a9db8|cd-coastal-tourism-oceanic-social-science-o-b205615b389f|cd-coastal-tourism-oceanic-sustainability-r-b7ca1a36632e|cd-coastal-tourism-oceanic-technical-or-eng-8f418a38adfa|cd-coastal-tourism-oceanic-workforce-skill--1a2e382b9728,"Analyse and design Credential translation signal for coastal_tourism contexts at EQF 6, demonstrating knowledge and skills; evidence=evidence:doi:10.1007/978-3-031-73187-7_14|evidence:doi:10.1109/icic54025.2021.9632913|evidence:doi:10.1109/te.2024.3486016|evidence:doi:10.14742/apubs.2019.328|evidence:doi:10.14742/apubs.2022.198|evidence:doi:10.21956/openreseurope.15181.r28442|evidence:doi:10.24191/ijelhe.v17n1.1718|evidence:doi:10.3390/knowledge6020011|evidence:doi:10.36232/jurnalbiolearning.v10i1.3643|evidence:doi:10.4337/9781035311293.00046|evidence:doi:10.47772/ijriss.2025.908000169|evidence:doi:10.47772/ijriss.2026.100601021|evidence:doi:10.5220/0012946700003838|evidence:doi:10.53555/kuey.v30i6.4471|evidence:doi:10.53807/07016no9|evidence:doi:10.55041/isjem06603|evidence:doi:10.62754/joe.v3i4.3578|evidence:doi:10.63593/rae.2788-7057.2025.05.003|evidence:doi:10.64233/jglj3047|evidence:doi:10.66887/jltl.v15i2.797; demand=cd-coastal-tourism-oceanic-credential-trans-7f0cb2037613; confidence=0.45||Analyse and design Digital or data skill for coastal_tourism contexts at EQF 6, demonstrating knowledge and skills; evidence=evidence:doi:10.14293/ffl26.000007.v1|evidence:doi:10.2139/ssrn.6816418|evidence:doi:10.3390/app13148143|evidence:doi:10.47772/ijriss.2026.100601021|evidence:doi:10.5194/egusphere-egu23-11561|evidence:doi:10.5194/egusphere-egu24-14472|evidence:doi:10.5194/egusphere-egu25-11836|evidence:doi:10.5194/oos2025-759|evidence:doi:10.5194/os-22-2083-2026|evidence:doi:10.5256/f1000research.198604.r489503|evidence:doi:10.52842/conf.sigradi.2024.2361|evidence:doi:10.55041/isjem06603; demand=cd-coastal-tourism-oceanic-digital-or-data--040756ca5e3a; confidence=0.45||Analyse and design Education and training signal for coastal_tourism contexts at EQF 6, demonstrating knowledge and skills; evidence=evidence:doi:10.1007/978-3-031-73187-7_14|evidence:doi:10.1007/s10772-025-10200-5|evidence:doi:10.1016/j.ocecoaman.2022.106047|evidence:doi:10.1109/te.2024.3486016|evidence:doi:10.1177/13548166231185897|evidence:doi:10.1201/9781003035978-3|evidence:doi:10.1201/9781003338796-1|evidence:doi:10.14293/ffl26.000007.v1|evidence:doi:10.20944/preprints202602.0130.v1|evidence:doi:10.2139/ssrn.6816418|evidence:doi:10.24191/ijelhe.v17n1.1718|evidence:doi:10.32782/2663-6085/2025/84.1.22|evidence:doi:10.33989/2075-146x.2019.24.194634|evidence:doi:10.33989/2075-146x.2025.36.339114|evidence:doi:10.36315/2025v1end044|evidence:doi:10.3727/154427322x16716341745104|evidence:doi:10.4018/978-1-7998-2318-6.ch003|evidence:doi:10.4324/9780429423437-5|evidence:doi:10.4324/9781003001768-22|evidence:doi:10.5958/2278-4853.2022.00254.3|evidence:doi:10.61838/jcbl.301|evidence:doi:10.63593/rae.2788-7057.2025.05.003|evidence:doi:10.7490/f1000research.1119716.1; demand=cd-coastal-tourism-oceanic-education-and-tr-32560f0428ca; confidence=0.45||Analyse and design Explicit competence demand for coastal_tourism contexts at EQF 6, demonstrating knowledge and skills; evidence=evidence:doi:10.1007/978-3-032-01959-2_3|evidence:doi:10.1201/9781003035978-3|evidence:doi:10.1201/9781003338796-1|evidence:doi:10.24158/spp.2021.11.35|evidence:doi:10.26226/morressier.5cf632c0af72dec2b05547ad|evidence:doi:10.32782/2663-6085/2025/84.1.22|evidence:doi:10.3390/su13105533|evidence:doi:10.33989/2075-146x.2019.24.194634|evidence:doi:10.33989/2075-146x.2025.36.339114|evidence:doi:10.37547/ijp/volume06issue04-10|evidence:doi:10.4018/978-1-7998-2318-6.ch003|evidence:doi:10.4324/9781003464082-33|evidence:doi:10.46793/pctja.19.67s|evidence:doi:10.53555/kuey.v30i6.4471|evidence:doi:10.5958/2278-4853.2022.00254.3; demand=cd-coastal-tourism-oceanic-explicit-compete-db5b3ff50d6c; confidence=0.45||Analyse and design Learning outcome signal for coastal_tourism contexts at EQF 6, demonstrating knowledge and skills; evidence=evidence:doi:10.1108/jhti-09-2025-1067|evidence:doi:10.1177/13548166231185897|evidence:doi:10.63593/rae.2788-7057.2025.05.003; demand=cd-coastal-tourism-oceanic-learning-outcome-416718edbafb; confidence=0.45||Analyse and design Safety or risk-management skill for coastal_tourism contexts at EQF 6, demonstrating knowledge and skills; evidence=evidence:doi:10.1016/j.ocecoaman.2022.106047|evidence:doi:10.1201/9781003500667-20|evidence:doi:10.4018/978-1-7998-1522-8.ch003|evidence:doi:10.4324/9781003483977-20|evidence:doi:10.64233/jglj3047; demand=cd-coastal-tourism-oceanic-safety-or-risk-m-9de65c2a9db8; confidence=0.45||Analyse and design Social-science or literacy skill for coastal_tourism contexts at EQF 6, demonstrating knowledge and skills; evidence=evidence:doi:10.1016/j.ocecoaman.2022.106047|evidence:doi:10.1016/j.ocecoaman.2024.107325|evidence:doi:10.14293/ffl26.000007.v1|evidence:doi:10.2991/icoma-18.2019.67|evidence:doi:10.4324/9781003483977-20|evidence:doi:10.5256/f1000research.198604.r489503|evidence:doi:10.61838/jcbl.301; demand=cd-coastal-tourism-oceanic-social-science-o-b205615b389f; confidence=0.45||Analyse and design Sustainability, resilience, or adaptation skill for coastal_tourism contexts at EQF 6, demonstrating knowledge and skills; evidence=evidence:doi:10.1007/978-3-031-73187-7_14|evidence:doi:10.1007/978-3-032-11678-9_26|evidence:doi:10.1007/978-3-032-19927-0_37|evidence:doi:10.1016/j.ocecoaman.2024.107128|evidence:doi:10.1016/j.ocecoaman.2024.107325|evidence:doi:10.1016/j.tmp.2021.100890|evidence:doi:10.1016/j.tourman.2021.104380|evidence:doi:10.1057/s41599-025-04556-x|evidence:doi:10.1079/9781800628441.0001|evidence:doi:10.1079/9781800628441.0008|evidence:doi:10.1079/9781800628441.0012|evidence:doi:10.1080/09669582.2020.1864386|evidence:doi:10.1108/jhti-09-2025-1067|evidence:doi:10.1109/icic54025.2021.9632913|evidence:doi:10.1201/9781003338796-1|evidence:doi:10.1201/9781003385592-10|evidence:doi:10.1201/9781003500667-20|evidence:doi:10.1596/35476|evidence:doi:10.1787/12e6bf3e-en|evidence:doi:10.1787/6e46e845-en|evidence:doi:10.1787/aa270ff4-en|evidence:doi:10.1787/e362c609-en|evidence:doi:10.20944/preprints202404.0392.v1|evidence:doi:10.2139/ssrn.5162628|evidence:doi:10.2139/ssrn.6437527|evidence:doi:10.21832/9781836460114-008|evidence:doi:10.26686/pq.v17i3.7129|evidence:doi:10.26686/wgtn.12612938|evidence:doi:10.3389/fmars.2023.1075803|evidence:doi:10.3390/su11154223|evidence:doi:10.3390/su11164494|evidence:doi:10.3390/su13105533|evidence:doi:10.3727/216901926x17688104403804|evidence:doi:10.37741/t.68.2.3|evidence:doi:10.4018/979-8-3373-0071-9.ch006|evidence:doi:10.4095/332192|evidence:doi:10.4324/9780429026805-2|evidence:doi:10.4324/9780429423437-5|evidence:doi:10.4324/9781003024293-13|evidence:doi:10.4324/9781003140788-7|evidence:doi:10.4324/9781003253495-14|evidence:doi:10.4324/9781003397120-11|evidence:doi:10.4324/9781003397120-12|evidence:doi:10.4324/9781003483977-10|evidence:doi:10.4324/9781003483977-20|evidence:doi:10.4337/9781035311255.00018|evidence:doi:10.5194/egusphere-egu25-9114|evidence:doi:10.5194/egusphere-egu26-21281|evidence:doi:10.52842/conf.sigradi.2024.2361|evidence:doi:10.70102/ijares/v5i2/5-2-29|evidence:doi:10.9753/icce.v38.management.232|evidence:title:5767bfc552f7508b; demand=cd-coastal-tourism-oceanic-sustainability-r-b7ca1a36632e; confidence=0.45||Analyse and design Technical or engineering skill for coastal_tourism contexts at EQF 6, demonstrating knowledge and skills; evidence=evidence:doi:10.21669/tomo.v44.23684|evidence:doi:10.53555/kuey.v30i6.4471|evidence:doi:10.9753/icce.v38.management.232; demand=cd-coastal-tourism-oceanic-technical-or-eng-8f418a38adfa; confidence=0.45||Analyse and design Workforce skill signal for coastal_tourism contexts at EQF 6, demonstrating knowledge and skills; evidence=evidence:doi:10.1007/978-3-032-01959-2_3|evidence:doi:10.1200/acon.22.00140|evidence:doi:10.1201/9781003035978-3|evidence:doi:10.1201/9781003338796-1|evidence:doi:10.2139/ssrn.6816418|evidence:doi:10.24158/spp.2021.11.35|evidence:doi:10.26226/morressier.5cf632c0af72dec2b05547ad|evidence:doi:10.32782/2663-6085/2025/84.1.22|evidence:doi:10.3390/su13105533|evidence:doi:10.33989/2075-146x.2019.24.194634|evidence:doi:10.33989/2075-146x.2025.36.339114|evidence:doi:10.36315/2025v1end044|evidence:doi:10.37547/ijp/volume06issue04-10|evidence:doi:10.4018/979-8-3373-0071-9.ch006|evidence:doi:10.4018/979-8-3373-5322-7.ch003|evidence:doi:10.4018/979-8-3693-3856-8|evidence:doi:10.4018/979-8-3693-3856-8.ch003|evidence:doi:10.4018/979-8-3693-3856-8.ch004|evidence:doi:10.4018/979-8-3693-3856-8.ch010|evidence:doi:10.4018/979-8-3693-3856-8.ch012|evidence:doi:10.4324/9781003464082-33|evidence:doi:10.46793/pctja.19.67s|evidence:doi:10.5958/2278-4853.2022.00254.3|evidence:doi:10.62486/978-9915-704-12-8.ch08|evidence:doi:10.7490/f1000research.1119716.1; demand=cd-coastal-tourism-oceanic-workforce-skill--1a2e382b9728; confidence=0.45",portfolio_and_case_study,165,110,0.45,review_required,metadata_only_limitation|propagated_review_required
cred-coastal-tourism-oceanic-eqf7-82ae89c5221e,coastal_tourism — OCEANIC competence pathway (EQF 7),coastal_tourism,OCEANIC,7,4.0,cd-coastal-tourism-oceanic-governance-or-po-c5c231e7f341|cd-coastal-tourism-oceanic-policy-or-regula-c629fdfc2137,"Evaluate and justify Governance or policy skill for coastal_tourism contexts at EQF 7, demonstrating advanced knowledge and social competence; evidence=evidence:doi:10.1002/9781394303243.ch15|evidence:doi:10.1007/978-3-032-19927-0_37|evidence:doi:10.1016/j.ocecoaman.2024.107128|evidence:doi:10.20944/preprints202602.0130.v1|evidence:doi:10.21669/tomo.v44.23684|evidence:doi:10.21832/9781836460114-008|evidence:doi:10.3389/fmars.2023.1075803|evidence:doi:10.4018/979-8-3693-8347-6.ch009|evidence:doi:10.63593/rae.2788-7057.2025.05.003; demand=cd-coastal-tourism-oceanic-governance-or-po-c5c231e7f341; confidence=0.45||Evaluate and justify Policy or regulation skill for coastal_tourism contexts at EQF 7, demonstrating advanced knowledge and social competence; evidence=evidence:doi:10.24158/spp.2021.11.35|evidence:doi:10.35911/torani.v5i1.19083; demand=cd-coastal-tourism-oceanic-policy-or-regula-c629fdfc2137; confidence=0.45",portfolio_and_case_study,11,11,0.45,review_required,metadata_only_limitation|propagated_review_required
cred-desalination-hydronization-eqf4-396572cee842,desalination — HYDRONIZATION competence pathway (EQF 4),desalination,HYDRONIZATION,4,2.0,cd-desalination-hydronization-policy-or-reg-1ac0ea647cbf,"Operate and monitor Policy or regulation skill for desalination contexts at EQF 4, demonstrating skills; evidence=evidence:doi:10.1016/j.wri.2023.100225; demand=cd-desalination-hydronization-policy-or-reg-1ac0ea647cbf; confidence=0.45",portfolio_and_case_study,1,1,0.45,review_required,metadata_only_limitation|propagated_review_required
cred-desalination-hydronization-eqf5-90d3d87c5c8e,desalination — HYDRONIZATION competence pathway (EQF 5),desalination,HYDRONIZATION,5,20.0,cd-desalination-hydronization-credential-tr-c40a41ce0023|cd-desalination-hydronization-digital-or-da-bd1690011526|cd-desalination-hydronization-education-and-3c47792c83a8|cd-desalination-hydronization-explicit-comp-757ba314668c|cd-desalination-hydronization-learning-outc-a23408740998|cd-desalination-hydronization-safety-or-ris-836c3756963d|cd-desalination-hydronization-social-scienc-bd233e9ea7aa|cd-desalination-hydronization-sustainabilit-a178f78f2778|cd-desalination-hydronization-technical-or--e74c3559df1c|cd-desalination-hydronization-workforce-ski-76e4b365d51a,"Apply and coordinate Credential translation signal for desalination contexts at EQF 5, demonstrating skills and social competence; evidence=evidence:doi:10.1016/j.renene.2024.120660|evidence:doi:10.1109/educon67543.2026.11574315|evidence:doi:10.1787/0be96df9-en|evidence:doi:10.1787/f14ef041-en|evidence:doi:10.46799/ijssr.v4i9.940|evidence:doi:10.7220/9786094674792; demand=cd-desalination-hydronization-credential-tr-c40a41ce0023; confidence=0.45||Apply and coordinate Digital or data skill for desalination contexts at EQF 5, demonstrating skills and social competence; evidence=evidence:doi:10.1007/978-3-031-44851-5_51|evidence:doi:10.1007/978-3-032-13898-9_37|evidence:doi:10.1007/978-981-99-0252-1_5|evidence:doi:10.1016/j.iintel.2026.100230|evidence:doi:10.1016/j.nexus.2026.100673|evidence:doi:10.1016/j.robot.2026.105603|evidence:doi:10.1080/27525783.2025.2566349|evidence:doi:10.1109/aiiot58121.2023.10174376|evidence:doi:10.1109/icces67310.2025.11337219|evidence:doi:10.1109/icoiics67115.2025.11390394|evidence:doi:10.1109/ispacs68724.2025.11383172|evidence:doi:10.12783/shm2021/36329|evidence:doi:10.1364/ofc.2025.w4g.1|evidence:doi:10.18690/um.fov.4.2024.42|evidence:doi:10.2139/ssrn.5624461|evidence:doi:10.2139/ssrn.6644483|evidence:doi:10.2172/2331253|evidence:doi:10.3390/app152413135|evidence:doi:10.3390/engproc2025120006|evidence:doi:10.4018/979-8-2600-0106-6.ch005|evidence:doi:10.4018/979-8-2600-1674-9.ch007|evidence:doi:10.4018/979-8-2600-1674-9.ch008|evidence:doi:10.4018/979-8-2600-1674-9.ch011|evidence:doi:10.4018/979-8-3373-0954-5.ch004|evidence:doi:10.4018/979-8-3373-7785-8.ch002|evidence:doi:10.4018/979-8-3373-7785-8.ch003|evidence:doi:10.4018/979-8-3373-7785-8.ch005|evidence:doi:10.4018/979-8-3373-7785-8.ch006|evidence:doi:10.4018/979-8-3373-7785-8.ch007|evidence:doi:10.4018/979-8-3373-7785-8.ch008|evidence:doi:10.4018/979-8-3373-7785-8.ch009|evidence:doi:10.4018/979-8-3373-7785-8.ch011|evidence:doi:10.4018/979-8-3693-1818-8.ch014|evidence:doi:10.4018/979-8-3693-3234-4.ch011|evidence:doi:10.5194/icuc12-954|evidence:doi:10.5220/0013476600003941|evidence:doi:10.55092/aias20230003|evidence:doi:10.5592/co/cetra.2026.1839|evidence:doi:10.71443/9789349552531-13|evidence:doi:10.9734/bpi/nhstc/v12/7760; demand=cd-desalination-hydronization-digital-or-da-bd1690011526; confidence=0.45||Apply and coordinate Education and training signal for desalination contexts at EQF 5, demonstrating skills and social competence; evidence=evidence:doi:10.1787/f14ef041-en|evidence:doi:10.24018/ejedu.2022.3.6.514|evidence:doi:10.29013/esr-21-5.6-26-31|evidence:doi:10.4018/979-8-2600-1674-9.ch008|evidence:doi:10.4018/979-8-3693-3338-9.ch007|evidence:doi:10.4324/9781003444411-11|evidence:doi:10.46799/ijssr.v4i9.940|evidence:doi:10.63090/ijep/3108.1800.0008|evidence:doi:10.64712/ghajet.v14i3.788|evidence:doi:10.71443/9789349552531-13|evidence:doi:10.7220/9786094674792; demand=cd-desalination-hydronization-education-and-3c47792c83a8; confidence=0.45||Apply and coordinate Explicit competence demand for desalination contexts at EQF 5, demonstrating skills and social competence; evidence=evidence:doi:10.29013/esr-21-5.6-26-31|evidence:doi:10.37547/ijp/volume04issue12-52; demand=cd-desalination-hydronization-explicit-comp-757ba314668c; confidence=0.45||Apply and coordinate Learning outcome signal for desalination contexts at EQF 5, demonstrating skills and social competence; evidence=evidence:doi:10.1038/s41545-025-00484-0|evidence:doi:10.24018/ejedu.2022.3.6.514|evidence:doi:10.4324/9781003444411-11|evidence:doi:10.64712/ghajet.v14i3.788|evidence:doi:10.71443/9789349552531-13; demand=cd-desalination-hydronization-learning-outc-a23408740998; confidence=0.45||Apply and coordinate Safety or risk-management skill for desalination contexts at EQF 5, demonstrating skills and social competence; evidence=evidence:doi:10.4018/979-8-3373-7785-8.ch006|evidence:doi:10.5220/0013476600003941|evidence:doi:10.5592/co/cetra.2026.1839; demand=cd-desalination-hydronization-safety-or-ris-836c3756963d; confidence=0.45||Apply and coordinate Social-science or literacy skill for desalination contexts at EQF 5, demonstrating skills and social competence; evidence=evidence:doi:10.24018/ejedu.2022.3.6.514; demand=cd-desalination-hydronization-social-scienc-bd233e9ea7aa; confidence=0.45||Apply and coordinate Sustainability, resilience, or adaptation skill for desalination contexts at EQF 5, demonstrating skills and social competence; evidence=evidence:doi:10.1007/978-3-030-72579-2_150|evidence:doi:10.1007/978-3-031-69848-4_1|evidence:doi:10.1007/978-3-032-13898-9_37|evidence:doi:10.1007/s11269-025-04419-9|evidence:doi:10.1016/j.agwat.2025.109892|evidence:doi:10.1016/j.apenergy.2026.127516|evidence:doi:10.1016/j.chemosphere.2025.144808|evidence:doi:10.1016/j.clet.2025.101126|evidence:doi:10.1016/j.ijhydene.2026.154472|evidence:doi:10.1016/j.jup.2026.102173|evidence:doi:10.1016/j.nexus.2026.100673|evidence:doi:10.1016/j.robot.2026.105603|evidence:doi:10.1016/j.seta.2026.105209|evidence:doi:10.1016/j.trechm.2026.01.001|evidence:doi:10.1080/27525783.2025.2566349|evidence:doi:10.1109/icces67310.2025.11337219|evidence:doi:10.1109/icoiics67115.2025.11390394|evidence:doi:10.1109/ispacs68724.2025.11383172|evidence:doi:10.1177/10482911231173330|evidence:doi:10.2139/ssrn.5558800|evidence:doi:10.2139/ssrn.6644483|evidence:doi:10.2307/j.ctv2z6qdv5.8|evidence:doi:10.33263/proceedings71.006|evidence:doi:10.3390/app152413135|evidence:doi:10.4018/979-8-2600-1674-9.ch007|evidence:doi:10.4018/979-8-3373-0954-5.ch004|evidence:doi:10.4018/979-8-3373-7785-8.ch002|evidence:doi:10.4324/9781003397120|evidence:doi:10.4324/9781003397120-13|evidence:doi:10.4324/9781003397120-5|evidence:doi:10.4324/9781003397120-9|evidence:doi:10.4324/9781003488361-4|evidence:doi:10.4324/9781003669593-10|evidence:doi:10.4324/9781003669593-2|evidence:doi:10.4324/9781003669593-3|evidence:doi:10.4324/9781003669593-4|evidence:doi:10.4324/9781003669593-9|evidence:doi:10.46692/9781529239904.006|evidence:doi:10.5194/egusphere-2025-4546|evidence:doi:10.5194/icuc12-954|evidence:doi:10.5871/bacop26/9780856726736.001|evidence:doi:10.9734/bpi/nhstc/v12/7760; demand=cd-desalination-hydronization-sustainabilit-a178f78f2778; confidence=0.45||Apply and coordinate Technical or engineering skill for desalination contexts at EQF 5, demonstrating skills and social competence; evidence=evidence:doi:10.1109/educon67543.2026.11574315|evidence:doi:10.4018/979-8-3373-7785-8.ch003|evidence:doi:10.4018/979-8-3373-7785-8.ch008|evidence:doi:10.4018/979-8-3373-7785-8.ch011|evidence:doi:10.71443/9789349552531-13; demand=cd-desalination-hydronization-technical-or--e74c3559df1c; confidence=0.45||Apply and coordinate Workforce skill signal for desalination contexts at EQF 5, demonstrating skills and social competence; evidence=evidence:doi:10.29013/esr-21-5.6-26-31|evidence:doi:10.37547/ijp/volume04issue12-52; demand=cd-desalination-hydronization-workforce-ski-76e4b365d51a; confidence=0.45",portfolio_and_case_study,117,82,0.45,review_required,metadata_only_limitation|propagated_review_required
cred-desalination-hydronization-eqf6-3accca2f4c30,desalination — HYDRONIZATION competence pathway (EQF 6),desalination,HYDRONIZATION,6,18.0,cd-desalination-hydronization-credential-tr-c40a41ce0023|cd-desalination-hydronization-digital-or-da-bd1690011526|cd-desalination-hydronization-education-and-3c47792c83a8|cd-desalination-hydronization-explicit-comp-757ba314668c|cd-desalination-hydronization-learning-outc-a23408740998|cd-desalination-hydronization-safety-or-ris-836c3756963d|cd-desalination-hydronization-social-scienc-bd233e9ea7aa|cd-desalination-hydronization-sustainabilit-a178f78f2778|cd-desalination-hydronization-workforce-ski-76e4b365d51a,"Analyse and design Credential translation signal for desalination contexts at EQF 6, demonstrating knowledge and skills; evidence=evidence:doi:10.1016/j.renene.2024.120660|evidence:doi:10.1109/educon67543.2026.11574315|evidence:doi:10.1787/0be96df9-en|evidence:doi:10.1787/f14ef041-en|evidence:doi:10.46799/ijssr.v4i9.940|evidence:doi:10.7220/9786094674792; demand=cd-desalination-hydronization-credential-tr-c40a41ce0023; confidence=0.45||Analyse and design Digital or data skill for desalination contexts at EQF 6, demonstrating knowledge and skills; evidence=evidence:doi:10.1007/978-3-031-44851-5_51|evidence:doi:10.1007/978-3-032-13898-9_37|evidence:doi:10.1007/978-981-99-0252-1_5|evidence:doi:10.1016/j.iintel.2026.100230|evidence:doi:10.1016/j.nexus.2026.100673|evidence:doi:10.1016/j.robot.2026.105603|evidence:doi:10.1080/27525783.2025.2566349|evidence:doi:10.1109/aiiot58121.2023.10174376|evidence:doi:10.1109/icces67310.2025.11337219|evidence:doi:10.1109/icoiics67115.2025.11390394|evidence:doi:10.1109/ispacs68724.2025.11383172|evidence:doi:10.12783/shm2021/36329|evidence:doi:10.1364/ofc.2025.w4g.1|evidence:doi:10.18690/um.fov.4.2024.42|evidence:doi:10.2139/ssrn.5624461|evidence:doi:10.2139/ssrn.6644483|evidence:doi:10.2172/2331253|evidence:doi:10.3390/app152413135|evidence:doi:10.3390/engproc2025120006|evidence:doi:10.4018/979-8-2600-0106-6.ch005|evidence:doi:10.4018/979-8-2600-1674-9.ch007|evidence:doi:10.4018/979-8-2600-1674-9.ch008|evidence:doi:10.4018/979-8-2600-1674-9.ch011|evidence:doi:10.4018/979-8-3373-0954-5.ch004|evidence:doi:10.4018/979-8-3373-7785-8.ch002|evidence:doi:10.4018/979-8-3373-7785-8.ch003|evidence:doi:10.4018/979-8-3373-7785-8.ch005|evidence:doi:10.4018/979-8-3373-7785-8.ch006|evidence:doi:10.4018/979-8-3373-7785-8.ch007|evidence:doi:10.4018/979-8-3373-7785-8.ch008|evidence:doi:10.4018/979-8-3373-7785-8.ch009|evidence:doi:10.4018/979-8-3373-7785-8.ch011|evidence:doi:10.4018/979-8-3693-1818-8.ch014|evidence:doi:10.4018/979-8-3693-3234-4.ch011|evidence:doi:10.5194/icuc12-954|evidence:doi:10.5220/0013476600003941|evidence:doi:10.55092/aias20230003|evidence:doi:10.5592/co/cetra.2026.1839|evidence:doi:10.71443/9789349552531-13|evidence:doi:10.9734/bpi/nhstc/v12/7760; demand=cd-desalination-hydronization-digital-or-da-bd1690011526; confidence=0.45||Analyse and design Education and training signal for desalination contexts at EQF 6, demonstrating knowledge and skills; evidence=evidence:doi:10.1787/f14ef041-en|evidence:doi:10.24018/ejedu.2022.3.6.514|evidence:doi:10.29013/esr-21-5.6-26-31|evidence:doi:10.4018/979-8-2600-1674-9.ch008|evidence:doi:10.4018/979-8-3693-3338-9.ch007|evidence:doi:10.4324/9781003444411-11|evidence:doi:10.46799/ijssr.v4i9.940|evidence:doi:10.63090/ijep/3108.1800.0008|evidence:doi:10.64712/ghajet.v14i3.788|evidence:doi:10.71443/9789349552531-13|evidence:doi:10.7220/9786094674792; demand=cd-desalination-hydronization-education-and-3c47792c83a8; confidence=0.45||Analyse and design Explicit competence demand for desalination contexts at EQF 6, demonstrating knowledge and skills; evidence=evidence:doi:10.29013/esr-21-5.6-26-31|evidence:doi:10.37547/ijp/volume04issue12-52; demand=cd-desalination-hydronization-explicit-comp-757ba314668c; confidence=0.45||Analyse and design Learning outcome signal for desalination contexts at EQF 6, demonstrating knowledge and skills; evidence=evidence:doi:10.1038/s41545-025-00484-0|evidence:doi:10.24018/ejedu.2022.3.6.514|evidence:doi:10.4324/9781003444411-11|evidence:doi:10.64712/ghajet.v14i3.788|evidence:doi:10.71443/9789349552531-13; demand=cd-desalination-hydronization-learning-outc-a23408740998; confidence=0.45||Analyse and design Safety or risk-management skill for desalination contexts at EQF 6, demonstrating knowledge and skills; evidence=evidence:doi:10.4018/979-8-3373-7785-8.ch006|evidence:doi:10.5220/0013476600003941|evidence:doi:10.5592/co/cetra.2026.1839; demand=cd-desalination-hydronization-safety-or-ris-836c3756963d; confidence=0.45||Analyse and design Social-science or literacy skill for desalination contexts at EQF 6, demonstrating knowledge and skills; evidence=evidence:doi:10.24018/ejedu.2022.3.6.514; demand=cd-desalination-hydronization-social-scienc-bd233e9ea7aa; confidence=0.45||Analyse and design Sustainability, resilience, or adaptation skill for desalination contexts at EQF 6, demonstrating knowledge and skills; evidence=evidence:doi:10.1007/978-3-030-72579-2_150|evidence:doi:10.1007/978-3-031-69848-4_1|evidence:doi:10.1007/978-3-032-13898-9_37|evidence:doi:10.1007/s11269-025-04419-9|evidence:doi:10.1016/j.agwat.2025.109892|evidence:doi:10.1016/j.apenergy.2026.127516|evidence:doi:10.1016/j.chemosphere.2025.144808|evidence:doi:10.1016/j.clet.2025.101126|evidence:doi:10.1016/j.ijhydene.2026.154472|evidence:doi:10.1016/j.jup.2026.102173|evidence:doi:10.1016/j.nexus.2026.100673|evidence:doi:10.1016/j.robot.2026.105603|evidence:doi:10.1016/j.seta.2026.105209|evidence:doi:10.1016/j.trechm.2026.01.001|evidence:doi:10.1080/27525783.2025.2566349|evidence:doi:10.1109/icces67310.2025.11337219|evidence:doi:10.1109/icoiics67115.2025.11390394|evidence:doi:10.1109/ispacs68724.2025.11383172|evidence:doi:10.1177/10482911231173330|evidence:doi:10.2139/ssrn.5558800|evidence:doi:10.2139/ssrn.6644483|evidence:doi:10.2307/j.ctv2z6qdv5.8|evidence:doi:10.33263/proceedings71.006|evidence:doi:10.3390/app152413135|evidence:doi:10.4018/979-8-2600-1674-9.ch007|evidence:doi:10.4018/979-8-3373-0954-5.ch004|evidence:doi:10.4018/979-8-3373-7785-8.ch002|evidence:doi:10.4324/9781003397120|evidence:doi:10.4324/9781003397120-13|evidence:doi:10.4324/9781003397120-5|evidence:doi:10.4324/9781003397120-9|evidence:doi:10.4324/9781003488361-4|evidence:doi:10.4324/9781003669593-10|evidence:doi:10.4324/9781003669593-2|evidence:doi:10.4324/9781003669593-3|evidence:doi:10.4324/9781003669593-4|evidence:doi:10.4324/9781003669593-9|evidence:doi:10.46692/9781529239904.006|evidence:doi:10.5194/egusphere-2025-4546|evidence:doi:10.5194/icuc12-954|evidence:doi:10.5871/bacop26/9780856726736.001|evidence:doi:10.9734/bpi/nhstc/v12/7760; demand=cd-desalination-hydronization-sustainabilit-a178f78f2778; confidence=0.45||Analyse and design Workforce skill signal for desalination contexts at EQF 6, demonstrating knowledge and skills; evidence=evidence:doi:10.29013/esr-21-5.6-26-31|evidence:doi:10.37547/ijp/volume04issue12-52; demand=cd-desalination-hydronization-workforce-ski-76e4b365d51a; confidence=0.45",portfolio_and_case_study,112,82,0.45,review_required,metadata_only_limitation|propagated_review_required
cred-desalination-hydronization-eqf7-d6739caeb5e5,desalination — HYDRONIZATION competence pathway (EQF 7),desalination,HYDRONIZATION,7,4.0,cd-desalination-hydronization-governance-or-b3a63f29c27b|cd-desalination-hydronization-policy-or-reg-1ac0ea647cbf,"Evaluate and justify Governance or policy skill for desalination contexts at EQF 7, demonstrating advanced knowledge and social competence; evidence=evidence:doi:10.1007/978-3-030-72579-2_150|evidence:doi:10.1016/j.clet.2025.101126|evidence:doi:10.1016/j.desal.2024.117827|evidence:doi:10.4324/9781003669593-4|evidence:doi:10.5194/egusphere-2025-4546; demand=cd-desalination-hydronization-governance-or-b3a63f29c27b; confidence=0.45||Evaluate and justify Policy or regulation skill for desalination contexts at EQF 7, demonstrating advanced knowledge and social competence; evidence=evidence:doi:10.1016/j.wri.2023.100225; demand=cd-desalination-hydronization-policy-or-reg-1ac0ea647cbf; confidence=0.45",portfolio_and_case_study,6,6,0.45,review_required,metadata_only_limitation|propagated_review_required
cred-desalination-oceanic-eqf5-1d2ab93ac837,desalination — OCEANIC competence pathway (EQF 5),desalination,OCEANIC,5,4.0,cd-desalination-oceanic-education-and-train-591a76dc54aa|cd-desalination-oceanic-learning-outcome-si-045dce954210,"Apply and coordinate Education and training signal for desalination contexts at EQF 5, demonstrating skills and social competence; evidence=evidence:doi:10.5744/florida/9780813079400.003.0006; demand=cd-desalination-oceanic-education-and-train-591a76dc54aa; confidence=0.45||Apply and coordinate Learning outcome signal for desalination contexts at EQF 5, demonstrating skills and social competence; evidence=evidence:doi:10.21821/2309-5180-2020-12-5-877-883; demand=cd-desalination-oceanic-learning-outcome-si-045dce954210; confidence=0.45",portfolio_and_case_study,2,2,0.45,review_required,metadata_only_limitation|propagated_review_required
cred-desalination-oceanic-eqf6-baa37d073cd7,desalination — OCEANIC competence pathway (EQF 6),desalination,OCEANIC,6,4.0,cd-desalination-oceanic-education-and-train-591a76dc54aa|cd-desalination-oceanic-learning-outcome-si-045dce954210,"Analyse and design Education and training signal for desalination contexts at EQF 6, demonstrating knowledge and skills; evidence=evidence:doi:10.5744/florida/9780813079400.003.0006; demand=cd-desalination-oceanic-education-and-train-591a76dc54aa; confidence=0.45||Analyse and design Learning outcome signal for desalination contexts at EQF 6, demonstrating knowledge and skills; evidence=evidence:doi:10.21821/2309-5180-2020-12-5-877-883; demand=cd-desalination-oceanic-learning-outcome-si-045dce954210; confidence=0.45",portfolio_and_case_study,2,2,0.45,review_required,metadata_only_limitation|propagated_review_required
cred-infra-robotics-maritime-eqf4-907d94cfaf35,infra_robotics — MARITIME competence pathway (EQF 4),infra_robotics,MARITIME,4,2.0,cd-infra-robotics-maritime-policy-or-regula-c529e792e0bf,"Operate and monitor Policy or regulation skill for infra_robotics contexts at EQF 4, demonstrating skills; evidence=evidence:doi:10.1201/9781003528982-18; demand=cd-infra-robotics-maritime-policy-or-regula-c529e792e0bf; confidence=0.45",portfolio_and_case_study,1,1,0.45,review_required,metadata_only_limitation|propagated_review_required
cred-infra-robotics-maritime-eqf5-127d28967968,infra_robotics — MARITIME competence pathway (EQF 5),infra_robotics,MARITIME,5,16.0,cd-infra-robotics-maritime-digital-or-data--0e99159d636d|cd-infra-robotics-maritime-education-and-tr-8717ef37a029|cd-infra-robotics-maritime-explicit-compete-2a511c703737|cd-infra-robotics-maritime-learning-outcome-f7c430f5cba5|cd-infra-robotics-maritime-safety-or-risk-m-6389fb4bdddb|cd-infra-robotics-maritime-sustainability-r-f044430a9058|cd-infra-robotics-maritime-technical-or-eng-1dccaca3ab62|cd-infra-robotics-maritime-workforce-skill--8bb83f69b77d,"Apply and coordinate Digital or data skill for infra_robotics contexts at EQF 5, demonstrating skills and social competence; evidence=evidence:doi:10.1002/9781119552482.ch11|evidence:doi:10.1007/978-1-4471-5102-9_100116-1|evidence:doi:10.1007/978-3-030-13050-3_5|evidence:doi:10.1007/978-3-030-41560-0_9|evidence:doi:10.1007/978-3-030-65048-3_14|evidence:doi:10.1007/978-3-032-10362-8_2|evidence:doi:10.1007/978-3-658-37182-1_2|evidence:doi:10.1007/s42452-021-04451-5|evidence:doi:10.1016/j.cpes.2026.06.003|evidence:doi:10.1016/j.oceaneng.2022.111485|evidence:doi:10.1016/j.robot.2022.104096|evidence:doi:10.1016/j.robot.2024.104910|evidence:doi:10.1016/j.robot.2025.105186|evidence:doi:10.1016/j.robot.2026.105570|evidence:doi:10.1016/j.softx.2023.101426|evidence:doi:10.1016/j.technovation.2026.103479|evidence:doi:10.1017/cbp.2023.2|evidence:doi:10.1049/csy2.12110|evidence:doi:10.1109/airc64931.2025.11077478|evidence:doi:10.1109/icarsc49921.2020.9096097|evidence:doi:10.1109/iccps61052.2024.00032|evidence:doi:10.1109/iccworkshops57953.2023.10283756|evidence:doi:10.1109/icoici65217.2025.11252815|evidence:doi:10.1109/icps49255.2021.9468193|evidence:doi:10.1109/icps65515.2025.11087909|evidence:doi:10.1109/icsccc69031.2026.11600058|evidence:doi:10.1109/isas59543.2023.10164352|evidence:doi:10.1109/oceans47191.2022.9977104|evidence:doi:10.1109/oceans51537.2024.10682241|evidence:doi:10.1109/oceanse.2019.8867089|evidence:doi:10.1109/ojits.2025.3562504|evidence:doi:10.1201/9781003190134-8|evidence:doi:10.1201/9781003288169-7|evidence:doi:10.1201/9781003406105-4|evidence:doi:10.20944/preprints202303.0135.v1|evidence:doi:10.21203/rs.3.rs-10227456/v1|evidence:doi:10.21203/rs.3.rs-9193681/v1|evidence:doi:10.2139/ssrn.5288295|evidence:doi:10.2139/ssrn.6956978|evidence:doi:10.21622/marlog.2026.15.1.103|evidence:doi:10.31764/ijeca.v9i1.38275|evidence:doi:10.3389/frobt.2025.1655242|evidence:doi:10.3390/app16126210|evidence:doi:10.3390/drones9090605|evidence:doi:10.3390/s21082664|evidence:doi:10.36227/techrxiv.173948780.04650710/v1|evidence:doi:10.36227/techrxiv.176703996.62757261/v1|evidence:doi:10.36227/techrxiv.21258102|evidence:doi:10.4018/978-1-6684-7791-5.ch007|evidence:doi:10.4018/978-1-6684-7791-5.ch008|evidence:doi:10.4018/979-8-2600-2701-1.ch009|evidence:doi:10.4018/979-8-3373-2752-5.ch004|evidence:doi:10.4018/979-8-3373-4159-0.ch007|evidence:doi:10.4018/979-8-3373-5545-0.ch002|evidence:doi:10.4018/979-8-3373-6876-4.ch002|evidence:doi:10.4018/979-8-3373-6876-4.ch009|evidence:doi:10.4018/979-8-3373-7006-4.ch004|evidence:doi:10.4018/979-8-3373-8841-0.ch002|evidence:doi:10.4018/979-8-3693-5767-5.ch006|evidence:doi:10.4043/31042-ms|evidence:doi:10.4043/31773-ms|evidence:doi:10.4043/37093-ms|evidence:doi:10.4108/airo.3617|evidence:doi:10.5220/0013772600003982|evidence:doi:10.62311/nesx/905742|evidence:doi:10.62311/nesx/rb5j-978-81-687760-5-0|evidence:doi:10.70593/978-93-7185-542-6_7|evidence:title:06ee9d41ad0d3c29; demand=cd-infra-robotics-maritime-digital-or-data--0e99159d636d; confidence=0.44||Apply and coordinate Education and training signal for infra_robotics contexts at EQF 5, demonstrating skills and social competence; evidence=evidence:doi:10.1007/978-3-030-19913-5_11|evidence:doi:10.1007/978-3-030-19913-5_2|evidence:doi:10.1007/978-3-030-64088-0_15|evidence:doi:10.2172/2205013|evidence:doi:10.2172/2205017|evidence:doi:10.31764/ijeca.v9i1.38275|evidence:doi:10.32820/2074-8922-2020-67-44-54|evidence:doi:10.3390/educsci11020084|evidence:doi:10.3390/educsci16010105|evidence:doi:10.37680/scaffolding.v7i3.7987|evidence:doi:10.4018/979-8-3373-2752-5.ch002|evidence:doi:10.4018/979-8-3373-2752-5.ch004|evidence:doi:10.4018/979-8-3373-2752-5.ch006|evidence:doi:10.4043/30971-ms|evidence:doi:10.4043/32666-ms|evidence:doi:10.5220/0012551500003693|evidence:doi:10.5772/acrt.22|evidence:doi:10.5821/mt.11414; demand=cd-infra-robotics-maritime-education-and-tr-8717ef37a029; confidence=0.45||Apply and coordinate Explicit competence demand for infra_robotics contexts at EQF 5, demonstrating skills and social competence; evidence=evidence:doi:10.1109/lars/sbr/wre59448.2023.10332996|evidence:doi:10.32820/2074-8922-2021-71-70-78|evidence:doi:10.5821/mt.11414; demand=cd-infra-robotics-maritime-explicit-compete-2a511c703737; confidence=0.45||Apply and coordinate Learning outcome signal for infra_robotics contexts at EQF 5, demonstrating skills and social competence; evidence=evidence:doi:10.1007/978-3-032-10362-8_2|evidence:doi:10.1016/b978-0-12-819134-7.00004-6|evidence:doi:10.32820/2074-8922-2021-71-70-78|evidence:doi:10.3390/educsci11020084|evidence:doi:10.5821/mt.11414; demand=cd-infra-robotics-maritime-learning-outcome-f7c430f5cba5; confidence=0.45||Apply and coordinate Safety or risk-management skill for infra_robotics contexts at EQF 5, demonstrating skills and social competence; evidence=evidence:doi:10.1007/978-3-030-13050-3_5|evidence:doi:10.1007/978-3-030-41560-0_9|evidence:doi:10.1007/978-3-030-65048-3_14|evidence:doi:10.1016/j.robot.2025.105186|evidence:doi:10.1017/cbp.2023.2|evidence:doi:10.1109/iccps61052.2024.00032|evidence:doi:10.1109/icoici65217.2025.11254508|evidence:doi:10.1109/icps49255.2021.9468193|evidence:doi:10.1115/omae2023-103740|evidence:doi:10.1201/9781003190134-8|evidence:doi:10.1201/9781003288169-7|evidence:doi:10.1201/9781003406105-4|evidence:doi:10.17645/up.10043|evidence:doi:10.20944/preprints202303.0135.v1|evidence:doi:10.21203/rs.3.rs-9193681/v1|evidence:doi:10.23977/mastic.002|evidence:doi:10.4018/979-8-3373-5545-0.ch002|evidence:doi:10.5821/mt.11414|evidence:doi:10.59617/efepub20242333|evidence:doi:10.61132/ijmicse.v3i1.374|evidence:doi:10.62012/mp.vi.45889; demand=cd-infra-robotics-maritime-safety-or-risk-m-6389fb4bdddb; confidence=0.45||Apply and coordinate Sustainability, resilience, or adaptation skill for infra_robotics contexts at EQF 5, demonstrating skills and social competence; evidence=evidence:doi:10.1007/978-3-030-19913-5_2|evidence:doi:10.1007/978-3-032-04774-8_83|evidence:doi:10.1016/b978-0-12-819134-7.00004-6|evidence:doi:10.1016/j.cliser.2026.100646|evidence:doi:10.1016/j.robot.2026.105570|evidence:doi:10.1016/j.technovation.2026.103479|evidence:doi:10.1109/icsccc69031.2026.11600058|evidence:doi:10.17645/up.10043|evidence:doi:10.21203/rs.3.rs-9193681/v1|evidence:doi:10.2139/ssrn.5288295|evidence:doi:10.21622/marlog.2026.15.1.103|evidence:doi:10.31764/ijeca.v9i1.38275|evidence:doi:10.36227/techrxiv.173948780.04650710/v1|evidence:doi:10.59617/efepub20242333|evidence:doi:10.61132/ijmicse.v3i1.374|evidence:doi:10.70908/2232-6022/18.177-205; demand=cd-infra-robotics-maritime-sustainability-r-f044430a9058; confidence=0.45||Apply and coordinate Technical or engineering skill for infra_robotics contexts at EQF 5, demonstrating skills and social competence; evidence=evidence:doi:10.1007/978-3-030-19913-5_11|evidence:doi:10.1007/978-3-030-19913-5_2|evidence:doi:10.1007/978-3-030-65048-3_14|evidence:doi:10.1007/978-3-031-38376-2_2|evidence:doi:10.1007/978-3-031-38376-2_7|evidence:doi:10.1007/978-3-032-10362-8_2|evidence:doi:10.1016/j.robot.2022.104096|evidence:doi:10.1109/iditr57726.2023.10145939|evidence:doi:10.1109/isas59543.2023.10164352|evidence:doi:10.1109/lars/sbr/wre59448.2023.10332996|evidence:doi:10.1109/metrosea58055.2023.10317565|evidence:doi:10.1177/00375497231184246|evidence:doi:10.1201/9781003528982-18|evidence:doi:10.2172/2205017|evidence:doi:10.23919/oceans44145.2021.9706122|evidence:doi:10.3390/educsci11020084|evidence:doi:10.3390/educsci16010105|evidence:doi:10.4018/978-1-6684-7791-5.ch008|evidence:doi:10.4018/979-8-2600-2701-1.ch009|evidence:doi:10.4018/979-8-3373-4159-0.ch007|evidence:doi:10.4018/979-8-3373-6876-4.ch009|evidence:doi:10.4018/979-8-3373-7006-4.ch004|evidence:doi:10.4043/31773-ms|evidence:doi:10.4043/32666-ms|evidence:doi:10.4043/37093-ms|evidence:doi:10.4108/airo.3617|evidence:doi:10.5220/0012551500003693|evidence:doi:10.61132/ijmicse.v3i1.374|evidence:doi:10.62012/mp.vi.45889|evidence:doi:10.62311/nesx/905742|evidence:doi:10.62311/nesx/rb5j-978-81-687760-5-0|evidence:title:b641e5af1f733ece; demand=cd-infra-robotics-maritime-technical-or-eng-1dccaca3ab62; confidence=0.45||Apply and coordinate Workforce skill signal for infra_robotics contexts at EQF 5, demonstrating skills and social competence; evidence=evidence:doi:10.4043/32666-ms|evidence:doi:10.5772/acrt.22|evidence:doi:10.61132/ijmicse.v3i1.374; demand=cd-infra-robotics-maritime-workforce-skill--8bb83f69b77d; confidence=0.45",portfolio_and_case_study,166,103,0.449265,review_required,metadata_only_limitation|propagated_review_required
cred-infra-robotics-maritime-eqf6-669eeaa26796,infra_robotics — MARITIME competence pathway (EQF 6),infra_robotics,MARITIME,6,14.0,cd-infra-robotics-maritime-digital-or-data--0e99159d636d|cd-infra-robotics-maritime-education-and-tr-8717ef37a029|cd-infra-robotics-maritime-explicit-compete-2a511c703737|cd-infra-robotics-maritime-learning-outcome-f7c430f5cba5|cd-infra-robotics-maritime-safety-or-risk-m-6389fb4bdddb|cd-infra-robotics-maritime-sustainability-r-f044430a9058|cd-infra-robotics-maritime-workforce-skill--8bb83f69b77d,"Analyse and design Digital or data skill for infra_robotics contexts at EQF 6, demonstrating knowledge and skills; evidence=evidence:doi:10.1002/9781119552482.ch11|evidence:doi:10.1007/978-1-4471-5102-9_100116-1|evidence:doi:10.1007/978-3-030-13050-3_5|evidence:doi:10.1007/978-3-030-41560-0_9|evidence:doi:10.1007/978-3-030-65048-3_14|evidence:doi:10.1007/978-3-032-10362-8_2|evidence:doi:10.1007/978-3-658-37182-1_2|evidence:doi:10.1007/s42452-021-04451-5|evidence:doi:10.1016/j.cpes.2026.06.003|evidence:doi:10.1016/j.oceaneng.2022.111485|evidence:doi:10.1016/j.robot.2022.104096|evidence:doi:10.1016/j.robot.2024.104910|evidence:doi:10.1016/j.robot.2025.105186|evidence:doi:10.1016/j.robot.2026.105570|evidence:doi:10.1016/j.softx.2023.101426|evidence:doi:10.1016/j.technovation.2026.103479|evidence:doi:10.1017/cbp.2023.2|evidence:doi:10.1049/csy2.12110|evidence:doi:10.1109/airc64931.2025.11077478|evidence:doi:10.1109/icarsc49921.2020.9096097|evidence:doi:10.1109/iccps61052.2024.00032|evidence:doi:10.1109/iccworkshops57953.2023.10283756|evidence:doi:10.1109/icoici65217.2025.11252815|evidence:doi:10.1109/icps49255.2021.9468193|evidence:doi:10.1109/icps65515.2025.11087909|evidence:doi:10.1109/icsccc69031.2026.11600058|evidence:doi:10.1109/isas59543.2023.10164352|evidence:doi:10.1109/oceans47191.2022.9977104|evidence:doi:10.1109/oceans51537.2024.10682241|evidence:doi:10.1109/oceanse.2019.8867089|evidence:doi:10.1109/ojits.2025.3562504|evidence:doi:10.1201/9781003190134-8|evidence:doi:10.1201/9781003288169-7|evidence:doi:10.1201/9781003406105-4|evidence:doi:10.20944/preprints202303.0135.v1|evidence:doi:10.21203/rs.3.rs-10227456/v1|evidence:doi:10.21203/rs.3.rs-9193681/v1|evidence:doi:10.2139/ssrn.5288295|evidence:doi:10.2139/ssrn.6956978|evidence:doi:10.21622/marlog.2026.15.1.103|evidence:doi:10.31764/ijeca.v9i1.38275|evidence:doi:10.3389/frobt.2025.1655242|evidence:doi:10.3390/app16126210|evidence:doi:10.3390/drones9090605|evidence:doi:10.3390/s21082664|evidence:doi:10.36227/techrxiv.173948780.04650710/v1|evidence:doi:10.36227/techrxiv.176703996.62757261/v1|evidence:doi:10.36227/techrxiv.21258102|evidence:doi:10.4018/978-1-6684-7791-5.ch007|evidence:doi:10.4018/978-1-6684-7791-5.ch008|evidence:doi:10.4018/979-8-2600-2701-1.ch009|evidence:doi:10.4018/979-8-3373-2752-5.ch004|evidence:doi:10.4018/979-8-3373-4159-0.ch007|evidence:doi:10.4018/979-8-3373-5545-0.ch002|evidence:doi:10.4018/979-8-3373-6876-4.ch002|evidence:doi:10.4018/979-8-3373-6876-4.ch009|evidence:doi:10.4018/979-8-3373-7006-4.ch004|evidence:doi:10.4018/979-8-3373-8841-0.ch002|evidence:doi:10.4018/979-8-3693-5767-5.ch006|evidence:doi:10.4043/31042-ms|evidence:doi:10.4043/31773-ms|evidence:doi:10.4043/37093-ms|evidence:doi:10.4108/airo.3617|evidence:doi:10.5220/0013772600003982|evidence:doi:10.62311/nesx/905742|evidence:doi:10.62311/nesx/rb5j-978-81-687760-5-0|evidence:doi:10.70593/978-93-7185-542-6_7|evidence:title:06ee9d41ad0d3c29; demand=cd-infra-robotics-maritime-digital-or-data--0e99159d636d; confidence=0.44||Analyse and design Education and training signal for infra_robotics contexts at EQF 6, demonstrating knowledge and skills; evidence=evidence:doi:10.1007/978-3-030-19913-5_11|evidence:doi:10.1007/978-3-030-19913-5_2|evidence:doi:10.1007/978-3-030-64088-0_15|evidence:doi:10.2172/2205013|evidence:doi:10.2172/2205017|evidence:doi:10.31764/ijeca.v9i1.38275|evidence:doi:10.32820/2074-8922-2020-67-44-54|evidence:doi:10.3390/educsci11020084|evidence:doi:10.3390/educsci16010105|evidence:doi:10.37680/scaffolding.v7i3.7987|evidence:doi:10.4018/979-8-3373-2752-5.ch002|evidence:doi:10.4018/979-8-3373-2752-5.ch004|evidence:doi:10.4018/979-8-3373-2752-5.ch006|evidence:doi:10.4043/30971-ms|evidence:doi:10.4043/32666-ms|evidence:doi:10.5220/0012551500003693|evidence:doi:10.5772/acrt.22|evidence:doi:10.5821/mt.11414; demand=cd-infra-robotics-maritime-education-and-tr-8717ef37a029; confidence=0.45||Analyse and design Explicit competence demand for infra_robotics contexts at EQF 6, demonstrating knowledge and skills; evidence=evidence:doi:10.1109/lars/sbr/wre59448.2023.10332996|evidence:doi:10.32820/2074-8922-2021-71-70-78|evidence:doi:10.5821/mt.11414; demand=cd-infra-robotics-maritime-explicit-compete-2a511c703737; confidence=0.45||Analyse and design Learning outcome signal for infra_robotics contexts at EQF 6, demonstrating knowledge and skills; evidence=evidence:doi:10.1007/978-3-032-10362-8_2|evidence:doi:10.1016/b978-0-12-819134-7.00004-6|evidence:doi:10.32820/2074-8922-2021-71-70-78|evidence:doi:10.3390/educsci11020084|evidence:doi:10.5821/mt.11414; demand=cd-infra-robotics-maritime-learning-outcome-f7c430f5cba5; confidence=0.45||Analyse and design Safety or risk-management skill for infra_robotics contexts at EQF 6, demonstrating knowledge and skills; evidence=evidence:doi:10.1007/978-3-030-13050-3_5|evidence:doi:10.1007/978-3-030-41560-0_9|evidence:doi:10.1007/978-3-030-65048-3_14|evidence:doi:10.1016/j.robot.2025.105186|evidence:doi:10.1017/cbp.2023.2|evidence:doi:10.1109/iccps61052.2024.00032|evidence:doi:10.1109/icoici65217.2025.11254508|evidence:doi:10.1109/icps49255.2021.9468193|evidence:doi:10.1115/omae2023-103740|evidence:doi:10.1201/9781003190134-8|evidence:doi:10.1201/9781003288169-7|evidence:doi:10.1201/9781003406105-4|evidence:doi:10.17645/up.10043|evidence:doi:10.20944/preprints202303.0135.v1|evidence:doi:10.21203/rs.3.rs-9193681/v1|evidence:doi:10.23977/mastic.002|evidence:doi:10.4018/979-8-3373-5545-0.ch002|evidence:doi:10.5821/mt.11414|evidence:doi:10.59617/efepub20242333|evidence:doi:10.61132/ijmicse.v3i1.374|evidence:doi:10.62012/mp.vi.45889; demand=cd-infra-robotics-maritime-safety-or-risk-m-6389fb4bdddb; confidence=0.45||Analyse and design Sustainability, resilience, or adaptation skill for infra_robotics contexts at EQF 6, demonstrating knowledge and skills; evidence=evidence:doi:10.1007/978-3-030-19913-5_2|evidence:doi:10.1007/978-3-032-04774-8_83|evidence:doi:10.1016/b978-0-12-819134-7.00004-6|evidence:doi:10.1016/j.cliser.2026.100646|evidence:doi:10.1016/j.robot.2026.105570|evidence:doi:10.1016/j.technovation.2026.103479|evidence:doi:10.1109/icsccc69031.2026.11600058|evidence:doi:10.17645/up.10043|evidence:doi:10.21203/rs.3.rs-9193681/v1|evidence:doi:10.2139/ssrn.5288295|evidence:doi:10.21622/marlog.2026.15.1.103|evidence:doi:10.31764/ijeca.v9i1.38275|evidence:doi:10.36227/techrxiv.173948780.04650710/v1|evidence:doi:10.59617/efepub20242333|evidence:doi:10.61132/ijmicse.v3i1.374|evidence:doi:10.70908/2232-6022/18.177-205; demand=cd-infra-robotics-maritime-sustainability-r-f044430a9058; confidence=0.45||Analyse and design Workforce skill signal for infra_robotics contexts at EQF 6, demonstrating knowledge and skills; evidence=evidence:doi:10.4043/32666-ms|evidence:doi:10.5772/acrt.22|evidence:doi:10.61132/ijmicse.v3i1.374; demand=cd-infra-robotics-maritime-workforce-skill--8bb83f69b77d; confidence=0.45",portfolio_and_case_study,134,96,0.44916,review_required,metadata_only_limitation|propagated_review_required
cred-infra-robotics-maritime-eqf7-36ffce2bb153,infra_robotics — MARITIME competence pathway (EQF 7),infra_robotics,MARITIME,7,2.0,cd-infra-robotics-maritime-policy-or-regula-c529e792e0bf,"Evaluate and justify Policy or regulation skill for infra_robotics contexts at EQF 7, demonstrating advanced knowledge and social competence; evidence=evidence:doi:10.1201/9781003528982-18; demand=cd-infra-robotics-maritime-policy-or-regula-c529e792e0bf; confidence=0.45",portfolio_and_case_study,1,1,0.45,review_required,metadata_only_limitation|propagated_review_required
cred-infra-robotics-oceanic-eqf5-3aa05047d3d3,infra_robotics — OCEANIC competence pathway (EQF 5),infra_robotics,OCEANIC,5,4.0,cd-infra-robotics-oceanic-digital-or-data-s-19ddb96ef7cc|cd-infra-robotics-oceanic-technical-or-engi-7f364449f031,"Apply and coordinate Digital or data skill for infra_robotics contexts at EQF 5, demonstrating skills and social competence; evidence=evidence:doi:10.1109/joe.2019.2899541; demand=cd-infra-robotics-oceanic-digital-or-data-s-19ddb96ef7cc; confidence=0.45||Apply and coordinate Technical or engineering skill for infra_robotics contexts at EQF 5, demonstrating skills and social competence; evidence=evidence:doi:10.1109/joe.2018.2868488|evidence:doi:10.1109/joe.2019.2899541|evidence:doi:10.1109/joe.2025.3527081; demand=cd-infra-robotics-oceanic-technical-or-engi-7f364449f031; confidence=0.45",portfolio_and_case_study,4,3,0.45,review_required,metadata_only_limitation|propagated_review_required
cred-infra-robotics-oceanic-eqf6-5ec0a9e01e13,infra_robotics — OCEANIC competence pathway (EQF 6),infra_robotics,OCEANIC,6,4.0,cd-infra-robotics-oceanic-digital-or-data-s-19ddb96ef7cc|cd-infra-robotics-oceanic-technical-or-engi-7f364449f031,"Analyse and design Digital or data skill for infra_robotics contexts at EQF 6, demonstrating knowledge and skills; evidence=evidence:doi:10.1109/joe.2019.2899541; demand=cd-infra-robotics-oceanic-digital-or-data-s-19ddb96ef7cc; confidence=0.45||Analyse and design Technical or engineering skill for infra_robotics contexts at EQF 6, demonstrating knowledge and skills; evidence=evidence:doi:10.1109/joe.2018.2868488|evidence:doi:10.1109/joe.2019.2899541|evidence:doi:10.1109/joe.2025.3527081; demand=cd-infra-robotics-oceanic-technical-or-engi-7f364449f031; confidence=0.45",portfolio_and_case_study,4,3,0.45,review_required,metadata_only_limitation|propagated_review_required
cred-living-res-marine-eqf4-f581eb93977c,living_res — MARINE competence pathway (EQF 4),living_res,MARINE,4,2.0,cd-living-res-marine-policy-or-regulation-s-9eb635107504,"Operate and monitor Policy or regulation skill for living_res contexts at EQF 4, demonstrating skills; evidence=evidence:doi:10.1007/s11852-026-01216-3|evidence:doi:10.1016/b978-0-12-821056-7.00003-2|evidence:doi:10.13057/biodiv/d270513; demand=cd-living-res-marine-policy-or-regulation-s-9eb635107504; confidence=0.45",portfolio_and_case_study,3,3,0.45,review_required,metadata_only_limitation|propagated_review_required
cred-living-res-marine-eqf5-6e9529eb7fd8,living_res — MARINE competence pathway (EQF 5),living_res,MARINE,5,14.0,cd-living-res-marine-digital-or-data-skill-b40506090006|cd-living-res-marine-education-and-training-f4d553bfc77f|cd-living-res-marine-learning-outcome-signa-dca3a600f8b6|cd-living-res-marine-safety-or-risk-managem-0873e5072f95|cd-living-res-marine-social-science-or-lite-d8c38f65ce64|cd-living-res-marine-sustainability-resilie-15bb83d6aada|cd-living-res-marine-workforce-skill-signal-c916f84077d3,"Apply and coordinate Digital or data skill for living_res contexts at EQF 5, demonstrating skills and social competence; evidence=evidence:doi:10.1016/j.atech.2022.100061|evidence:doi:10.1111/geoj.70089|evidence:doi:10.18690/um.fov.4.2024.16|evidence:doi:10.18690/um.fov.4.2024.19|evidence:doi:10.18690/um.fov.4.2024.2|evidence:doi:10.18690/um.fov.4.2024.28|evidence:doi:10.18690/um.fov.4.2024.8|evidence:doi:10.2139/ssrn.4878341|evidence:doi:10.2139/ssrn.6568991|evidence:doi:10.21776/ub.ecsofim.2025.013.01.04|evidence:doi:10.4018/979-8-2600-1669-5.ch002|evidence:doi:10.5194/egusphere-egu22-13542|evidence:doi:10.5194/egusphere-egu23-9262|evidence:doi:10.5194/egusphere-egu26-17814|evidence:doi:10.5194/ems2024-601|evidence:doi:10.55938/wlp.v2i7.314|evidence:doi:10.62311/nesx/rb-978-81-999639-9-3; demand=cd-living-res-marine-digital-or-data-skill-b40506090006; confidence=0.45||Apply and coordinate Education and training signal for living_res contexts at EQF 5, demonstrating skills and social competence; evidence=evidence:doi:10.1007/s10499-020-00560-x|evidence:doi:10.18690/um.fov.4.2024.19|evidence:doi:10.32923/424j4g58; demand=cd-living-res-marine-education-and-training-f4d553bfc77f; confidence=0.45||Apply and coordinate Learning outcome signal for living_res contexts at EQF 5, demonstrating skills and social competence; evidence=evidence:doi:10.1007/s10499-020-00560-x|evidence:doi:10.1016/j.aquaculture.2019.734785|evidence:doi:10.1016/j.marpol.2026.107187|evidence:doi:10.32923/424j4g58; demand=cd-living-res-marine-learning-outcome-signa-dca3a600f8b6; confidence=0.45||Apply and coordinate Safety or risk-management skill for living_res contexts at EQF 5, demonstrating skills and social competence; evidence=evidence:doi:10.1016/j.aaf.2021.04.002|evidence:doi:10.1093/icesjms/fsag037|evidence:doi:10.1093/inteam/vjag035|evidence:doi:10.1111/beer.12678/v1/review1|evidence:doi:10.31888/jkgs.2022.42.2.273|evidence:doi:10.62311/nesx/rb-978-81-999639-9-3; demand=cd-living-res-marine-safety-or-risk-managem-0873e5072f95; confidence=0.45||Apply and coordinate Social-science or literacy skill for living_res contexts at EQF 5, demonstrating skills and social competence; evidence=evidence:doi:10.1007/s13280-025-02302-w|evidence:doi:10.1080/08920753.2019.1564958; demand=cd-living-res-marine-social-science-or-lite-d8c38f65ce64; confidence=0.45||Apply and coordinate Sustainability, resilience, or adaptation skill for living_res contexts at EQF 5, demonstrating skills and social competence; evidence=evidence:doi:10.1007/978-3-031-75826-3_26|evidence:doi:10.1007/978-3-032-13638-1_19|evidence:doi:10.1007/978-3-032-19927-0_102|evidence:doi:10.1007/s11160-026-10044-5|evidence:doi:10.1007/s40152-026-00485-w|evidence:doi:10.1007/s44289-026-00140-6|evidence:doi:10.1016/j.aquaculture.2026.743678|evidence:doi:10.1016/j.marpolbul.2025.119018|evidence:doi:10.1016/j.nbsj.2026.100357|evidence:doi:10.1017/s1355770x2610045x|evidence:doi:10.1038/s43016-020-0127-5|evidence:doi:10.13057/biodiv/d270140|evidence:doi:10.1787/5fa2c770-en|evidence:doi:10.18690/um.fov.4.2024.44|evidence:doi:10.2139/ssrn.4878341|evidence:doi:10.2139/ssrn.6568991|evidence:doi:10.3389/fmars.2026.1769853|evidence:doi:10.4018/979-8-2600-1669-5.ch002|evidence:doi:10.4018/979-8-3373-5881-9.ch003|evidence:doi:10.4018/979-8-3373-9978-2.ch010|evidence:doi:10.4324/9781003262442-12|evidence:doi:10.4324/9781003616771-8|evidence:doi:10.4337/9781035322596.00022|evidence:doi:10.5194/egusphere-egu22-13542|evidence:doi:10.5194/egusphere-egu23-9262|evidence:doi:10.5194/egusphere-egu26-17814|evidence:doi:10.5194/ems2024-601|evidence:doi:10.55938/wlp.v2i7.314|evidence:doi:10.62311/nesx/rb-978-81-999639-9-3; demand=cd-living-res-marine-sustainability-resilie-15bb83d6aada; confidence=0.45||Apply and coordinate Workforce skill signal for living_res contexts at EQF 5, demonstrating skills and social competence; evidence=evidence:doi:10.4018/979-8-2600-1669-5.ch002; demand=cd-living-res-marine-workforce-skill-signal-c916f84077d3; confidence=0.45",portfolio_and_case_study,62,48,0.45,review_required,metadata_only_limitation|propagated_review_required
cred-living-res-marine-eqf6-7bb54c7835df,living_res — MARINE competence pathway (EQF 6),living_res,MARINE,6,14.0,cd-living-res-marine-digital-or-data-skill-b40506090006|cd-living-res-marine-education-and-training-f4d553bfc77f|cd-living-res-marine-learning-outcome-signa-dca3a600f8b6|cd-living-res-marine-safety-or-risk-managem-0873e5072f95|cd-living-res-marine-social-science-or-lite-d8c38f65ce64|cd-living-res-marine-sustainability-resilie-15bb83d6aada|cd-living-res-marine-workforce-skill-signal-c916f84077d3,"Analyse and design Digital or data skill for living_res contexts at EQF 6, demonstrating knowledge and skills; evidence=evidence:doi:10.1016/j.atech.2022.100061|evidence:doi:10.1111/geoj.70089|evidence:doi:10.18690/um.fov.4.2024.16|evidence:doi:10.18690/um.fov.4.2024.19|evidence:doi:10.18690/um.fov.4.2024.2|evidence:doi:10.18690/um.fov.4.2024.28|evidence:doi:10.18690/um.fov.4.2024.8|evidence:doi:10.2139/ssrn.4878341|evidence:doi:10.2139/ssrn.6568991|evidence:doi:10.21776/ub.ecsofim.2025.013.01.04|evidence:doi:10.4018/979-8-2600-1669-5.ch002|evidence:doi:10.5194/egusphere-egu22-13542|evidence:doi:10.5194/egusphere-egu23-9262|evidence:doi:10.5194/egusphere-egu26-17814|evidence:doi:10.5194/ems2024-601|evidence:doi:10.55938/wlp.v2i7.314|evidence:doi:10.62311/nesx/rb-978-81-999639-9-3; demand=cd-living-res-marine-digital-or-data-skill-b40506090006; confidence=0.45||Analyse and design Education and training signal for living_res contexts at EQF 6, demonstrating knowledge and skills; evidence=evidence:doi:10.1007/s10499-020-00560-x|evidence:doi:10.18690/um.fov.4.2024.19|evidence:doi:10.32923/424j4g58; demand=cd-living-res-marine-education-and-training-f4d553bfc77f; confidence=0.45||Analyse and design Learning outcome signal for living_res contexts at EQF 6, demonstrating knowledge and skills; evidence=evidence:doi:10.1007/s10499-020-00560-x|evidence:doi:10.1016/j.aquaculture.2019.734785|evidence:doi:10.1016/j.marpol.2026.107187|evidence:doi:10.32923/424j4g58; demand=cd-living-res-marine-learning-outcome-signa-dca3a600f8b6; confidence=0.45||Analyse and design Safety or risk-management skill for living_res contexts at EQF 6, demonstrating knowledge and skills; evidence=evidence:doi:10.1016/j.aaf.2021.04.002|evidence:doi:10.1093/icesjms/fsag037|evidence:doi:10.1093/inteam/vjag035|evidence:doi:10.1111/beer.12678/v1/review1|evidence:doi:10.31888/jkgs.2022.42.2.273|evidence:doi:10.62311/nesx/rb-978-81-999639-9-3; demand=cd-living-res-marine-safety-or-risk-managem-0873e5072f95; confidence=0.45||Analyse and design Social-science or literacy skill for living_res contexts at EQF 6, demonstrating knowledge and skills; evidence=evidence:doi:10.1007/s13280-025-02302-w|evidence:doi:10.1080/08920753.2019.1564958; demand=cd-living-res-marine-social-science-or-lite-d8c38f65ce64; confidence=0.45||Analyse and design Sustainability, resilience, or adaptation skill for living_res contexts at EQF 6, demonstrating knowledge and skills; evidence=evidence:doi:10.1007/978-3-031-75826-3_26|evidence:doi:10.1007/978-3-032-13638-1_19|evidence:doi:10.1007/978-3-032-19927-0_102|evidence:doi:10.1007/s11160-026-10044-5|evidence:doi:10.1007/s40152-026-00485-w|evidence:doi:10.1007/s44289-026-00140-6|evidence:doi:10.1016/j.aquaculture.2026.743678|evidence:doi:10.1016/j.marpolbul.2025.119018|evidence:doi:10.1016/j.nbsj.2026.100357|evidence:doi:10.1017/s1355770x2610045x|evidence:doi:10.1038/s43016-020-0127-5|evidence:doi:10.13057/biodiv/d270140|evidence:doi:10.1787/5fa2c770-en|evidence:doi:10.18690/um.fov.4.2024.44|evidence:doi:10.2139/ssrn.4878341|evidence:doi:10.2139/ssrn.6568991|evidence:doi:10.3389/fmars.2026.1769853|evidence:doi:10.4018/979-8-2600-1669-5.ch002|evidence:doi:10.4018/979-8-3373-5881-9.ch003|evidence:doi:10.4018/979-8-3373-9978-2.ch010|evidence:doi:10.4324/9781003262442-12|evidence:doi:10.4324/9781003616771-8|evidence:doi:10.4337/9781035322596.00022|evidence:doi:10.5194/egusphere-egu22-13542|evidence:doi:10.5194/egusphere-egu23-9262|evidence:doi:10.5194/egusphere-egu26-17814|evidence:doi:10.5194/ems2024-601|evidence:doi:10.55938/wlp.v2i7.314|evidence:doi:10.62311/nesx/rb-978-81-999639-9-3; demand=cd-living-res-marine-sustainability-resilie-15bb83d6aada; confidence=0.45||Analyse and design Workforce skill signal for living_res contexts at EQF 6, demonstrating knowledge and skills; evidence=evidence:doi:10.4018/979-8-2600-1669-5.ch002; demand=cd-living-res-marine-workforce-skill-signal-c916f84077d3; confidence=0.45",portfolio_and_case_study,62,48,0.45,review_required,metadata_only_limitation|propagated_review_required
cred-living-res-marine-eqf7-9670e1bdaabf,living_res — MARINE competence pathway (EQF 7),living_res,MARINE,7,4.0,cd-living-res-marine-governance-or-policy-s-8ecb46cad3b1|cd-living-res-marine-policy-or-regulation-s-9eb635107504,"Evaluate and justify Governance or policy skill for living_res contexts at EQF 7, demonstrating advanced knowledge and social competence; evidence=evidence:doi:10.1002/aff2.70109|evidence:doi:10.1016/j.aquaculture.2025.742573|evidence:doi:10.1016/j.jrurstud.2021.01.008|evidence:doi:10.1111/beer.12678/v1/review1|evidence:doi:10.1111/geoj.70089|evidence:doi:10.1787/5fa2c770-en|evidence:doi:10.18690/um.fov.4.2024.52|evidence:doi:10.2139/ssrn.6568991|evidence:doi:10.3389/fmars.2022.933111|evidence:doi:10.3389/fmars.2024.1297975; demand=cd-living-res-marine-governance-or-policy-s-8ecb46cad3b1; confidence=0.45||Evaluate and justify Policy or regulation skill for living_res contexts at EQF 7, demonstrating advanced knowledge and social competence; evidence=evidence:doi:10.1007/s11852-026-01216-3|evidence:doi:10.1016/b978-0-12-821056-7.00003-2|evidence:doi:10.13057/biodiv/d270513; demand=cd-living-res-marine-policy-or-regulation-s-9eb635107504; confidence=0.45",portfolio_and_case_study,13,13,0.45,review_required,metadata_only_limitation|propagated_review_required
cred-living-res-oceanic-eqf7-28816847de16,living_res — OCEANIC competence pathway (EQF 7),living_res,OCEANIC,7,2.0,cd-living-res-oceanic-governance-or-policy--cb756e1a30e2,"Evaluate and justify Governance or policy skill for living_res contexts at EQF 7, demonstrating advanced knowledge and social competence; evidence=evidence:doi:10.1007/978-3-030-89624-9_3|evidence:doi:10.1016/j.marpol.2021.104743|evidence:doi:10.11647/obp.0395.10; demand=cd-living-res-oceanic-governance-or-policy--cb756e1a30e2; confidence=0.45",portfolio_and_case_study,3,3,0.45,review_required,metadata_only_limitation|propagated_review_required
cred-maritime-defence-maritime-eqf4-b4300962ae5c,maritime_defence — MARITIME competence pathway (EQF 4),maritime_defence,MARITIME,4,2.0,cd-maritime-defence-maritime-policy-or-regu-834d5a44f381,"Operate and monitor Policy or regulation skill for maritime_defence contexts at EQF 4, demonstrating skills; evidence=evidence:doi:10.30525/978-9934-26-106-0-2|evidence:doi:10.4324/9781003716617-51|evidence:title:87275667d84d626e; demand=cd-maritime-defence-maritime-policy-or-regu-834d5a44f381; confidence=0.45",portfolio_and_case_study,3,2,0.45,review_required,metadata_only_limitation|propagated_review_required
cred-maritime-defence-maritime-eqf5-12b7e6d1785c,maritime_defence — MARITIME competence pathway (EQF 5),maritime_defence,MARITIME,5,16.0,cd-maritime-defence-maritime-digital-or-dat-edcef2a54eec|cd-maritime-defence-maritime-education-and--3c9cafeed06a|cd-maritime-defence-maritime-explicit-compe-04de87a02ab9|cd-maritime-defence-maritime-learning-outco-f2f427a4ace5|cd-maritime-defence-maritime-safety-or-risk-01c8616039cd|cd-maritime-defence-maritime-sustainability-19033743b1f2|cd-maritime-defence-maritime-technical-or-e-b448a62f81b1|cd-maritime-defence-maritime-workforce-skil-106469834589,"Apply and coordinate Digital or data skill for maritime_defence contexts at EQF 5, demonstrating skills and social competence; evidence=evidence:doi:10.1007/978-3-031-63337-9_10|evidence:doi:10.1007/978-3-031-82790-7_9|evidence:doi:10.1007/978-3-031-87290-7_2|evidence:doi:10.1016/j.ijcip.2024.100683|evidence:doi:10.1016/j.oceaneng.2025.122797|evidence:doi:10.1016/j.ocecoaman.2025.107857|evidence:doi:10.1080/14751798.2026.2695480|evidence:doi:10.1109/educon62633.2025.11016646|evidence:doi:10.1109/oceans55160.2024.10754202|evidence:doi:10.1115/omae2023-100626|evidence:doi:10.1115/omae2024-122628|evidence:doi:10.17770/etr2024vol4.8224|evidence:doi:10.2139/ssrn.5518717|evidence:doi:10.22381/rcp2220236|evidence:doi:10.62225/2583049x.2026.6.1.5740|evidence:doi:10.70269/10.70269/3734943838; demand=cd-maritime-defence-maritime-digital-or-dat-edcef2a54eec; confidence=0.45||Apply and coordinate Education and training signal for maritime_defence contexts at EQF 5, demonstrating skills and social competence; evidence=evidence:doi:10.1007/s13437-025-00368-7|evidence:doi:10.1109/educon62633.2025.11016646|evidence:doi:10.21070/halaqa.v4i2.1088|evidence:doi:10.2478/gssfj-2022-0010|evidence:doi:10.28925/2412-0774.2025.4.4|evidence:doi:10.30525/978-9934-26-106-0-2|evidence:doi:10.52449/soh23.51; demand=cd-maritime-defence-maritime-education-and--3c9cafeed06a; confidence=0.45||Apply and coordinate Explicit competence demand for maritime_defence contexts at EQF 5, demonstrating skills and social competence; evidence=evidence:doi:10.1007/s13437-025-00368-7|evidence:doi:10.28925/2412-0774.2025.4.4|evidence:doi:10.30525/978-9934-26-106-0-2|evidence:doi:10.30525/978-9934-588-15-0-4|evidence:doi:10.70269/10.70269/3734943838; demand=cd-maritime-defence-maritime-explicit-compe-04de87a02ab9; confidence=0.45||Apply and coordinate Learning outcome signal for maritime_defence contexts at EQF 5, demonstrating skills and social competence; evidence=evidence:doi:10.1007/978-3-031-63337-9_10|evidence:doi:10.1016/j.ocecoaman.2025.107698|evidence:doi:10.17509/curricula.v4i2.87174|evidence:doi:10.4324/9781003505112-3; demand=cd-maritime-defence-maritime-learning-outco-f2f427a4ace5; confidence=0.45||Apply and coordinate Safety or risk-management skill for maritime_defence contexts at EQF 5, demonstrating skills and social competence; evidence=evidence:doi:10.1016/j.ocecoaman.2025.107857; demand=cd-maritime-defence-maritime-safety-or-risk-01c8616039cd; confidence=0.45||Apply and coordinate Sustainability, resilience, or adaptation skill for maritime_defence contexts at EQF 5, demonstrating skills and social competence; evidence=evidence:doi:10.1007/978-3-031-59903-3_11|evidence:doi:10.1007/978-3-031-59903-3_4|evidence:doi:10.1007/978-3-032-19927-0_93|evidence:doi:10.1007/978-3-032-25364-4_4|evidence:doi:10.1016/j.resourpol.2023.104331|evidence:doi:10.33714/masteb.1337034|evidence:doi:10.3390/jmse13030621|evidence:doi:10.4018/979-8-3373-5238-1.ch010|evidence:doi:10.4324/9781003716617-51|evidence:doi:10.5220/0012649400003798; demand=cd-maritime-defence-maritime-sustainability-19033743b1f2; confidence=0.45||Apply and coordinate Technical or engineering skill for maritime_defence contexts at EQF 5, demonstrating skills and social competence; evidence=evidence:doi:10.1002/cpe.6300|evidence:doi:10.1007/978-981-96-8101-3_13|evidence:doi:10.17509/curricula.v4i2.87174|evidence:doi:10.21070/halaqa.v4i2.1088|evidence:doi:10.28925/2412-0774.2025.4.4|evidence:title:4c70444f7b5e5c06; demand=cd-maritime-defence-maritime-technical-or-e-b448a62f81b1; confidence=0.45||Apply and coordinate Workforce skill signal for maritime_defence contexts at EQF 5, demonstrating skills and social competence; evidence=evidence:doi:10.1007/978-3-031-87290-7_2|evidence:doi:10.1007/978-981-96-8101-3_13|evidence:doi:10.2478/gssfj-2022-0010|evidence:doi:10.30525/978-9934-26-106-0-2|evidence:doi:10.30525/978-9934-588-15-0-4|evidence:doi:10.5220/0012649400003798|evidence:doi:10.52449/soh23.51; demand=cd-maritime-defence-maritime-workforce-skil-106469834589; confidence=0.45",portfolio_and_case_study,56,38,0.45,review_required,metadata_only_limitation|propagated_review_required
cred-maritime-defence-maritime-eqf6-3179ce619e13,maritime_defence — MARITIME competence pathway (EQF 6),maritime_defence,MARITIME,6,16.0,cd-maritime-defence-maritime-digital-or-dat-edcef2a54eec|cd-maritime-defence-maritime-education-and--3c9cafeed06a|cd-maritime-defence-maritime-explicit-compe-04de87a02ab9|cd-maritime-defence-maritime-learning-outco-f2f427a4ace5|cd-maritime-defence-maritime-safety-or-risk-01c8616039cd|cd-maritime-defence-maritime-sustainability-19033743b1f2|cd-maritime-defence-maritime-technical-or-e-b448a62f81b1|cd-maritime-defence-maritime-workforce-skil-106469834589,"Analyse and design Digital or data skill for maritime_defence contexts at EQF 6, demonstrating knowledge and skills; evidence=evidence:doi:10.1007/978-3-031-63337-9_10|evidence:doi:10.1007/978-3-031-82790-7_9|evidence:doi:10.1007/978-3-031-87290-7_2|evidence:doi:10.1016/j.ijcip.2024.100683|evidence:doi:10.1016/j.oceaneng.2025.122797|evidence:doi:10.1016/j.ocecoaman.2025.107857|evidence:doi:10.1080/14751798.2026.2695480|evidence:doi:10.1109/educon62633.2025.11016646|evidence:doi:10.1109/oceans55160.2024.10754202|evidence:doi:10.1115/omae2023-100626|evidence:doi:10.1115/omae2024-122628|evidence:doi:10.17770/etr2024vol4.8224|evidence:doi:10.2139/ssrn.5518717|evidence:doi:10.22381/rcp2220236|evidence:doi:10.62225/2583049x.2026.6.1.5740|evidence:doi:10.70269/10.70269/3734943838; demand=cd-maritime-defence-maritime-digital-or-dat-edcef2a54eec; confidence=0.45||Analyse and design Education and training signal for maritime_defence contexts at EQF 6, demonstrating knowledge and skills; evidence=evidence:doi:10.1007/s13437-025-00368-7|evidence:doi:10.1109/educon62633.2025.11016646|evidence:doi:10.21070/halaqa.v4i2.1088|evidence:doi:10.2478/gssfj-2022-0010|evidence:doi:10.28925/2412-0774.2025.4.4|evidence:doi:10.30525/978-9934-26-106-0-2|evidence:doi:10.52449/soh23.51; demand=cd-maritime-defence-maritime-education-and--3c9cafeed06a; confidence=0.45||Analyse and design Explicit competence demand for maritime_defence contexts at EQF 6, demonstrating knowledge and skills; evidence=evidence:doi:10.1007/s13437-025-00368-7|evidence:doi:10.28925/2412-0774.2025.4.4|evidence:doi:10.30525/978-9934-26-106-0-2|evidence:doi:10.30525/978-9934-588-15-0-4|evidence:doi:10.70269/10.70269/3734943838; demand=cd-maritime-defence-maritime-explicit-compe-04de87a02ab9; confidence=0.45||Analyse and design Learning outcome signal for maritime_defence contexts at EQF 6, demonstrating knowledge and skills; evidence=evidence:doi:10.1007/978-3-031-63337-9_10|evidence:doi:10.1016/j.ocecoaman.2025.107698|evidence:doi:10.17509/curricula.v4i2.87174|evidence:doi:10.4324/9781003505112-3; demand=cd-maritime-defence-maritime-learning-outco-f2f427a4ace5; confidence=0.45||Analyse and design Safety or risk-management skill for maritime_defence contexts at EQF 6, demonstrating knowledge and skills; evidence=evidence:doi:10.1016/j.ocecoaman.2025.107857; demand=cd-maritime-defence-maritime-safety-or-risk-01c8616039cd; confidence=0.45||Analyse and design Sustainability, resilience, or adaptation skill for maritime_defence contexts at EQF 6, demonstrating knowledge and skills; evidence=evidence:doi:10.1007/978-3-031-59903-3_11|evidence:doi:10.1007/978-3-031-59903-3_4|evidence:doi:10.1007/978-3-032-19927-0_93|evidence:doi:10.1007/978-3-032-25364-4_4|evidence:doi:10.1016/j.resourpol.2023.104331|evidence:doi:10.33714/masteb.1337034|evidence:doi:10.3390/jmse13030621|evidence:doi:10.4018/979-8-3373-5238-1.ch010|evidence:doi:10.4324/9781003716617-51|evidence:doi:10.5220/0012649400003798; demand=cd-maritime-defence-maritime-sustainability-19033743b1f2; confidence=0.45||Analyse and design Technical or engineering skill for maritime_defence contexts at EQF 6, demonstrating knowledge and skills; evidence=evidence:doi:10.1002/cpe.6300|evidence:doi:10.1007/978-981-96-8101-3_13|evidence:doi:10.17509/curricula.v4i2.87174|evidence:doi:10.21070/halaqa.v4i2.1088|evidence:doi:10.28925/2412-0774.2025.4.4|evidence:title:4c70444f7b5e5c06; demand=cd-maritime-defence-maritime-technical-or-e-b448a62f81b1; confidence=0.45||Analyse and design Workforce skill signal for maritime_defence contexts at EQF 6, demonstrating knowledge and skills; evidence=evidence:doi:10.1007/978-3-031-87290-7_2|evidence:doi:10.1007/978-981-96-8101-3_13|evidence:doi:10.2478/gssfj-2022-0010|evidence:doi:10.30525/978-9934-26-106-0-2|evidence:doi:10.30525/978-9934-588-15-0-4|evidence:doi:10.5220/0012649400003798|evidence:doi:10.52449/soh23.51; demand=cd-maritime-defence-maritime-workforce-skil-106469834589; confidence=0.45",portfolio_and_case_study,56,38,0.45,review_required,metadata_only_limitation|propagated_review_required
cred-maritime-defence-maritime-eqf7-fed8f6f9b47c,maritime_defence — MARITIME competence pathway (EQF 7),maritime_defence,MARITIME,7,4.0,cd-maritime-defence-maritime-governance-or--c1978ab272bb|cd-maritime-defence-maritime-policy-or-regu-834d5a44f381,"Evaluate and justify Governance or policy skill for maritime_defence contexts at EQF 7, demonstrating advanced knowledge and social competence; evidence=evidence:doi:10.1007/978-3-031-59903-3_4|evidence:doi:10.1007/978-3-032-25364-4_4|evidence:doi:10.1007/978-981-95-1169-3_38|evidence:doi:10.1016/j.martra.2021.100023|evidence:doi:10.1016/j.resourpol.2023.104331|evidence:doi:10.1057/s41254-025-00417-1|evidence:doi:10.1080/09662839.2023.2248001|evidence:doi:10.1142/9789819831241_0007|evidence:title:87275667d84d626e; demand=cd-maritime-defence-maritime-governance-or--c1978ab272bb; confidence=0.45||Evaluate and justify Policy or regulation skill for maritime_defence contexts at EQF 7, demonstrating advanced knowledge and social competence; evidence=evidence:doi:10.30525/978-9934-26-106-0-2|evidence:doi:10.4324/9781003716617-51|evidence:title:87275667d84d626e; demand=cd-maritime-defence-maritime-policy-or-regu-834d5a44f381; confidence=0.45",portfolio_and_case_study,12,10,0.45,review_required,metadata_only_limitation|propagated_review_required
cred-maritime-defence-oceanic-eqf5-1544d45071c6,maritime_defence — OCEANIC competence pathway (EQF 5),maritime_defence,OCEANIC,5,4.0,cd-maritime-defence-oceanic-safety-or-risk--97c853f64687|cd-maritime-defence-oceanic-sustainability--0d08a604ad64,"Apply and coordinate Safety or risk-management skill for maritime_defence contexts at EQF 5, demonstrating skills and social competence; evidence=evidence:doi:10.1016/j.marpol.2022.105156|evidence:doi:10.1163/9789004389908_004|evidence:doi:10.17265/2328-2134/2023.02.001|evidence:doi:10.20944/preprints202311.0412.v1|evidence:doi:10.47268/sasi.v30i1.1789|evidence:doi:10.51459/futajeet.2014.8.2.15; demand=cd-maritime-defence-oceanic-safety-or-risk--97c853f64687; confidence=0.45||Apply and coordinate Sustainability, resilience, or adaptation skill for maritime_defence contexts at EQF 5, demonstrating skills and social competence; evidence=evidence:doi:10.1007/978-3-030-69325-1_18|evidence:doi:10.1007/978-3-319-77878-5_23|evidence:doi:10.1016/j.marpol.2018.10.010|evidence:doi:10.12716/1001.20.02.16; demand=cd-maritime-defence-oceanic-sustainability--0d08a604ad64; confidence=0.45",portfolio_and_case_study,10,10,0.45,review_required,metadata_only_limitation|propagated_review_required
cred-maritime-defence-oceanic-eqf6-1d29c0179a20,maritime_defence — OCEANIC competence pathway (EQF 6),maritime_defence,OCEANIC,6,4.0,cd-maritime-defence-oceanic-safety-or-risk--97c853f64687|cd-maritime-defence-oceanic-sustainability--0d08a604ad64,"Analyse and design Safety or risk-management skill for maritime_defence contexts at EQF 6, demonstrating knowledge and skills; evidence=evidence:doi:10.1016/j.marpol.2022.105156|evidence:doi:10.1163/9789004389908_004|evidence:doi:10.17265/2328-2134/2023.02.001|evidence:doi:10.20944/preprints202311.0412.v1|evidence:doi:10.47268/sasi.v30i1.1789|evidence:doi:10.51459/futajeet.2014.8.2.15; demand=cd-maritime-defence-oceanic-safety-or-risk--97c853f64687; confidence=0.45||Analyse and design Sustainability, resilience, or adaptation skill for maritime_defence contexts at EQF 6, demonstrating knowledge and skills; evidence=evidence:doi:10.1007/978-3-030-69325-1_18|evidence:doi:10.1007/978-3-319-77878-5_23|evidence:doi:10.1016/j.marpol.2018.10.010|evidence:doi:10.12716/1001.20.02.16; demand=cd-maritime-defence-oceanic-sustainability--0d08a604ad64; confidence=0.45",portfolio_and_case_study,10,10,0.45,review_required,metadata_only_limitation|propagated_review_required
cred-maritime-defence-oceanic-eqf7-388e028f06e2,maritime_defence — OCEANIC competence pathway (EQF 7),maritime_defence,OCEANIC,7,2.0,cd-maritime-defence-oceanic-governance-or-p-08a6823e6ea5,"Evaluate and justify Governance or policy skill for maritime_defence contexts at EQF 7, demonstrating advanced knowledge and social competence; evidence=evidence:doi:10.1007/978-3-030-69325-1_18|evidence:doi:10.1007/978-3-319-77878-5_23|evidence:doi:10.1016/j.marpol.2026.107066|evidence:doi:10.12716/1001.13.03.17|evidence:doi:10.17265/2328-2134/2023.02.001|evidence:doi:10.31629/jmps.v3i1.7825|evidence:doi:10.47268/sasi.v30i1.1789; demand=cd-maritime-defence-oceanic-governance-or-p-08a6823e6ea5; confidence=0.45",portfolio_and_case_study,7,7,0.45,review_required,metadata_only_limitation|propagated_review_required
cred-maritime-transport-maritime-eqf4-4ea58cd9c166,maritime_transport — MARITIME competence pathway (EQF 4),maritime_transport,MARITIME,4,2.0,cd-maritime-transport-maritime-policy-or-re-681d296c380e,"Operate and monitor Policy or regulation skill for maritime_transport contexts at EQF 4, demonstrating skills; evidence=evidence:doi:10.1007/978-981-10-6946-8_239|evidence:doi:10.1007/978-981-95-3978-9_18|evidence:doi:10.1007/s11356-024-32205-4|evidence:doi:10.1016/j.buildenv.2025.113151|evidence:doi:10.1016/j.jclepro.2026.148640|evidence:doi:10.1016/j.marpolbul.2024.116341|evidence:doi:10.1016/j.ocecoaman.2023.106720|evidence:doi:10.1017/9781009760171.007|evidence:doi:10.1080/08920753.2026.2647527|evidence:doi:10.1163/15718085-bja10088|evidence:doi:10.1177/01622439241279622|evidence:doi:10.15294/ildisea.v2i2.78310|evidence:doi:10.18280/ijsse.150606|evidence:doi:10.2139/ssrn.5291572|evidence:doi:10.2139/ssrn.7032503|evidence:doi:10.31089/1026-9428-2023-63-9-586-595|evidence:doi:10.32687/0869-866x-2024-32-3-353-362|evidence:doi:10.3389/fmars.2025.1683017|evidence:doi:10.3390/su16020862|evidence:doi:10.4274/jems.2026.26986|evidence:doi:10.4324/9781032616216-17|evidence:doi:10.4337/9781802206883.00014|evidence:doi:10.46298/cst-9939|evidence:doi:10.5821/mt.13158|evidence:doi:10.7225/toms.v14.n03.013|evidence:title:99d52148cc9e18a5|evidence:title:c279d7d1bdf4d4ab; demand=cd-maritime-transport-maritime-policy-or-re-681d296c380e; confidence=0.45",portfolio_and_case_study,27,25,0.45,review_required,metadata_only_limitation|propagated_review_required
cred-maritime-transport-maritime-eqf5-f6de68481600,maritime_transport — MARITIME competence pathway (EQF 5),maritime_transport,MARITIME,5,14.0,cd-maritime-transport-maritime-credential-t-fa2b0e27acf9|cd-maritime-transport-maritime-digital-or-d-780a14d1a3cd|cd-maritime-transport-maritime-education-an-1b8e043c658d|cd-maritime-transport-maritime-explicit-com-79c03d03cd5b|cd-maritime-transport-maritime-safety-or-ri-0b9b9f21ca1f|cd-maritime-transport-maritime-sustainabili-dbfadef2e6e4|cd-maritime-transport-maritime-technical-or-2c9560d6850d,"Apply and coordinate Credential translation signal for maritime_transport contexts at EQF 5, demonstrating skills and social competence; evidence=evidence:doi:10.5821/mt.14682; demand=cd-maritime-transport-maritime-credential-t-fa2b0e27acf9; confidence=0.45||Apply and coordinate Digital or data skill for maritime_transport contexts at EQF 5, demonstrating skills and social competence; evidence=evidence:doi:10.1007/978-981-95-3978-9_18|evidence:doi:10.1016/j.dss.2021.113524|evidence:doi:10.1016/j.tranpol.2021.09.005|evidence:doi:10.1017/9781009760171.007|evidence:doi:10.1080/01441647.2022.2036864|evidence:doi:10.1080/08920753.2026.2647527|evidence:doi:10.2118/224646-ms|evidence:doi:10.2139/ssrn.5291572|evidence:doi:10.2139/ssrn.7032503|evidence:doi:10.33815/2313-4763.2025.2.31.006-018|evidence:doi:10.3390/atmos14020346|evidence:doi:10.4018/978-1-6684-9848-4|evidence:doi:10.4018/978-1-6684-9848-4.ch001|evidence:doi:10.4018/978-1-6684-9848-4.ch002|evidence:doi:10.4018/978-1-6684-9848-4.ch003|evidence:doi:10.4018/978-1-6684-9848-4.ch005|evidence:doi:10.4018/978-1-6684-9848-4.ch006|evidence:doi:10.4018/978-1-6684-9848-4.ch007|evidence:doi:10.4018/978-1-6684-9848-4.ch008|evidence:doi:10.4018/978-1-6684-9848-4.ch009|evidence:doi:10.4018/978-1-6684-9848-4.ch010|evidence:doi:10.4018/978-1-6684-9848-4.ch011; demand=cd-maritime-transport-maritime-digital-or-d-780a14d1a3cd; confidence=0.45||Apply and coordinate Education and training signal for maritime_transport contexts at EQF 5, demonstrating skills and social competence; evidence=evidence:doi:10.2307/jj.38191935.11|evidence:doi:10.2307/jj.38191935.13|evidence:doi:10.31849/t2fdj104|evidence:doi:10.33815/2313-4763.2025.2.31.006-018|evidence:doi:10.3390/educsci11080378|evidence:doi:10.3390/jmse9101085|evidence:doi:10.37200/ijpr/v24i4/pr201458|evidence:doi:10.52783/jes.2182|evidence:doi:10.54295/2201-012-002-004|evidence:doi:10.5430/wjel.v12n4p65|evidence:doi:10.5755/e01.2351-7034.2025.p495-500|evidence:doi:10.5821/mt.14682|evidence:doi:10.66314/ijepp.v4i1.209|evidence:title:3e7f711005401c21; demand=cd-maritime-transport-maritime-education-an-1b8e043c658d; confidence=0.45||Apply and coordinate Explicit competence demand for maritime_transport contexts at EQF 5, demonstrating skills and social competence; evidence=evidence:doi:10.33815/2313-4763.2025.2.31.006-018|evidence:doi:10.5430/wjel.v12n4p65; demand=cd-maritime-transport-maritime-explicit-com-79c03d03cd5b; confidence=0.45||Apply and coordinate Safety or risk-management skill for maritime_transport contexts at EQF 5, demonstrating skills and social competence; evidence=evidence:doi:10.1016/j.martra.2022.100062|evidence:doi:10.1016/j.martra.2024.100111|evidence:doi:10.1016/j.tre.2026.105001|evidence:doi:10.1080/01441647.2022.2036864|evidence:doi:10.1080/08920753.2026.2647527|evidence:doi:10.18280/ijsse.150606|evidence:doi:10.32687/0869-866x-2024-32-3-353-362|evidence:doi:10.33863/mbmc.v3i1.3267|evidence:doi:10.4324/9781003030775-11|evidence:doi:10.7225/toms.v11.n02.w05; demand=cd-maritime-transport-maritime-safety-or-ri-0b9b9f21ca1f; confidence=0.45||Apply and coordinate Sustainability, resilience, or adaptation skill for maritime_transport contexts at EQF 5, demonstrating skills and social competence; evidence=evidence:doi:10.1016/j.cstp.2026.101760|evidence:doi:10.1016/j.cstp.2026.101897|evidence:doi:10.1016/j.ecolind.2022.109049|evidence:doi:10.1016/j.erss.2026.104714|evidence:doi:10.1016/j.marpol.2021.104621|evidence:doi:10.1016/j.martra.2023.100087|evidence:doi:10.1163/15718085-bja10088|evidence:doi:10.2118/222362-ms|evidence:doi:10.3390/educsci11080378|evidence:doi:10.3390/su18084038|evidence:doi:10.4018/978-1-6684-9848-4.ch009|evidence:doi:10.4324/9781003352204; demand=cd-maritime-transport-maritime-sustainabili-dbfadef2e6e4; confidence=0.45||Apply and coordinate Technical or engineering skill for maritime_transport contexts at EQF 5, demonstrating skills and social competence; evidence=evidence:doi:10.1016/j.tranpol.2021.09.005|evidence:doi:10.1016/j.tre.2026.105001|evidence:doi:10.2118/224646-ms|evidence:doi:10.3390/educsci11080378|evidence:doi:10.3390/jmse9101085|evidence:doi:10.4018/978-1-6684-9848-4.ch009|evidence:doi:10.5821/mt.13158|evidence:doi:10.66314/ijepp.v4i1.209; demand=cd-maritime-transport-maritime-technical-or-2c9560d6850d; confidence=0.45",portfolio_and_case_study,69,53,0.45,review_required,metadata_only_limitation|propagated_review_required
cred-maritime-transport-maritime-eqf6-d54bb233fbc8,maritime_transport — MARITIME competence pathway (EQF 6),maritime_transport,MARITIME,6,14.0,cd-maritime-transport-maritime-credential-t-fa2b0e27acf9|cd-maritime-transport-maritime-digital-or-d-780a14d1a3cd|cd-maritime-transport-maritime-education-an-1b8e043c658d|cd-maritime-transport-maritime-explicit-com-79c03d03cd5b|cd-maritime-transport-maritime-safety-or-ri-0b9b9f21ca1f|cd-maritime-transport-maritime-sustainabili-dbfadef2e6e4|cd-maritime-transport-maritime-technical-or-2c9560d6850d,"Analyse and design Credential translation signal for maritime_transport contexts at EQF 6, demonstrating knowledge and skills; evidence=evidence:doi:10.5821/mt.14682; demand=cd-maritime-transport-maritime-credential-t-fa2b0e27acf9; confidence=0.45||Analyse and design Digital or data skill for maritime_transport contexts at EQF 6, demonstrating knowledge and skills; evidence=evidence:doi:10.1007/978-981-95-3978-9_18|evidence:doi:10.1016/j.dss.2021.113524|evidence:doi:10.1016/j.tranpol.2021.09.005|evidence:doi:10.1017/9781009760171.007|evidence:doi:10.1080/01441647.2022.2036864|evidence:doi:10.1080/08920753.2026.2647527|evidence:doi:10.2118/224646-ms|evidence:doi:10.2139/ssrn.5291572|evidence:doi:10.2139/ssrn.7032503|evidence:doi:10.33815/2313-4763.2025.2.31.006-018|evidence:doi:10.3390/atmos14020346|evidence:doi:10.4018/978-1-6684-9848-4|evidence:doi:10.4018/978-1-6684-9848-4.ch001|evidence:doi:10.4018/978-1-6684-9848-4.ch002|evidence:doi:10.4018/978-1-6684-9848-4.ch003|evidence:doi:10.4018/978-1-6684-9848-4.ch005|evidence:doi:10.4018/978-1-6684-9848-4.ch006|evidence:doi:10.4018/978-1-6684-9848-4.ch007|evidence:doi:10.4018/978-1-6684-9848-4.ch008|evidence:doi:10.4018/978-1-6684-9848-4.ch009|evidence:doi:10.4018/978-1-6684-9848-4.ch010|evidence:doi:10.4018/978-1-6684-9848-4.ch011; demand=cd-maritime-transport-maritime-digital-or-d-780a14d1a3cd; confidence=0.45||Analyse and design Education and training signal for maritime_transport contexts at EQF 6, demonstrating knowledge and skills; evidence=evidence:doi:10.2307/jj.38191935.11|evidence:doi:10.2307/jj.38191935.13|evidence:doi:10.31849/t2fdj104|evidence:doi:10.33815/2313-4763.2025.2.31.006-018|evidence:doi:10.3390/educsci11080378|evidence:doi:10.3390/jmse9101085|evidence:doi:10.37200/ijpr/v24i4/pr201458|evidence:doi:10.52783/jes.2182|evidence:doi:10.54295/2201-012-002-004|evidence:doi:10.5430/wjel.v12n4p65|evidence:doi:10.5755/e01.2351-7034.2025.p495-500|evidence:doi:10.5821/mt.14682|evidence:doi:10.66314/ijepp.v4i1.209|evidence:title:3e7f711005401c21; demand=cd-maritime-transport-maritime-education-an-1b8e043c658d; confidence=0.45||Analyse and design Explicit competence demand for maritime_transport contexts at EQF 6, demonstrating knowledge and skills; evidence=evidence:doi:10.33815/2313-4763.2025.2.31.006-018|evidence:doi:10.5430/wjel.v12n4p65; demand=cd-maritime-transport-maritime-explicit-com-79c03d03cd5b; confidence=0.45||Analyse and design Safety or risk-management skill for maritime_transport contexts at EQF 6, demonstrating knowledge and skills; evidence=evidence:doi:10.1016/j.martra.2022.100062|evidence:doi:10.1016/j.martra.2024.100111|evidence:doi:10.1016/j.tre.2026.105001|evidence:doi:10.1080/01441647.2022.2036864|evidence:doi:10.1080/08920753.2026.2647527|evidence:doi:10.18280/ijsse.150606|evidence:doi:10.32687/0869-866x-2024-32-3-353-362|evidence:doi:10.33863/mbmc.v3i1.3267|evidence:doi:10.4324/9781003030775-11|evidence:doi:10.7225/toms.v11.n02.w05; demand=cd-maritime-transport-maritime-safety-or-ri-0b9b9f21ca1f; confidence=0.45||Analyse and design Sustainability, resilience, or adaptation skill for maritime_transport contexts at EQF 6, demonstrating knowledge and skills; evidence=evidence:doi:10.1016/j.cstp.2026.101760|evidence:doi:10.1016/j.cstp.2026.101897|evidence:doi:10.1016/j.ecolind.2022.109049|evidence:doi:10.1016/j.erss.2026.104714|evidence:doi:10.1016/j.marpol.2021.104621|evidence:doi:10.1016/j.martra.2023.100087|evidence:doi:10.1163/15718085-bja10088|evidence:doi:10.2118/222362-ms|evidence:doi:10.3390/educsci11080378|evidence:doi:10.3390/su18084038|evidence:doi:10.4018/978-1-6684-9848-4.ch009|evidence:doi:10.4324/9781003352204; demand=cd-maritime-transport-maritime-sustainabili-dbfadef2e6e4; confidence=0.45||Analyse and design Technical or engineering skill for maritime_transport contexts at EQF 6, demonstrating knowledge and skills; evidence=evidence:doi:10.1016/j.tranpol.2021.09.005|evidence:doi:10.1016/j.tre.2026.105001|evidence:doi:10.2118/224646-ms|evidence:doi:10.3390/educsci11080378|evidence:doi:10.3390/jmse9101085|evidence:doi:10.4018/978-1-6684-9848-4.ch009|evidence:doi:10.5821/mt.13158|evidence:doi:10.66314/ijepp.v4i1.209; demand=cd-maritime-transport-maritime-technical-or-2c9560d6850d; confidence=0.45",portfolio_and_case_study,69,53,0.45,review_required,metadata_only_limitation|propagated_review_required
cred-maritime-transport-maritime-eqf7-8d226a112662,maritime_transport — MARITIME competence pathway (EQF 7),maritime_transport,MARITIME,7,4.0,cd-maritime-transport-maritime-governance-o-77c29ca3562e|cd-maritime-transport-maritime-policy-or-re-681d296c380e,"Evaluate and justify Governance or policy skill for maritime_transport contexts at EQF 7, demonstrating advanced knowledge and social competence; evidence=evidence:doi:10.1007/s11356-024-32205-4|evidence:doi:10.1007/s40825-026-00285-y|evidence:doi:10.1016/j.ecmx.2026.102088|evidence:doi:10.1016/j.marpol.2022.105375|evidence:doi:10.1016/j.marpol.2024.106043|evidence:doi:10.1016/j.marpolbul.2024.116341|evidence:doi:10.1016/j.tranpol.2026.104031|evidence:doi:10.1163/15718085-bja10088|evidence:doi:10.12429/j.advps.2025.0001|evidence:doi:10.1504/ijstl.2025.149594|evidence:doi:10.3389/fmars.2025.1489091|evidence:doi:10.3389/fmars.2026.1804712|evidence:doi:10.3390/su18084038|evidence:doi:10.4337/9781802206883.00014|evidence:title:3e7f711005401c21; demand=cd-maritime-transport-maritime-governance-o-77c29ca3562e; confidence=0.45||Evaluate and justify Policy or regulation skill for maritime_transport contexts at EQF 7, demonstrating advanced knowledge and social competence; evidence=evidence:doi:10.1007/978-981-10-6946-8_239|evidence:doi:10.1007/978-981-95-3978-9_18|evidence:doi:10.1007/s11356-024-32205-4|evidence:doi:10.1016/j.buildenv.2025.113151|evidence:doi:10.1016/j.jclepro.2026.148640|evidence:doi:10.1016/j.marpolbul.2024.116341|evidence:doi:10.1016/j.ocecoaman.2023.106720|evidence:doi:10.1017/9781009760171.007|evidence:doi:10.1080/08920753.2026.2647527|evidence:doi:10.1163/15718085-bja10088|evidence:doi:10.1177/01622439241279622|evidence:doi:10.15294/ildisea.v2i2.78310|evidence:doi:10.18280/ijsse.150606|evidence:doi:10.2139/ssrn.5291572|evidence:doi:10.2139/ssrn.7032503|evidence:doi:10.31089/1026-9428-2023-63-9-586-595|evidence:doi:10.32687/0869-866x-2024-32-3-353-362|evidence:doi:10.3389/fmars.2025.1683017|evidence:doi:10.3390/su16020862|evidence:doi:10.4274/jems.2026.26986|evidence:doi:10.4324/9781032616216-17|evidence:doi:10.4337/9781802206883.00014|evidence:doi:10.46298/cst-9939|evidence:doi:10.5821/mt.13158|evidence:doi:10.7225/toms.v14.n03.013|evidence:title:99d52148cc9e18a5|evidence:title:c279d7d1bdf4d4ab; demand=cd-maritime-transport-maritime-policy-or-re-681d296c380e; confidence=0.45",portfolio_and_case_study,42,35,0.45,review_required,metadata_only_limitation|propagated_review_required
cred-maritime-transport-oceanic-eqf5-630832e5c2b0,maritime_transport — OCEANIC competence pathway (EQF 5),maritime_transport,OCEANIC,5,6.0,cd-maritime-transport-oceanic-safety-or-ris-ad46fd0c68b8|cd-maritime-transport-oceanic-social-scienc-39f47ee0461b|cd-maritime-transport-oceanic-sustainabilit-e7e4e6adc969,"Apply and coordinate Safety or risk-management skill for maritime_transport contexts at EQF 5, demonstrating skills and social competence; evidence=evidence:doi:10.4324/9780429491023-4|evidence:doi:10.5821/mt.15190; demand=cd-maritime-transport-oceanic-safety-or-ris-ad46fd0c68b8; confidence=0.45||Apply and coordinate Social-science or literacy skill for maritime_transport contexts at EQF 5, demonstrating skills and social competence; evidence=evidence:doi:10.1007/978-3-032-09453-7_23|evidence:doi:10.3389/fmars.2021.648492|evidence:doi:10.3389/fmars.2025.1648508|evidence:doi:10.4324/9780429491023-4|evidence:doi:10.4324/9780429491023-9; demand=cd-maritime-transport-oceanic-social-scienc-39f47ee0461b; confidence=0.45||Apply and coordinate Sustainability, resilience, or adaptation skill for maritime_transport contexts at EQF 5, demonstrating skills and social competence; evidence=evidence:doi:10.1007/978-3-032-09453-7_23|evidence:doi:10.1016/j.martra.2024.100121|evidence:doi:10.2139/ssrn.5409572|evidence:doi:10.56506/hdlz1912; demand=cd-maritime-transport-oceanic-sustainabilit-e7e4e6adc969; confidence=0.45",portfolio_and_case_study,11,9,0.45,review_required,metadata_only_limitation|propagated_review_required
cred-maritime-transport-oceanic-eqf6-feef22301766,maritime_transport — OCEANIC competence pathway (EQF 6),maritime_transport,OCEANIC,6,6.0,cd-maritime-transport-oceanic-safety-or-ris-ad46fd0c68b8|cd-maritime-transport-oceanic-social-scienc-39f47ee0461b|cd-maritime-transport-oceanic-sustainabilit-e7e4e6adc969,"Analyse and design Safety or risk-management skill for maritime_transport contexts at EQF 6, demonstrating knowledge and skills; evidence=evidence:doi:10.4324/9780429491023-4|evidence:doi:10.5821/mt.15190; demand=cd-maritime-transport-oceanic-safety-or-ris-ad46fd0c68b8; confidence=0.45||Analyse and design Social-science or literacy skill for maritime_transport contexts at EQF 6, demonstrating knowledge and skills; evidence=evidence:doi:10.1007/978-3-032-09453-7_23|evidence:doi:10.3389/fmars.2021.648492|evidence:doi:10.3389/fmars.2025.1648508|evidence:doi:10.4324/9780429491023-4|evidence:doi:10.4324/9780429491023-9; demand=cd-maritime-transport-oceanic-social-scienc-39f47ee0461b; confidence=0.45||Analyse and design Sustainability, resilience, or adaptation skill for maritime_transport contexts at EQF 6, demonstrating knowledge and skills; evidence=evidence:doi:10.1007/978-3-032-09453-7_23|evidence:doi:10.1016/j.martra.2024.100121|evidence:doi:10.2139/ssrn.5409572|evidence:doi:10.56506/hdlz1912; demand=cd-maritime-transport-oceanic-sustainabilit-e7e4e6adc969; confidence=0.45",portfolio_and_case_study,11,9,0.45,review_required,metadata_only_limitation|propagated_review_required
cred-maritime-transport-oceanic-eqf7-9c76a6463d2d,maritime_transport — OCEANIC competence pathway (EQF 7),maritime_transport,OCEANIC,7,2.0,cd-maritime-transport-oceanic-governance-or-4280513c1827,"Evaluate and justify Governance or policy skill for maritime_transport contexts at EQF 7, demonstrating advanced knowledge and social competence; evidence=evidence:doi:10.1007/978-3-030-96519-8_17|evidence:doi:10.1016/j.marpol.2023.105737|evidence:doi:10.1016/j.marpol.2023.105958|evidence:doi:10.1163/22116001-03701016|evidence:doi:10.12688/f1000research.176456.1|evidence:doi:10.3389/fmars.2021.648492|evidence:doi:10.4324/9780429342233-8|evidence:doi:10.4324/9780429342233-9|evidence:doi:10.56506/hdlz1912|evidence:doi:10.58440/ihr-32-1-c07; demand=cd-maritime-transport-oceanic-governance-or-4280513c1827; confidence=0.45",portfolio_and_case_study,10,10,0.45,review_required,metadata_only_limitation|propagated_review_required
cred-non-living-res-marine-eqf4-7d976935ab04,non_living_res — MARINE competence pathway (EQF 4),non_living_res,MARINE,4,2.0,cd-non-living-res-marine-policy-or-regulati-a3e493c33a85,"Operate and monitor Policy or regulation skill for non_living_res contexts at EQF 4, demonstrating skills; evidence=evidence:doi:10.21275/sr24810083031|evidence:doi:10.2139/ssrn.6809018; demand=cd-non-living-res-marine-policy-or-regulati-a3e493c33a85; confidence=0.45",portfolio_and_case_study,2,2,0.45,review_required,metadata_only_limitation|propagated_review_required
cred-non-living-res-marine-eqf5-7f18bee22c12,non_living_res — MARINE competence pathway (EQF 5),non_living_res,MARINE,5,8.0,cd-non-living-res-marine-digital-or-data-sk-88cb2a454161|cd-non-living-res-marine-safety-or-risk-man-9de0959dfe41|cd-non-living-res-marine-sustainability-res-1f1f81a5c24b|cd-non-living-res-marine-technical-or-engin-0f40796a7376,"Apply and coordinate Digital or data skill for non_living_res contexts at EQF 5, demonstrating skills and social competence; evidence=evidence:doi:10.1007/978-981-96-5412-3_1|evidence:doi:10.1007/978-981-96-5412-3_7|evidence:doi:10.1016/j.ssci.2022.105778|evidence:doi:10.1109/icsrs63046.2024.10927556|evidence:doi:10.1109/iotais67227.2025.11282133|evidence:doi:10.1201/9781003519423-11|evidence:doi:10.1515/9783112223062-010|evidence:doi:10.18178/ijesd.2026.17.3.1581|evidence:doi:10.21275/sr24810083031|evidence:doi:10.2139/ssrn.6506258|evidence:doi:10.2139/ssrn.6809018|evidence:doi:10.2139/ssrn.6978718|evidence:doi:10.32743/unitech.2025.141.12.21640|evidence:doi:10.3389/frobt.2022.949214|evidence:doi:10.4018/979-8-3373-3146-1.ch006|evidence:doi:10.4018/979-8-3373-7355-3.ch012|evidence:doi:10.5220/0013888300004919|evidence:doi:10.55248/gengpi.6.0325.12177|evidence:doi:10.64388/irev9i12-1719005|evidence:doi:10.66356/iydb8339; demand=cd-non-living-res-marine-digital-or-data-sk-88cb2a454161; confidence=0.45||Apply and coordinate Safety or risk-management skill for non_living_res contexts at EQF 5, demonstrating skills and social competence; evidence=evidence:doi:10.1108/oxan-db283126|evidence:doi:10.1109/icsrs63046.2024.10927556|evidence:doi:10.1201/9781003519423-11|evidence:doi:10.21275/sr24810083031|evidence:doi:10.2139/ssrn.6506258|evidence:doi:10.2139/ssrn.6809018|evidence:doi:10.2139/ssrn.6978718|evidence:doi:10.3389/frobt.2022.949214|evidence:doi:10.5220/0013888300004919|evidence:doi:10.66356/iydb8339; demand=cd-non-living-res-marine-safety-or-risk-man-9de0959dfe41; confidence=0.45||Apply and coordinate Sustainability, resilience, or adaptation skill for non_living_res contexts at EQF 5, demonstrating skills and social competence; evidence=evidence:doi:10.1007/978-981-96-5412-3_1|evidence:doi:10.1007/978-981-96-5412-3_7|evidence:doi:10.1108/oxan-db283126|evidence:doi:10.1109/iotais67227.2025.11282133|evidence:doi:10.1515/9783112223062-010|evidence:doi:10.18178/ijesd.2026.17.3.1581|evidence:doi:10.20944/preprints202604.1005.v1|evidence:doi:10.32743/unitech.2025.141.12.21640|evidence:doi:10.5220/0013888300004919|evidence:doi:10.55248/gengpi.6.0325.12177; demand=cd-non-living-res-marine-sustainability-res-1f1f81a5c24b; confidence=0.45||Apply and coordinate Technical or engineering skill for non_living_res contexts at EQF 5, demonstrating skills and social competence; evidence=evidence:doi:10.2139/ssrn.6809018|evidence:doi:10.32743/unitech.2025.141.12.21640|evidence:doi:10.3389/frobt.2022.949214|evidence:doi:10.4018/979-8-3373-7355-3.ch012; demand=cd-non-living-res-marine-technical-or-engin-0f40796a7376; confidence=0.45",portfolio_and_case_study,44,22,0.45,review_required,metadata_only_limitation|propagated_review_required
cred-non-living-res-marine-eqf6-1edbc7b45bbf,non_living_res — MARINE competence pathway (EQF 6),non_living_res,MARINE,6,8.0,cd-non-living-res-marine-digital-or-data-sk-88cb2a454161|cd-non-living-res-marine-safety-or-risk-man-9de0959dfe41|cd-non-living-res-marine-sustainability-res-1f1f81a5c24b|cd-non-living-res-marine-technical-or-engin-0f40796a7376,"Analyse and design Digital or data skill for non_living_res contexts at EQF 6, demonstrating knowledge and skills; evidence=evidence:doi:10.1007/978-981-96-5412-3_1|evidence:doi:10.1007/978-981-96-5412-3_7|evidence:doi:10.1016/j.ssci.2022.105778|evidence:doi:10.1109/icsrs63046.2024.10927556|evidence:doi:10.1109/iotais67227.2025.11282133|evidence:doi:10.1201/9781003519423-11|evidence:doi:10.1515/9783112223062-010|evidence:doi:10.18178/ijesd.2026.17.3.1581|evidence:doi:10.21275/sr24810083031|evidence:doi:10.2139/ssrn.6506258|evidence:doi:10.2139/ssrn.6809018|evidence:doi:10.2139/ssrn.6978718|evidence:doi:10.32743/unitech.2025.141.12.21640|evidence:doi:10.3389/frobt.2022.949214|evidence:doi:10.4018/979-8-3373-3146-1.ch006|evidence:doi:10.4018/979-8-3373-7355-3.ch012|evidence:doi:10.5220/0013888300004919|evidence:doi:10.55248/gengpi.6.0325.12177|evidence:doi:10.64388/irev9i12-1719005|evidence:doi:10.66356/iydb8339; demand=cd-non-living-res-marine-digital-or-data-sk-88cb2a454161; confidence=0.45||Analyse and design Safety or risk-management skill for non_living_res contexts at EQF 6, demonstrating knowledge and skills; evidence=evidence:doi:10.1108/oxan-db283126|evidence:doi:10.1109/icsrs63046.2024.10927556|evidence:doi:10.1201/9781003519423-11|evidence:doi:10.21275/sr24810083031|evidence:doi:10.2139/ssrn.6506258|evidence:doi:10.2139/ssrn.6809018|evidence:doi:10.2139/ssrn.6978718|evidence:doi:10.3389/frobt.2022.949214|evidence:doi:10.5220/0013888300004919|evidence:doi:10.66356/iydb8339; demand=cd-non-living-res-marine-safety-or-risk-man-9de0959dfe41; confidence=0.45||Analyse and design Sustainability, resilience, or adaptation skill for non_living_res contexts at EQF 6, demonstrating knowledge and skills; evidence=evidence:doi:10.1007/978-981-96-5412-3_1|evidence:doi:10.1007/978-981-96-5412-3_7|evidence:doi:10.1108/oxan-db283126|evidence:doi:10.1109/iotais67227.2025.11282133|evidence:doi:10.1515/9783112223062-010|evidence:doi:10.18178/ijesd.2026.17.3.1581|evidence:doi:10.20944/preprints202604.1005.v1|evidence:doi:10.32743/unitech.2025.141.12.21640|evidence:doi:10.5220/0013888300004919|evidence:doi:10.55248/gengpi.6.0325.12177; demand=cd-non-living-res-marine-sustainability-res-1f1f81a5c24b; confidence=0.45||Analyse and design Technical or engineering skill for non_living_res contexts at EQF 6, demonstrating knowledge and skills; evidence=evidence:doi:10.2139/ssrn.6809018|evidence:doi:10.32743/unitech.2025.141.12.21640|evidence:doi:10.3389/frobt.2022.949214|evidence:doi:10.4018/979-8-3373-7355-3.ch012; demand=cd-non-living-res-marine-technical-or-engin-0f40796a7376; confidence=0.45",portfolio_and_case_study,44,22,0.45,review_required,metadata_only_limitation|propagated_review_required
cred-non-living-res-marine-eqf7-939e7534c62e,non_living_res — MARINE competence pathway (EQF 7),non_living_res,MARINE,7,4.0,cd-non-living-res-marine-governance-or-poli-7f943cea9dd5|cd-non-living-res-marine-policy-or-regulati-a3e493c33a85,"Evaluate and justify Governance or policy skill for non_living_res contexts at EQF 7, demonstrating advanced knowledge and social competence; evidence=evidence:doi:10.1126/science.aei7769|evidence:doi:10.2139/ssrn.6506258|evidence:doi:10.3390/su18147144; demand=cd-non-living-res-marine-governance-or-poli-7f943cea9dd5; confidence=0.45||Evaluate and justify Policy or regulation skill for non_living_res contexts at EQF 7, demonstrating advanced knowledge and social competence; evidence=evidence:doi:10.21275/sr24810083031|evidence:doi:10.2139/ssrn.6809018; demand=cd-non-living-res-marine-policy-or-regulati-a3e493c33a85; confidence=0.45",portfolio_and_case_study,5,5,0.45,review_required,metadata_only_limitation|propagated_review_required
cred-non-living-res-oceanic-eqf4-a79f17041645,non_living_res — OCEANIC competence pathway (EQF 4),non_living_res,OCEANIC,4,2.0,cd-non-living-res-oceanic-policy-or-regulat-973a4116def4,"Operate and monitor Policy or regulation skill for non_living_res contexts at EQF 4, demonstrating skills; evidence=evidence:doi:10.5194/oos2025-508; demand=cd-non-living-res-oceanic-policy-or-regulat-973a4116def4; confidence=0.45",portfolio_and_case_study,1,1,0.45,review_required,metadata_only_limitation|propagated_review_required
cred-non-living-res-oceanic-eqf5-36c17cc7e652,non_living_res — OCEANIC competence pathway (EQF 5),non_living_res,OCEANIC,5,4.0,cd-non-living-res-oceanic-sustainability-re-4948d68348f5|cd-non-living-res-oceanic-workforce-skill-s-7b89d829239d,"Apply and coordinate Sustainability, resilience, or adaptation skill for non_living_res contexts at EQF 5, demonstrating skills and social competence; evidence=evidence:doi:10.1007/978-3-030-89460-3_1|evidence:doi:10.1007/978-3-032-18342-2_1|evidence:doi:10.1007/978-3-032-18342-2_9|evidence:doi:10.1080/13563467.2021.1967909|evidence:doi:10.2139/ssrn.4830318|evidence:doi:10.4337/9781785363405.00055|evidence:doi:10.54394/ryip6876|evidence:doi:10.54394/udjt2567|evidence:doi:10.54394/utzr7681|evidence:doi:10.54394/yvyn6180|evidence:doi:10.7202/1109482ar; demand=cd-non-living-res-oceanic-sustainability-re-4948d68348f5; confidence=0.45||Apply and coordinate Workforce skill signal for non_living_res contexts at EQF 5, demonstrating skills and social competence; evidence=evidence:doi:10.54394/yvyn6180; demand=cd-non-living-res-oceanic-workforce-skill-s-7b89d829239d; confidence=0.45",portfolio_and_case_study,12,11,0.45,review_required,metadata_only_limitation|propagated_review_required
cred-non-living-res-oceanic-eqf6-db079af265e1,non_living_res — OCEANIC competence pathway (EQF 6),non_living_res,OCEANIC,6,4.0,cd-non-living-res-oceanic-sustainability-re-4948d68348f5|cd-non-living-res-oceanic-workforce-skill-s-7b89d829239d,"Analyse and design Sustainability, resilience, or adaptation skill for non_living_res contexts at EQF 6, demonstrating knowledge and skills; evidence=evidence:doi:10.1007/978-3-030-89460-3_1|evidence:doi:10.1007/978-3-032-18342-2_1|evidence:doi:10.1007/978-3-032-18342-2_9|evidence:doi:10.1080/13563467.2021.1967909|evidence:doi:10.2139/ssrn.4830318|evidence:doi:10.4337/9781785363405.00055|evidence:doi:10.54394/ryip6876|evidence:doi:10.54394/udjt2567|evidence:doi:10.54394/utzr7681|evidence:doi:10.54394/yvyn6180|evidence:doi:10.7202/1109482ar; demand=cd-non-living-res-oceanic-sustainability-re-4948d68348f5; confidence=0.45||Analyse and design Workforce skill signal for non_living_res contexts at EQF 6, demonstrating knowledge and skills; evidence=evidence:doi:10.54394/yvyn6180; demand=cd-non-living-res-oceanic-workforce-skill-s-7b89d829239d; confidence=0.45",portfolio_and_case_study,12,11,0.45,review_required,metadata_only_limitation|propagated_review_required
cred-non-living-res-oceanic-eqf7-aa1d22789bb0,non_living_res — OCEANIC competence pathway (EQF 7),non_living_res,OCEANIC,7,4.0,cd-non-living-res-oceanic-governance-or-pol-cd118d7fc535|cd-non-living-res-oceanic-policy-or-regulat-973a4116def4,"Evaluate and justify Governance or policy skill for non_living_res contexts at EQF 7, demonstrating advanced knowledge and social competence; evidence=evidence:doi:10.1016/j.marpol.2022.105343|evidence:doi:10.2139/ssrn.4830318; demand=cd-non-living-res-oceanic-governance-or-pol-cd118d7fc535; confidence=0.45||Evaluate and justify Policy or regulation skill for non_living_res contexts at EQF 7, demonstrating advanced knowledge and social competence; evidence=evidence:doi:10.5194/oos2025-508; demand=cd-non-living-res-oceanic-policy-or-regulat-973a4116def4; confidence=0.45",portfolio_and_case_study,3,3,0.45,review_required,metadata_only_limitation|propagated_review_required
cred-port-activities-maritime-eqf4-5414b9d6397d,port_activities — MARITIME competence pathway (EQF 4),port_activities,MARITIME,4,2.0,cd-port-activities-maritime-policy-or-regul-4f5a4a55c6e1,"Operate and monitor Policy or regulation skill for port_activities contexts at EQF 4, demonstrating skills; evidence=evidence:doi:10.1007/978-3-032-08664-8_13|evidence:doi:10.24815/kanun.v24i3.24230; demand=cd-port-activities-maritime-policy-or-regul-4f5a4a55c6e1; confidence=0.45",portfolio_and_case_study,2,2,0.45,review_required,metadata_only_limitation|propagated_review_required
cred-port-activities-maritime-eqf5-17b59e004cc1,port_activities — MARITIME competence pathway (EQF 5),port_activities,MARITIME,5,14.0,cd-port-activities-maritime-digital-or-data-f965561c4b5f|cd-port-activities-maritime-education-and-t-62d08c5eef09|cd-port-activities-maritime-explicit-compet-4fed42e22207|cd-port-activities-maritime-safety-or-risk--274b92e093ae|cd-port-activities-maritime-sustainability--bb2c6ac24af3|cd-port-activities-maritime-technical-or-en-cc26147007ac|cd-port-activities-maritime-workforce-skill-4d312ddc1680,"Apply and coordinate Digital or data skill for port_activities contexts at EQF 5, demonstrating skills and social competence; evidence=evidence:doi:10.1002/9781394303564.ch25|evidence:doi:10.1002/9781394303601.ch11|evidence:doi:10.1002/9781394411320.ch1|evidence:doi:10.1002/9781394411320.ch10|evidence:doi:10.1002/9781394411320.ch3|evidence:doi:10.1002/9781394411320.ch4|evidence:doi:10.1002/9781394411320.ch6|evidence:doi:10.1007/978-3-032-16288-5_2|evidence:doi:10.1007/s13437-026-00428-6|evidence:doi:10.1007/s43069-025-00579-x|evidence:doi:10.1016/b978-0-323-99205-3.00008-0|evidence:doi:10.1016/b978-0-443-30076-9.00015-7|evidence:doi:10.1016/b978-0-443-30076-9.00026-1|evidence:doi:10.1016/b978-0-443-34226-4.00003-4|evidence:doi:10.1016/j.ress.2025.111537|evidence:doi:10.1016/j.tranpol.2026.104268|evidence:doi:10.1016/j.trd.2026.105379|evidence:doi:10.1016/j.tre.2025.104459|evidence:doi:10.1057/s41278-025-00333-4|evidence:doi:10.1109/access.2026.3681514|evidence:doi:10.1109/icoiics67115.2025.11390178|evidence:doi:10.1109/isriti68345.2025.11393219|evidence:doi:10.1115/omae2022-79613|evidence:doi:10.1145/3804504.3804534|evidence:doi:10.1186/s41072-026-00234-6|evidence:doi:10.1201/9781003500391-7|evidence:doi:10.1201/9781003672500-7|evidence:doi:10.1201/9781003712701-23|evidence:doi:10.12688/f1000research.176261.2|evidence:doi:10.1504/ijstl.2026.10076003|evidence:doi:10.17818/nm/2026/1.1|evidence:doi:10.21203/rs.3.rs-9105998/v1|evidence:doi:10.2139/ssrn.5042173|evidence:doi:10.2139/ssrn.5511996|evidence:doi:10.2139/ssrn.6583598|evidence:doi:10.3390/encyclopedia6010028|evidence:doi:10.3390/su17125537|evidence:doi:10.3390/systems14020187|evidence:doi:10.3390/systems14040413|evidence:doi:10.36227/techrxiv.176281115.50920760/v1|evidence:doi:10.36227/techrxiv.21710897|evidence:doi:10.4018/979-8-3373-4287-0.ch013|evidence:doi:10.4018/979-8-3693-3234-4.ch025|evidence:doi:10.46460/ijiea.1768923|evidence:doi:10.5256/f1000research.198827.r480268|evidence:doi:10.52783/jes.3052|evidence:doi:10.58532/nbennurdtss5|evidence:doi:10.62517/jnse.202617205|evidence:title:05eff7489f857d83|evidence:title:1657040f45b560f9; demand=cd-port-activities-maritime-digital-or-data-f965561c4b5f; confidence=0.45||Apply and coordinate Education and training signal for port_activities contexts at EQF 5, demonstrating skills and social competence; evidence=evidence:doi:10.1088/1755-1315/1566/1/012020|evidence:doi:10.21203/rs.3.rs-10000542/v1|evidence:doi:10.54884/s181570410020695-9|evidence:doi:10.57096/return.v4i5.370; demand=cd-port-activities-maritime-education-and-t-62d08c5eef09; confidence=0.45||Apply and coordinate Explicit competence demand for port_activities contexts at EQF 5, demonstrating skills and social competence; evidence=evidence:doi:10.15379/ijmst.v10i2.1169|evidence:doi:10.21203/rs.3.rs-10000542/v1; demand=cd-port-activities-maritime-explicit-compet-4fed42e22207; confidence=0.45||Apply and coordinate Safety or risk-management skill for port_activities contexts at EQF 5, demonstrating skills and social competence; evidence=evidence:doi:10.1016/j.ress.2025.111537|evidence:doi:10.2139/ssrn.5940971|evidence:title:9fd09e9cd02cf455; demand=cd-port-activities-maritime-safety-or-risk--274b92e093ae; confidence=0.45||Apply and coordinate Sustainability, resilience, or adaptation skill for port_activities contexts at EQF 5, demonstrating skills and social competence; evidence=evidence:doi:10.1002/9781394303564.ch25|evidence:doi:10.1007/978-3-030-61075-3_73|evidence:doi:10.1007/978-3-032-16288-5_2|evidence:doi:10.1007/978-3-319-95711-1_17|evidence:doi:10.1007/s12210-024-01225-0|evidence:doi:10.1007/s13437-026-00428-6|evidence:doi:10.1007/s40722-026-00500-6|evidence:doi:10.1016/b978-0-443-30076-9.00015-7|evidence:doi:10.1016/j.ress.2025.111537|evidence:doi:10.1016/j.trd.2026.105379|evidence:doi:10.1061/9780784484401.014|evidence:doi:10.1088/1755-1315/1559/1/012033|evidence:doi:10.1088/1755-1315/1559/1/012039|evidence:doi:10.1115/omae2022-79613|evidence:doi:10.1201/9781003672500-7|evidence:doi:10.2139/ssrn.5042173|evidence:doi:10.2139/ssrn.5511996|evidence:doi:10.2139/ssrn.5940971|evidence:doi:10.3389/fmars.2026.1882539|evidence:doi:10.3390/su18010370|evidence:doi:10.3390/su18062770|evidence:doi:10.3390/su18083751|evidence:doi:10.3390/su18136844|evidence:doi:10.3390/systems14020187|evidence:doi:10.3390/systems14040413|evidence:doi:10.3390/w17131897|evidence:doi:10.4324/9781003597209-15|evidence:doi:10.46460/ijiea.1768923|evidence:doi:10.5089/9798229034920.018|evidence:doi:10.64064/1658-4325.1014|evidence:title:7abe1d1ae0c6787b|evidence:title:9fd09e9cd02cf455; demand=cd-port-activities-maritime-sustainability--bb2c6ac24af3; confidence=0.45||Apply and coordinate Technical or engineering skill for port_activities contexts at EQF 5, demonstrating skills and social competence; evidence=evidence:doi:10.1007/s13437-026-00428-6|evidence:doi:10.1007/s43069-025-00579-x|evidence:doi:10.1016/j.marpol.2025.106975|evidence:doi:10.1016/j.ress.2025.111537|evidence:doi:10.1109/icoiics67115.2025.11390178|evidence:doi:10.1201/9781003712701-23|evidence:doi:10.17818/nm/2026/1.1|evidence:doi:10.21203/rs.3.rs-9105998/v1|evidence:doi:10.2139/ssrn.5511996|evidence:doi:10.2139/ssrn.5940971|evidence:doi:10.4018/979-8-3373-7785-8.ch013|evidence:doi:10.4018/979-8-3693-3234-4.ch025|evidence:doi:10.57096/return.v4i5.370|evidence:doi:10.58532/nbennurdtss5|evidence:doi:10.62517/jnse.202617205; demand=cd-port-activities-maritime-technical-or-en-cc26147007ac; confidence=0.45||Apply and coordinate Workforce skill signal for port_activities contexts at EQF 5, demonstrating skills and social competence; evidence=evidence:doi:10.1088/1755-1315/1566/1/012020|evidence:doi:10.15379/ijmst.v10i2.1169|evidence:doi:10.18332/popmed/164386|evidence:doi:10.21203/rs.3.rs-10000542/v1|evidence:doi:10.54884/s181570410020695-9; demand=cd-port-activities-maritime-workforce-skill-4d312ddc1680; confidence=0.45",portfolio_and_case_study,111,73,0.45,review_required,metadata_only_limitation|propagated_review_required
cred-port-activities-maritime-eqf6-a15837c2bb7a,port_activities — MARITIME competence pathway (EQF 6),port_activities,MARITIME,6,12.0,cd-port-activities-maritime-digital-or-data-f965561c4b5f|cd-port-activities-maritime-education-and-t-62d08c5eef09|cd-port-activities-maritime-explicit-compet-4fed42e22207|cd-port-activities-maritime-safety-or-risk--274b92e093ae|cd-port-activities-maritime-sustainability--bb2c6ac24af3|cd-port-activities-maritime-workforce-skill-4d312ddc1680,"Analyse and design Digital or data skill for port_activities contexts at EQF 6, demonstrating knowledge and skills; evidence=evidence:doi:10.1002/9781394303564.ch25|evidence:doi:10.1002/9781394303601.ch11|evidence:doi:10.1002/9781394411320.ch1|evidence:doi:10.1002/9781394411320.ch10|evidence:doi:10.1002/9781394411320.ch3|evidence:doi:10.1002/9781394411320.ch4|evidence:doi:10.1002/9781394411320.ch6|evidence:doi:10.1007/978-3-032-16288-5_2|evidence:doi:10.1007/s13437-026-00428-6|evidence:doi:10.1007/s43069-025-00579-x|evidence:doi:10.1016/b978-0-323-99205-3.00008-0|evidence:doi:10.1016/b978-0-443-30076-9.00015-7|evidence:doi:10.1016/b978-0-443-30076-9.00026-1|evidence:doi:10.1016/b978-0-443-34226-4.00003-4|evidence:doi:10.1016/j.ress.2025.111537|evidence:doi:10.1016/j.tranpol.2026.104268|evidence:doi:10.1016/j.trd.2026.105379|evidence:doi:10.1016/j.tre.2025.104459|evidence:doi:10.1057/s41278-025-00333-4|evidence:doi:10.1109/access.2026.3681514|evidence:doi:10.1109/icoiics67115.2025.11390178|evidence:doi:10.1109/isriti68345.2025.11393219|evidence:doi:10.1115/omae2022-79613|evidence:doi:10.1145/3804504.3804534|evidence:doi:10.1186/s41072-026-00234-6|evidence:doi:10.1201/9781003500391-7|evidence:doi:10.1201/9781003672500-7|evidence:doi:10.1201/9781003712701-23|evidence:doi:10.12688/f1000research.176261.2|evidence:doi:10.1504/ijstl.2026.10076003|evidence:doi:10.17818/nm/2026/1.1|evidence:doi:10.21203/rs.3.rs-9105998/v1|evidence:doi:10.2139/ssrn.5042173|evidence:doi:10.2139/ssrn.5511996|evidence:doi:10.2139/ssrn.6583598|evidence:doi:10.3390/encyclopedia6010028|evidence:doi:10.3390/su17125537|evidence:doi:10.3390/systems14020187|evidence:doi:10.3390/systems14040413|evidence:doi:10.36227/techrxiv.176281115.50920760/v1|evidence:doi:10.36227/techrxiv.21710897|evidence:doi:10.4018/979-8-3373-4287-0.ch013|evidence:doi:10.4018/979-8-3693-3234-4.ch025|evidence:doi:10.46460/ijiea.1768923|evidence:doi:10.5256/f1000research.198827.r480268|evidence:doi:10.52783/jes.3052|evidence:doi:10.58532/nbennurdtss5|evidence:doi:10.62517/jnse.202617205|evidence:title:05eff7489f857d83|evidence:title:1657040f45b560f9; demand=cd-port-activities-maritime-digital-or-data-f965561c4b5f; confidence=0.45||Analyse and design Education and training signal for port_activities contexts at EQF 6, demonstrating knowledge and skills; evidence=evidence:doi:10.1088/1755-1315/1566/1/012020|evidence:doi:10.21203/rs.3.rs-10000542/v1|evidence:doi:10.54884/s181570410020695-9|evidence:doi:10.57096/return.v4i5.370; demand=cd-port-activities-maritime-education-and-t-62d08c5eef09; confidence=0.45||Analyse and design Explicit competence demand for port_activities contexts at EQF 6, demonstrating knowledge and skills; evidence=evidence:doi:10.15379/ijmst.v10i2.1169|evidence:doi:10.21203/rs.3.rs-10000542/v1; demand=cd-port-activities-maritime-explicit-compet-4fed42e22207; confidence=0.45||Analyse and design Safety or risk-management skill for port_activities contexts at EQF 6, demonstrating knowledge and skills; evidence=evidence:doi:10.1016/j.ress.2025.111537|evidence:doi:10.2139/ssrn.5940971|evidence:title:9fd09e9cd02cf455; demand=cd-port-activities-maritime-safety-or-risk--274b92e093ae; confidence=0.45||Analyse and design Sustainability, resilience, or adaptation skill for port_activities contexts at EQF 6, demonstrating knowledge and skills; evidence=evidence:doi:10.1002/9781394303564.ch25|evidence:doi:10.1007/978-3-030-61075-3_73|evidence:doi:10.1007/978-3-032-16288-5_2|evidence:doi:10.1007/978-3-319-95711-1_17|evidence:doi:10.1007/s12210-024-01225-0|evidence:doi:10.1007/s13437-026-00428-6|evidence:doi:10.1007/s40722-026-00500-6|evidence:doi:10.1016/b978-0-443-30076-9.00015-7|evidence:doi:10.1016/j.ress.2025.111537|evidence:doi:10.1016/j.trd.2026.105379|evidence:doi:10.1061/9780784484401.014|evidence:doi:10.1088/1755-1315/1559/1/012033|evidence:doi:10.1088/1755-1315/1559/1/012039|evidence:doi:10.1115/omae2022-79613|evidence:doi:10.1201/9781003672500-7|evidence:doi:10.2139/ssrn.5042173|evidence:doi:10.2139/ssrn.5511996|evidence:doi:10.2139/ssrn.5940971|evidence:doi:10.3389/fmars.2026.1882539|evidence:doi:10.3390/su18010370|evidence:doi:10.3390/su18062770|evidence:doi:10.3390/su18083751|evidence:doi:10.3390/su18136844|evidence:doi:10.3390/systems14020187|evidence:doi:10.3390/systems14040413|evidence:doi:10.3390/w17131897|evidence:doi:10.4324/9781003597209-15|evidence:doi:10.46460/ijiea.1768923|evidence:doi:10.5089/9798229034920.018|evidence:doi:10.64064/1658-4325.1014|evidence:title:7abe1d1ae0c6787b|evidence:title:9fd09e9cd02cf455; demand=cd-port-activities-maritime-sustainability--bb2c6ac24af3; confidence=0.45||Analyse and design Workforce skill signal for port_activities contexts at EQF 6, demonstrating knowledge and skills; evidence=evidence:doi:10.1088/1755-1315/1566/1/012020|evidence:doi:10.15379/ijmst.v10i2.1169|evidence:doi:10.18332/popmed/164386|evidence:doi:10.21203/rs.3.rs-10000542/v1|evidence:doi:10.54884/s181570410020695-9; demand=cd-port-activities-maritime-workforce-skill-4d312ddc1680; confidence=0.45",portfolio_and_case_study,96,71,0.45,review_required,metadata_only_limitation|propagated_review_required
cred-port-activities-maritime-eqf7-46e2319ae7dd,port_activities — MARITIME competence pathway (EQF 7),port_activities,MARITIME,7,4.0,cd-port-activities-maritime-governance-or-p-2bc367e1bbfb|cd-port-activities-maritime-policy-or-regul-4f5a4a55c6e1,"Evaluate and justify Governance or policy skill for port_activities contexts at EQF 7, demonstrating advanced knowledge and social competence; evidence=evidence:doi:10.1016/j.marpol.2025.106975|evidence:doi:10.1016/j.trip.2025.101796|evidence:doi:10.1088/1755-1315/1559/1/012039|evidence:doi:10.1145/3787330.3787337|evidence:doi:10.22495/jgrv14i4siart17|evidence:doi:10.3390/su18136844; demand=cd-port-activities-maritime-governance-or-p-2bc367e1bbfb; confidence=0.45||Evaluate and justify Policy or regulation skill for port_activities contexts at EQF 7, demonstrating advanced knowledge and social competence; evidence=evidence:doi:10.1007/978-3-032-08664-8_13|evidence:doi:10.24815/kanun.v24i3.24230; demand=cd-port-activities-maritime-policy-or-regul-4f5a4a55c6e1; confidence=0.45",portfolio_and_case_study,8,8,0.45,review_required,metadata_only_limitation|propagated_review_required
cred-port-activities-oceanic-eqf4-af68289a8a5f,port_activities — OCEANIC competence pathway (EQF 4),port_activities,OCEANIC,4,2.0,cd-port-activities-oceanic-policy-or-regula-50be4b74e464,"Operate and monitor Policy or regulation skill for port_activities contexts at EQF 4, demonstrating skills; evidence=evidence:doi:10.18820/9781991201072/04; demand=cd-port-activities-oceanic-policy-or-regula-50be4b74e464; confidence=0.45",portfolio_and_case_study,1,1,0.45,review_required,metadata_only_limitation|propagated_review_required
cred-port-activities-oceanic-eqf5-ec2853c88f1b,port_activities — OCEANIC competence pathway (EQF 5),port_activities,OCEANIC,5,6.0,cd-port-activities-oceanic-explicit-compete-4cf814a28146|cd-port-activities-oceanic-social-science-o-f49f02ecd577|cd-port-activities-oceanic-sustainability-r-e98253e49a70,"Apply and coordinate Explicit competence demand for port_activities contexts at EQF 5, demonstrating skills and social competence; evidence=evidence:doi:10.5505/jems.2019.29491; demand=cd-port-activities-oceanic-explicit-compete-4cf814a28146; confidence=0.45||Apply and coordinate Social-science or literacy skill for port_activities contexts at EQF 5, demonstrating skills and social competence; evidence=evidence:doi:10.1163/9789004503410_004; demand=cd-port-activities-oceanic-social-science-o-f49f02ecd577; confidence=0.45||Apply and coordinate Sustainability, resilience, or adaptation skill for port_activities contexts at EQF 5, demonstrating skills and social competence; evidence=evidence:doi:10.1163/22116001-03701015|evidence:doi:10.1515/9781773852508-013|evidence:doi:10.4135/9789353885724.n7|evidence:doi:10.4324/9781003205968-21|evidence:doi:10.5505/jems.2019.29491; demand=cd-port-activities-oceanic-sustainability-r-e98253e49a70; confidence=0.45",portfolio_and_case_study,7,6,0.45,review_required,metadata_only_limitation|propagated_review_required
cred-port-activities-oceanic-eqf6-3dded66db83d,port_activities — OCEANIC competence pathway (EQF 6),port_activities,OCEANIC,6,6.0,cd-port-activities-oceanic-explicit-compete-4cf814a28146|cd-port-activities-oceanic-social-science-o-f49f02ecd577|cd-port-activities-oceanic-sustainability-r-e98253e49a70,"Analyse and design Explicit competence demand for port_activities contexts at EQF 6, demonstrating knowledge and skills; evidence=evidence:doi:10.5505/jems.2019.29491; demand=cd-port-activities-oceanic-explicit-compete-4cf814a28146; confidence=0.45||Analyse and design Social-science or literacy skill for port_activities contexts at EQF 6, demonstrating knowledge and skills; evidence=evidence:doi:10.1163/9789004503410_004; demand=cd-port-activities-oceanic-social-science-o-f49f02ecd577; confidence=0.45||Analyse and design Sustainability, resilience, or adaptation skill for port_activities contexts at EQF 6, demonstrating knowledge and skills; evidence=evidence:doi:10.1163/22116001-03701015|evidence:doi:10.1515/9781773852508-013|evidence:doi:10.4135/9789353885724.n7|evidence:doi:10.4324/9781003205968-21|evidence:doi:10.5505/jems.2019.29491; demand=cd-port-activities-oceanic-sustainability-r-e98253e49a70; confidence=0.45",portfolio_and_case_study,7,6,0.45,review_required,metadata_only_limitation|propagated_review_required
cred-port-activities-oceanic-eqf7-974c72afb4fb,port_activities — OCEANIC competence pathway (EQF 7),port_activities,OCEANIC,7,4.0,cd-port-activities-oceanic-governance-or-po-85e299265f0b|cd-port-activities-oceanic-policy-or-regula-50be4b74e464,"Evaluate and justify Governance or policy skill for port_activities contexts at EQF 7, demonstrating advanced knowledge and social competence; evidence=evidence:doi:10.1017/9781108502238.010|evidence:doi:10.1515/9781773852508-013|evidence:doi:10.2307/j.ctv1z3hkmp.15; demand=cd-port-activities-oceanic-governance-or-po-85e299265f0b; confidence=0.45||Evaluate and justify Policy or regulation skill for port_activities contexts at EQF 7, demonstrating advanced knowledge and social competence; evidence=evidence:doi:10.18820/9781991201072/04; demand=cd-port-activities-oceanic-policy-or-regula-50be4b74e464; confidence=0.45",portfolio_and_case_study,4,4,0.45,review_required,metadata_only_limitation|propagated_review_required
cred-r-i-oceanic-eqf4-bbfa5ad5e579,r_i — OCEANIC competence pathway (EQF 4),r_i,OCEANIC,4,2.0,cd-r-i-oceanic-policy-or-regulation-skill-8b81b5025a40,"Operate and monitor Policy or regulation skill for r_i contexts at EQF 4, demonstrating skills; evidence=evidence:doi:10.3389/fmars.2025.1683006|evidence:doi:10.4337/9781839107696.00029; demand=cd-r-i-oceanic-policy-or-regulation-skill-8b81b5025a40; confidence=0.45",portfolio_and_case_study,2,2,0.45,review_required,metadata_only_limitation|propagated_review_required
cred-r-i-oceanic-eqf5-9929636864b5,r_i — OCEANIC competence pathway (EQF 5),r_i,OCEANIC,5,18.0,cd-r-i-oceanic-credential-translation-signa-4348177cc980|cd-r-i-oceanic-digital-or-data-skill-90cd85f8ca27|cd-r-i-oceanic-education-and-training-signa-e07fa6900fde|cd-r-i-oceanic-learning-outcome-signal-f8b1ac6bb56a|cd-r-i-oceanic-safety-or-risk-management-sk-d2a8e1876ee0|cd-r-i-oceanic-social-science-or-literacy-s-0ecd9740c0d5|cd-r-i-oceanic-sustainability-resilience-or-9ad74ed3a0ae|cd-r-i-oceanic-technical-or-engineering-ski-bc83c9005f99|cd-r-i-oceanic-workforce-skill-signal-80784d38bcd6,"Apply and coordinate Credential translation signal for r_i contexts at EQF 5, demonstrating skills and social competence; evidence=evidence:doi:10.20944/preprints202601.2047.v1|evidence:doi:10.3102/2196078|evidence:doi:10.51386/25815946/ijsms-v8i6p113|evidence:doi:10.62662/kxwxy0212004; demand=cd-r-i-oceanic-credential-translation-signa-4348177cc980; confidence=0.45||Apply and coordinate Digital or data skill for r_i contexts at EQF 5, demonstrating skills and social competence; evidence=evidence:doi:10.1002/essoar.10512862.1|evidence:doi:10.1016/j.ecoinf.2025.103483|evidence:doi:10.1108/raf-04-2025-0154|evidence:doi:10.1109/icma49215.2020.9233797|evidence:doi:10.1109/mic.2021.3065245|evidence:doi:10.20944/preprints202211.0429.v1|evidence:doi:10.20944/preprints202508.0708.v1|evidence:doi:10.22492/issn.2186-5892.2025.130|evidence:doi:10.3389/fmars.2025.1683006|evidence:doi:10.3390/jmse14090800|evidence:doi:10.3390/s23104581|evidence:doi:10.3788/cjl240621|evidence:doi:10.4324/9780429273353-11|evidence:doi:10.5194/egusphere-egu24-11618; demand=cd-r-i-oceanic-digital-or-data-skill-90cd85f8ca27; confidence=0.45||Apply and coordinate Education and training signal for r_i contexts at EQF 5, demonstrating skills and social competence; evidence=evidence:doi:10.1007/978-3-032-19927-0_75|evidence:doi:10.1016/b978-0-12-821431-2.00002-0|evidence:doi:10.1080/01431161.2026.2612908|evidence:doi:10.1109/oceans58557.2025.11104555|evidence:doi:10.11591/ijere.v8i3.17591|evidence:doi:10.1163/22116001-03701005|evidence:doi:10.20527/jmscedu.v4i1.10824|evidence:doi:10.22492/issn.2186-5892.2025.130|evidence:doi:10.2991/978-2-38476-301-6_12|evidence:doi:10.3102/2196078|evidence:doi:10.3390/su18052538|evidence:doi:10.36074/grail-of-science.15.09.2023.59|evidence:doi:10.51386/25815946/ijsms-v8i6p113|evidence:doi:10.52690/jswse.v6i3.1285|evidence:doi:10.56028/aehssr.6.1.176.2023|evidence:doi:10.5961/jhes.2019.356; demand=cd-r-i-oceanic-education-and-training-signa-e07fa6900fde; confidence=0.45||Apply and coordinate Learning outcome signal for r_i contexts at EQF 5, demonstrating skills and social competence; evidence=evidence:doi:10.11591/ijere.v8i3.17591|evidence:doi:10.20527/jmscedu.v4i1.10824|evidence:doi:10.22492/issn.2186-5892.2025.130|evidence:doi:10.2991/978-2-38476-301-6_12|evidence:doi:10.31219/osf.io/dr96y|evidence:doi:10.52690/jswse.v6i3.1285|evidence:doi:10.56028/aehssr.6.1.176.2023|evidence:doi:10.5961/jhes.2019.356; demand=cd-r-i-oceanic-learning-outcome-signal-f8b1ac6bb56a; confidence=0.45||Apply and coordinate Safety or risk-management skill for r_i contexts at EQF 5, demonstrating skills and social competence; evidence=evidence:doi:10.1016/b978-0-12-821431-2.00007-x|evidence:doi:10.1016/j.marpol.2020.104387|evidence:doi:10.20944/preprints202211.0429.v1|evidence:doi:10.23919/oceans59106.2025.11245121; demand=cd-r-i-oceanic-safety-or-risk-management-sk-d2a8e1876ee0; confidence=0.45||Apply and coordinate Social-science or literacy skill for r_i contexts at EQF 5, demonstrating skills and social competence; evidence=evidence:doi:10.1007/978-3-032-09453-7_12|evidence:doi:10.1007/978-3-032-09453-7_19|evidence:doi:10.1007/978-3-032-09453-7_2|evidence:doi:10.1007/978-3-032-09453-7_6|evidence:doi:10.1051/bioconf/202518506001|evidence:doi:10.25234/pv/36881|evidence:doi:10.3389/fmars.2019.00646|evidence:doi:10.3389/fmars.2026.1741296; demand=cd-r-i-oceanic-social-science-or-literacy-s-0ecd9740c0d5; confidence=0.45||Apply and coordinate Sustainability, resilience, or adaptation skill for r_i contexts at EQF 5, demonstrating skills and social competence; evidence=evidence:doi:10.1002/essoar.10512862.1|evidence:doi:10.1007/978-3-032-18199-2_22|evidence:doi:10.1007/978-3-032-19927-0_75|evidence:doi:10.1007/978-3-032-19927-0_88|evidence:doi:10.1007/s43621-025-01953-9|evidence:doi:10.1016/b978-0-12-821431-2.00022-6|evidence:doi:10.1016/b978-0-12-821431-2.02038-2|evidence:doi:10.1016/j.marpol.2025.106963|evidence:doi:10.1108/978-1-80592-212-420261002|evidence:doi:10.1109/oceans58557.2025.11104725|evidence:doi:10.1163/22116001-03701005|evidence:doi:10.1163/9789004380271_045|evidence:doi:10.20944/preprints202211.0429.v1|evidence:doi:10.20944/preprints202508.0708.v1|evidence:doi:10.21608/ejabf.2026.512204|evidence:doi:10.2499/9780896294257_01|evidence:doi:10.25234/pv/36881|evidence:doi:10.2991/978-2-38476-301-6_12|evidence:doi:10.3389/fmars.2019.00646|evidence:doi:10.3390/jmse14050518|evidence:doi:10.3390/su172310751|evidence:doi:10.52202/083101-0009; demand=cd-r-i-oceanic-sustainability-resilience-or-9ad74ed3a0ae; confidence=0.45||Apply and coordinate Technical or engineering skill for r_i contexts at EQF 5, demonstrating skills and social competence; evidence=evidence:doi:10.1007/978-3-032-18199-2_22|evidence:doi:10.1109/oceans58557.2025.11104555|evidence:doi:10.3390/s24206530|evidence:doi:10.3390/su17010155|evidence:doi:10.4018/979-8-3373-5881-9.ch012|evidence:doi:10.51386/25815946/ijsms-v8i6p113|evidence:doi:10.5961/jhes.2019.356|evidence:doi:10.9734/ajmpcp/2026/v9i2469; demand=cd-r-i-oceanic-technical-or-engineering-ski-bc83c9005f99; confidence=0.45||Apply and coordinate Workforce skill signal for r_i contexts at EQF 5, demonstrating skills and social competence; evidence=evidence:doi:10.1016/b978-0-12-821431-2.00002-0|evidence:doi:10.1016/b978-0-12-821431-2.00015-9|evidence:doi:10.1016/b978-0-12-821431-2.00023-8|evidence:doi:10.1016/b978-0-12-821431-2.00032-9|evidence:doi:10.1016/b978-0-12-821431-2.02023-0|evidence:doi:10.1016/b978-0-12-821431-2.02027-8|evidence:doi:10.1016/b978-0-12-821431-2.02031-x|evidence:doi:10.1016/b978-0-12-821431-2.02032-1|evidence:doi:10.4324/9780429273353-11; demand=cd-r-i-oceanic-workforce-skill-signal-80784d38bcd6; confidence=0.45",portfolio_and_case_study,93,68,0.45,review_required,metadata_only_limitation|propagated_review_required
cred-r-i-oceanic-eqf6-95101c6714c2,r_i — OCEANIC competence pathway (EQF 6),r_i,OCEANIC,6,18.0,cd-r-i-oceanic-credential-translation-signa-4348177cc980|cd-r-i-oceanic-digital-or-data-skill-90cd85f8ca27|cd-r-i-oceanic-education-and-training-signa-e07fa6900fde|cd-r-i-oceanic-learning-outcome-signal-f8b1ac6bb56a|cd-r-i-oceanic-safety-or-risk-management-sk-d2a8e1876ee0|cd-r-i-oceanic-social-science-or-literacy-s-0ecd9740c0d5|cd-r-i-oceanic-sustainability-resilience-or-9ad74ed3a0ae|cd-r-i-oceanic-technical-or-engineering-ski-bc83c9005f99|cd-r-i-oceanic-workforce-skill-signal-80784d38bcd6,"Analyse and design Credential translation signal for r_i contexts at EQF 6, demonstrating knowledge and skills; evidence=evidence:doi:10.20944/preprints202601.2047.v1|evidence:doi:10.3102/2196078|evidence:doi:10.51386/25815946/ijsms-v8i6p113|evidence:doi:10.62662/kxwxy0212004; demand=cd-r-i-oceanic-credential-translation-signa-4348177cc980; confidence=0.45||Analyse and design Digital or data skill for r_i contexts at EQF 6, demonstrating knowledge and skills; evidence=evidence:doi:10.1002/essoar.10512862.1|evidence:doi:10.1016/j.ecoinf.2025.103483|evidence:doi:10.1108/raf-04-2025-0154|evidence:doi:10.1109/icma49215.2020.9233797|evidence:doi:10.1109/mic.2021.3065245|evidence:doi:10.20944/preprints202211.0429.v1|evidence:doi:10.20944/preprints202508.0708.v1|evidence:doi:10.22492/issn.2186-5892.2025.130|evidence:doi:10.3389/fmars.2025.1683006|evidence:doi:10.3390/jmse14090800|evidence:doi:10.3390/s23104581|evidence:doi:10.3788/cjl240621|evidence:doi:10.4324/9780429273353-11|evidence:doi:10.5194/egusphere-egu24-11618; demand=cd-r-i-oceanic-digital-or-data-skill-90cd85f8ca27; confidence=0.45||Analyse and design Education and training signal for r_i contexts at EQF 6, demonstrating knowledge and skills; evidence=evidence:doi:10.1007/978-3-032-19927-0_75|evidence:doi:10.1016/b978-0-12-821431-2.00002-0|evidence:doi:10.1080/01431161.2026.2612908|evidence:doi:10.1109/oceans58557.2025.11104555|evidence:doi:10.11591/ijere.v8i3.17591|evidence:doi:10.1163/22116001-03701005|evidence:doi:10.20527/jmscedu.v4i1.10824|evidence:doi:10.22492/issn.2186-5892.2025.130|evidence:doi:10.2991/978-2-38476-301-6_12|evidence:doi:10.3102/2196078|evidence:doi:10.3390/su18052538|evidence:doi:10.36074/grail-of-science.15.09.2023.59|evidence:doi:10.51386/25815946/ijsms-v8i6p113|evidence:doi:10.52690/jswse.v6i3.1285|evidence:doi:10.56028/aehssr.6.1.176.2023|evidence:doi:10.5961/jhes.2019.356; demand=cd-r-i-oceanic-education-and-training-signa-e07fa6900fde; confidence=0.45||Analyse and design Learning outcome signal for r_i contexts at EQF 6, demonstrating knowledge and skills; evidence=evidence:doi:10.11591/ijere.v8i3.17591|evidence:doi:10.20527/jmscedu.v4i1.10824|evidence:doi:10.22492/issn.2186-5892.2025.130|evidence:doi:10.2991/978-2-38476-301-6_12|evidence:doi:10.31219/osf.io/dr96y|evidence:doi:10.52690/jswse.v6i3.1285|evidence:doi:10.56028/aehssr.6.1.176.2023|evidence:doi:10.5961/jhes.2019.356; demand=cd-r-i-oceanic-learning-outcome-signal-f8b1ac6bb56a; confidence=0.45||Analyse and design Safety or risk-management skill for r_i contexts at EQF 6, demonstrating knowledge and skills; evidence=evidence:doi:10.1016/b978-0-12-821431-2.00007-x|evidence:doi:10.1016/j.marpol.2020.104387|evidence:doi:10.20944/preprints202211.0429.v1|evidence:doi:10.23919/oceans59106.2025.11245121; demand=cd-r-i-oceanic-safety-or-risk-management-sk-d2a8e1876ee0; confidence=0.45||Analyse and design Social-science or literacy skill for r_i contexts at EQF 6, demonstrating knowledge and skills; evidence=evidence:doi:10.1007/978-3-032-09453-7_12|evidence:doi:10.1007/978-3-032-09453-7_19|evidence:doi:10.1007/978-3-032-09453-7_2|evidence:doi:10.1007/978-3-032-09453-7_6|evidence:doi:10.1051/bioconf/202518506001|evidence:doi:10.25234/pv/36881|evidence:doi:10.3389/fmars.2019.00646|evidence:doi:10.3389/fmars.2026.1741296; demand=cd-r-i-oceanic-social-science-or-literacy-s-0ecd9740c0d5; confidence=0.45||Analyse and design Sustainability, resilience, or adaptation skill for r_i contexts at EQF 6, demonstrating knowledge and skills; evidence=evidence:doi:10.1002/essoar.10512862.1|evidence:doi:10.1007/978-3-032-18199-2_22|evidence:doi:10.1007/978-3-032-19927-0_75|evidence:doi:10.1007/978-3-032-19927-0_88|evidence:doi:10.1007/s43621-025-01953-9|evidence:doi:10.1016/b978-0-12-821431-2.00022-6|evidence:doi:10.1016/b978-0-12-821431-2.02038-2|evidence:doi:10.1016/j.marpol.2025.106963|evidence:doi:10.1108/978-1-80592-212-420261002|evidence:doi:10.1109/oceans58557.2025.11104725|evidence:doi:10.1163/22116001-03701005|evidence:doi:10.1163/9789004380271_045|evidence:doi:10.20944/preprints202211.0429.v1|evidence:doi:10.20944/preprints202508.0708.v1|evidence:doi:10.21608/ejabf.2026.512204|evidence:doi:10.2499/9780896294257_01|evidence:doi:10.25234/pv/36881|evidence:doi:10.2991/978-2-38476-301-6_12|evidence:doi:10.3389/fmars.2019.00646|evidence:doi:10.3390/jmse14050518|evidence:doi:10.3390/su172310751|evidence:doi:10.52202/083101-0009; demand=cd-r-i-oceanic-sustainability-resilience-or-9ad74ed3a0ae; confidence=0.45||Analyse and design Technical or engineering skill for r_i contexts at EQF 6, demonstrating knowledge and skills; evidence=evidence:doi:10.1007/978-3-032-18199-2_22|evidence:doi:10.1109/oceans58557.2025.11104555|evidence:doi:10.3390/s24206530|evidence:doi:10.3390/su17010155|evidence:doi:10.4018/979-8-3373-5881-9.ch012|evidence:doi:10.51386/25815946/ijsms-v8i6p113|evidence:doi:10.5961/jhes.2019.356|evidence:doi:10.9734/ajmpcp/2026/v9i2469; demand=cd-r-i-oceanic-technical-or-engineering-ski-bc83c9005f99; confidence=0.45||Analyse and design Workforce skill signal for r_i contexts at EQF 6, demonstrating knowledge and skills; evidence=evidence:doi:10.1016/b978-0-12-821431-2.00002-0|evidence:doi:10.1016/b978-0-12-821431-2.00015-9|evidence:doi:10.1016/b978-0-12-821431-2.00023-8|evidence:doi:10.1016/b978-0-12-821431-2.00032-9|evidence:doi:10.1016/b978-0-12-821431-2.02023-0|evidence:doi:10.1016/b978-0-12-821431-2.02027-8|evidence:doi:10.1016/b978-0-12-821431-2.02031-x|evidence:doi:10.1016/b978-0-12-821431-2.02032-1|evidence:doi:10.4324/9780429273353-11; demand=cd-r-i-oceanic-workforce-skill-signal-80784d38bcd6; confidence=0.45",portfolio_and_case_study,93,68,0.45,review_required,metadata_only_limitation|propagated_review_required
cred-r-i-oceanic-eqf7-eb468e224bcb,r_i — OCEANIC competence pathway (EQF 7),r_i,OCEANIC,7,4.0,cd-r-i-oceanic-governance-or-policy-skill-8f1674045443|cd-r-i-oceanic-policy-or-regulation-skill-8b81b5025a40,"Evaluate and justify Governance or policy skill for r_i contexts at EQF 7, demonstrating advanced knowledge and social competence; evidence=evidence:doi:10.1007/978-3-032-13638-1_10|evidence:doi:10.1016/j.marpol.2025.106963|evidence:doi:10.1016/j.ocecoaman.2026.108145|evidence:doi:10.1051/bioconf/202518506001|evidence:doi:10.20944/preprints202509.1572.v1|evidence:doi:10.21608/ejabf.2026.512204|evidence:doi:10.25234/pv/36881|evidence:doi:10.3389/fmars.2025.1683006|evidence:doi:10.3390/su17010155|evidence:doi:10.5194/oos2025-348|evidence:doi:10.5256/f1000research.194512.r451007|evidence:doi:10.9734/ajmpcp/2026/v9i2469; demand=cd-r-i-oceanic-governance-or-policy-skill-8f1674045443; confidence=0.45||Evaluate and justify Policy or regulation skill for r_i contexts at EQF 7, demonstrating advanced knowledge and social competence; evidence=evidence:doi:10.3389/fmars.2025.1683006|evidence:doi:10.4337/9781839107696.00029; demand=cd-r-i-oceanic-policy-or-regulation-skill-8b81b5025a40; confidence=0.45",portfolio_and_case_study,14,13,0.45,review_required,metadata_only_limitation|propagated_review_required
cred-renewable-energy-maritime-eqf4-9997791723a0,renewable_energy — MARITIME competence pathway (EQF 4),renewable_energy,MARITIME,4,2.0,cd-renewable-energy-maritime-policy-or-regu-186197c33d20,"Operate and monitor Policy or regulation skill for renewable_energy contexts at EQF 4, demonstrating skills; evidence=evidence:doi:10.1007/978-981-96-5435-2_18|evidence:doi:10.1007/s00267-025-02282-3|evidence:doi:10.1163/9789004508750_003|evidence:doi:10.1201/9781003671039-8|evidence:doi:10.3390/en19132993|evidence:doi:10.3390/su18094302; demand=cd-renewable-energy-maritime-policy-or-regu-186197c33d20; confidence=0.45",portfolio_and_case_study,6,6,0.45,review_required,metadata_only_limitation|propagated_review_required
cred-renewable-energy-maritime-eqf5-79481de0583a,renewable_energy — MARITIME competence pathway (EQF 5),renewable_energy,MARITIME,5,16.0,cd-renewable-energy-maritime-digital-or-dat-477d376590d2|cd-renewable-energy-maritime-education-and--77046cd69274|cd-renewable-energy-maritime-learning-outco-7dba373296bc|cd-renewable-energy-maritime-safety-or-risk-85051e8a1466|cd-renewable-energy-maritime-social-science-8b72fc60d248|cd-renewable-energy-maritime-sustainability-cb21b13961e1|cd-renewable-energy-maritime-technical-or-e-5ab4dc7cb6dd|cd-renewable-energy-maritime-workforce-skil-658ca3ae1c1c,"Apply and coordinate Digital or data skill for renewable_energy contexts at EQF 5, demonstrating skills and social competence; evidence=evidence:doi:10.1002/9781394464272.ch9|evidence:doi:10.1002/9781394464364-03|evidence:doi:10.1007/978-3-031-93887-0_5|evidence:doi:10.1007/978-981-96-5435-2_18|evidence:doi:10.1007/978-981-99-0252-1_13|evidence:doi:10.1016/b978-0-443-14070-9.00006-8|evidence:doi:10.1016/j.egyr.2023.08.091|evidence:doi:10.1016/j.oceaneng.2022.113322|evidence:doi:10.1016/j.renene.2025.123657|evidence:doi:10.1016/j.renene.2025.125000|evidence:doi:10.1109/icgeps69938.2026.11522248|evidence:doi:10.1109/sose62659.2024.10620933|evidence:doi:10.1115/iowtc2023-119374|evidence:doi:10.1115/iowtc2025-164342|evidence:doi:10.1115/iowtc2025-164947|evidence:doi:10.1115/iowtc2025-165461|evidence:doi:10.1115/iowtc2025-167883|evidence:doi:10.1115/omae2023-101859|evidence:doi:10.1115/omae2024-124269|evidence:doi:10.1115/omae2024-126223|evidence:doi:10.1117/12.3057755|evidence:doi:10.12783/shm2023/36801|evidence:doi:10.12783/shm2023/36802|evidence:doi:10.1504/ijosm.2026.154033|evidence:doi:10.20944/preprints202403.0749.v1|evidence:doi:10.23919/oceans44145.2021.9706018|evidence:doi:10.26226/m.64c26777632e9539aa87d482|evidence:doi:10.3390/jmse14060549|evidence:doi:10.36922/gti025330013|evidence:doi:10.36956/sms.v7i3.2239|evidence:doi:10.4018/979-8-3373-4159-0.ch003|evidence:doi:10.48336/wq24-vq46|evidence:doi:10.5194/wes-2023-108; demand=cd-renewable-energy-maritime-digital-or-dat-477d376590d2; confidence=0.45||Apply and coordinate Education and training signal for renewable_energy contexts at EQF 5, demonstrating skills and social competence; evidence=evidence:doi:10.1016/j.egyr.2026.109301|evidence:doi:10.2139/ssrn.4726907|evidence:doi:10.4043/30933-ms; demand=cd-renewable-energy-maritime-education-and--77046cd69274; confidence=0.45||Apply and coordinate Learning outcome signal for renewable_energy contexts at EQF 5, demonstrating skills and social competence; evidence=evidence:doi:10.1007/s11804-025-00631-6|evidence:doi:10.1016/b978-0-12-819727-1.00168-0|evidence:doi:10.1016/j.renene.2025.123616|evidence:doi:10.1016/j.rser.2022.112307|evidence:doi:10.1016/j.rsma.2024.103997|evidence:doi:10.1128/spectrum.01948-25|evidence:doi:10.3390/su18052367|evidence:doi:10.36922/gti025330013|evidence:doi:10.52152/3921; demand=cd-renewable-energy-maritime-learning-outco-7dba373296bc; confidence=0.45||Apply and coordinate Safety or risk-management skill for renewable_energy contexts at EQF 5, demonstrating skills and social competence; evidence=evidence:doi:10.1016/j.ocecoaman.2026.108170|evidence:doi:10.1016/j.oneear.2024.02.009|evidence:doi:10.1016/j.rser.2024.114761|evidence:doi:10.3390/jmse14131220; demand=cd-renewable-energy-maritime-safety-or-risk-85051e8a1466; confidence=0.45||Apply and coordinate Social-science or literacy skill for renewable_energy contexts at EQF 5, demonstrating skills and social competence; evidence=evidence:doi:10.1128/spectrum.01948-25; demand=cd-renewable-energy-maritime-social-science-8b72fc60d248; confidence=0.45||Apply and coordinate Sustainability, resilience, or adaptation skill for renewable_energy contexts at EQF 5, demonstrating skills and social competence; evidence=evidence:doi:10.1007/978-3-031-61976-2_8|evidence:doi:10.1007/s11804-025-00631-6|evidence:doi:10.1016/j.egyr.2025.06.053|evidence:doi:10.1016/j.egyr.2026.109301|evidence:doi:10.1016/j.jenvman.2021.112697|evidence:doi:10.1016/j.ocecoaman.2023.106513|evidence:doi:10.1016/j.renene.2023.04.127|evidence:doi:10.1016/j.renene.2023.119819|evidence:doi:10.1016/j.rser.2025.116304|evidence:doi:10.1088/1755-1315/1552/1/012039|evidence:doi:10.1186/s13705-019-0209-0|evidence:doi:10.1201/9781003024613-15|evidence:doi:10.14207/ejsd.2022.v11n1p101|evidence:doi:10.3390/en18030656|evidence:doi:10.3390/su13042297|evidence:doi:10.3390/su18052367|evidence:doi:10.3390/su18094302|evidence:doi:10.52152/4511; demand=cd-renewable-energy-maritime-sustainability-cb21b13961e1; confidence=0.45||Apply and coordinate Technical or engineering skill for renewable_energy contexts at EQF 5, demonstrating skills and social competence; evidence=evidence:doi:10.1016/j.apenergy.2026.127424|evidence:doi:10.1016/j.oceaneng.2022.113322|evidence:doi:10.1115/iowtc2025-165461|evidence:doi:10.1115/omae2024-124269|evidence:doi:10.1117/12.3057755|evidence:doi:10.24084/repqj02.238|evidence:doi:10.3390/jmse14060549|evidence:doi:10.4018/979-8-3373-4159-0.ch003|evidence:doi:10.48336/wq24-vq46; demand=cd-renewable-energy-maritime-technical-or-e-5ab4dc7cb6dd; confidence=0.45||Apply and coordinate Workforce skill signal for renewable_energy contexts at EQF 5, demonstrating skills and social competence; evidence=evidence:doi:10.2172/1893828; demand=cd-renewable-energy-maritime-workforce-skil-658ca3ae1c1c; confidence=0.45",portfolio_and_case_study,78,66,0.45,review_required,metadata_only_limitation|propagated_review_required
cred-renewable-energy-maritime-eqf6-5e0b4d577582,renewable_energy — MARITIME competence pathway (EQF 6),renewable_energy,MARITIME,6,14.0,cd-renewable-energy-maritime-digital-or-dat-477d376590d2|cd-renewable-energy-maritime-education-and--77046cd69274|cd-renewable-energy-maritime-learning-outco-7dba373296bc|cd-renewable-energy-maritime-safety-or-risk-85051e8a1466|cd-renewable-energy-maritime-social-science-8b72fc60d248|cd-renewable-energy-maritime-sustainability-cb21b13961e1|cd-renewable-energy-maritime-workforce-skil-658ca3ae1c1c,"Analyse and design Digital or data skill for renewable_energy contexts at EQF 6, demonstrating knowledge and skills; evidence=evidence:doi:10.1002/9781394464272.ch9|evidence:doi:10.1002/9781394464364-03|evidence:doi:10.1007/978-3-031-93887-0_5|evidence:doi:10.1007/978-981-96-5435-2_18|evidence:doi:10.1007/978-981-99-0252-1_13|evidence:doi:10.1016/b978-0-443-14070-9.00006-8|evidence:doi:10.1016/j.egyr.2023.08.091|evidence:doi:10.1016/j.oceaneng.2022.113322|evidence:doi:10.1016/j.renene.2025.123657|evidence:doi:10.1016/j.renene.2025.125000|evidence:doi:10.1109/icgeps69938.2026.11522248|evidence:doi:10.1109/sose62659.2024.10620933|evidence:doi:10.1115/iowtc2023-119374|evidence:doi:10.1115/iowtc2025-164342|evidence:doi:10.1115/iowtc2025-164947|evidence:doi:10.1115/iowtc2025-165461|evidence:doi:10.1115/iowtc2025-167883|evidence:doi:10.1115/omae2023-101859|evidence:doi:10.1115/omae2024-124269|evidence:doi:10.1115/omae2024-126223|evidence:doi:10.1117/12.3057755|evidence:doi:10.12783/shm2023/36801|evidence:doi:10.12783/shm2023/36802|evidence:doi:10.1504/ijosm.2026.154033|evidence:doi:10.20944/preprints202403.0749.v1|evidence:doi:10.23919/oceans44145.2021.9706018|evidence:doi:10.26226/m.64c26777632e9539aa87d482|evidence:doi:10.3390/jmse14060549|evidence:doi:10.36922/gti025330013|evidence:doi:10.36956/sms.v7i3.2239|evidence:doi:10.4018/979-8-3373-4159-0.ch003|evidence:doi:10.48336/wq24-vq46|evidence:doi:10.5194/wes-2023-108; demand=cd-renewable-energy-maritime-digital-or-dat-477d376590d2; confidence=0.45||Analyse and design Education and training signal for renewable_energy contexts at EQF 6, demonstrating knowledge and skills; evidence=evidence:doi:10.1016/j.egyr.2026.109301|evidence:doi:10.2139/ssrn.4726907|evidence:doi:10.4043/30933-ms; demand=cd-renewable-energy-maritime-education-and--77046cd69274; confidence=0.45||Analyse and design Learning outcome signal for renewable_energy contexts at EQF 6, demonstrating knowledge and skills; evidence=evidence:doi:10.1007/s11804-025-00631-6|evidence:doi:10.1016/b978-0-12-819727-1.00168-0|evidence:doi:10.1016/j.renene.2025.123616|evidence:doi:10.1016/j.rser.2022.112307|evidence:doi:10.1016/j.rsma.2024.103997|evidence:doi:10.1128/spectrum.01948-25|evidence:doi:10.3390/su18052367|evidence:doi:10.36922/gti025330013|evidence:doi:10.52152/3921; demand=cd-renewable-energy-maritime-learning-outco-7dba373296bc; confidence=0.45||Analyse and design Safety or risk-management skill for renewable_energy contexts at EQF 6, demonstrating knowledge and skills; evidence=evidence:doi:10.1016/j.ocecoaman.2026.108170|evidence:doi:10.1016/j.oneear.2024.02.009|evidence:doi:10.1016/j.rser.2024.114761|evidence:doi:10.3390/jmse14131220; demand=cd-renewable-energy-maritime-safety-or-risk-85051e8a1466; confidence=0.45||Analyse and design Social-science or literacy skill for renewable_energy contexts at EQF 6, demonstrating knowledge and skills; evidence=evidence:doi:10.1128/spectrum.01948-25; demand=cd-renewable-energy-maritime-social-science-8b72fc60d248; confidence=0.45||Analyse and design Sustainability, resilience, or adaptation skill for renewable_energy contexts at EQF 6, demonstrating knowledge and skills; evidence=evidence:doi:10.1007/978-3-031-61976-2_8|evidence:doi:10.1007/s11804-025-00631-6|evidence:doi:10.1016/j.egyr.2025.06.053|evidence:doi:10.1016/j.egyr.2026.109301|evidence:doi:10.1016/j.jenvman.2021.112697|evidence:doi:10.1016/j.ocecoaman.2023.106513|evidence:doi:10.1016/j.renene.2023.04.127|evidence:doi:10.1016/j.renene.2023.119819|evidence:doi:10.1016/j.rser.2025.116304|evidence:doi:10.1088/1755-1315/1552/1/012039|evidence:doi:10.1186/s13705-019-0209-0|evidence:doi:10.1201/9781003024613-15|evidence:doi:10.14207/ejsd.2022.v11n1p101|evidence:doi:10.3390/en18030656|evidence:doi:10.3390/su13042297|evidence:doi:10.3390/su18052367|evidence:doi:10.3390/su18094302|evidence:doi:10.52152/4511; demand=cd-renewable-energy-maritime-sustainability-cb21b13961e1; confidence=0.45||Analyse and design Workforce skill signal for renewable_energy contexts at EQF 6, demonstrating knowledge and skills; evidence=evidence:doi:10.2172/1893828; demand=cd-renewable-energy-maritime-workforce-skil-658ca3ae1c1c; confidence=0.45",portfolio_and_case_study,69,64,0.45,review_required,metadata_only_limitation|propagated_review_required
cred-renewable-energy-maritime-eqf7-24c6a34d89df,renewable_energy — MARITIME competence pathway (EQF 7),renewable_energy,MARITIME,7,4.0,cd-renewable-energy-maritime-governance-or--26e786804621|cd-renewable-energy-maritime-policy-or-regu-186197c33d20,"Evaluate and justify Governance or policy skill for renewable_energy contexts at EQF 7, demonstrating advanced knowledge and social competence; evidence=evidence:doi:10.1002/ep.14102|evidence:doi:10.1007/978-3-031-61976-2_8|evidence:doi:10.1007/978-3-032-19927-0_12|evidence:doi:10.1016/b978-0-12-819727-1.00168-0|evidence:doi:10.1016/j.enpol.2025.114621|evidence:doi:10.1016/j.joitmc.2025.100664|evidence:doi:10.1016/j.marpol.2025.106978|evidence:doi:10.1016/j.marpol.2026.107202|evidence:doi:10.1016/j.ocecoaman.2023.106513|evidence:doi:10.1016/j.renene.2021.11.124|evidence:doi:10.1016/j.rser.2025.116189|evidence:doi:10.1201/9781003024613-15|evidence:doi:10.1201/9781003671039-8|evidence:doi:10.2139/ssrn.5065854|evidence:doi:10.3390/en19132993|evidence:doi:10.3390/jmse14131220|evidence:doi:10.48336/wq24-vq46; demand=cd-renewable-energy-maritime-governance-or--26e786804621; confidence=0.45||Evaluate and justify Policy or regulation skill for renewable_energy contexts at EQF 7, demonstrating advanced knowledge and social competence; evidence=evidence:doi:10.1007/978-981-96-5435-2_18|evidence:doi:10.1007/s00267-025-02282-3|evidence:doi:10.1163/9789004508750_003|evidence:doi:10.1201/9781003671039-8|evidence:doi:10.3390/en19132993|evidence:doi:10.3390/su18094302; demand=cd-renewable-energy-maritime-policy-or-regu-186197c33d20; confidence=0.45",portfolio_and_case_study,23,21,0.45,review_required,metadata_only_limitation|propagated_review_required
cred-renewable-energy-oceanic-eqf4-7526f20097bc,renewable_energy — OCEANIC competence pathway (EQF 4),renewable_energy,OCEANIC,4,2.0,cd-renewable-energy-oceanic-policy-or-regul-c7011c1e51a5,"Operate and monitor Policy or regulation skill for renewable_energy contexts at EQF 4, demonstrating skills; evidence=evidence:doi:10.2139/ssrn.4769129|evidence:doi:10.2139/ssrn.5736697; demand=cd-renewable-energy-oceanic-policy-or-regul-c7011c1e51a5; confidence=0.45",portfolio_and_case_study,2,2,0.45,review_required,metadata_only_limitation|propagated_review_required
cred-renewable-energy-oceanic-eqf5-d36a628b44a3,renewable_energy — OCEANIC competence pathway (EQF 5),renewable_energy,OCEANIC,5,6.0,cd-renewable-energy-oceanic-learning-outcom-feb61bf37b3f|cd-renewable-energy-oceanic-safety-or-risk--c701d1da8d36|cd-renewable-energy-oceanic-sustainability--3a962b78ee3c,"Apply and coordinate Learning outcome signal for renewable_energy contexts at EQF 5, demonstrating skills and social competence; evidence=evidence:doi:10.3723/kplz7349; demand=cd-renewable-energy-oceanic-learning-outcom-feb61bf37b3f; confidence=0.45||Apply and coordinate Safety or risk-management skill for renewable_energy contexts at EQF 5, demonstrating skills and social competence; evidence=evidence:doi:10.1016/j.marstruc.2020.102880; demand=cd-renewable-energy-oceanic-safety-or-risk--c701d1da8d36; confidence=0.45||Apply and coordinate Sustainability, resilience, or adaptation skill for renewable_energy contexts at EQF 5, demonstrating skills and social competence; evidence=evidence:doi:10.1002/we.2467/v1/review1|evidence:doi:10.1515/9789048554805-009|evidence:doi:10.17645/pag.v9i2.3892|evidence:doi:10.20944/preprints202405.1267.v1|evidence:doi:10.21622/marlog.2026.15.1.49|evidence:doi:10.3366/scot.2024.0513|evidence:doi:10.3723/kplz7349|evidence:doi:10.4324/9781003397120-10|evidence:doi:10.4324/9781003669593-5|evidence:doi:10.4337/9781035341269.00014|evidence:doi:10.55845/jos-2025-1250|evidence:doi:10.56042/ijms.v53i03.6498|evidence:doi:10.7717/peerj-cs.3625; demand=cd-renewable-energy-oceanic-sustainability--3a962b78ee3c; confidence=0.45",portfolio_and_case_study,15,14,0.45,review_required,metadata_only_limitation|propagated_review_required
cred-renewable-energy-oceanic-eqf6-d40307d8894a,renewable_energy — OCEANIC competence pathway (EQF 6),renewable_energy,OCEANIC,6,6.0,cd-renewable-energy-oceanic-learning-outcom-feb61bf37b3f|cd-renewable-energy-oceanic-safety-or-risk--c701d1da8d36|cd-renewable-energy-oceanic-sustainability--3a962b78ee3c,"Analyse and design Learning outcome signal for renewable_energy contexts at EQF 6, demonstrating knowledge and skills; evidence=evidence:doi:10.3723/kplz7349; demand=cd-renewable-energy-oceanic-learning-outcom-feb61bf37b3f; confidence=0.45||Analyse and design Safety or risk-management skill for renewable_energy contexts at EQF 6, demonstrating knowledge and skills; evidence=evidence:doi:10.1016/j.marstruc.2020.102880; demand=cd-renewable-energy-oceanic-safety-or-risk--c701d1da8d36; confidence=0.45||Analyse and design Sustainability, resilience, or adaptation skill for renewable_energy contexts at EQF 6, demonstrating knowledge and skills; evidence=evidence:doi:10.1002/we.2467/v1/review1|evidence:doi:10.1515/9789048554805-009|evidence:doi:10.17645/pag.v9i2.3892|evidence:doi:10.20944/preprints202405.1267.v1|evidence:doi:10.21622/marlog.2026.15.1.49|evidence:doi:10.3366/scot.2024.0513|evidence:doi:10.3723/kplz7349|evidence:doi:10.4324/9781003397120-10|evidence:doi:10.4324/9781003669593-5|evidence:doi:10.4337/9781035341269.00014|evidence:doi:10.55845/jos-2025-1250|evidence:doi:10.56042/ijms.v53i03.6498|evidence:doi:10.7717/peerj-cs.3625; demand=cd-renewable-energy-oceanic-sustainability--3a962b78ee3c; confidence=0.45",portfolio_and_case_study,15,14,0.45,review_required,metadata_only_limitation|propagated_review_required
cred-renewable-energy-oceanic-eqf7-b119da6214e1,renewable_energy — OCEANIC competence pathway (EQF 7),renewable_energy,OCEANIC,7,4.0,cd-renewable-energy-oceanic-governance-or-p-c414cadc896e|cd-renewable-energy-oceanic-policy-or-regul-c7011c1e51a5,"Evaluate and justify Governance or policy skill for renewable_energy contexts at EQF 7, demonstrating advanced knowledge and social competence; evidence=evidence:doi:10.1016/j.marpol.2024.106413|evidence:doi:10.1515/9789048554805-009|evidence:doi:10.20944/preprints202405.1267.v1|evidence:doi:10.2139/ssrn.5736697|evidence:doi:10.4324/9781003397120-10|evidence:doi:10.4324/9781003669593-5|evidence:doi:10.55845/jos-2025-1250; demand=cd-renewable-energy-oceanic-governance-or-p-c414cadc896e; confidence=0.45||Evaluate and justify Policy or regulation skill for renewable_energy contexts at EQF 7, demonstrating advanced knowledge and social competence; evidence=evidence:doi:10.2139/ssrn.4769129|evidence:doi:10.2139/ssrn.5736697; demand=cd-renewable-energy-oceanic-policy-or-regul-c7011c1e51a5; confidence=0.45",portfolio_and_case_study,9,8,0.45,review_required,metadata_only_limitation|propagated_review_required
cred-ship-repair-maritime-eqf4-00147fc8a3c5,ship_repair — MARITIME competence pathway (EQF 4),ship_repair,MARITIME,4,2.0,cd-ship-repair-maritime-policy-or-regulatio-4837b4cab4f5,"Operate and monitor Policy or regulation skill for ship_repair contexts at EQF 4, demonstrating skills; evidence=evidence:doi:10.1109/csr64739.2025.11130142; demand=cd-ship-repair-maritime-policy-or-regulatio-4837b4cab4f5; confidence=0.45",portfolio_and_case_study,1,1,0.45,review_required,metadata_only_limitation|propagated_review_required
cred-ship-repair-maritime-eqf5-4e4eebf4ee4f,ship_repair — MARITIME competence pathway (EQF 5),ship_repair,MARITIME,5,8.0,cd-ship-repair-maritime-digital-or-data-ski-b625bbe27c63|cd-ship-repair-maritime-education-and-train-a7c803abd82c|cd-ship-repair-maritime-sustainability-resi-ebc497266631|cd-ship-repair-maritime-technical-or-engine-a2e1b7b91771,"Apply and coordinate Digital or data skill for ship_repair contexts at EQF 5, demonstrating skills and social competence; evidence=evidence:doi:10.1109/csr64739.2025.11130142|evidence:doi:10.1109/oceanslimerick52467.2023.10244492|evidence:doi:10.12688/digitaltwin.17918.1|evidence:doi:10.2139/ssrn.4349123|evidence:doi:10.21956/digitaltwin.19208.r28026|evidence:doi:10.5957/ssc481|evidence:doi:10.6109/jkiice.2025.29.5.712; demand=cd-ship-repair-maritime-digital-or-data-ski-b625bbe27c63; confidence=0.45||Apply and coordinate Education and training signal for ship_repair contexts at EQF 5, demonstrating skills and social competence; evidence=evidence:doi:10.32820/2074-8922-2021-70-92-101; demand=cd-ship-repair-maritime-education-and-train-a7c803abd82c; confidence=0.45||Apply and coordinate Sustainability, resilience, or adaptation skill for ship_repair contexts at EQF 5, demonstrating skills and social competence; evidence=evidence:doi:10.1109/csr64739.2025.11130142; demand=cd-ship-repair-maritime-sustainability-resi-ebc497266631; confidence=0.45||Apply and coordinate Technical or engineering skill for ship_repair contexts at EQF 5, demonstrating skills and social competence; evidence=evidence:doi:10.5957/jspd.10200027|evidence:doi:10.5957/ssc481; demand=cd-ship-repair-maritime-technical-or-engine-a2e1b7b91771; confidence=0.45",portfolio_and_case_study,11,9,0.45,review_required,metadata_only_limitation|propagated_review_required
cred-ship-repair-maritime-eqf6-9d7613baf8de,ship_repair — MARITIME competence pathway (EQF 6),ship_repair,MARITIME,6,6.0,cd-ship-repair-maritime-digital-or-data-ski-b625bbe27c63|cd-ship-repair-maritime-education-and-train-a7c803abd82c|cd-ship-repair-maritime-sustainability-resi-ebc497266631,"Analyse and design Digital or data skill for ship_repair contexts at EQF 6, demonstrating knowledge and skills; evidence=evidence:doi:10.1109/csr64739.2025.11130142|evidence:doi:10.1109/oceanslimerick52467.2023.10244492|evidence:doi:10.12688/digitaltwin.17918.1|evidence:doi:10.2139/ssrn.4349123|evidence:doi:10.21956/digitaltwin.19208.r28026|evidence:doi:10.5957/ssc481|evidence:doi:10.6109/jkiice.2025.29.5.712; demand=cd-ship-repair-maritime-digital-or-data-ski-b625bbe27c63; confidence=0.45||Analyse and design Education and training signal for ship_repair contexts at EQF 6, demonstrating knowledge and skills; evidence=evidence:doi:10.32820/2074-8922-2021-70-92-101; demand=cd-ship-repair-maritime-education-and-train-a7c803abd82c; confidence=0.45||Analyse and design Sustainability, resilience, or adaptation skill for ship_repair contexts at EQF 6, demonstrating knowledge and skills; evidence=evidence:doi:10.1109/csr64739.2025.11130142; demand=cd-ship-repair-maritime-sustainability-resi-ebc497266631; confidence=0.45",portfolio_and_case_study,9,8,0.45,review_required,metadata_only_limitation|propagated_review_required
cred-ship-repair-maritime-eqf7-fa4fda038cb8,ship_repair — MARITIME competence pathway (EQF 7),ship_repair,MARITIME,7,4.0,cd-ship-repair-maritime-governance-or-polic-cf22711446cc|cd-ship-repair-maritime-policy-or-regulatio-4837b4cab4f5,"Evaluate and justify Governance or policy skill for ship_repair contexts at EQF 7, demonstrating advanced knowledge and social competence; evidence=evidence:doi:10.3390/su17188368; demand=cd-ship-repair-maritime-governance-or-polic-cf22711446cc; confidence=0.45||Evaluate and justify Policy or regulation skill for ship_repair contexts at EQF 7, demonstrating advanced knowledge and social competence; evidence=evidence:doi:10.1109/csr64739.2025.11130142; demand=cd-ship-repair-maritime-policy-or-regulatio-4837b4cab4f5; confidence=0.45",portfolio_and_case_study,2,2,0.45,review_required,metadata_only_limitation|propagated_review_required
cred-ship-repair-oceanic-eqf4-969b8882763e,ship_repair — OCEANIC competence pathway (EQF 4),ship_repair,OCEANIC,4,2.0,cd-ship-repair-oceanic-policy-or-regulation-889cb68d67dc,"Operate and monitor Policy or regulation skill for ship_repair contexts at EQF 4, demonstrating skills; evidence=evidence:doi:10.1007/s44312-025-00059-0|evidence:doi:10.1080/18366503.2022.2065115; demand=cd-ship-repair-oceanic-policy-or-regulation-889cb68d67dc; confidence=0.45",portfolio_and_case_study,2,2,0.45,review_required,metadata_only_limitation|propagated_review_required
cred-ship-repair-oceanic-eqf5-3eab3a8e7a58,ship_repair — OCEANIC competence pathway (EQF 5),ship_repair,OCEANIC,5,8.0,cd-ship-repair-oceanic-digital-or-data-skil-42a97746cf97|cd-ship-repair-oceanic-safety-or-risk-manag-8713b2334bc7|cd-ship-repair-oceanic-sustainability-resil-5b5c45014e36|cd-ship-repair-oceanic-technical-or-enginee-4f660376d5e5,"Apply and coordinate Digital or data skill for ship_repair contexts at EQF 5, demonstrating skills and social competence; evidence=evidence:doi:10.1080/18366503.2022.2065115|evidence:doi:10.1109/joe.2023.3296836; demand=cd-ship-repair-oceanic-digital-or-data-skil-42a97746cf97; confidence=0.45||Apply and coordinate Safety or risk-management skill for ship_repair contexts at EQF 5, demonstrating skills and social competence; evidence=evidence:doi:10.1201/9780203748077-19; demand=cd-ship-repair-oceanic-safety-or-risk-manag-8713b2334bc7; confidence=0.45||Apply and coordinate Sustainability, resilience, or adaptation skill for ship_repair contexts at EQF 5, demonstrating skills and social competence; evidence=evidence:doi:10.1002/geo2.70049|evidence:doi:10.1007/s44312-025-00059-0|evidence:doi:10.1016/j.esg.2020.100065|evidence:doi:10.1163/21971927-bja10053|evidence:doi:10.3389/frsc.2022.932070|evidence:doi:10.63044/w26pei181; demand=cd-ship-repair-oceanic-sustainability-resil-5b5c45014e36; confidence=0.45||Apply and coordinate Technical or engineering skill for ship_repair contexts at EQF 5, demonstrating skills and social competence; evidence=evidence:doi:10.1017/9781009024471.018; demand=cd-ship-repair-oceanic-technical-or-enginee-4f660376d5e5; confidence=0.45",portfolio_and_case_study,10,10,0.45,review_required,metadata_only_limitation|propagated_review_required
cred-ship-repair-oceanic-eqf6-bd8c130e56fb,ship_repair — OCEANIC competence pathway (EQF 6),ship_repair,OCEANIC,6,8.0,cd-ship-repair-oceanic-digital-or-data-skil-42a97746cf97|cd-ship-repair-oceanic-safety-or-risk-manag-8713b2334bc7|cd-ship-repair-oceanic-sustainability-resil-5b5c45014e36|cd-ship-repair-oceanic-technical-or-enginee-4f660376d5e5,"Analyse and design Digital or data skill for ship_repair contexts at EQF 6, demonstrating knowledge and skills; evidence=evidence:doi:10.1080/18366503.2022.2065115|evidence:doi:10.1109/joe.2023.3296836; demand=cd-ship-repair-oceanic-digital-or-data-skil-42a97746cf97; confidence=0.45||Analyse and design Safety or risk-management skill for ship_repair contexts at EQF 6, demonstrating knowledge and skills; evidence=evidence:doi:10.1201/9780203748077-19; demand=cd-ship-repair-oceanic-safety-or-risk-manag-8713b2334bc7; confidence=0.45||Analyse and design Sustainability, resilience, or adaptation skill for ship_repair contexts at EQF 6, demonstrating knowledge and skills; evidence=evidence:doi:10.1002/geo2.70049|evidence:doi:10.1007/s44312-025-00059-0|evidence:doi:10.1016/j.esg.2020.100065|evidence:doi:10.1163/21971927-bja10053|evidence:doi:10.3389/frsc.2022.932070|evidence:doi:10.63044/w26pei181; demand=cd-ship-repair-oceanic-sustainability-resil-5b5c45014e36; confidence=0.45||Analyse and design Technical or engineering skill for ship_repair contexts at EQF 6, demonstrating knowledge and skills; evidence=evidence:doi:10.1017/9781009024471.018; demand=cd-ship-repair-oceanic-technical-or-enginee-4f660376d5e5; confidence=0.45",portfolio_and_case_study,10,10,0.45,review_required,metadata_only_limitation|propagated_review_required
cred-ship-repair-oceanic-eqf7-55e370c0448d,ship_repair — OCEANIC competence pathway (EQF 7),ship_repair,OCEANIC,7,4.0,cd-ship-repair-oceanic-governance-or-policy-9e807a7563ec|cd-ship-repair-oceanic-policy-or-regulation-889cb68d67dc,"Evaluate and justify Governance or policy skill for ship_repair contexts at EQF 7, demonstrating advanced knowledge and social competence; evidence=evidence:doi:10.1002/geo2.70049|evidence:doi:10.1007/s44312-025-00059-0|evidence:doi:10.1163/21971927-bja10053|evidence:doi:10.3389/frsc.2022.932070; demand=cd-ship-repair-oceanic-governance-or-policy-9e807a7563ec; confidence=0.45||Evaluate and justify Policy or regulation skill for ship_repair contexts at EQF 7, demonstrating advanced knowledge and social competence; evidence=evidence:doi:10.1007/s44312-025-00059-0|evidence:doi:10.1080/18366503.2022.2065115; demand=cd-ship-repair-oceanic-policy-or-regulation-889cb68d67dc; confidence=0.45",portfolio_and_case_study,6,5,0.45,review_required,metadata_only_limitation|propagated_review_required
