fragment_id,hypothesis_id,hypothesis_label,hypothesis_ids,signal_id,evidence_id,run_id,sector,axis_group,axis_code,signal_type,demand_phrase,matched_hypothesis_phrase,theory_term_family,indicator_family,semantic_fragment,evidence_surface,semantic_scope,evidence_text_hash,classifier_version,manual_review_status,validity_warning
fragment:signal:002340942f8d383bb5f0a6e266ff6b95a264b3fa7db856ffa6e46dce36838521:H3:c2846e4b19d7,H3,MARINE vs OCEANIC Differential Coverage,H3,signal:002340942f8d383bb5f0a6e266ff6b95a264b3fa7db856ffa6e46dce36838521,evidence:doi:10.3389/focsu.2025.1697910,30178365958-1,living_res,MARINE,M,sustainability_skill,sustainability,marine,,marine_ecological,sustainability,title+subject,title+subject,9a8aa9004c61117ba4a07b40007d580a1e82b91509e53cd345734087388ef0fb,cumulative-db-semantic-v1,auto_accepted,metadata_only_limitation
fragment:signal:0078141714bdf26c7f18fb1fe4e6c408b4b4b307bcd335b72da79fd6eccb69a1:H1:1db3dfafa32d,H1,Maritimisation Shift,H1,signal:0078141714bdf26c7f18fb1fe4e6c408b4b4b307bcd335b72da79fd6eccb69a1,evidence:doi:10.3390/su18042071,30178365958-1,coastal_tourism,OCEANIC,O,governance_skill,governance,oceanic,,oceanic_governance,governance,title+subject,title+subject,109214bced9a4186f265a0c34ca47801e357082a5825b296a33de5e8d8740163,cumulative-db-semantic-v1,review_required,metadata_only_limitation
fragment:signal:0078141714bdf26c7f18fb1fe4e6c408b4b4b307bcd335b72da79fd6eccb69a1:H3:dfa5b48633fa,H3,MARINE vs OCEANIC Differential Coverage,H3,signal:0078141714bdf26c7f18fb1fe4e6c408b4b4b307bcd335b72da79fd6eccb69a1,evidence:doi:10.3390/su18042071,30178365958-1,coastal_tourism,OCEANIC,O,governance_skill,governance,oceanic,,oceanic_planetary,governance,title+subject,title+subject,109214bced9a4186f265a0c34ca47801e357082a5825b296a33de5e8d8740163,cumulative-db-semantic-v1,review_required,metadata_only_limitation
fragment:signal:00cfcd875103085ac4a1d41a9e765901f1be603f8e0559667fa48e45bc3a37a9:H3:45ce889a1318,H3,MARINE vs OCEANIC Differential Coverage,H3,signal:00cfcd875103085ac4a1d41a9e765901f1be603f8e0559667fa48e45bc3a37a9,evidence:doi:10.3390/jmse13122322,30178365958-1,living_res,MARINE,M,technical_skill,technology,marine,,marine_ecological,technology,title+subject,title+subject,347908220f5565f975612c25269b2f39e047c556ee281b49a08ee49735f4ea8e,cumulative-db-semantic-v1,review_required,metadata_only_limitation
fragment:signal:00d150d6c09bd9f1f4044d991238861ffd8ebb48ddf768fd31030bd69ac1c40b:H3:f39d24e03d41,H3,MARINE vs OCEANIC Differential Coverage,H3,signal:00d150d6c09bd9f1f4044d991238861ffd8ebb48ddf768fd31030bd69ac1c40b,evidence:doi:10.70088/x9yymd52,30178365958-1,living_res,MARINE,M,social_science_skill,community,marine,,marine_ecological,community,title+subject,title+subject,57e7d63585fca50990c835afef2c72c8cd6423829e2b98929e5d9839c704ae48,cumulative-db-semantic-v1,review_required,metadata_only_limitation
fragment:signal:0114ee0a1834dc2253b56f893073a8fb476829b388abf99ec753f77f0e89871c:H1:3a5ad8143dbe,H1,Maritimisation Shift,H1,signal:0114ee0a1834dc2253b56f893073a8fb476829b388abf99ec753f77f0e89871c,evidence:doi:10.33545/26649845.2026.v8.i7a.750,30178365958-1,coastal_tourism,OCEANIC,O,governance_skill,governance,ocean governance,,oceanic_governance,governance,title+subject,title+subject,69a47cd6f27f2e4bdaf129414176781f8ab3f8df758474c292b630050e9243c4,cumulative-db-semantic-v1,auto_accepted,metadata_only_limitation
fragment:signal:0114ee0a1834dc2253b56f893073a8fb476829b388abf99ec753f77f0e89871c:H3:f626c61d9ef4,H3,MARINE vs OCEANIC Differential Coverage,H3,signal:0114ee0a1834dc2253b56f893073a8fb476829b388abf99ec753f77f0e89871c,evidence:doi:10.33545/26649845.2026.v8.i7a.750,30178365958-1,coastal_tourism,OCEANIC,O,governance_skill,governance,marine,,marine_ecological,governance,title+subject,title+subject,69a47cd6f27f2e4bdaf129414176781f8ab3f8df758474c292b630050e9243c4,cumulative-db-semantic-v1,auto_accepted,metadata_only_limitation
fragment:signal:011606ff3aa0834729f803ca4ea70d9f3e26e467cc5503aa76b4c3fe5acae3fe:H3:07b43d1c156c,H3,MARINE vs OCEANIC Differential Coverage,H3,signal:011606ff3aa0834729f803ca4ea70d9f3e26e467cc5503aa76b4c3fe5acae3fe,evidence:doi:10.1007/s00267-026-02553-7,30178365958-1,living_res,MARINE,M,governance_skill,governance,ecological,,marine_ecological,governance,title+subject,title+subject,10982d772df5cc9056516fdaa3aa0c241c71d14daae41723a884b77c588e23f8,cumulative-db-semantic-v1,review_required,metadata_only_limitation
fragment:signal:0129f88e84909cf5090bd459529b8c15ec635fc396b59c5f651c014446487cc9:H3:cda4b8f4f047,H3,MARINE vs OCEANIC Differential Coverage,H3,signal:0129f88e84909cf5090bd459529b8c15ec635fc396b59c5f651c014446487cc9,evidence:doi:10.35800/jip.v14i2.68304,30178365958-1,living_res,MARINE,M,policy_regulation_skill,legal,marine,,marine_ecological,legal,title+subject,title+subject,9a4fa7aac63b3e57ed8d1a44a985053ada2b522ca9b1d3971e8bebe0ad324bf3,cumulative-db-semantic-v1,review_required,metadata_only_limitation
fragment:signal:012c1dd63fa7f8c5736476c26b9907cac4e97e2819d1b2ffb07834c15af61af6:H3:62446d3417fb,H3,MARINE vs OCEANIC Differential Coverage,H3,signal:012c1dd63fa7f8c5736476c26b9907cac4e97e2819d1b2ffb07834c15af61af6,evidence:doi:10.22363/2312-8143-2026-27-1-122-130,30178365958-1,renewable_energy,OCEANIC,O,technical_skill,technology,marine,,marine_ecological,technology,title,title,65be9ca0039fa59435d4f5ae69f26084a8a730e9334e224baff08361d0774652,cumulative-db-semantic-v1,review_required,metadata_only_limitation
fragment:signal:0188a3dcd8fab415c1d5c0ac62628dd4712d7ef3161dc6cf11d67f9117c523d6:H3:f656c78bc046,H3,MARINE vs OCEANIC Differential Coverage,H3,signal:0188a3dcd8fab415c1d5c0ac62628dd4712d7ef3161dc6cf11d67f9117c523d6,evidence:doi:10.1007/s41055-026-00212-5,30178365958-1,blue_biotech,MARINE,M,sustainability_skill,sustainability,planetary,,oceanic_planetary,sustainability,title+subject,title+subject,a0690b641c5185c408f7c3fabe0837eeed83086cc4b339177953c7a2c06419b5,cumulative-db-semantic-v1,auto_accepted,metadata_only_limitation
fragment:signal:02201ca14244e63e6e836d126a7e802bff439d911ddee13803f737f153b0fb49:H3:3da0b61e01e4,H3,MARINE vs OCEANIC Differential Coverage,H3,signal:02201ca14244e63e6e836d126a7e802bff439d911ddee13803f737f153b0fb49,evidence:doi:10.66793/intraders2bookchapter,30178365958-1,blue_biotech,MARINE,M,sustainability_skill,sustainability,marine,,marine_ecological,sustainability,title+subject,title+subject,66c85ca3df05aaf20a8daf1c71169dda9a13e76d9598b434d5ba0acbfe2a0914,cumulative-db-semantic-v1,review_required,metadata_only_limitation
fragment:signal:0282d1cdb936e84834eda38dc28b7c1f1f897e8f05f3fa82954ef7c98ee68275:H3:59756f464fa5,H3,MARINE vs OCEANIC Differential Coverage,H3,signal:0282d1cdb936e84834eda38dc28b7c1f1f897e8f05f3fa82954ef7c98ee68275,evidence:doi:10.13189/eer.2026.140306,30178365958-1,coastal_tourism,OCEANIC,O,sustainability_skill,sustainability,marine,,marine_ecological,sustainability,title+subject,title+subject,9c03fd528d668ae655ee4c7e8b5d71af36dab3bf5771545913b6ad529a78887b,cumulative-db-semantic-v1,auto_accepted,metadata_only_limitation
fragment:signal:02a4befc6a8b4c5dadf0995218b67b7b3bf37194f091df97140215eabebab9f1:H3:a8100734d462,H3,MARINE vs OCEANIC Differential Coverage,H3,signal:02a4befc6a8b4c5dadf0995218b67b7b3bf37194f091df97140215eabebab9f1,evidence:doi:10.1017/s2047102526100338,30178365958-1,blue_biotech,MARINE,M,policy_regulation_skill,law,marine,,marine_ecological,law,title+subject,title+subject,d4e282623f06b71fae25b33e29755e1986ddabc8db0a5b31adbaf0b6216e9101,cumulative-db-semantic-v1,review_required,metadata_only_limitation
fragment:signal:02a519fa468e46dfb69685fc787f7c8cdc3da8fee3d996cf6c2fa804304cdc8c:H3:d555e104abff,H3,MARINE vs OCEANIC Differential Coverage,H3,signal:02a519fa468e46dfb69685fc787f7c8cdc3da8fee3d996cf6c2fa804304cdc8c,evidence:doi:10.1007/978-3-032-26565-4_4,30178365958-1,blue_biotech,OCEANIC,O,digital_skill,machine learning,marine,,marine_ecological,machine learning,title,title,9da80463ca1892dd628d665a2266caf39e9adf7877e37e0890b4bdae76f69e61,cumulative-db-semantic-v1,review_required,metadata_only_limitation
fragment:signal:02c17416d255c58fe7ceefd754c89f911b69231e901123a61bdb4430a1dce802:H3:65dfbe6150dc,H3,MARINE vs OCEANIC Differential Coverage,H3,signal:02c17416d255c58fe7ceefd754c89f911b69231e901123a61bdb4430a1dce802,evidence:doi:10.1016/j.ancene.2026.100561,30178365958-1,non_living_res,MARINE,M,governance_skill,governance,marine,,marine_ecological,governance,title+subject,title+subject,a4d11e408d6487ba18e4cb1007a196ecdefc70419776913c7f91838ac5dfd033,cumulative-db-semantic-v1,review_required,metadata_only_limitation
fragment:signal:02d5bd2aaa23f76ed194499d4f7c54d52522dde3bb4853a12df08a1fc4731244:H3:3bd075c7a208,H3,MARINE vs OCEANIC Differential Coverage,H3,signal:02d5bd2aaa23f76ed194499d4f7c54d52522dde3bb4853a12df08a1fc4731244,evidence:doi:10.28978/nesciences.1811102,30178365958-1,blue_biotech,OCEANIC,O,sustainability_skill,sustainability,marine,,marine_ecological,sustainability,title+subject,title+subject,2f86a027ef2f3604897cb865ddfa7703705f0bff7774227b1f178438ec2bc083,cumulative-db-semantic-v1,review_required,metadata_only_limitation
fragment:signal:034db97ec899d39a343500adc4cb00c0b81f1b07aeb84b8b68a797a6bfb53ad2:H3:5be7ce998161,H3,MARINE vs OCEANIC Differential Coverage,H3,signal:034db97ec899d39a343500adc4cb00c0b81f1b07aeb84b8b68a797a6bfb53ad2,evidence:doi:10.58440/ihr-29-a04,30178365958-1,non_living_res,MARINE,M,safety_risk_skill,safety,marine,,marine_ecological,safety,title+subject,title+subject,53224815705a201e176a7ac6d50d2e418868a15ead1b85965930e40e036d2b90,cumulative-db-semantic-v1,review_required,metadata_only_limitation
fragment:signal:0379a9c4ea52cf6c0c89cd8868755f270c90a628faddcb3a6484a1a8effcea95:H3:6fb0dc430f20,H3,MARINE vs OCEANIC Differential Coverage,H3,signal:0379a9c4ea52cf6c0c89cd8868755f270c90a628faddcb3a6484a1a8effcea95,evidence:doi:10.56578/cis140202,30178365958-1,maritime_defence,OCEANIC,O,sustainability_skill,sustainability,marine,,marine_ecological,sustainability,title+subject,title+subject,22c0c4be1682d54fcaef2522e3cfac693b846a5bf1649422e224539077c36f19,cumulative-db-semantic-v1,auto_accepted,metadata_only_limitation
fragment:signal:03875c895b5515c544d15db2dd398573490da01c092bd8f0b8e90931c122f88b:H3:06c6f5f188c5,H3,MARINE vs OCEANIC Differential Coverage,H3,signal:03875c895b5515c544d15db2dd398573490da01c092bd8f0b8e90931c122f88b,evidence:doi:10.3389/fmars.2026.1723529,30178365958-1,blue_biotech,MARINE,M,technical_skill,technology,marine,,marine_ecological,technology,title+subject,title+subject,f2611985f3d2283b098b7188cad15c077e386bd5852a821cc15aa70caa6005a5,cumulative-db-semantic-v1,review_required,metadata_only_limitation
fragment:signal:03e71abca63e6bf38989ca67d45a9e4f4c6665280666e3eb21da529fbce348d8:H3:7c0fe87ea93e,H3,MARINE vs OCEANIC Differential Coverage,H3,signal:03e71abca63e6bf38989ca67d45a9e4f4c6665280666e3eb21da529fbce348d8,evidence:doi:10.1038/s44183-026-00226-w,30178365958-1,living_res,MARINE,M,sustainability_skill,sustainability,marine,,marine_ecological,sustainability,title+subject,title+subject,d8a29c8a4e5d55f6e4c2050c6e33cecf751330f7f705eaf3fa9dbb7296d3a9e0,cumulative-db-semantic-v1,review_required,metadata_only_limitation
fragment:signal:0489cdb327fff742009d7b89d3e253ad4d8dc3f65c0dd4a2d46b6931409770be:H3:c5664e7d58e2,H3,MARINE vs OCEANIC Differential Coverage,H3,signal:0489cdb327fff742009d7b89d3e253ad4d8dc3f65c0dd4a2d46b6931409770be,evidence:doi:10.54536/jebs.v2i1.6957,30178365958-1,blue_biotech,MARINE,M,technical_skill,technology,marine,,marine_ecological,technology,title+subject,title+subject,31047f57ae9a971b1a342c76e64700dc6792e7101cdd2319ca6f7d8e7d8874c7,cumulative-db-semantic-v1,auto_accepted,metadata_only_limitation
fragment:signal:049e1fb04bc059f0582723a1bfec2726a17b2ed6812f91a97416e68e8db5d113:H3:79fa14426dfc,H3,MARINE vs OCEANIC Differential Coverage,H3,signal:049e1fb04bc059f0582723a1bfec2726a17b2ed6812f91a97416e68e8db5d113,evidence:doi:10.1007/s13280-025-02289-4,30178365958-1,non_living_res,MARINE,M,sustainability_skill,sustainability,marine,,marine_ecological,sustainability,title+subject,title+subject,103d671b6d68bd4803bb780390c7730c2a24ade58a5dcc85a99e6b2f5f0a1ed0,cumulative-db-semantic-v1,auto_accepted,metadata_only_limitation
fragment:signal:050537850060b692845f84091385a00196417b7b69bc25bc4c7234275d3a684b:H3:04a638cf5c88,H3,MARINE vs OCEANIC Differential Coverage,H3,signal:050537850060b692845f84091385a00196417b7b69bc25bc4c7234275d3a684b,evidence:doi:10.3390/jmse13050855,30178365958-1,non_living_res,MARINE,M,sustainability_skill,sustainable,marine,,marine_ecological,sustainable,title+subject,title+subject,9083523668a53108b8a81fc4d871af096b9ba0669622b023226302be278e3c64,cumulative-db-semantic-v1,auto_accepted,metadata_only_limitation
fragment:signal:0582201965699f96ad09ea6d4fb10b826e56c29a4b339858f19ea1cdc125ad74:H3:1a2155b72b22,H3,MARINE vs OCEANIC Differential Coverage,H3,signal:0582201965699f96ad09ea6d4fb10b826e56c29a4b339858f19ea1cdc125ad74,evidence:doi:10.30564/jees.v8i1.12988,30178365958-1,living_res,MARINE,M,sustainability_skill,sustainability,ecological,,marine_ecological,sustainability,title+subject,title+subject,e34ba35f3f4c30c9b5b012d8d0f87f0dbf0357d76cfa6b28e465c5aeba3e89ed,cumulative-db-semantic-v1,review_required,metadata_only_limitation
fragment:signal:05c04a4e8f3b24e0847099ddec808615214204c0704895a47a1db58b905da79a:H3:b1eca04e07a7,H3,MARINE vs OCEANIC Differential Coverage,H3,signal:05c04a4e8f3b24e0847099ddec808615214204c0704895a47a1db58b905da79a,evidence:doi:10.1007/978-3-032-14477-5_12,30178365958-1,non_living_res,OCEANIC,O,governance_skill,governance,marine,,marine_ecological,governance,title+subject,title+subject,d5f9d01e76719d2d40ffd9778b816e3d59ca703cf9d2517d5e5f89ab03084564,cumulative-db-semantic-v1,review_required,metadata_only_limitation
fragment:signal:062e84bceb4542873307aaaa7a4bbd62cbfb82a645e6211f1079ed09e94dd18e:H3:39ba69c67ca2,H3,MARINE vs OCEANIC Differential Coverage,H3,signal:062e84bceb4542873307aaaa7a4bbd62cbfb82a645e6211f1079ed09e94dd18e,evidence:doi:10.12957/rmi.2025.86287,30178365958-1,living_res,OCEANIC,O,sustainability_skill,sustainable,marine,,marine_ecological,sustainable,title+subject,title+subject,5c6a6f5e0051ea36aed6c38474ff1835db6884cebe29d0bbde19032aa621fa81,cumulative-db-semantic-v1,auto_accepted,metadata_only_limitation
fragment:signal:0647e863f3fce97635324261c8a30c944eb80cb87ec1c01a29adf080445b0b0a:H3:d41c979ca65a,H3,MARINE vs OCEANIC Differential Coverage,H3,signal:0647e863f3fce97635324261c8a30c944eb80cb87ec1c01a29adf080445b0b0a,evidence:doi:10.1007/s11625-026-01868-y,30178365958-1,living_res,MARINE,M,governance_skill,governance,marine,,marine_ecological,governance,title+subject,title+subject,48281aaf6a87f05a7a53cb80673ec213ccf2cd1661565c49707042b815ebdaf4,cumulative-db-semantic-v1,review_required,metadata_only_limitation
fragment:signal:065718f31df2f17af68128e657002a5e9fe7b7e5f796ebef3846fa511030d430:H3:4865822775db,H3,MARINE vs OCEANIC Differential Coverage,H3,signal:065718f31df2f17af68128e657002a5e9fe7b7e5f796ebef3846fa511030d430,evidence:doi:10.1016/j.crsus.2026.100709,30178365958-1,coastal_tourism,OCEANIC,O,sustainability_skill,sustainable,ecological,,marine_ecological,sustainable,title+subject,title+subject,aacfd2ea9b24b3c7beb4c694deb1fafdd75abe56bd285a798a4ee076955d648b,cumulative-db-semantic-v1,review_required,metadata_only_limitation
fragment:signal:066d1ac333b30b1f801cd01aa4904cdb61e147568d237d51abc4fabc6d3d627f:H3:5d439aa8abbd,H3,MARINE vs OCEANIC Differential Coverage,H3,signal:066d1ac333b30b1f801cd01aa4904cdb61e147568d237d51abc4fabc6d3d627f,evidence:doi:10.1038/s44183-026-00191-4,30178365958-1,blue_biotech,MARINE,M,sustainability_skill,sustainability,marine,,marine_ecological,sustainability,title+subject,title+subject,7f4f91cf4ba4749cae409f88ca28facfc576a39518a3c7ed11cfc60d17783521,cumulative-db-semantic-v1,review_required,metadata_only_limitation
fragment:signal:067b8c1ac99c954820ced1acbc403481bb89a3c282e89cb7cc8d7520214df533:H3:32a3b1757231,H3,MARINE vs OCEANIC Differential Coverage,H3,signal:067b8c1ac99c954820ced1acbc403481bb89a3c282e89cb7cc8d7520214df533,evidence:doi:10.3390/w18050646,30178365958-1,r_i,OCEANIC,O,sustainability_skill,climate,marine,,marine_ecological,climate,title+subject,title+subject,b00d193a67b38ee276b8a417217fe2d06078eb7457a9b3bbe422c44fe0f5b9ea,cumulative-db-semantic-v1,auto_accepted,metadata_only_limitation
fragment:signal:0695c456d1bc90d691a05e91fcce8b12d6931054c7289127932734a9c504ee96:H3:0102cf824322,H3,MARINE vs OCEANIC Differential Coverage,H3,signal:0695c456d1bc90d691a05e91fcce8b12d6931054c7289127932734a9c504ee96,evidence:doi:10.13189/eer.2026.140301,30178365958-1,coastal_tourism,OCEANIC,O,sustainability_skill,sustainability,marine,,marine_ecological,sustainability,title+subject,title+subject,1bfc5186b6a40d5eb8e1102327b4ee39721b1f43c20b4ced54a9ee2737f4144e,cumulative-db-semantic-v1,auto_accepted,metadata_only_limitation
fragment:signal:069ce7587c1e1fc69a8f3fff7e432309a1889d2093347e6d878296427eadfc03:H3:2e64bb68b938,H3,MARINE vs OCEANIC Differential Coverage,H3,signal:069ce7587c1e1fc69a8f3fff7e432309a1889d2093347e6d878296427eadfc03,evidence:doi:10.1016/j.erss.2025.104367,30178365958-1,non_living_res,MARINE,M,digital_skill,ai,ecological,,marine_ecological,ai,title+subject,title+subject,d5ce0c15c0d8ef372f16a403595299206f3c5e8ab4a15ce78005852d8e208ab6,cumulative-db-semantic-v1,review_required,metadata_only_limitation
fragment:signal:070d1e9ab1fca6bd69e7c6017b760946b3ea02443c51a9ee4025c216851e2297:H1:93fc20ba9a2b,H1,Maritimisation Shift,H1,signal:070d1e9ab1fca6bd69e7c6017b760946b3ea02443c51a9ee4025c216851e2297,evidence:doi:10.1016/j.rsma.2021.101822,30178365958-1,maritime_defence,MARITIME,T,governance_skill,governance,ocean governance,,oceanic_governance,governance,title,title,b2b60a5168ea907afb5984d970e8b011084d8e307e4b386fd2ce5f618734233d,cumulative-db-semantic-v1,review_required,metadata_only_limitation
fragment:signal:07b73f585d81f1a4743d771db948da300f2b469938510425067256b8452b275c:H3:268361e02511,H3,MARINE vs OCEANIC Differential Coverage,H3,signal:07b73f585d81f1a4743d771db948da300f2b469938510425067256b8452b275c,evidence:doi:10.1016/j.ssci.2026.107370,30178365958-1,maritime_transport,OCEANIC,O,safety_risk_skill,risk,marine,,marine_ecological,risk,title,title,fd7e5536e60ef7c1467ed8ed36424e48641b1a2e0edda887c4635d1d4890443a,cumulative-db-semantic-v1,review_required,metadata_only_limitation
fragment:signal:07e7106c4fd48c10f33162c9b88e3bc7a451ba9c36af6efae8474b942934c0c1:H3:be19ed92804d,H3,MARINE vs OCEANIC Differential Coverage,H3,signal:07e7106c4fd48c10f33162c9b88e3bc7a451ba9c36af6efae8474b942934c0c1,evidence:doi:10.1080/23789689.2026.2674348,30178365958-1,maritime_defence,OCEANIC,O,safety_risk_skill,hazard,marine,,marine_ecological,hazard,title+subject,title+subject,e860458928acb2ded21f9f0f0feaa1132664355848864eb21be0e4986a25607c,cumulative-db-semantic-v1,auto_accepted,metadata_only_limitation
fragment:signal:07ea78dff741bb0e4bd319618db309801a0333713a4583ad9f79d7d7718ef72e:H3:3b6897f29b7c,H3,MARINE vs OCEANIC Differential Coverage,H3,signal:07ea78dff741bb0e4bd319618db309801a0333713a4583ad9f79d7d7718ef72e,evidence:doi:10.3389/feart.2026.1750984,30178365958-1,maritime_defence,OCEANIC,O,sustainability_skill,sustainability,marine,,marine_ecological,sustainability,title+subject,title+subject,d3b28dc7007b8fb722619d844476ffaa8394f6125e7a1e738590466b5627d976,cumulative-db-semantic-v1,review_required,metadata_only_limitation
fragment:signal:07ec2dee0e049aa11b50cb4e3bfc56b93b9598d10b46fa006db0c23c39ead85a:H3:76e90c3fee6a,H3,MARINE vs OCEANIC Differential Coverage,H3,signal:07ec2dee0e049aa11b50cb4e3bfc56b93b9598d10b46fa006db0c23c39ead85a,evidence:doi:10.70102/ijares/v6s3/6-s3-876,30178365958-1,living_res,MARINE,M,sustainability_skill,sustainability,marine,,marine_ecological,sustainability,title+subject,title+subject,e536836f82dfda2044626a3993ca529a2245b3f116475298ed365fd471446412,cumulative-db-semantic-v1,auto_accepted,metadata_only_limitation
fragment:signal:0874428c7a2b9a3661d0ac43495c4755997b53112ff13ab87bf2c16ccfe52719:H3:28199ee4b214,H3,MARINE vs OCEANIC Differential Coverage,H3,signal:0874428c7a2b9a3661d0ac43495c4755997b53112ff13ab87bf2c16ccfe52719,evidence:doi:10.3389/fmars.2025.1734688,30178365958-1,blue_biotech,MARINE,M,sustainability_skill,sustainability,marine,,marine_ecological,sustainability,title+subject,title+subject,5d7e7926188241f659cb4b96549094c2f1d04608396d9776a497e6a9151482bc,cumulative-db-semantic-v1,review_required,metadata_only_limitation
fragment:signal:08b212a0fcce7a04d2c647326e942f9dfe08b37291ca79dccdf0909de7808115:H3:0d6a3a68c87f,H3,MARINE vs OCEANIC Differential Coverage,H3,signal:08b212a0fcce7a04d2c647326e942f9dfe08b37291ca79dccdf0909de7808115,evidence:doi:10.1038/s44183-026-00189-y,30178365958-1,living_res,MARINE,M,governance_skill,governance,marine,,marine_ecological,governance,title+subject,title+subject,d3ca8f88cf4740db212f293d5cb7b49cc7f70b81fe77ec3080a974b5b868d356,cumulative-db-semantic-v1,review_required,metadata_only_limitation
fragment:signal:08b81ea4037412a3bdab9f52fb52643290fa5e916f3f1f198343ba8a5b3de54f:H3:c52a7bdc3db8,H3,MARINE vs OCEANIC Differential Coverage,H3,signal:08b81ea4037412a3bdab9f52fb52643290fa5e916f3f1f198343ba8a5b3de54f,evidence:doi:10.1007/s40152-024-00385-x,30178365958-1,living_res,OCEANIC,O,sustainability_skill,sustainability,marine,,marine_ecological,sustainability,title+subject,title+subject,679b711ca974f85418d0aa4a7b40aab38a54c9b91fe55b0081f9e3370735bb9a,cumulative-db-semantic-v1,review_required,metadata_only_limitation
fragment:signal:08e897ee3376e4843f66256e1a14b18854800d4a83dee48398cc922b4ba64f8e:H3:0513f0473dbd,H3,MARINE vs OCEANIC Differential Coverage,H3,signal:08e897ee3376e4843f66256e1a14b18854800d4a83dee48398cc922b4ba64f8e,evidence:doi:10.1016/j.rsase.2026.102175,30178365958-1,living_res,MARINE,M,sustainability_skill,climate,marine,,marine_ecological,climate,title+subject,title+subject,f0424efcedbe08892fbd2f80ccae2b3511139f867e4f7f27e141b6b4a4b10ffb,cumulative-db-semantic-v1,auto_accepted,metadata_only_limitation
fragment:signal:08ea3cb7c59d7c015d48de511504d1471f5b7ebe3cbaf69717e028c47d783d2b:H3:a041bb24858f,H3,MARINE vs OCEANIC Differential Coverage,H3,signal:08ea3cb7c59d7c015d48de511504d1471f5b7ebe3cbaf69717e028c47d783d2b,evidence:doi:10.5821/dissertation-2117-460960,30178365958-1,renewable_energy,OCEANIC,O,technical_skill,engineering,marine,,marine_ecological,engineering,title+subject,title+subject,fe1e06544ed61364bce9b573a39729b613753142b844ef20a00ea1ce5b575014,cumulative-db-semantic-v1,review_required,metadata_only_limitation
fragment:signal:0936bde6ea40383e100eefd9a8fd62b352abfb32a3a368598ec733a564d51990:H3:c87384c8cd56,H3,MARINE vs OCEANIC Differential Coverage,H3,signal:0936bde6ea40383e100eefd9a8fd62b352abfb32a3a368598ec733a564d51990,evidence:doi:10.1016/j.marpolbul.2026.119902,30178365958-1,coastal_tourism,OCEANIC,O,safety_risk_skill,risk,ecological,,marine_ecological,risk,title,title,f5205a1dc87e5b0c1ac80fec4807a1038d3421af1569caab353b4df5dac15070,cumulative-db-semantic-v1,review_required,metadata_only_limitation
fragment:signal:096330125974e0c687d60fe11c5be167804e3e3d91d90d15265f72b32782e3eb:H3:77d1425faeda,H3,MARINE vs OCEANIC Differential Coverage,H3,signal:096330125974e0c687d60fe11c5be167804e3e3d91d90d15265f72b32782e3eb,evidence:doi:10.1111/1468-2230.12923,30178365958-1,non_living_res,MARINE,M,social_science_skill,sociology,marine,,marine_ecological,sociology,title+subject,title+subject,32bfb29588b483cc12109d2108ab6bdbaf77c0d24f0c221b025a47cecd2c3112,cumulative-db-semantic-v1,review_required,metadata_only_limitation
fragment:signal:0964aa9ad3ce1782beabc2d34cef3f62756db540bb997749f1ba3341a459f273:H3:914182201a71,H3,MARINE vs OCEANIC Differential Coverage,H3,signal:0964aa9ad3ce1782beabc2d34cef3f62756db540bb997749f1ba3341a459f273,evidence:doi:10.1007/s13753-026-00721-1,30178365958-1,non_living_res,MARINE,M,sustainability_skill,sustainability,marine,,marine_ecological,sustainability,title+subject,title+subject,f0716d4d3bd3b90694898ec8f6f437bfb42a46e65a01ba40859ab0b5a39a0a05,cumulative-db-semantic-v1,review_required,metadata_only_limitation
fragment:signal:096715b4dd8c88930bc88ffc670bc20fb5fb1cfd7f87bf33edfc0e90c9302c38:H3:e8e36dd04462,H3,MARINE vs OCEANIC Differential Coverage,H3,signal:096715b4dd8c88930bc88ffc670bc20fb5fb1cfd7f87bf33edfc0e90c9302c38,evidence:doi:10.55463/issn.1674-2974.53.6.4,30178365958-1,living_res,MARINE,M,safety_risk_skill,risk,marine,,marine_ecological,risk,title+subject,title+subject,9a0cc1c6c6fdbe0ad8b83cf9a64888e789fc6056831ba93edbba6ca6f764d943,cumulative-db-semantic-v1,review_required,metadata_only_limitation
fragment:signal:0972aaa04f1ccd3607dd49b3aec4d301d20c61175c73551100a0ea915d9e49f2:H3:3feac93a6ad6,H3,MARINE vs OCEANIC Differential Coverage,H3,signal:0972aaa04f1ccd3607dd49b3aec4d301d20c61175c73551100a0ea915d9e49f2,evidence:doi:10.47616/jamrsss.v7i1.700,30178365958-1,coastal_tourism,OCEANIC,O,sustainability_skill,sustainability,marine,,marine_ecological,sustainability,title+subject,title+subject,24a90e38b9f5ccdf879a43fd8a6a59e33a85440f33cd11a86937f48d0dba74e9,cumulative-db-semantic-v1,review_required,metadata_only_limitation
fragment:signal:099781544e7a2009123999fe14137f7d18f2e9725daf431149f74b0d976dcc7b:H3:5e50f8147da7,H3,MARINE vs OCEANIC Differential Coverage,H3,signal:099781544e7a2009123999fe14137f7d18f2e9725daf431149f74b0d976dcc7b,evidence:doi:10.47772/ijriss.2025.910000727,30178365958-1,coastal_tourism,OCEANIC,O,sustainability_skill,sustainability,marine,,marine_ecological,sustainability,title+subject,title+subject,fc0f929d7856d181ccb9bb46d2c8328b20f466cbdf560a7f24ae70b23655887f,cumulative-db-semantic-v1,auto_accepted,metadata_only_limitation
fragment:signal:09aea0e4aca1d5a889b362ed8de7d4c419724b0d09ab68f9f208eced5f0f816c:H3:af6b62888216,H3,MARINE vs OCEANIC Differential Coverage,H3,signal:09aea0e4aca1d5a889b362ed8de7d4c419724b0d09ab68f9f208eced5f0f816c,evidence:doi:10.1007/s41020-025-00263-5,30178365958-1,non_living_res,MARINE,M,sustainability_skill,sustainability,marine,,marine_ecological,sustainability,title+subject,title+subject,4abe2af0e395816efe486ce5bcc5e7b5ce333db5e50e777d9153451288093d52,cumulative-db-semantic-v1,auto_accepted,metadata_only_limitation
fragment:signal:09c64cdfd36395315aa640e1738241a5f1966b64a1b93c2d67a99588f4c4f6b6:H3:a43f407b06b6,H3,MARINE vs OCEANIC Differential Coverage,H3,signal:09c64cdfd36395315aa640e1738241a5f1966b64a1b93c2d67a99588f4c4f6b6,evidence:doi:10.32942/x2gh38,30178365958-1,non_living_res,MARINE,M,workforce_skill,workforce,marine,,marine_ecological,workforce,title+subject,title+subject,0d88f5325812122467773377e895debc8a350688ae1a53bdf2294de37fd0f684,cumulative-db-semantic-v1,auto_accepted,metadata_only_limitation
fragment:signal:09e24989f032ac404b2d96b8e3fcedd314ef2b0cb986503ca53b41bee1755d5e:H3:43d5ff261b7e,H3,MARINE vs OCEANIC Differential Coverage,H3,signal:09e24989f032ac404b2d96b8e3fcedd314ef2b0cb986503ca53b41bee1755d5e,evidence:doi:10.1007/s10044-024-01263-2,30178365958-1,non_living_res,MARINE,M,digital_skill,artificial intelligence,marine,,marine_ecological,artificial intelligence,title+subject,title+subject,394d2690e1aacaa86aa98af78303e87af99e02a101c59d300ede013be627bcc6,cumulative-db-semantic-v1,review_required,metadata_only_limitation
fragment:signal:0a18edbabd4b6fdec19975b125879f997abee48e2acf124f3f30d37e9a7ffe6b:H3:0ef7b987c395,H3,MARINE vs OCEANIC Differential Coverage,H3,signal:0a18edbabd4b6fdec19975b125879f997abee48e2acf124f3f30d37e9a7ffe6b,evidence:doi:10.61424/ijans.v3i3.541,30178365958-1,living_res,MARINE,M,sustainability_skill,climate,marine,,marine_ecological,climate,title+subject,title+subject,e00a975b9decf12805c4f97a7884aa4899225203d7a3b0edb6b2bd9441bad679,cumulative-db-semantic-v1,review_required,metadata_only_limitation
fragment:signal:0a1cecb4a772fb7120c1e1c5aafd288a65cced63a05d4671330b880b21d92602:H3:8731b0b06051,H3,MARINE vs OCEANIC Differential Coverage,H3,signal:0a1cecb4a772fb7120c1e1c5aafd288a65cced63a05d4671330b880b21d92602,evidence:doi:10.54691/frtr1474,30178365958-1,living_res,MARINE,M,technical_skill,technology,marine,,marine_ecological,technology,title+subject,title+subject,f762037747dcaeaf01ea93290f18ce899edd3fa81ffe0d1404b248ee55e6aba1,cumulative-db-semantic-v1,review_required,metadata_only_limitation
fragment:signal:0a55f0a0fe4103fd347e18ff742ac8b1966bcdf823885c999f7bbd55d3bf7345:H3:f701295b0180,H3,MARINE vs OCEANIC Differential Coverage,H3,signal:0a55f0a0fe4103fd347e18ff742ac8b1966bcdf823885c999f7bbd55d3bf7345,evidence:doi:10.59653/jbmed.v4i02.2433,30178365958-1,non_living_res,MARINE,M,social_science_skill,sociology,marine,,marine_ecological,sociology,title+subject,title+subject,5f50fb1ae13a6f58be9bf3c5d913454d18818ac6d7970c5f023fac205df86768,cumulative-db-semantic-v1,review_required,metadata_only_limitation
fragment:signal:0a7dc26e9906fa99259a1a8e21d4e20914978eb5b87d2ab3899bb43f1abe9d37:H3:f480fe50a813,H3,MARINE vs OCEANIC Differential Coverage,H3,signal:0a7dc26e9906fa99259a1a8e21d4e20914978eb5b87d2ab3899bb43f1abe9d37,evidence:doi:10.63544/jbii.v5i7.84,30178365958-1,coastal_tourism,OCEANIC,O,learning_outcome_signal,ects,marine,,marine_ecological,ects,title+subject,title+subject,af6475c793ea0c53fdb8debe6d8a79ae582951a3e4e92ede8fd3cf5cd2a2a55f,cumulative-db-semantic-v1,review_required,metadata_only_limitation
fragment:signal:0aa334d6e008a7bce6eb29fe518b33f2d1b1813315696f554e4d95c4adaf94b9:H3:dca38e3287b5,H3,MARINE vs OCEANIC Differential Coverage,H3,signal:0aa334d6e008a7bce6eb29fe518b33f2d1b1813315696f554e4d95c4adaf94b9,evidence:doi:10.5897/ajbm2025.9694,30178365958-1,renewable_energy,OCEANIC,O,digital_skill,artificial intelligence,marine,,marine_ecological,artificial intelligence,title+subject,title+subject,f2ef72042c0d9b45bbc8859947391e1a3e5919e5be254e04f01b72c3930640e0,cumulative-db-semantic-v1,review_required,metadata_only_limitation
fragment:signal:0aa6028459f03c0487ab531de9f287a2e0f956d7ccfb17e6a91d5c37fc3859e2:H3:1ca9ba4e4f56,H3,MARINE vs OCEANIC Differential Coverage,H3,signal:0aa6028459f03c0487ab531de9f287a2e0f956d7ccfb17e6a91d5c37fc3859e2,evidence:doi:10.1088/1755-1315/1607/1/012033,30178365958-1,coastal_tourism,OCEANIC,O,safety_risk_skill,risk,marine,,marine_ecological,risk,title+subject,title+subject,76751d267310d8dda53bf23a3bfbdf799ae859259c8786cd79c0361fe34aef7e,cumulative-db-semantic-v1,auto_accepted,metadata_only_limitation
fragment:signal:0aed7680339f9da1cb7960e32fb4e2a240eba071e976d98b76f9bab26356b6b0:H3:b40f1ae59a73,H3,MARINE vs OCEANIC Differential Coverage,H3,signal:0aed7680339f9da1cb7960e32fb4e2a240eba071e976d98b76f9bab26356b6b0,evidence:doi:10.3389/fmars.2025.1683372,30178365958-1,ship_repair,OCEANIC,O,governance_skill,policy,marine,,marine_ecological,policy,title+subject,title+subject,ff363eb4eb0dc533526cc8be3a67cd562526532f42c406d092e1ae54372fe115,cumulative-db-semantic-v1,review_required,metadata_only_limitation
fragment:signal:0b0253c69955a4cb6127cc7afcdc848b690f51e277f82aa1d9f7420c314dcbbd:H3:da872f508a1a,H3,MARINE vs OCEANIC Differential Coverage,H3,signal:0b0253c69955a4cb6127cc7afcdc848b690f51e277f82aa1d9f7420c314dcbbd,evidence:doi:10.1201/9781003779667,30178365958-1,living_res,MARINE,M,education_training_signal,education,ecological,,marine_ecological,education,title+subject,title+subject,09c44962d0378e6cf506bc534e9e18b381dfa47305bb9d02c022f6fb71dbe8e8,cumulative-db-semantic-v1,auto_accepted,metadata_only_limitation
fragment:signal:0b4bef655059bee4569332baefbfb373cf143a8dcd94790157a69d08b12d9ecd:H3:e073d712bfc4,H3,MARINE vs OCEANIC Differential Coverage,H3,signal:0b4bef655059bee4569332baefbfb373cf143a8dcd94790157a69d08b12d9ecd,evidence:doi:10.47191/etj/v11i06.37,30178365958-1,blue_biotech,MARINE,M,technical_skill,engineering,marine,,marine_ecological,engineering,title+subject,title+subject,bb10914f0804aa44b9bca8a33bbbb7a86bba3760907551c4370ef1bc1f10f2fb,cumulative-db-semantic-v1,review_required,metadata_only_limitation
fragment:signal:0b4c97dcd84aa56a2ec9c7f0fbd2157174028e660cd4415f3a333e33de395394:H3:1436ba23cb71,H3,MARINE vs OCEANIC Differential Coverage,H3,signal:0b4c97dcd84aa56a2ec9c7f0fbd2157174028e660cd4415f3a333e33de395394,evidence:doi:10.17895/ices.pub.31452037,30178365958-1,living_res,MARINE,M,sustainability_skill,sustainability,marine,,marine_ecological,sustainability,title+subject,title+subject,ecc22609e5ee8fe7fa6d6d4ad3aee6cb437818baf486c604d83f1339095d3f59,cumulative-db-semantic-v1,review_required,metadata_only_limitation
fragment:signal:0b51316b574a7a9f50714b943b42ff47c7e527a1aa48b68744f15b1e71255ea6:H3:78e4aa7307b3,H3,MARINE vs OCEANIC Differential Coverage,H3,signal:0b51316b574a7a9f50714b943b42ff47c7e527a1aa48b68744f15b1e71255ea6,evidence:doi:10.1007/s11135-026-02991-9,30178365958-1,r_i,OCEANIC,O,governance_skill,policy,ecological,,marine_ecological,policy,title+subject,title+subject,137481dd0a3fe2124132b7ac40d0a30820f86fc29b4f35598b55062fa369f62a,cumulative-db-semantic-v1,review_required,metadata_only_limitation
fragment:signal:0b57d979aa90cc7410461babca9a6744e3af39562ed9d9bffe906151742c07f1:H3:2d514cbcf4d1,H3,MARINE vs OCEANIC Differential Coverage,H3,signal:0b57d979aa90cc7410461babca9a6744e3af39562ed9d9bffe906151742c07f1,evidence:doi:10.3389/fmars.2026.1840767,30178365958-1,living_res,MARINE,M,governance_skill,governance,marine,,marine_ecological,governance,title+subject,title+subject,03429ef878e436e36fd704b0d59d07c681833fec636a1d50d825ab533d4ba33a,cumulative-db-semantic-v1,auto_accepted,metadata_only_limitation
fragment:signal:0ba7ce05d7c0cb5f3b8b222d844d72b1f034bca41e2e2b819bc12dc1b165ab9d:H3:0b25a461b267,H3,MARINE vs OCEANIC Differential Coverage,H3,signal:0ba7ce05d7c0cb5f3b8b222d844d72b1f034bca41e2e2b819bc12dc1b165ab9d,evidence:doi:10.1007/s40152-026-00500-0,30178365958-1,coastal_tourism,OCEANIC,O,policy_regulation_skill,law,marine,,marine_ecological,law,title+subject,title+subject,5b605e7db383383fae15d9c0e74fc7e13dcfed4c7fac9fa370ac2aa84e74e9ef,cumulative-db-semantic-v1,review_required,metadata_only_limitation
fragment:signal:0bbe7faa9465339ec681e632c3e422b668d4e9cf7fff398d4916ffa309b9c106:H3:d33720ee7ead,H3,MARINE vs OCEANIC Differential Coverage,H3,signal:0bbe7faa9465339ec681e632c3e422b668d4e9cf7fff398d4916ffa309b9c106,evidence:doi:10.1007/978-3-031-16277-0_6,30178365958-1,ship_repair,OCEANIC,O,sustainability_skill,sustainability,marine,,marine_ecological,sustainability,title+subject,title+subject,22f3680380ac79ab6641cf234c2e7a8c70c492edb2e9dd036dfcc8996f4f2fc2,cumulative-db-semantic-v1,review_required,metadata_only_limitation
fragment:signal:0beeead251b8c236724daa0d5688c2508e4a1833d4350fca2bafe8d270f8dff3:H3:3f20ef658615,H3,MARINE vs OCEANIC Differential Coverage,H3,signal:0beeead251b8c236724daa0d5688c2508e4a1833d4350fca2bafe8d270f8dff3,evidence:doi:10.1007/978-981-96-9104-3_1,30178365958-1,blue_biotech,OCEANIC,O,sustainability_skill,sustainability,marine,,marine_ecological,sustainability,title+subject,title+subject,c442a6dc10d6e7553b1e86ad32b2ad056e89b01aef13e130d85fe2e7d9983655,cumulative-db-semantic-v1,review_required,metadata_only_limitation
fragment:signal:0c07b8518db4d1a20588faa363c899f5e2b729d6f5b47197126726b429b91982:H3:1bc5cb076096,H3,MARINE vs OCEANIC Differential Coverage,H3,signal:0c07b8518db4d1a20588faa363c899f5e2b729d6f5b47197126726b429b91982,evidence:doi:10.3390/jmse14121128,30178365958-1,non_living_res,MARINE,M,sustainability_skill,climate,marine,,marine_ecological,climate,title+subject,title+subject,a3dd9852a5726e35aac86273f8c0584f8675509fe19d16f874ed5c53f559c463,cumulative-db-semantic-v1,review_required,metadata_only_limitation
fragment:signal:0c0a6c524331d432f83503ea00cf855452bd2f880cc212d73a17fa57fb56cd4b:H3:138d9c292e3a,H3,MARINE vs OCEANIC Differential Coverage,H3,signal:0c0a6c524331d432f83503ea00cf855452bd2f880cc212d73a17fa57fb56cd4b,evidence:doi:10.63313/ebm.9145,30178365958-1,coastal_tourism,OCEANIC,O,education_training_signal,training,marine,,marine_ecological,training,title+subject,title+subject,fa0e3b9ee1dcf970803d88644486f99ca12b3122da31b2a78527dde0c772fa36,cumulative-db-semantic-v1,review_required,metadata_only_limitation
fragment:signal:0c2df9c289ee4c4ba79d2bc38a5bf713cafc84001375de61a7b18c45f99ced7d:H3:711fc8000bfc,H3,MARINE vs OCEANIC Differential Coverage,H3,signal:0c2df9c289ee4c4ba79d2bc38a5bf713cafc84001375de61a7b18c45f99ced7d,evidence:doi:10.1080/23789689.2026.2674348,30178365958-1,maritime_defence,OCEANIC,O,governance_skill,stakeholder,marine,,marine_ecological,stakeholder,title+subject,title+subject,e860458928acb2ded21f9f0f0feaa1132664355848864eb21be0e4986a25607c,cumulative-db-semantic-v1,review_required,metadata_only_limitation
fragment:signal:0c30b300272c185d211996e3e5eec4ee2ef0ce942ada12ebf3bd1d5da1a6f2f2:H3:7b056f3e8bd1,H3,MARINE vs OCEANIC Differential Coverage,H3,signal:0c30b300272c185d211996e3e5eec4ee2ef0ce942ada12ebf3bd1d5da1a6f2f2,evidence:doi:10.3390/earth7030102,30178365958-1,coastal_tourism,OCEANIC,O,governance_skill,institutional,marine,,marine_ecological,institutional,title+subject,title+subject,546edbc95a2fb06f24d9cc080dfaa5a56c8bb86eafad6a6ccbcc9c71c5633760,cumulative-db-semantic-v1,review_required,metadata_only_limitation
fragment:signal:0c445805cb2627ec900940c88c1e1c0e4681d2093e8af976e0c2967fed7e1740:H1:1a222b6d138a,H1,Maritimisation Shift,H1,signal:0c445805cb2627ec900940c88c1e1c0e4681d2093e8af976e0c2967fed7e1740,evidence:doi:10.1016/j.marpol.2026.107235,30178365958-1,living_res,OCEANIC,O,policy_regulation_skill,regulation,ocean governance,,oceanic_governance,regulation,title,title,6a4b1ee473740735c1a818a407602267305aef865036b048f3126c6076114920,cumulative-db-semantic-v1,review_required,metadata_only_limitation
fragment:signal:0c7871305a92d207f406d7e60bfeb9a391295e98f7b62691cbcc7a4953c5bfc9:H3:5b00ac6346e6,H3,MARINE vs OCEANIC Differential Coverage,H3,signal:0c7871305a92d207f406d7e60bfeb9a391295e98f7b62691cbcc7a4953c5bfc9,evidence:doi:10.3897/oneeco.11.e186107,30178365958-1,r_i,OCEANIC,O,social_science_skill,community,marine,,marine_ecological,community,title+subject,title+subject,809c08624a1e4f011a2159af4e7717e70e90348037c620234f548bfc08f66195,cumulative-db-semantic-v1,review_required,metadata_only_limitation
fragment:signal:0cc678e936ba6c8b9b177f333637ef1ceaa12356ee19c06b7cb960b70543d968:H3:f527458d9b5d,H3,MARINE vs OCEANIC Differential Coverage,H3,signal:0cc678e936ba6c8b9b177f333637ef1ceaa12356ee19c06b7cb960b70543d968,evidence:doi:10.1007/s44312-026-00072-x,30178365958-1,coastal_tourism,OCEANIC,O,policy_regulation_skill,law,marine,,marine_ecological,law,title+subject,title+subject,7f6af4d277527d5f1e3c02042aa1b1e4c557e3fa40640e571e0852a6d7d2246e,cumulative-db-semantic-v1,review_required,metadata_only_limitation
fragment:signal:0d5276c653dceedc13b7031f2ecb2cb5f913189becd5a203482515fb6efb4984:H3:c1cba68890fb,H3,MARINE vs OCEANIC Differential Coverage,H3,signal:0d5276c653dceedc13b7031f2ecb2cb5f913189becd5a203482515fb6efb4984,evidence:doi:10.3390/foods15050891,30178365958-1,blue_biotech,MARINE,M,sustainability_skill,sustainability,ecological,,marine_ecological,sustainability,title+subject,title+subject,fe0e1e6861051380b8f198a064c58cf2772019812ad35c6c8975194bffa97684,cumulative-db-semantic-v1,review_required,metadata_only_limitation
fragment:signal:0d57cf56013e0e2a07c92f8af6a664f031f43b73b15db0a9c1efde48a9962ac2:H3:da3ef52b2a59,H3,MARINE vs OCEANIC Differential Coverage,H3,signal:0d57cf56013e0e2a07c92f8af6a664f031f43b73b15db0a9c1efde48a9962ac2,evidence:doi:10.24034/j25485024.y2025.v9.i4.7492,30178365958-1,blue_biotech,OCEANIC,O,sustainability_skill,sustainability,marine,,marine_ecological,sustainability,title+subject,title+subject,aa561d9d219dcbddfc5fde798bfcb1cbb46f7423da7aa8e92e48aae2653da1ad,cumulative-db-semantic-v1,review_required,metadata_only_limitation
fragment:signal:0d5ae5a957c0c66ff30f11b538db3efa2f113895aea7a4d1af20d4e560af6a31:H3:38ceb4c50fea,H3,MARINE vs OCEANIC Differential Coverage,H3,signal:0d5ae5a957c0c66ff30f11b538db3efa2f113895aea7a4d1af20d4e560af6a31,evidence:doi:10.1016/j.ocecoaman.2026.108281,30178365958-1,coastal_tourism,OCEANIC,O,safety_risk_skill,risk,marine,,marine_ecological,risk,title,title,c4ea2e2310b68ad908a3ca843ce6ccc3f15aa7169b5f15defb13b39f897e91ac,cumulative-db-semantic-v1,review_required,metadata_only_limitation
fragment:signal:0d6a047513dc53aae42d78ce37048a9aa9b3a19c5438857e6259cb90b4c19d1d:H3:3728bbb785a5,H3,MARINE vs OCEANIC Differential Coverage,H3,signal:0d6a047513dc53aae42d78ce37048a9aa9b3a19c5438857e6259cb90b4c19d1d,evidence:doi:10.26127/btuopen-5455,30178365958-1,ship_repair,OCEANIC,O,sustainability_skill,sustainability,marine,,marine_ecological,sustainability,title+subject,title+subject,d03ffe0c897d31c6ad3e72350815442da2cb37464e66031a086403fb5ff00512,cumulative-db-semantic-v1,auto_accepted,metadata_only_limitation
fragment:signal:0da4fa4720ac0df8002c8237c3df1044674c01c87c80f90d1265436af5d4491c:H3:1cc716b6eb1c,H3,MARINE vs OCEANIC Differential Coverage,H3,signal:0da4fa4720ac0df8002c8237c3df1044674c01c87c80f90d1265436af5d4491c,evidence:doi:10.55927/mudima.v6i5.46,30178365958-1,coastal_tourism,OCEANIC,O,sustainability_skill,sustainability,marine,,marine_ecological,sustainability,title+subject,title+subject,aceed9e882c830d85225b47e9da926e57789ee1699ac71f2039930fa242d1cab,cumulative-db-semantic-v1,auto_accepted,metadata_only_limitation
fragment:signal:0dbcfa509b4128723b5d4266fc39cf0cd38a537057cffa377567b5a92c8f5fec:H3:8595e84b9622,H3,MARINE vs OCEANIC Differential Coverage,H3,signal:0dbcfa509b4128723b5d4266fc39cf0cd38a537057cffa377567b5a92c8f5fec,evidence:doi:10.3390/fishes11050274,30178365958-1,non_living_res,MARINE,M,digital_skill,machine learning,marine,,marine_ecological,machine learning,title+subject,title+subject,4d02a98c2ba9db95abac9aa5793bacaefe6f29c6d09ead335f76a5d865ac1211,cumulative-db-semantic-v1,auto_accepted,metadata_only_limitation
fragment:signal:0def32309ebda6bc5be1bc4694b3bf6ae46492608107cb2ba030a898ce59d8e8:H3:8d5c96615bf8,H3,MARINE vs OCEANIC Differential Coverage,H3,signal:0def32309ebda6bc5be1bc4694b3bf6ae46492608107cb2ba030a898ce59d8e8,evidence:doi:10.35800/jip.v14i2.68521,30178365958-1,coastal_tourism,OCEANIC,O,policy_regulation_skill,legal,marine,,marine_ecological,legal,title+subject,title+subject,c6702cfe81cfcaef47dca18e1231b496144c1f478a2568a67ba0a8bb3bc240ee,cumulative-db-semantic-v1,review_required,metadata_only_limitation
fragment:signal:0ea17b207f6d824e13df0a5da8f8a913fddd41530ed13c8ac94a712bed3b0b64:H3:939441376eaf,H3,MARINE vs OCEANIC Differential Coverage,H3,signal:0ea17b207f6d824e13df0a5da8f8a913fddd41530ed13c8ac94a712bed3b0b64,evidence:doi:10.61336/jeeh/26-1-11,30178365958-1,living_res,MARINE,M,governance_skill,governance,marine,,marine_ecological,governance,title+subject,title+subject,4483fa24b6c6d13c986415a5f84f9ccafc8c78b462391bb8794a84d218509158,cumulative-db-semantic-v1,review_required,metadata_only_limitation
fragment:signal:0ec234bd8a2048f0206ddb1a627e0cc2b5abfda9a5929c85625790387eb5f7d8:H3:3c877e183812,H3,MARINE vs OCEANIC Differential Coverage,H3,signal:0ec234bd8a2048f0206ddb1a627e0cc2b5abfda9a5929c85625790387eb5f7d8,evidence:doi:10.61194/ijmb.v2i3.196,30178365958-1,blue_biotech,MARINE,M,safety_risk_skill,search and rescue,marine,,marine_ecological,search and rescue,title+subject,title+subject,f517d5f57b0fedccdcfa0e7848eeb6f9040cc10850cd8e9c0bc3224b520f7522,cumulative-db-semantic-v1,review_required,metadata_only_limitation
fragment:signal:0ef59900b799da0d671fed96cbc96478da665dd2c9c898205148b292b709057b:H3:c7be095f251a,H3,MARINE vs OCEANIC Differential Coverage,H3,signal:0ef59900b799da0d671fed96cbc96478da665dd2c9c898205148b292b709057b,evidence:doi:10.37933/jete/7.4.2025.2576,30178365958-1,non_living_res,MARINE,M,technical_skill,engineering,marine,,marine_ecological,engineering,title+subject,title+subject,679d2b737a66d9a1c9263ee98a0023e6be65d965e63d8c84a7013b04b485ae49,cumulative-db-semantic-v1,auto_accepted,metadata_only_limitation
fragment:signal:0ef85996cfad1b3b9a94d1dd81706d66dfdeb6ba0aa30cb29810f73e97bbe222:H3:4c5d06066013,H3,MARINE vs OCEANIC Differential Coverage,H3,signal:0ef85996cfad1b3b9a94d1dd81706d66dfdeb6ba0aa30cb29810f73e97bbe222,evidence:doi:10.55927/fjsr.v5i6.41,30178365958-1,coastal_tourism,OCEANIC,O,governance_skill,governance,marine,,marine_ecological,governance,title+subject,title+subject,e91187bdd8a790b5b678a02cb75031d769caa02ea8e753894df066e8a760a659,cumulative-db-semantic-v1,auto_accepted,metadata_only_limitation
fragment:signal:0f1e68d3a66385e0f4aef4b1227edac7c4b84870ab0dfbbae906b279970d910e:H3:dcc26d9a415d,H3,MARINE vs OCEANIC Differential Coverage,H3,signal:0f1e68d3a66385e0f4aef4b1227edac7c4b84870ab0dfbbae906b279970d910e,evidence:doi:10.1093/icesjms/fsag061,30178365958-1,living_res,MARINE,M,sustainability_skill,climate,marine,,marine_ecological,climate,title+subject,title+subject,8b59cc0024bc0999178684d9df2775a01d90027f7221c12c9c6f0746539da1a5,cumulative-db-semantic-v1,auto_accepted,metadata_only_limitation
fragment:signal:0f3078a9b432b853a2d9d85fe915302e8d10366d1e4aadf5eb770535d655133e:H3:c2b4ec92e1c8,H3,MARINE vs OCEANIC Differential Coverage,H3,signal:0f3078a9b432b853a2d9d85fe915302e8d10366d1e4aadf5eb770535d655133e,evidence:doi:10.21203/rs.3.rs-10150766/v1,30178365958-1,coastal_tourism,OCEANIC,O,social_science_skill,community,marine,,marine_ecological,community,title+subject,title+subject,29fe2f3a8d64db149adf4a5036e3d0b105ef366862eedbf51bef6298d0f827c5,cumulative-db-semantic-v1,review_required,metadata_only_limitation
fragment:signal:0f3e4eaf2a3ec5ceaeb9343fa74812d9472e6b5ff49539e9be0fddacdc70ef63:H3:eb3dc5679736,H3,MARINE vs OCEANIC Differential Coverage,H3,signal:0f3e4eaf2a3ec5ceaeb9343fa74812d9472e6b5ff49539e9be0fddacdc70ef63,evidence:doi:10.1007/s11135-026-02991-9,30178365958-1,r_i,OCEANIC,O,sustainability_skill,sustainability,ecological,,marine_ecological,sustainability,title+subject,title+subject,137481dd0a3fe2124132b7ac40d0a30820f86fc29b4f35598b55062fa369f62a,cumulative-db-semantic-v1,auto_accepted,metadata_only_limitation
fragment:signal:0f50fa969b71e20404c2e81bc8390d787b63d16fa79033ddad2d74fa38a5da0c:H3:084443056047,H3,MARINE vs OCEANIC Differential Coverage,H3,signal:0f50fa969b71e20404c2e81bc8390d787b63d16fa79033ddad2d74fa38a5da0c,evidence:doi:10.1016/j.marpol.2024.106132,30178365958-1,r_i,OCEANIC,O,sustainability_skill,sustainability,marine,,marine_ecological,sustainability,title+subject,title+subject,71942388fad7631bae1712539ed00021bac03f4e444daf0f15cd72c5241cf805,cumulative-db-semantic-v1,auto_accepted,metadata_only_limitation
fragment:signal:0fb26c8101ef65f0356b73ed8053a73826eb9053257bd554e84f2be6bc01eecf:H3:7062c29091a5,H3,MARINE vs OCEANIC Differential Coverage,H3,signal:0fb26c8101ef65f0356b73ed8053a73826eb9053257bd554e84f2be6bc01eecf,evidence:title:b49b01ea9b60489b,30178365958-1,blue_biotech,MARINE,M,policy_regulation_skill,regulation,marine,,marine_ecological,regulation,title,title,b49b01ea9b60489beba24dff3fdb3a83c39e3bd53c292065c69d32651e9c895e,cumulative-db-semantic-v1,review_required,metadata_only_limitation
fragment:signal:0fc327fcb63d682c7098101b2a68e79eff72a299b49cbc534a68a24b698598af:H3:7896da3300f2,H3,MARINE vs OCEANIC Differential Coverage,H3,signal:0fc327fcb63d682c7098101b2a68e79eff72a299b49cbc534a68a24b698598af,evidence:doi:10.67164/8t8rz715,30178365958-1,r_i,OCEANIC,O,policy_regulation_skill,law,ecological,,marine_ecological,law,title+subject,title+subject,86c93c3ee7c6d5ed8788d94929969aad6aa10aafa09385a4e71a5996333fc814,cumulative-db-semantic-v1,review_required,metadata_only_limitation
fragment:signal:0ff81427af3fe8e9c62d66549b0a9d723d0b34d33b3788f7f0f9905d645e3a1e:H3:005934868409,H3,MARINE vs OCEANIC Differential Coverage,H3,signal:0ff81427af3fe8e9c62d66549b0a9d723d0b34d33b3788f7f0f9905d645e3a1e,evidence:doi:10.66314/ijepp.v4i1.205,30178365958-1,blue_biotech,MARINE,M,education_training_signal,training,marine,,marine_ecological,training,title+subject,title+subject,c6bb1600fbf6d792521d3302aac7ecc81766df8c05b3e9af97ba62b4a596b527,cumulative-db-semantic-v1,auto_accepted,metadata_only_limitation
fragment:signal:0ff9dd18fce5a285dbaa549bc7d80931a5b6e36278429e3adccd26bb69dc0b0b:H3:d31f275e9145,H3,MARINE vs OCEANIC Differential Coverage,H3,signal:0ff9dd18fce5a285dbaa549bc7d80931a5b6e36278429e3adccd26bb69dc0b0b,evidence:doi:10.1080/08941920.2026.2701450,30178365958-1,living_res,MARINE,M,social_science_skill,community,marine,,marine_ecological,community,title+subject,title+subject,f3cb02772ade8d6dd5919518a219e409283bd2414525e61bd3a33585e9bfc83f,cumulative-db-semantic-v1,review_required,metadata_only_limitation
fragment:signal:1006f60d6f8d18837818f878a7f0638fc8c27ca2967b3a68f62b481553e0f472:H3:8c529f668604,H3,MARINE vs OCEANIC Differential Coverage,H3,signal:1006f60d6f8d18837818f878a7f0638fc8c27ca2967b3a68f62b481553e0f472,evidence:doi:10.3389/fclim.2025.1670665,30178365958-1,blue_biotech,OCEANIC,O,sustainability_skill,sustainability,marine,,marine_ecological,sustainability,title+subject,title+subject,41c10b56afc22eaafe95e0042556d6c241696a78d765099a051982ebd7505e07,cumulative-db-semantic-v1,review_required,metadata_only_limitation
fragment:signal:105c43c91611dd6753bcfbc58e7436de504bb623f23572f42d211671d05f1940:H3:aeb7a495f8a4,H3,MARINE vs OCEANIC Differential Coverage,H3,signal:105c43c91611dd6753bcfbc58e7436de504bb623f23572f42d211671d05f1940,evidence:doi:10.1007/s44312-026-00082-9,30178365958-1,coastal_tourism,OCEANIC,O,sustainability_skill,sustainable,marine,,marine_ecological,sustainable,title+subject,title+subject,f7a4f358f803340a951510cf677335e4e6630ba96cccec3cd4e098cf53265a5b,cumulative-db-semantic-v1,review_required,metadata_only_limitation
fragment:signal:106317239858e33488553600f668269beb576d3d16b86f99c63ab99734d26a37:H3:ba4045eeffc0,H3,MARINE vs OCEANIC Differential Coverage,H3,signal:106317239858e33488553600f668269beb576d3d16b86f99c63ab99734d26a37,evidence:doi:10.1080/13642987.2026.2642180,30178365958-1,maritime_defence,OCEANIC,O,safety_risk_skill,risk,marine,,marine_ecological,risk,title+subject,title+subject,2d1ebc8f6cc7e6f06f7a1beea42df37400643aa58f5077dc3d8312d91bd30043,cumulative-db-semantic-v1,review_required,metadata_only_limitation
fragment:signal:1073b498017d7be17c0d5b13eef13dd27091b79c24849fc9046a0abe6edbd5ba:H1:8082fc699760,H1,Maritimisation Shift,H1,signal:1073b498017d7be17c0d5b13eef13dd27091b79c24849fc9046a0abe6edbd5ba,evidence:doi:10.56815/ijmrr.v5i7.2026.103-116,30178365958-1,infra_robotics,MARITIME,T,policy_regulation_skill,law,ocean governance,,oceanic_governance,law,title+subject,title+subject,17f3c934f3083facf74d66eb7e094c71e52447a46541646a67b243ff7364ee1c,cumulative-db-semantic-v1,auto_accepted,metadata_only_limitation
fragment:signal:10ad12e2819fbcfb2235b9ac74c17b2cf23da79c51a980e517f593c0f5fae4e9:H3:000196b7f612,H3,MARINE vs OCEANIC Differential Coverage,H3,signal:10ad12e2819fbcfb2235b9ac74c17b2cf23da79c51a980e517f593c0f5fae4e9,evidence:doi:10.1016/j.marpol.2026.107205,30178365958-1,living_res,OCEANIC,O,policy_regulation_skill,legal,marine,,marine_ecological,legal,title,title,ec8953d67534af7422115af07dd3d50d6684a3a2ff9323100c6ae526e6941799,cumulative-db-semantic-v1,review_required,metadata_only_limitation
fragment:signal:10b1097e1a1f3dbf5978c406204de27f4a2e8020c5f27395780f7c911cd5f6e1:H3:d7d42363b51e,H3,MARINE vs OCEANIC Differential Coverage,H3,signal:10b1097e1a1f3dbf5978c406204de27f4a2e8020c5f27395780f7c911cd5f6e1,evidence:doi:10.1007/s00267-026-02553-7,30178365958-1,living_res,MARINE,M,safety_risk_skill,risk,ecological,,marine_ecological,risk,title+subject,title+subject,10982d772df5cc9056516fdaa3aa0c241c71d14daae41723a884b77c588e23f8,cumulative-db-semantic-v1,review_required,metadata_only_limitation
fragment:signal:10deb19185eeacf91153be826f785402585204bd3fc8bb601ea092df323ce9ad:H3:96009cda4867,H3,MARINE vs OCEANIC Differential Coverage,H3,signal:10deb19185eeacf91153be826f785402585204bd3fc8bb601ea092df323ce9ad,evidence:doi:10.58526/jsret.v5i2.1145,30178365958-1,non_living_res,MARINE,M,digital_skill,digital,marine,,marine_ecological,digital,title+subject,title+subject,ad7aa1219064e727aca522b8fc83a5019c61420e18dab86b76b10f35df1d4864,cumulative-db-semantic-v1,review_required,metadata_only_limitation
fragment:signal:110ef887afc20cc353dee0ac8b429f8224d150d858ce4df04610e6cc710920e7:H3:17910eb2b9fc,H3,MARINE vs OCEANIC Differential Coverage,H3,signal:110ef887afc20cc353dee0ac8b429f8224d150d858ce4df04610e6cc710920e7,evidence:doi:10.3390/biomimetics10120842,30178365958-1,blue_biotech,OCEANIC,O,technical_skill,technology,ecological,,marine_ecological,technology,title+subject,title+subject,2093d7503379e2b08481f815a633c210a4666856aac3c11ed5dc3aa23dba4a3c,cumulative-db-semantic-v1,review_required,metadata_only_limitation
fragment:signal:111e00552f7bcfc7fab49f7269f325ad7f70ae2428be6bb620fa7dd72910ab2f:H3:1747b84326ae,H3,MARINE vs OCEANIC Differential Coverage,H3,signal:111e00552f7bcfc7fab49f7269f325ad7f70ae2428be6bb620fa7dd72910ab2f,evidence:doi:10.25123/vej.v12i1.9804,30178365958-1,coastal_tourism,OCEANIC,O,governance_skill,governance,marine,,marine_ecological,governance,title+subject,title+subject,144c5910b708d4edbc0093ed4fefb96a9c6d830cad99a8413bae7c4c71622641,cumulative-db-semantic-v1,review_required,metadata_only_limitation
fragment:signal:1147d845902beeae7379155c90c255b36535cd4aa35aa3e13928fa3c38464a19:H3:f965b44ae864,H3,MARINE vs OCEANIC Differential Coverage,H3,signal:1147d845902beeae7379155c90c255b36535cd4aa35aa3e13928fa3c38464a19,evidence:doi:10.1007/s40152-026-00479-8,30178365958-1,living_res,MARINE,M,learning_outcome_signal,ects,marine,,marine_ecological,ects,title+subject,title+subject,95c0fd08793cefc5f4e1d74e10d479c8951c61d8066296a1416c6fe8a7f6b078,cumulative-db-semantic-v1,review_required,metadata_only_limitation
fragment:signal:1149e2c92c8a822d0eb1e309eb507490767bdd3f8a50ab508c16a51081d38a32:H3:083cac2e69c1,H3,MARINE vs OCEANIC Differential Coverage,H3,signal:1149e2c92c8a822d0eb1e309eb507490767bdd3f8a50ab508c16a51081d38a32,evidence:doi:10.3390/fishes11030178,30178365958-1,non_living_res,OCEANIC,O,sustainability_skill,sustainability,marine,,marine_ecological,sustainability,title+subject,title+subject,e36c74136593df648c3e404bd9c63807d05f1efd53a006a92ae1ecf25a1696ef,cumulative-db-semantic-v1,auto_accepted,metadata_only_limitation
fragment:signal:116362d509887fc0a92a7327818c2ba2b1fca0dd0edfa7ada33a38d62c753241:H3:8755ccbc0a3b,H3,MARINE vs OCEANIC Differential Coverage,H3,signal:116362d509887fc0a92a7327818c2ba2b1fca0dd0edfa7ada33a38d62c753241,evidence:doi:10.3389/fmars.2026.1848506,30178365958-1,living_res,MARINE,M,governance_skill,governance,marine,,marine_ecological,governance,title+subject,title+subject,b0fa72ac2c00f5da502f901f0f880491538d54bd8753a13b0bd1abccce46c309,cumulative-db-semantic-v1,review_required,metadata_only_limitation
fragment:signal:11e9e219a675de804c31135acb1fcd6ed766b5c0e509f74c86f03f532f498b67:H3:f71f817d3f2e,H3,MARINE vs OCEANIC Differential Coverage,H3,signal:11e9e219a675de804c31135acb1fcd6ed766b5c0e509f74c86f03f532f498b67,evidence:doi:10.3390/su18126186,30178365958-1,r_i,OCEANIC,O,governance_skill,governance,ecological,,marine_ecological,governance,title+subject,title+subject,b9122b6cde5c7d1a28915de8fdfefd59ea4ca8fd22c2fec5b08710179511328e,cumulative-db-semantic-v1,review_required,metadata_only_limitation
fragment:signal:11f44caab6ee4560f4ec666e15426a39cd14eb8498576a4f6fec56338b0e1d34:H3:3fc58ac197b5,H3,MARINE vs OCEANIC Differential Coverage,H3,signal:11f44caab6ee4560f4ec666e15426a39cd14eb8498576a4f6fec56338b0e1d34,evidence:doi:10.3390/su18020593,30178365958-1,living_res,MARINE,M,governance_skill,stakeholder,marine,,marine_ecological,stakeholder,title+subject,title+subject,ec97f4ee35a5cef67a5d52bebe7ca9b2eefb1ba2664131764d2e87774a2f8317,cumulative-db-semantic-v1,review_required,metadata_only_limitation
fragment:signal:12032ad5e09167ae2b4eb2baede28b019eb646c314ded67592588346ec6299d6:H3:8a458d28408f,H3,MARINE vs OCEANIC Differential Coverage,H3,signal:12032ad5e09167ae2b4eb2baede28b019eb646c314ded67592588346ec6299d6,evidence:doi:10.31223/x5rf5m,30178365958-1,non_living_res,MARINE,M,governance_skill,policy,ecological,,marine_ecological,policy,title+subject,title+subject,695a26f2de22635ae50f441cf2bc5344951759b58b8f36867deb063a4f55fe75,cumulative-db-semantic-v1,auto_accepted,metadata_only_limitation
fragment:signal:12075af70189998deb5f397ab492037986dde263b87c1c20ef0b3d329b8f6277:H3:fd6da48dedc2,H3,MARINE vs OCEANIC Differential Coverage,H3,signal:12075af70189998deb5f397ab492037986dde263b87c1c20ef0b3d329b8f6277,evidence:doi:10.1007/s10661-026-15583-9,30178365958-1,living_res,MARINE,M,safety_risk_skill,risk,marine,,marine_ecological,risk,title+subject,title+subject,37e9ff5487783c9b046bac627b53caf6709db3c458410725e7e6f2e486056b32,cumulative-db-semantic-v1,auto_accepted,metadata_only_limitation
fragment:signal:120f64f18ba02462827b47fa104e4abbc7c3e1395a1c85ed1b9f3423a57d87fe:H3:c523fa01341f,H3,MARINE vs OCEANIC Differential Coverage,H3,signal:120f64f18ba02462827b47fa104e4abbc7c3e1395a1c85ed1b9f3423a57d87fe,evidence:doi:10.17159/1727-3781/2025/v28i0a17363,30178365958-1,non_living_res,MARINE,M,governance_skill,policy,marine,,marine_ecological,policy,title+subject,title+subject,447584e658746076c64101c6fd88b82689af63cc5f04d9dd5868981a49ac83d9,cumulative-db-semantic-v1,review_required,metadata_only_limitation
fragment:signal:121281f87b71f747a98c5d44a6b96611bdf01090fe7c2ab4924d574405cf4ab2:H3:6d8704e12909,H3,MARINE vs OCEANIC Differential Coverage,H3,signal:121281f87b71f747a98c5d44a6b96611bdf01090fe7c2ab4924d574405cf4ab2,evidence:doi:10.11648/j.ijsdr.20261201.11,30178365958-1,maritime_defence,OCEANIC,O,sustainability_skill,sustainability,marine,,marine_ecological,sustainability,title+subject,title+subject,776a0879c8531ea03aa6b6a4cff902eefd5bcd43df455364f04150222d56f81a,cumulative-db-semantic-v1,auto_accepted,metadata_only_limitation
fragment:signal:121b86b5eda71fa650539587d77bc886f655fe15a4b119b7a3dd5edec00b9274:H3:290717073ccc,H3,MARINE vs OCEANIC Differential Coverage,H3,signal:121b86b5eda71fa650539587d77bc886f655fe15a4b119b7a3dd5edec00b9274,evidence:doi:10.56367/oag-051-12601,30178365958-1,living_res,MARINE,M,policy_regulation_skill,directive,marine,,marine_ecological,directive,title+subject,title+subject,1bd328131cffe59b2eee86ff7ece3790328545f57cb35a265c5aed8b0af3bf75,cumulative-db-semantic-v1,review_required,metadata_only_limitation
fragment:signal:129e0a157c54576c7ea5cfc8d926edd5594fc4b4d22749bfa46b4c1cb830f19b:H3:5ef4bdb357e3,H3,MARINE vs OCEANIC Differential Coverage,H3,signal:129e0a157c54576c7ea5cfc8d926edd5594fc4b4d22749bfa46b4c1cb830f19b,evidence:doi:10.3389/feart.2025.1457489,30178365958-1,non_living_res,MARINE,M,digital_skill,data science,marine,,marine_ecological,data science,title+subject,title+subject,8efe6a61f640043d23a1fc030df71dfa0ceb6b9663521181d60c703acbf63cdd,cumulative-db-semantic-v1,review_required,metadata_only_limitation
fragment:signal:13031302f3bee0622092ef16b8e34d2f209e5ffa58f47897905d8614e4e75915:H3:e6afadd4ad0c,H3,MARINE vs OCEANIC Differential Coverage,H3,signal:13031302f3bee0622092ef16b8e34d2f209e5ffa58f47897905d8614e4e75915,evidence:doi:10.1177/13621688261433883,30178365958-1,living_res,MARINE,M,social_science_skill,literacy,ecological,,marine_ecological,literacy,title+subject,title+subject,b753864f1b6622008cf8f82b46cd013f705f80a7ba56a29928e22c08222183d0,cumulative-db-semantic-v1,review_required,metadata_only_limitation
fragment:signal:1338db69a8421cabfd9248faa435b698b766a5d147cb331672a2233aa88953fe:H3:6c996146ceaa,H3,MARINE vs OCEANIC Differential Coverage,H3,signal:1338db69a8421cabfd9248faa435b698b766a5d147cb331672a2233aa88953fe,evidence:doi:10.3389/fmars.2026.1723529,30178365958-1,blue_biotech,MARINE,M,workforce_skill,workforce,marine,,marine_ecological,workforce,title+subject,title+subject,f2611985f3d2283b098b7188cad15c077e386bd5852a821cc15aa70caa6005a5,cumulative-db-semantic-v1,auto_accepted,metadata_only_limitation
fragment:signal:136f88be1fb399ec0619f66b24062b3b7896b3a3f8d1957dfb34f4dedb9416f5:H3:d3c607d43710,H3,MARINE vs OCEANIC Differential Coverage,H3,signal:136f88be1fb399ec0619f66b24062b3b7896b3a3f8d1957dfb34f4dedb9416f5,evidence:doi:10.4038/vingnanam.v20i1.4249,30178365958-1,living_res,OCEANIC,O,social_science_skill,community,marine,,marine_ecological,community,title+subject,title+subject,c275eba1aa59c9663f54cd594fdfba8d44932e34e41d764ee4864755a04d0dfb,cumulative-db-semantic-v1,review_required,metadata_only_limitation
fragment:signal:138fb226ebcbf603343b523903971a720eb4b92f56a79d7c2d44a0256c7254b1:H1:3d74394f69e7,H1,Maritimisation Shift,H1,signal:138fb226ebcbf603343b523903971a720eb4b92f56a79d7c2d44a0256c7254b1,evidence:doi:10.56815/ijmrr.v5i7.2026.103-116,30178365958-1,infra_robotics,MARITIME,T,governance_skill,governance,ocean governance,,oceanic_governance,governance,title+subject,title+subject,17f3c934f3083facf74d66eb7e094c71e52447a46541646a67b243ff7364ee1c,cumulative-db-semantic-v1,auto_accepted,metadata_only_limitation
fragment:signal:13937680d5c215e9138970bf478becc9830372b510da89b48f6ca12704139fc1:H3:c5b2e2097881,H3,MARINE vs OCEANIC Differential Coverage,H3,signal:13937680d5c215e9138970bf478becc9830372b510da89b48f6ca12704139fc1,evidence:doi:10.47616/jamrsss.v7i1.700,30178365958-1,coastal_tourism,OCEANIC,O,policy_regulation_skill,law,marine,,marine_ecological,law,title+subject,title+subject,24a90e38b9f5ccdf879a43fd8a6a59e33a85440f33cd11a86937f48d0dba74e9,cumulative-db-semantic-v1,review_required,metadata_only_limitation
fragment:signal:13a66b5eb12a8b8ee7a9d9d26e4b4ff0627f5f87a42ed1b11a721f01e056a3c9:H3:091bfebbb110,H3,MARINE vs OCEANIC Differential Coverage,H3,signal:13a66b5eb12a8b8ee7a9d9d26e4b4ff0627f5f87a42ed1b11a721f01e056a3c9,evidence:doi:10.70558/spijsh.2026.v3.i6.45796,30178365958-1,living_res,MARINE,M,governance_skill,governance,marine,,marine_ecological,governance,title+subject,title+subject,576f989fcd7c22dfa73dfd6636aec422c7ec9cd774b45c8523266356e0ce0df3,cumulative-db-semantic-v1,review_required,metadata_only_limitation
fragment:signal:13e3623c83fef2d88c6d8dd3a631b07423c1c35bfe9825c2a36f4f5f46dde9ac:H3:14ea36cbbef3,H3,MARINE vs OCEANIC Differential Coverage,H3,signal:13e3623c83fef2d88c6d8dd3a631b07423c1c35bfe9825c2a36f4f5f46dde9ac,evidence:doi:10.21203/rs.3.rs-10418719/v1,30178365958-1,living_res,MARINE,M,learning_outcome_signal,ects,marine,,marine_ecological,ects,title+subject,title+subject,6d5f11c27380cb5c605eada4cb9d028c53c19c69035d02e62735abf9a492b010,cumulative-db-semantic-v1,review_required,metadata_only_limitation
fragment:signal:13fb7061517fcc9eb80b88b9b831fffca24152b37ae73406c560bc7d08c317fd:H1:7864c18ab3a4,H1,Maritimisation Shift,H1,signal:13fb7061517fcc9eb80b88b9b831fffca24152b37ae73406c560bc7d08c317fd,evidence:doi:10.35718/ismatech.v3i2.8481886,30178365958-1,ship_repair,MARITIME,T,technical_skill,engineering,maritime infrastructure,,maritime_dominance,engineering,title+subject,title+subject,a0cc6968ebfb1447980282d3bcadbe11aa11849ac70f58fca27a0522da9e801a,cumulative-db-semantic-v1,review_required,metadata_only_limitation
fragment:signal:1411a1e480c734fd78307d16d37d1a4db18e4768eb052a913304a60cdfb4e458:H3:b7676757c7fe,H3,MARINE vs OCEANIC Differential Coverage,H3,signal:1411a1e480c734fd78307d16d37d1a4db18e4768eb052a913304a60cdfb4e458,evidence:doi:10.3390/su162411141,30178365958-1,non_living_res,MARINE,M,sustainability_skill,sustainability,marine,,marine_ecological,sustainability,title+subject,title+subject,e68b7f0865ac9beb991b050a815a042b91bad713291ee468e31e34c80f863d17,cumulative-db-semantic-v1,auto_accepted,metadata_only_limitation
fragment:signal:14487192de5ceebea6b3385e4be099c916864cb143ff18b92aa5ee3dec8d67e0:H3:e455e07287aa,H3,MARINE vs OCEANIC Differential Coverage,H3,signal:14487192de5ceebea6b3385e4be099c916864cb143ff18b92aa5ee3dec8d67e0,evidence:doi:10.1007/s10811-026-03885-x,30178365958-1,living_res,MARINE,M,governance_skill,governance,marine,,marine_ecological,governance,title+subject,title+subject,d17aec2be46c5792b6d11605e602fccf564c4b27cb4580f8be9799f60cf7d261,cumulative-db-semantic-v1,auto_accepted,metadata_only_limitation
fragment:signal:1450ee74abef61d1fb0838f7165d1288088f972fea63e79d530ee8f688ed07ef:H3:6f9fa9750c66,H3,MARINE vs OCEANIC Differential Coverage,H3,signal:1450ee74abef61d1fb0838f7165d1288088f972fea63e79d530ee8f688ed07ef,evidence:doi:10.70088/x9yymd52,30178365958-1,living_res,MARINE,M,technical_skill,technology,marine,,marine_ecological,technology,title+subject,title+subject,57e7d63585fca50990c835afef2c72c8cd6423829e2b98929e5d9839c704ae48,cumulative-db-semantic-v1,review_required,metadata_only_limitation
fragment:signal:145b3f81bd122413a76f5704df596a9a2590dbd53da5061fd059f498ec2e053a:H3:a04d7a06e61c,H3,MARINE vs OCEANIC Differential Coverage,H3,signal:145b3f81bd122413a76f5704df596a9a2590dbd53da5061fd059f498ec2e053a,evidence:doi:10.36001/ijphm.2026.v17i1.4761,30178365958-1,non_living_res,MARINE,M,safety_risk_skill,safety,marine,,marine_ecological,safety,title+subject,title+subject,f067533801f46a23c3f094c729412ff364b1759b44c1da8f0776a6f383f497e8,cumulative-db-semantic-v1,review_required,metadata_only_limitation
fragment:signal:145b9627613c9fd206ab1bf8ed8b2a140b2b80480cdc84e41f3b6aedafb88249:H1:9752d8e4bf60,H1,Maritimisation Shift,H1,signal:145b9627613c9fd206ab1bf8ed8b2a140b2b80480cdc84e41f3b6aedafb88249,evidence:doi:10.21203/rs.3.rs-9933696/v1,30178365958-1,port_activities,MARITIME,T,technical_skill,engineering,techno-economic,,maritime_dominance,engineering,title+subject,title+subject,5cb99df33bb6b4a58b6c77d981bf25558aa0995711dcfcddc667d3c54356480d,cumulative-db-semantic-v1,review_required,metadata_only_limitation
fragment:signal:1485c225edc4b41215ec819d94ca1baed3bac9e58c058089e5ec34b5f377029a:H3:1f76ff7f9d8f,H3,MARINE vs OCEANIC Differential Coverage,H3,signal:1485c225edc4b41215ec819d94ca1baed3bac9e58c058089e5ec34b5f377029a,evidence:doi:10.3389/fmars.2025.1488879,30178365958-1,non_living_res,MARINE,M,learning_outcome_signal,ects,marine,,marine_ecological,ects,title+subject,title+subject,3eb2e9115c265aa144945e211d70c537f4995ada0f7b77cd331fa173177b5048,cumulative-db-semantic-v1,review_required,metadata_only_limitation
fragment:signal:149b62b5fe5903168e5add6b6caf5084a2de6dafabb1615dc80e1fcff6e85953:H3:78dc2960f5e9,H3,MARINE vs OCEANIC Differential Coverage,H3,signal:149b62b5fe5903168e5add6b6caf5084a2de6dafabb1615dc80e1fcff6e85953,evidence:doi:10.55463/issn.1674-2974.53.6.4,30178365958-1,living_res,MARINE,M,sustainability_skill,sustainability,marine,,marine_ecological,sustainability,title+subject,title+subject,9a0cc1c6c6fdbe0ad8b83cf9a64888e789fc6056831ba93edbba6ca6f764d943,cumulative-db-semantic-v1,review_required,metadata_only_limitation
fragment:signal:14b0f7f7f10770ebbd8b5c7bc29cac677ace3304bc77612b3ed0a34fc56abd40:H3:bbe5e1df72b3,H3,MARINE vs OCEANIC Differential Coverage,H3,signal:14b0f7f7f10770ebbd8b5c7bc29cac677ace3304bc77612b3ed0a34fc56abd40,evidence:doi:10.1111/gcb.15827,30178365958-1,living_res,MARINE,M,sustainability_skill,climate,marine,,marine_ecological,climate,title,title,c433e1c9e2d84a65f88c9439adc8f7d68924caa9df4ff561e3042e69753934fa,cumulative-db-semantic-v1,review_required,metadata_only_limitation
fragment:signal:14ee6c4b5de642b00baaa809aa19aad8274bee641909ba83ce63adc56c91ec6d:H1:e383a874cbc3,H1,Maritimisation Shift,H1,signal:14ee6c4b5de642b00baaa809aa19aad8274bee641909ba83ce63adc56c91ec6d,evidence:doi:10.1016/j.pdisas.2026.100624,30178365958-1,coastal_tourism,OCEANIC,O,sustainability_skill,climate,oceanic,,oceanic_governance,climate,title,title,7e4ead62e3abd2f3950f54ff70dff65e0b4933533febb66bed7767c48201f860,cumulative-db-semantic-v1,review_required,metadata_only_limitation
fragment:signal:14ee6c4b5de642b00baaa809aa19aad8274bee641909ba83ce63adc56c91ec6d:H3:63ae0382c897,H3,MARINE vs OCEANIC Differential Coverage,H3,signal:14ee6c4b5de642b00baaa809aa19aad8274bee641909ba83ce63adc56c91ec6d,evidence:doi:10.1016/j.pdisas.2026.100624,30178365958-1,coastal_tourism,OCEANIC,O,sustainability_skill,climate,oceanic,,oceanic_planetary,climate,title,title,7e4ead62e3abd2f3950f54ff70dff65e0b4933533febb66bed7767c48201f860,cumulative-db-semantic-v1,review_required,metadata_only_limitation
fragment:signal:150d974b0d91fae92e45233efcb0221acc7b82ef28da034d696f3f4a55adb490:H3:92f42fa3112f,H3,MARINE vs OCEANIC Differential Coverage,H3,signal:150d974b0d91fae92e45233efcb0221acc7b82ef28da034d696f3f4a55adb490,evidence:doi:10.1108/cg-08-2025-0530,30178365958-1,renewable_energy,OCEANIC,O,sustainability_skill,sustainability,ecological,,marine_ecological,sustainability,title+subject,title+subject,a2cad6302b383d17c9ae7216bf6702f2a233d1e7bf9738c89c9a3515596de36f,cumulative-db-semantic-v1,auto_accepted,metadata_only_limitation
fragment:signal:15315f8f9e197f8e14a215415861dbaebc11ed0a8d3c7020fa6732e582d26002:H3:5ccca241b04e,H3,MARINE vs OCEANIC Differential Coverage,H3,signal:15315f8f9e197f8e14a215415861dbaebc11ed0a8d3c7020fa6732e582d26002,evidence:doi:10.2478/ebtj-2026-0009,30178365958-1,blue_biotech,MARINE,M,governance_skill,governance,planetary,,oceanic_planetary,governance,title+subject,title+subject,29d166ce9437c8393b173cdb098a6028983bee74ae5e91285069974f497a083f,cumulative-db-semantic-v1,review_required,metadata_only_limitation
fragment:signal:155b7a0a887339b78d975dc055b275e5a86a5c9bf564a0d710793075a31c7107:H3:d1874a73792e,H3,MARINE vs OCEANIC Differential Coverage,H3,signal:155b7a0a887339b78d975dc055b275e5a86a5c9bf564a0d710793075a31c7107,evidence:doi:10.5281/zenodo.20728589,30178365958-1,blue_biotech,MARINE,M,governance_skill,governance,marine,,marine_ecological,governance,title+subject,title+subject,1b3a7ba076a40a7160aaf67343571e31ebecf3d2d8342d45d10cb966e3260b85,cumulative-db-semantic-v1,auto_accepted,metadata_only_limitation
fragment:signal:15a1d265e79c4272cc0478e40d615057936c7ec165ee4afc22d4dbc31036f152:H3:cce3df092036,H3,MARINE vs OCEANIC Differential Coverage,H3,signal:15a1d265e79c4272cc0478e40d615057936c7ec165ee4afc22d4dbc31036f152,evidence:doi:10.1016/j.marpol.2024.106337,30178365958-1,non_living_res,MARINE,M,policy_regulation_skill,law,marine,,marine_ecological,law,title+subject,title+subject,8404998322bf09264ea15b1c649910e96a21a31f891314415129040d7a1d2cb7,cumulative-db-semantic-v1,review_required,metadata_only_limitation
fragment:signal:15ad6ed04272d78dee78a8a8f645973b9b3593aae3aa76dc8411089eb4f4af52:H3:eab0a5455310,H3,MARINE vs OCEANIC Differential Coverage,H3,signal:15ad6ed04272d78dee78a8a8f645973b9b3593aae3aa76dc8411089eb4f4af52,evidence:doi:10.1007/s10811-026-03917-6,30178365958-1,living_res,MARINE,M,governance_skill,governance,marine,,marine_ecological,governance,title+subject,title+subject,71b3d2976558f02233e6b1fbea7bcdab8659c1fc0759387562fee109159d9dd3,cumulative-db-semantic-v1,review_required,metadata_only_limitation
fragment:signal:15d0fd3cd4f7a2e7edc84902607485a85de1082e7b1ac417aa62784a466e1d6d:H3:cc324b84883a,H3,MARINE vs OCEANIC Differential Coverage,H3,signal:15d0fd3cd4f7a2e7edc84902607485a85de1082e7b1ac417aa62784a466e1d6d,evidence:doi:10.3389/fevo.2026.1825243,30178365958-1,living_res,MARINE,M,sustainability_skill,climate,marine,,marine_ecological,climate,title+subject,title+subject,e93685be92fbfa08c23de9f72a221ab92f74d36db3612c61a5759ce3d6608807,cumulative-db-semantic-v1,review_required,metadata_only_limitation
fragment:signal:160c3dad7bc68bb3026402c1b1727a743f2f9006923e9b6aacb83835156cd480:H3:5940f881d1ca,H3,MARINE vs OCEANIC Differential Coverage,H3,signal:160c3dad7bc68bb3026402c1b1727a743f2f9006923e9b6aacb83835156cd480,evidence:doi:10.21203/rs.3.rs-10418719/v1,30178365958-1,living_res,MARINE,M,sustainability_skill,resilience,marine,,marine_ecological,resilience,title+subject,title+subject,6d5f11c27380cb5c605eada4cb9d028c53c19c69035d02e62735abf9a492b010,cumulative-db-semantic-v1,auto_accepted,metadata_only_limitation
fragment:signal:165aa4928bfb876b95dcad10bce22d4ead83be9ee607905c1f8ab95c3e45b30c:H3:5a81e7b70d93,H3,MARINE vs OCEANIC Differential Coverage,H3,signal:165aa4928bfb876b95dcad10bce22d4ead83be9ee607905c1f8ab95c3e45b30c,evidence:doi:10.3390/oceans7010004,30178365958-1,blue_biotech,MARINE,M,sustainability_skill,sustainable,marine,,marine_ecological,sustainable,title+subject,title+subject,f10a99f7d33c205a006dafbb9afb3611159da3cbb4b7f84f623d58e7d15c5769,cumulative-db-semantic-v1,review_required,metadata_only_limitation
fragment:signal:16b50494ac6d308a8ff366aeaba9430a98f21ab1ae8424abdc0201d1a1655a2a:H3:54bb92d4e119,H3,MARINE vs OCEANIC Differential Coverage,H3,signal:16b50494ac6d308a8ff366aeaba9430a98f21ab1ae8424abdc0201d1a1655a2a,evidence:doi:10.1017/9781009599122.013,30178365958-1,living_res,MARINE,M,governance_skill,policy,marine,,marine_ecological,policy,title+subject,title+subject,55d647a4918d7eafd85295a29a6a1acf781969a8569425feeae9374eb2ef9249,cumulative-db-semantic-v1,review_required,metadata_only_limitation
fragment:signal:16c9517783e7a510856ec286f093163ae3a1400f8e920035abb25ddd9d507c72:H3:fbd8afa7618f,H3,MARINE vs OCEANIC Differential Coverage,H3,signal:16c9517783e7a510856ec286f093163ae3a1400f8e920035abb25ddd9d507c72,evidence:doi:10.21203/rs.3.rs-9580292/v1,30178365958-1,non_living_res,MARINE,M,social_science_skill,community,marine,,marine_ecological,community,title+subject,title+subject,894fe5e8a25c553bdbf609a8ba76bef50469e011e42d7c8b09b8faa540d05710,cumulative-db-semantic-v1,review_required,metadata_only_limitation
fragment:signal:16d60d3e793e58f33d78603178516a2418a255c3d023e40625187616a9c11837:H3:e35859fa8197,H3,MARINE vs OCEANIC Differential Coverage,H3,signal:16d60d3e793e58f33d78603178516a2418a255c3d023e40625187616a9c11837,evidence:doi:10.3390/su17219526,30178365958-1,blue_biotech,MARINE,M,governance_skill,governance,marine,,marine_ecological,governance,title+subject,title+subject,470485cf7c250799e9c3cbef1721c677db1b162059b3c88e246cc1aaaf87e473,cumulative-db-semantic-v1,auto_accepted,metadata_only_limitation
fragment:signal:170cb211161ad735a5a054572fbc99f73da43dbf4b505e72cd3cf4fa6fc2d2f4:H3:e49dd57efa75,H3,MARINE vs OCEANIC Differential Coverage,H3,signal:170cb211161ad735a5a054572fbc99f73da43dbf4b505e72cd3cf4fa6fc2d2f4,evidence:doi:10.1186/s44365-026-00041-x,30178365958-1,blue_biotech,MARINE,M,sustainability_skill,sustainability,marine,,marine_ecological,sustainability,title+subject,title+subject,436b8943f06269dc6d11e266a660343f3d1f79eace0a4efe69a6ddf21dbf2eac,cumulative-db-semantic-v1,auto_accepted,metadata_only_limitation
fragment:signal:174867328dffa14341a84a56baa5e82f45748a004353b6c56e75ff93b689c3da:H3:dca01b7a0d23,H3,MARINE vs OCEANIC Differential Coverage,H3,signal:174867328dffa14341a84a56baa5e82f45748a004353b6c56e75ff93b689c3da,evidence:doi:10.3389/focsu.2026.1767068,30178365958-1,living_res,MARINE,M,policy_regulation_skill,directive,marine,,marine_ecological,directive,title+subject,title+subject,20bafdef7ec4aa130e92dbb986d8915efbc2d62a7c0f3aa02e3db743fd5a27d7,cumulative-db-semantic-v1,review_required,metadata_only_limitation
fragment:signal:175b7d1b429d2b1f1f9355cf9ad7ceba188622e2e5b3181502507df1b004f517:H3:fd3dfba5f434,H3,MARINE vs OCEANIC Differential Coverage,H3,signal:175b7d1b429d2b1f1f9355cf9ad7ceba188622e2e5b3181502507df1b004f517,evidence:doi:10.55942/pssj.v6i4.1475,30178365958-1,coastal_tourism,OCEANIC,O,sustainability_skill,sustainability,marine,,marine_ecological,sustainability,title+subject,title+subject,d7f473c8db874b40bf225ac814473358636947ab643a4900fe8b6052223ca6cd,cumulative-db-semantic-v1,review_required,metadata_only_limitation
fragment:signal:177d923c1e00c1eee6738d134260ea6502de61c0295e2ac1f8b086f16a67774d:H3:6285967b0599,H3,MARINE vs OCEANIC Differential Coverage,H3,signal:177d923c1e00c1eee6738d134260ea6502de61c0295e2ac1f8b086f16a67774d,evidence:doi:10.3390/biomass6010001,30178365958-1,blue_biotech,MARINE,M,sustainability_skill,sustainability,ecological,,marine_ecological,sustainability,title+subject,title+subject,5987ca833916246d32e07bebba8c4a3472500994e9e8cb436ccc587c61e70a9c,cumulative-db-semantic-v1,auto_accepted,metadata_only_limitation
fragment:signal:179396d65390cf9a89c72fda3f47755f1f05211e308793921a59e984650f645f:H1:d4c1266e88b0,H1,Maritimisation Shift,H1,signal:179396d65390cf9a89c72fda3f47755f1f05211e308793921a59e984650f645f,evidence:doi:10.1016/j.egyr.2026.109512,30178365958-1,renewable_energy,MARITIME,T,social_science_skill,community,techno-economic,,maritime_dominance,community,title,title,a049d91404835bc05cb9dc8328a0a28c85685b5d43efc65e632d853361017b8b,cumulative-db-semantic-v1,review_required,metadata_only_limitation
fragment:signal:17b0b840ca48fd3e24d922ce30a536e63e111751fa8cd66e193b91f61bb40d48:H3:96f29a96cdb4,H3,MARINE vs OCEANIC Differential Coverage,H3,signal:17b0b840ca48fd3e24d922ce30a536e63e111751fa8cd66e193b91f61bb40d48,evidence:doi:10.3389/fmars.2025.1618637,30178365958-1,blue_biotech,MARINE,M,sustainability_skill,sustainability,marine,,marine_ecological,sustainability,title+subject,title+subject,282a22b08e5da7c1dcfef38aa68f9320f15af40e5f46e700466ead64c2a48f91,cumulative-db-semantic-v1,review_required,metadata_only_limitation
fragment:signal:17bd6928ea30f037b1dd727aad2ff316da2955010f497ba3bff8d56e969f255b:H3:e22ec3992691,H3,MARINE vs OCEANIC Differential Coverage,H3,signal:17bd6928ea30f037b1dd727aad2ff316da2955010f497ba3bff8d56e969f255b,evidence:doi:10.31572/inotera.vol11.iss1.2026.id678,30178365958-1,coastal_tourism,OCEANIC,O,governance_skill,governance,marine,,marine_ecological,governance,title+subject,title+subject,9ecb6eac47206234fc97d5b843f75af5901e57811fe52fec96779619a1d2368b,cumulative-db-semantic-v1,auto_accepted,metadata_only_limitation
fragment:signal:17d24140782c46ef554ee1f066bc8d29aa9e8c6cfe1a5e1adb7ffa0977e56d53:H3:32c84c8032d9,H3,MARINE vs OCEANIC Differential Coverage,H3,signal:17d24140782c46ef554ee1f066bc8d29aa9e8c6cfe1a5e1adb7ffa0977e56d53,evidence:doi:10.1038/s44458-026-00117-8,30178365958-1,living_res,MARINE,M,learning_outcome_signal,ects,marine,,marine_ecological,ects,title+subject,title+subject,9e7249032b31e147430941b61725cc2746a0b74e8e9b716a5c445bd163324994,cumulative-db-semantic-v1,review_required,metadata_only_limitation
fragment:signal:17ec149f0c4939c7a11112e38618594ba5570ff5e521fa75d386f4b791436575:H3:8a056cb77110,H3,MARINE vs OCEANIC Differential Coverage,H3,signal:17ec149f0c4939c7a11112e38618594ba5570ff5e521fa75d386f4b791436575,evidence:doi:10.70730/tureview.v29i1.241484,30178365958-1,coastal_tourism,OCEANIC,O,social_science_skill,community,marine,,marine_ecological,community,title+subject,title+subject,1c37f269e9886ff40b130726003cf0362faf755aa94a2910d81e343ac26e98ae,cumulative-db-semantic-v1,review_required,metadata_only_limitation
fragment:signal:17f7fc5cbd28dc2c49215c379840a88d3834ca14215f9982d73f3dda14b66886:H3:14686874f513,H3,MARINE vs OCEANIC Differential Coverage,H3,signal:17f7fc5cbd28dc2c49215c379840a88d3834ca14215f9982d73f3dda14b66886,evidence:doi:10.1007/s40152-025-00416-1,30178365958-1,non_living_res,MARINE,M,policy_regulation_skill,law,marine,,marine_ecological,law,title+subject,title+subject,4e00102387ef732bff7a1306958c0b518a38ed1bd653f8bef68c1ffea90ac62d,cumulative-db-semantic-v1,review_required,metadata_only_limitation
fragment:signal:18101770d8af81fdbb2bab7cc50690dbcfb001684b2194e535fa36d621416685:H3:eac953228f53,H3,MARINE vs OCEANIC Differential Coverage,H3,signal:18101770d8af81fdbb2bab7cc50690dbcfb001684b2194e535fa36d621416685,evidence:doi:10.51415/10321/4878,30178365958-1,non_living_res,MARINE,M,technical_skill,engineering,marine,,marine_ecological,engineering,title+subject,title+subject,8540e3f12d3a0fc6c04d373e5d2fbd5e63e891c5060a7aab378be6f8a33f84a8,cumulative-db-semantic-v1,review_required,metadata_only_limitation
fragment:signal:18393cdaff299de513acec893b6103da79e4f14cb37f2c2e98a128ad315e89a4:H3:acc03b9ed22b,H3,MARINE vs OCEANIC Differential Coverage,H3,signal:18393cdaff299de513acec893b6103da79e4f14cb37f2c2e98a128ad315e89a4,evidence:doi:10.3389/focsu.2025.1743635,30178365958-1,living_res,MARINE,M,safety_risk_skill,risk,marine,,marine_ecological,risk,title+subject,title+subject,d13fcd824e666eef614befcf9362d3b6ab294ed5a494a106f421fdb1c0f74937,cumulative-db-semantic-v1,review_required,metadata_only_limitation
fragment:signal:18678e708aba4fda04eb490924dcc014a701329c64e56d3376c290a51bcb524b:H3:c50cb48a9f16,H3,MARINE vs OCEANIC Differential Coverage,H3,signal:18678e708aba4fda04eb490924dcc014a701329c64e56d3376c290a51bcb524b,evidence:doi:10.3289/eurosea_d1.9,30178365958-1,non_living_res,MARINE,M,safety_risk_skill,safety,marine,,marine_ecological,safety,title+subject,title+subject,721643598471dbb70adb671b5929d1bfa0e378093ea7c299db037fc2d9cf031a,cumulative-db-semantic-v1,review_required,metadata_only_limitation
fragment:signal:186d80c0c8ee446597e3e6ef2693a6524cdaa7ddcab80884f0178858a9485931:H3:10461b55d3b4,H3,MARINE vs OCEANIC Differential Coverage,H3,signal:186d80c0c8ee446597e3e6ef2693a6524cdaa7ddcab80884f0178858a9485931,evidence:doi:10.3390/jmse13122322,30178365958-1,living_res,MARINE,M,digital_skill,digital,marine,,marine_ecological,digital,title+subject,title+subject,347908220f5565f975612c25269b2f39e047c556ee281b49a08ee49735f4ea8e,cumulative-db-semantic-v1,review_required,metadata_only_limitation
fragment:signal:18e8aa8522a4a2a799cbefab0ad8d3bcdb257cf8e2faca919cdd02cf3394d3c9:H3:9a50f64ea22c,H3,MARINE vs OCEANIC Differential Coverage,H3,signal:18e8aa8522a4a2a799cbefab0ad8d3bcdb257cf8e2faca919cdd02cf3394d3c9,evidence:doi:10.3390/w18141772,30178365958-1,r_i,OCEANIC,O,digital_skill,digital,ecological,,marine_ecological,digital,title+subject,title+subject,7667dac88460fd0e68849be438d29fc0f26076f319d3231a6a3df8349ff4ce8d,cumulative-db-semantic-v1,review_required,metadata_only_limitation
fragment:signal:18f3a2dcfe9fd8c6c2d095121ac565480854f9dcd10ca0a1eac447790d1642d2:H3:a4149f76bf3b,H3,MARINE vs OCEANIC Differential Coverage,H3,signal:18f3a2dcfe9fd8c6c2d095121ac565480854f9dcd10ca0a1eac447790d1642d2,evidence:doi:10.3389/fmars.2025.1577490,30178365958-1,blue_biotech,OCEANIC,O,sustainability_skill,adaptation,marine,,marine_ecological,adaptation,title+subject,title+subject,328b72e3efa3db19d2b6bf189594c6495056514d3847e93853012c6eca0e611b,cumulative-db-semantic-v1,auto_accepted,metadata_only_limitation
fragment:signal:190a6d26f3f344a7e272904be84edf28e111a59bb1c1c177d365e87d49b12eb8:H3:bd3f9bcf04db,H3,MARINE vs OCEANIC Differential Coverage,H3,signal:190a6d26f3f344a7e272904be84edf28e111a59bb1c1c177d365e87d49b12eb8,evidence:doi:10.1007/s43621-024-00551-5,30178365958-1,non_living_res,MARINE,M,policy_regulation_skill,law,marine,,marine_ecological,law,title+subject,title+subject,a68317ac63b6d40eff125fc7d225188ffe899b3d04d868acc85c50e9d57941b7,cumulative-db-semantic-v1,review_required,metadata_only_limitation
fragment:signal:1921c62201a807f1effba564bb35ef247a0b2e365003bf1f19a5adfa8ac6f8ad:H3:dde837b65fd2,H3,MARINE vs OCEANIC Differential Coverage,H3,signal:1921c62201a807f1effba564bb35ef247a0b2e365003bf1f19a5adfa8ac6f8ad,evidence:doi:10.1017/9781047759649,30178365958-1,non_living_res,OCEANIC,O,governance_skill,governance,marine,,marine_ecological,governance,title+subject,title+subject,280e7b94b53752c68a3699fe217e083ad5131a3fbd23c5c58fd4bc644cc043e7,cumulative-db-semantic-v1,review_required,metadata_only_limitation
fragment:signal:194558d88e960613951e7e0345d6ae088968170b63899854d5590ec3791cd941:H3:4878fee4d2ef,H3,MARINE vs OCEANIC Differential Coverage,H3,signal:194558d88e960613951e7e0345d6ae088968170b63899854d5590ec3791cd941,evidence:doi:10.3389/fmars.2026.1812898,30178365958-1,non_living_res,MARINE,M,sustainability_skill,sustainability,marine,,marine_ecological,sustainability,title+subject,title+subject,134b7fa0653152b8ef9059d1b57daa0f475bc024d2e3da5197cac00eca619178,cumulative-db-semantic-v1,auto_accepted,metadata_only_limitation
fragment:signal:19c441f7051edbba71172a6fa934aef16da6e43526f8c920d0b3d53db2dfadf7:H3:1dbd3c8eb661,H3,MARINE vs OCEANIC Differential Coverage,H3,signal:19c441f7051edbba71172a6fa934aef16da6e43526f8c920d0b3d53db2dfadf7,evidence:doi:10.1007/s44279-025-00228-1,30178365958-1,blue_biotech,OCEANIC,O,social_science_skill,sociology,ecological,,marine_ecological,sociology,title+subject,title+subject,2ad3426c2cead0356a36cf6e2541d358afca5b041d06d2fd70b5f481988e808f,cumulative-db-semantic-v1,review_required,metadata_only_limitation
fragment:signal:1a278d96611c96436c7e4a53f07f61a839996ee79d21153a855e772ec40fb2ea:H3:487edac21118,H3,MARINE vs OCEANIC Differential Coverage,H3,signal:1a278d96611c96436c7e4a53f07f61a839996ee79d21153a855e772ec40fb2ea,evidence:doi:10.20944/preprints202509.2173.v1,30178365958-1,blue_biotech,OCEANIC,O,sustainability_skill,sustainability,planetary,,oceanic_planetary,sustainability,title+subject,title+subject,38384bd254989200baf294cfbe8f450a84d416c620d791ed0b25c714feee8277,cumulative-db-semantic-v1,review_required,metadata_only_limitation
fragment:signal:1a98ec2cd6535ab3024339e8469e87bca1483fb98cda344a1be2f315275566ff:H3:94594ef58b78,H3,MARINE vs OCEANIC Differential Coverage,H3,signal:1a98ec2cd6535ab3024339e8469e87bca1483fb98cda344a1be2f315275566ff,evidence:doi:10.56578/ijei090312,30178365958-1,coastal_tourism,OCEANIC,O,sustainability_skill,sustainability,marine,,marine_ecological,sustainability,title+subject,title+subject,6cd9422b4e1cd4c32f31aed9a0a16b9d69f71951165c84763b6fd53d28daac2b,cumulative-db-semantic-v1,auto_accepted,metadata_only_limitation
fragment:signal:1a9af9391660f8e38de8841c182b904536d73f5ff802a7ca81660538c22ea7cd:H3:99ac204be9e8,H3,MARINE vs OCEANIC Differential Coverage,H3,signal:1a9af9391660f8e38de8841c182b904536d73f5ff802a7ca81660538c22ea7cd,evidence:doi:10.1016/j.marpolbul.2026.119957,30178365958-1,coastal_tourism,OCEANIC,O,safety_risk_skill,risk,ecological,,marine_ecological,risk,title,title,f9b79033cf4ad95056a8258901576bca8476587c2a1f128b58d23425c509f79d,cumulative-db-semantic-v1,review_required,metadata_only_limitation
fragment:signal:1ac50519e9c018979b488ec26bfeb380082fcc9541a1c22a953bc3517e430427:H3:d2e575edce88,H3,MARINE vs OCEANIC Differential Coverage,H3,signal:1ac50519e9c018979b488ec26bfeb380082fcc9541a1c22a953bc3517e430427,evidence:doi:10.1038/s44454-026-00046-0,30178365958-1,living_res,MARINE,M,learning_outcome_signal,ects,marine,,marine_ecological,ects,title+subject,title+subject,e2f2ad3bd8ae3cd062e2dae0574d1a6d06860d1ed2e33bcfc59df7439fc5f0a7,cumulative-db-semantic-v1,review_required,metadata_only_limitation
fragment:signal:1ae0b0bc0a9e28b80765ec2583041ad4840ebc541bec6776799789e2a5f5d5b8:H3:c70174d6881f,H3,MARINE vs OCEANIC Differential Coverage,H3,signal:1ae0b0bc0a9e28b80765ec2583041ad4840ebc541bec6776799789e2a5f5d5b8,evidence:doi:10.54660/.ijmrge.2026.7.3.718-731,30178365958-1,blue_biotech,MARINE,M,technical_skill,engineering,marine,,marine_ecological,engineering,title+subject,title+subject,a63e5d4d0ab14b77181c9ef49e2347bcc72b849fe29cc7e47468437e340ea8c3,cumulative-db-semantic-v1,review_required,metadata_only_limitation
fragment:signal:1ae45b1d771c4fd6f4bceb5c86da8d66f6cc2a21c8b436f7fe27bf7f3f997d21:H3:9919d64936d5,H3,MARINE vs OCEANIC Differential Coverage,H3,signal:1ae45b1d771c4fd6f4bceb5c86da8d66f6cc2a21c8b436f7fe27bf7f3f997d21,evidence:doi:10.11594/ijmaber.04.07.25,30178365958-1,non_living_res,MARINE,M,explicit_competence_demand,competence,marine,,marine_ecological,competence,title+subject,title+subject,4ffafc501f2fbe3828306342fa94d40b8a613d5fcd69f2a4560b154f283a6cad,cumulative-db-semantic-v1,auto_accepted,metadata_only_limitation
fragment:signal:1afff167a107ce26fa94429327e6943a294b9fdd344d07fa5815117217976d46:H3:ddb6f8f2970a,H3,MARINE vs OCEANIC Differential Coverage,H3,signal:1afff167a107ce26fa94429327e6943a294b9fdd344d07fa5815117217976d46,evidence:doi:10.33175/mtr.2026.287112,30178365958-1,coastal_tourism,OCEANIC,O,education_training_signal,training,marine,,marine_ecological,training,title+subject,title+subject,5a62a28e1381d1c9a40ff1546002b05e7219e2ea643a63b361df6111a7ac5172,cumulative-db-semantic-v1,review_required,metadata_only_limitation
fragment:signal:1b746565ab8d4d1298eba095a8bda1d4b5dd0f6d11aaf8ba822a6c8f107f89ca:H3:45266a320891,H3,MARINE vs OCEANIC Differential Coverage,H3,signal:1b746565ab8d4d1298eba095a8bda1d4b5dd0f6d11aaf8ba822a6c8f107f89ca,evidence:doi:10.35308/jpp.v12i1.13544,30178365958-1,living_res,OCEANIC,O,governance_skill,governance,marine,,marine_ecological,governance,title+subject,title+subject,e7358b76e783707c5e73e24ec79b8f749e94de3fc36af6b1f1042d2fc4ad1798,cumulative-db-semantic-v1,review_required,metadata_only_limitation
fragment:signal:1bc865a60cb27cd3f328c2cd57e3e17e5e00bd04bbbdb8ad75d2e7a6a70ab4de:H3:323b78788d48,H3,MARINE vs OCEANIC Differential Coverage,H3,signal:1bc865a60cb27cd3f328c2cd57e3e17e5e00bd04bbbdb8ad75d2e7a6a70ab4de,evidence:doi:10.1016/j.erss.2025.104367,30178365958-1,non_living_res,MARINE,M,sustainability_skill,sustainability,ecological,,marine_ecological,sustainability,title+subject,title+subject,d5ce0c15c0d8ef372f16a403595299206f3c5e8ab4a15ce78005852d8e208ab6,cumulative-db-semantic-v1,review_required,metadata_only_limitation
fragment:signal:1bcc475598872a426b89a1ed51c81d812940b36cb871cc096ef06f38c31c7803:H3:32eabc4956ec,H3,MARINE vs OCEANIC Differential Coverage,H3,signal:1bcc475598872a426b89a1ed51c81d812940b36cb871cc096ef06f38c31c7803,evidence:doi:10.46754/jml.2025.12.003,30178365958-1,non_living_res,MARINE,M,sustainability_skill,sustainability,marine,,marine_ecological,sustainability,title+subject,title+subject,5c54d98ef8b079de6ad60ee3ea1469afe3a6c895d3b72a708e714467c0771e82,cumulative-db-semantic-v1,auto_accepted,metadata_only_limitation
fragment:signal:1c02589b1d3c2c3b616eca0a18483d47c0e1cbc2222731ee3badb42e2b885bfd:H3:42ad4cdf1cea,H3,MARINE vs OCEANIC Differential Coverage,H3,signal:1c02589b1d3c2c3b616eca0a18483d47c0e1cbc2222731ee3badb42e2b885bfd,evidence:doi:10.3390/w15203689,30178365958-1,living_res,MARINE,M,sustainability_skill,sustainable,marine,,marine_ecological,sustainable,title,title,f8d59ba53155315aa7b30e9a33815a114d23602add1b6a911ebfb647e1c8c85b,cumulative-db-semantic-v1,review_required,metadata_only_limitation
fragment:signal:1c294ccb59b2245692db1eee3b07176af41ae2a001a57906e9d8956e5c628f50:H3:7dd4c0e09136,H3,MARINE vs OCEANIC Differential Coverage,H3,signal:1c294ccb59b2245692db1eee3b07176af41ae2a001a57906e9d8956e5c628f50,evidence:doi:10.2903/sp.efsa.2024.en-9058,30178365958-1,non_living_res,MARINE,M,safety_risk_skill,safety,marine,,marine_ecological,safety,title+subject,title+subject,44b446d8ce79b11fc7f97ccfb3db3189dc67f2fe71c4013dec9b54f726292c56,cumulative-db-semantic-v1,auto_accepted,metadata_only_limitation
fragment:signal:1c3221482952b0160b719257ddbe00bd3f351de5ec0ae839029cd7a13903f662:H3:b1489c0ae50d,H3,MARINE vs OCEANIC Differential Coverage,H3,signal:1c3221482952b0160b719257ddbe00bd3f351de5ec0ae839029cd7a13903f662,evidence:doi:10.5281/zenodo.21426403,30178365958-1,living_res,MARINE,M,policy_regulation_skill,law,marine,,marine_ecological,law,title+subject,title+subject,0069097d8890f49a9a84fa16579d96c89f81c3411cd670ee6c36e0d451d7fc26,cumulative-db-semantic-v1,review_required,metadata_only_limitation
fragment:signal:1c8e7a2bd0ae01c4a5256d1dec2ddce4fbf98e93136a04fd1786236795c57acf:H3:5d769436e230,H3,MARINE vs OCEANIC Differential Coverage,H3,signal:1c8e7a2bd0ae01c4a5256d1dec2ddce4fbf98e93136a04fd1786236795c57acf,evidence:doi:10.62311/nesx/rp5-30032026,30178365958-1,r_i,OCEANIC,O,governance_skill,governance,planetary,,oceanic_planetary,governance,title+subject,title+subject,f2524f5ea8bf0de3e6f1e055e992ae3f417a2bc0a9890fab8041813b595fc56f,cumulative-db-semantic-v1,review_required,metadata_only_limitation
fragment:signal:1cbe773a1fa9ea730b946e20972cfd5b6f93a05332ade8cd6fc8aee2b217113a:H3:97c170bc8f35,H3,MARINE vs OCEANIC Differential Coverage,H3,signal:1cbe773a1fa9ea730b946e20972cfd5b6f93a05332ade8cd6fc8aee2b217113a,evidence:doi:10.1007/s40152-026-00495-8,30178365958-1,living_res,MARINE,M,social_science_skill,social science,marine,,marine_ecological,social science,title+subject,title+subject,88d1294920f9c976b29eacacbb42038ddcb62b2876843fd9fc4f0328b62fd3a6,cumulative-db-semantic-v1,review_required,metadata_only_limitation
fragment:signal:1cefbaececc04584d1377964ca0c731c3251bd843967a5d72a9185dcff288a4a:H3:21e03ec28d57,H3,MARINE vs OCEANIC Differential Coverage,H3,signal:1cefbaececc04584d1377964ca0c731c3251bd843967a5d72a9185dcff288a4a,evidence:doi:10.55942/jebl.v6i1.850,30178365958-1,living_res,MARINE,M,sustainability_skill,sustainability,marine,,marine_ecological,sustainability,title+subject,title+subject,d51ad2c8921974c2422fa7aea216d0c8c347d09ec942286c3fcda7ed9c2673c1,cumulative-db-semantic-v1,review_required,metadata_only_limitation
fragment:signal:1d15fc1f75dd68265bc0dd225c581352938aff850398673f292968699e346340:H3:d302520e8a11,H3,MARINE vs OCEANIC Differential Coverage,H3,signal:1d15fc1f75dd68265bc0dd225c581352938aff850398673f292968699e346340,evidence:doi:10.1016/j.envsoft.2026.107044,30178365958-1,non_living_res,MARINE,M,learning_outcome_signal,ects,marine,,marine_ecological,ects,title+subject,title+subject,bf0257872a99275ddfadaefa783d5309da84ce4c46bd673d3389596e014987b6,cumulative-db-semantic-v1,review_required,metadata_only_limitation
fragment:signal:1d2bbea27c4f12d353feb37f14525a2e631428ddde6015ea91c627d002a0c695:H3:b6c9782bcccd,H3,MARINE vs OCEANIC Differential Coverage,H3,signal:1d2bbea27c4f12d353feb37f14525a2e631428ddde6015ea91c627d002a0c695,evidence:doi:10.2989/1814232x.2023.2203186,30178365958-1,living_res,MARINE,M,governance_skill,governance,marine,,marine_ecological,governance,title,title,edb9ecf29c9c320344a15718dc1cdabec48170795867628be99d144f1b0176cf,cumulative-db-semantic-v1,review_required,metadata_only_limitation
fragment:signal:1d58822858326c2a4a11deb9071a32879bf07c50de35665c97a87c7cf329fe88:H3:a3a8c36658db,H3,MARINE vs OCEANIC Differential Coverage,H3,signal:1d58822858326c2a4a11deb9071a32879bf07c50de35665c97a87c7cf329fe88,evidence:doi:10.1016/j.marpolbul.2026.119990,30178365958-1,coastal_tourism,OCEANIC,O,safety_risk_skill,risk,ecological,,marine_ecological,risk,title,title,1e635d77f9d079468d75c5bdc80cbcdeda58ce33004871e9251999ec6f6cd942,cumulative-db-semantic-v1,review_required,metadata_only_limitation
fragment:signal:1d6f88d5b71c590dde8faed82d67247139dd0fcf6c93af912b92b2c893929f08:H3:754440ab05fa,H3,MARINE vs OCEANIC Differential Coverage,H3,signal:1d6f88d5b71c590dde8faed82d67247139dd0fcf6c93af912b92b2c893929f08,evidence:doi:10.1038/s44183-026-00200-6,30178365958-1,blue_biotech,OCEANIC,O,policy_regulation_skill,law,marine,,marine_ecological,law,title+subject,title+subject,b9126bb4ca08a32e483fab844c4e563e7c690de8554e48b5a8ce859dcd9d9434,cumulative-db-semantic-v1,review_required,metadata_only_limitation
fragment:signal:1d74dabc2cf5c2f2e6cf7604bbf90b7c5dee2e378ed778a64a751a470ebff510:H3:816f9c056bcb,H3,MARINE vs OCEANIC Differential Coverage,H3,signal:1d74dabc2cf5c2f2e6cf7604bbf90b7c5dee2e378ed778a64a751a470ebff510,evidence:doi:10.1051/e3sconf/202234800003,30178365958-1,living_res,MARINE,M,sustainability_skill,sustainable,marine,,marine_ecological,sustainable,title,title,1a411af5d9024e217fbec33da2e535e983c52d030955d5fedc25c8eef66842e0,cumulative-db-semantic-v1,review_required,metadata_only_limitation
fragment:signal:1de10abf462262132be85ce667033bb0a0e5abd1075d3b28e46b7734323d46ac:H3:6ba8c14f9ae7,H3,MARINE vs OCEANIC Differential Coverage,H3,signal:1de10abf462262132be85ce667033bb0a0e5abd1075d3b28e46b7734323d46ac,evidence:doi:10.5380/dma.v58i0.75245,30178365958-1,living_res,MARINE,M,governance_skill,institutional,marine,,marine_ecological,institutional,title,title,fd4a6d983f5497a743dd03e75dfb773cfd7ef482e967a5face5ebaf4732ce03b,cumulative-db-semantic-v1,review_required,metadata_only_limitation
fragment:signal:1deee48f3acb8539837d637748eced7e800f1978d8a2d4431d71bc8689fa1828:H3:283e7fb775bf,H3,MARINE vs OCEANIC Differential Coverage,H3,signal:1deee48f3acb8539837d637748eced7e800f1978d8a2d4431d71bc8689fa1828,evidence:doi:10.46830/wriwp.22.00157,30178365958-1,non_living_res,MARINE,M,governance_skill,policy,marine,,marine_ecological,policy,title+subject,title+subject,ebe4c0664804e499991f9b90e874090a54d5eea734a6dba820000a56ac305e68,cumulative-db-semantic-v1,review_required,metadata_only_limitation
fragment:signal:1dfdc3b4a8b70f54cdcfb9afe5612f9bc49e7c2f4dd846a1f5a73f836c4044c9:H3:833a9b389cca,H3,MARINE vs OCEANIC Differential Coverage,H3,signal:1dfdc3b4a8b70f54cdcfb9afe5612f9bc49e7c2f4dd846a1f5a73f836c4044c9,evidence:doi:10.25077/josi.v25.n1.p133-151.2026,30178365958-1,living_res,MARINE,M,sustainability_skill,sustainability,marine,,marine_ecological,sustainability,title+subject,title+subject,7f6ebcc53f6752abc9444534d5ceaf2f8ae70b54b4c46418aadb6800ac92171f,cumulative-db-semantic-v1,review_required,metadata_only_limitation
fragment:signal:1e1c788c0f25612c22a13e21e9cf432e965143f06f39cd13513d60f49fc0c4f5:H3:944f7c6dc9c2,H3,MARINE vs OCEANIC Differential Coverage,H3,signal:1e1c788c0f25612c22a13e21e9cf432e965143f06f39cd13513d60f49fc0c4f5,evidence:doi:10.63721/25jsea0105,30178365958-1,blue_biotech,MARINE,M,sustainability_skill,sustainability,ecological,,marine_ecological,sustainability,title+subject,title+subject,b63db55b69acc4c5ccebbd549ac9930dcb210e2581d6cb29fffc8a42ad4ae64f,cumulative-db-semantic-v1,review_required,metadata_only_limitation
fragment:signal:1e210f05f7bb00b7212c76db98df1cc303fecf4a4bd8aafb4f468566174ae7f6:H3:5b4e5495c630,H3,MARINE vs OCEANIC Differential Coverage,H3,signal:1e210f05f7bb00b7212c76db98df1cc303fecf4a4bd8aafb4f468566174ae7f6,evidence:doi:10.1007/s00267-026-02515-z,30178365958-1,coastal_tourism,OCEANIC,O,governance_skill,governance,marine,,marine_ecological,governance,title+subject,title+subject,e834dac87ed1b8be580f602cad5f61bc778e2c1ba7972f51549877a70aa9b00a,cumulative-db-semantic-v1,review_required,metadata_only_limitation
fragment:signal:1e968084362db1a5a6d4115ea02e1d5ab44e91a8ce6a59adbf17df73dad7bf24:H3:9653156a463d,H3,MARINE vs OCEANIC Differential Coverage,H3,signal:1e968084362db1a5a6d4115ea02e1d5ab44e91a8ce6a59adbf17df73dad7bf24,evidence:doi:10.1016/j.susgeo.2026.100013,30178365958-1,port_activities,OCEANIC,O,governance_skill,policy,ecological,,marine_ecological,policy,title,title,5bc0fde08cd79e4e71cdae314362e90c285a801b15f6b9cec37525f285ed9cc7,cumulative-db-semantic-v1,review_required,metadata_only_limitation
fragment:signal:1e9a45c794065b392f33887d63a481077269a9cb244d349182f0ce74b6e40a22:H3:2eb3f23e663a,H3,MARINE vs OCEANIC Differential Coverage,H3,signal:1e9a45c794065b392f33887d63a481077269a9cb244d349182f0ce74b6e40a22,evidence:doi:10.24294/jipd0006,30178365958-1,maritime_defence,OCEANIC,O,governance_skill,governance,marine,,marine_ecological,governance,title+subject,title+subject,1d442de40c89c266937de1552de8ab9cca3e1aed153212ef4c2328e5e360f0dc,cumulative-db-semantic-v1,review_required,metadata_only_limitation
fragment:signal:1ecc11a829955e9fd03007b172a708d858a719612864860e7b767773932c8043:H3:0fa797bc7c94,H3,MARINE vs OCEANIC Differential Coverage,H3,signal:1ecc11a829955e9fd03007b172a708d858a719612864860e7b767773932c8043,evidence:doi:10.3390/su18010002,30178365958-1,r_i,OCEANIC,O,safety_risk_skill,safety,marine,,marine_ecological,safety,title+subject,title+subject,e276e8bffe65cfae9b1841f756ed2105f47bfa87e00296ca0635359ee86548c4,cumulative-db-semantic-v1,review_required,metadata_only_limitation
fragment:signal:1ef68f0c8637b0340aa85529ee090ffb775f22f2ef237619651a01475e0ce1ad:H3:72ba60826c4d,H3,MARINE vs OCEANIC Differential Coverage,H3,signal:1ef68f0c8637b0340aa85529ee090ffb775f22f2ef237619651a01475e0ce1ad,evidence:doi:10.1057/s41599-026-07727-6,30178365958-1,non_living_res,MARINE,M,safety_risk_skill,risk,planetary,,oceanic_planetary,risk,title+subject,title+subject,745fdcd5797dc7ba0ea64f730fba88009edf036154368c3af0c4b235c896eb3a,cumulative-db-semantic-v1,review_required,metadata_only_limitation
fragment:signal:1ef9dbbac4a105e378dd6b02b83c10edaddcd1797e8340440ec7695e4acb62e2:H3:1367d6d53680,H3,MARINE vs OCEANIC Differential Coverage,H3,signal:1ef9dbbac4a105e378dd6b02b83c10edaddcd1797e8340440ec7695e4acb62e2,evidence:doi:10.1007/s44312-026-00072-x,30178365958-1,coastal_tourism,OCEANIC,O,governance_skill,governance,marine,,marine_ecological,governance,title+subject,title+subject,7f6af4d277527d5f1e3c02042aa1b1e4c557e3fa40640e571e0852a6d7d2246e,cumulative-db-semantic-v1,review_required,metadata_only_limitation
fragment:signal:1f81579c98d9451d268cdb14d79cb8a815adfc96d0d4afcc49ba563c00090093:H1:7d7e91d33315,H1,Maritimisation Shift,H1,signal:1f81579c98d9451d268cdb14d79cb8a815adfc96d0d4afcc49ba563c00090093,evidence:doi:10.1016/j.marenvres.2026.108282,30178365958-1,living_res,OCEANIC,O,digital_skill,ai,oceanic,,oceanic_governance,ai,title,title,e9e53291a6531167178ac40ba9df73abfc4b53f3de3adc070dc089127758a84a,cumulative-db-semantic-v1,review_required,metadata_only_limitation
fragment:signal:1f81579c98d9451d268cdb14d79cb8a815adfc96d0d4afcc49ba563c00090093:H3:72c1a99b43c3,H3,MARINE vs OCEANIC Differential Coverage,H3,signal:1f81579c98d9451d268cdb14d79cb8a815adfc96d0d4afcc49ba563c00090093,evidence:doi:10.1016/j.marenvres.2026.108282,30178365958-1,living_res,OCEANIC,O,digital_skill,ai,oceanic,,oceanic_planetary,ai,title,title,e9e53291a6531167178ac40ba9df73abfc4b53f3de3adc070dc089127758a84a,cumulative-db-semantic-v1,review_required,metadata_only_limitation
fragment:signal:1fcd89c7e878bfebdf1907c4928cfe653c1d926f21550535a7ab2fbe5857c842:H3:3ed60686d5dc,H3,MARINE vs OCEANIC Differential Coverage,H3,signal:1fcd89c7e878bfebdf1907c4928cfe653c1d926f21550535a7ab2fbe5857c842,evidence:doi:10.35800/jip.v14i2.68304,30178365958-1,living_res,MARINE,M,sustainability_skill,sustainability,marine,,marine_ecological,sustainability,title+subject,title+subject,9a4fa7aac63b3e57ed8d1a44a985053ada2b522ca9b1d3971e8bebe0ad324bf3,cumulative-db-semantic-v1,review_required,metadata_only_limitation
fragment:signal:20073de286ca68fb280b01d939e0af19c640520a47b99d59fc2f289aef00552f:H3:4c3d540e6452,H3,MARINE vs OCEANIC Differential Coverage,H3,signal:20073de286ca68fb280b01d939e0af19c640520a47b99d59fc2f289aef00552f,evidence:doi:10.1016/j.ocecoaman.2020.105207,30178365958-1,blue_biotech,MARINE,M,policy_regulation_skill,regulatory,marine,,marine_ecological,regulatory,title,title,9df72628a16919367f28cddcb4f49e9e9ffed9477943b499973bf8e20741bf51,cumulative-db-semantic-v1,review_required,metadata_only_limitation
fragment:signal:203946d08beed9c8c93bfc8cf4d95ab0ca1393aa01637d11392732dae6361dd9:H3:bf4b4307c649,H3,MARINE vs OCEANIC Differential Coverage,H3,signal:203946d08beed9c8c93bfc8cf4d95ab0ca1393aa01637d11392732dae6361dd9,evidence:doi:10.1007/978-3-032-14477-5_12,30178365958-1,non_living_res,OCEANIC,O,social_science_skill,literacy,marine,,marine_ecological,literacy,title+subject,title+subject,d5f9d01e76719d2d40ffd9778b816e3d59ca703cf9d2517d5e5f89ab03084564,cumulative-db-semantic-v1,auto_accepted,metadata_only_limitation
fragment:signal:207254b3405e27d2f49a1774c4e074cb780d3919abfbe2995c8e3839d141d587:H3:2e0065b07153,H3,MARINE vs OCEANIC Differential Coverage,H3,signal:207254b3405e27d2f49a1774c4e074cb780d3919abfbe2995c8e3839d141d587,evidence:doi:10.3390/jrfm19050335,30178365958-1,living_res,MARINE,M,governance_skill,governance,marine,,marine_ecological,governance,title+subject,title+subject,59047c4b306dab33deb9e1797bc0313804e34a83dc8a3117d5cf70d7b7a8ffd4,cumulative-db-semantic-v1,review_required,metadata_only_limitation
fragment:signal:2091c90decce23149daf4a277e33fb3e32f4d94a078dae39738427aad08026b0:H3:f2cb8fcea26d,H3,MARINE vs OCEANIC Differential Coverage,H3,signal:2091c90decce23149daf4a277e33fb3e32f4d94a078dae39738427aad08026b0,evidence:doi:10.21203/rs.3.rs-4294060/v1,30178365958-1,non_living_res,MARINE,M,sustainability_skill,sustainability,marine,,marine_ecological,sustainability,title+subject,title+subject,da15d044d28f7d9b99c78123945fab70f18c3ad082c9ebb8b6356e112c896db4,cumulative-db-semantic-v1,review_required,metadata_only_limitation
fragment:signal:20d10b0309637e24cc92267b54e62d6714de631d702dfef37278eb272fe0eb29:H3:02c5467554d9,H3,MARINE vs OCEANIC Differential Coverage,H3,signal:20d10b0309637e24cc92267b54e62d6714de631d702dfef37278eb272fe0eb29,evidence:doi:10.21203/rs.3.rs-9946912/v1,30178365958-1,non_living_res,MARINE,M,governance_skill,governance,marine,,marine_ecological,governance,title+subject,title+subject,c7b368e14a0b76d2c7a96b115a5e5027d75fb0b15d859ba7ceee81ed247a0043,cumulative-db-semantic-v1,review_required,metadata_only_limitation
fragment:signal:210629d1b365ce8af3b82eafc0281def0d343a30125036700819d89b9a23ce97:H3:dc77be2d36c1,H3,MARINE vs OCEANIC Differential Coverage,H3,signal:210629d1b365ce8af3b82eafc0281def0d343a30125036700819d89b9a23ce97,evidence:doi:10.3389/fmars.2025.1615329,30178365958-1,non_living_res,MARINE,M,governance_skill,governance,marine,,marine_ecological,governance,title+subject,title+subject,c06a2ba6aaee1b6f4ea0fc73731bd624ce9d835eed6403cab2efbd1fa144859b,cumulative-db-semantic-v1,auto_accepted,metadata_only_limitation
fragment:signal:2115d42520c79ae4a9c1b2752ff696bdd1fd97f354f0321c0ae6d0db6fac1c86:H3:a8a61321f132,H3,MARINE vs OCEANIC Differential Coverage,H3,signal:2115d42520c79ae4a9c1b2752ff696bdd1fd97f354f0321c0ae6d0db6fac1c86,evidence:doi:10.1080/00358533.2026.2641025,30178365958-1,non_living_res,MARINE,M,policy_regulation_skill,law,marine,,marine_ecological,law,title+subject,title+subject,a68ee47b034bdc077c5f06ff1203eedcce622025f9348da7411ac1654795ef76,cumulative-db-semantic-v1,review_required,metadata_only_limitation
fragment:signal:214aff77e1574750dd592e5fd5fa012071f339597b44a9075496dac18dcd3909:H3:068109fab0de,H3,MARINE vs OCEANIC Differential Coverage,H3,signal:214aff77e1574750dd592e5fd5fa012071f339597b44a9075496dac18dcd3909,evidence:doi:10.3390/su12020611,30178365958-1,coastal_tourism,OCEANIC,O,governance_skill,governance,marine,,marine_ecological,governance,title+subject,title+subject,4aae6fca625a9a7ea82f03913a1885f8e23d800ee2dfa1da5eea579dfc702ebd,cumulative-db-semantic-v1,review_required,metadata_only_limitation
fragment:signal:21805434e6425475ed948bba9cf2bd8b01f04fa240d12cb5eaeabcff71ccb25f:H3:d83dde541a1f,H3,MARINE vs OCEANIC Differential Coverage,H3,signal:21805434e6425475ed948bba9cf2bd8b01f04fa240d12cb5eaeabcff71ccb25f,evidence:doi:10.52214/cblr.v2026i1.14954,30178365958-1,living_res,MARINE,M,policy_regulation_skill,legal,marine,,marine_ecological,legal,title+subject,title+subject,04780551a1379c50d69be9a395baad50e108664dabe7a63506e784892690cc2e,cumulative-db-semantic-v1,review_required,metadata_only_limitation
fragment:signal:218a8c3c70cd3174e76a4640ebd5cac879b3b9d829f66472f96cabdd432fd888:H3:0bf265071d0b,H3,MARINE vs OCEANIC Differential Coverage,H3,signal:218a8c3c70cd3174e76a4640ebd5cac879b3b9d829f66472f96cabdd432fd888,evidence:doi:10.3390/su17020587,30178365958-1,living_res,OCEANIC,O,social_science_skill,sociology,marine,,marine_ecological,sociology,title+subject,title+subject,5da6ec9ca8cef73bc25a060e892e115e1e2ef10e6f6f7dbf3d0dabf519eddba4,cumulative-db-semantic-v1,review_required,metadata_only_limitation
fragment:signal:21981be12f9c038a7cb2b6d008bc00e1499ac5b67991c64e1a234eb4b17ddb9b:H3:d9bbcd40f9d7,H3,MARINE vs OCEANIC Differential Coverage,H3,signal:21981be12f9c038a7cb2b6d008bc00e1499ac5b67991c64e1a234eb4b17ddb9b,evidence:doi:10.1038/s44183-026-00208-y,30178365958-1,coastal_tourism,OCEANIC,O,governance_skill,governance,marine,,marine_ecological,governance,title+subject,title+subject,366ae78ae791d8c4c92551f2183ff383bd39138e38a4a426607606d0999c8be2,cumulative-db-semantic-v1,auto_accepted,metadata_only_limitation
fragment:signal:21a1603e987ae51f6a2da69b0febbab43bdfce6453d2b288518f3a57fc0e0ca2:H3:ec0c4daae8e4,H3,MARINE vs OCEANIC Differential Coverage,H3,signal:21a1603e987ae51f6a2da69b0febbab43bdfce6453d2b288518f3a57fc0e0ca2,evidence:doi:10.62311/nesx/rp5-30032026,30178365958-1,r_i,OCEANIC,O,safety_risk_skill,risk,planetary,,oceanic_planetary,risk,title+subject,title+subject,f2524f5ea8bf0de3e6f1e055e992ae3f417a2bc0a9890fab8041813b595fc56f,cumulative-db-semantic-v1,review_required,metadata_only_limitation
fragment:signal:21db0a5465a78960afca36483ae05a5a71ae5626afbca6815c4de070a211ec06:H1:2dd5710a6dc1,H1,Maritimisation Shift,H1,signal:21db0a5465a78960afca36483ae05a5a71ae5626afbca6815c4de070a211ec06,evidence:doi:10.35718/ismatech.v3i2.8481886,30178365958-1,ship_repair,MARITIME,T,education_training_signal,training,maritime infrastructure,,maritime_dominance,training,title+subject,title+subject,a0cc6968ebfb1447980282d3bcadbe11aa11849ac70f58fca27a0522da9e801a,cumulative-db-semantic-v1,auto_accepted,metadata_only_limitation
fragment:signal:21ef8f76be391f494df0174c8c16743a24ebf9633fd1a8b18e9631380c0e8f6e:H3:ce80b825fe84,H3,MARINE vs OCEANIC Differential Coverage,H3,signal:21ef8f76be391f494df0174c8c16743a24ebf9633fd1a8b18e9631380c0e8f6e,evidence:doi:10.5281/zenodo.14361191,30178365958-1,blue_biotech,OCEANIC,O,sustainability_skill,climate,marine,,marine_ecological,climate,title+subject,title+subject,25d5f06d31d033e224937bf324b0400a0cd09944d634b91b8fca3526334dbf57,cumulative-db-semantic-v1,review_required,metadata_only_limitation
fragment:signal:2218a61fcced1db2df285be52ceb61df9f042e8bc56416172c2e7f1801c45973:H3:d8b28dcb6bc1,H3,MARINE vs OCEANIC Differential Coverage,H3,signal:2218a61fcced1db2df285be52ceb61df9f042e8bc56416172c2e7f1801c45973,evidence:doi:10.1038/s44183-026-00200-6,30178365958-1,blue_biotech,OCEANIC,O,social_science_skill,social science,marine,,marine_ecological,social science,title+subject,title+subject,b9126bb4ca08a32e483fab844c4e563e7c690de8554e48b5a8ce859dcd9d9434,cumulative-db-semantic-v1,review_required,metadata_only_limitation
fragment:signal:2219606807721822c4b96d6e4986c20ac513d8a7b636222ed1f5b8d651d0cb93:H3:2357b68e1a9a,H3,MARINE vs OCEANIC Differential Coverage,H3,signal:2219606807721822c4b96d6e4986c20ac513d8a7b636222ed1f5b8d651d0cb93,evidence:doi:10.63544/jbii.v5i7.84,30178365958-1,coastal_tourism,OCEANIC,O,sustainability_skill,sustainability,marine,,marine_ecological,sustainability,title+subject,title+subject,af6475c793ea0c53fdb8debe6d8a79ae582951a3e4e92ede8fd3cf5cd2a2a55f,cumulative-db-semantic-v1,auto_accepted,metadata_only_limitation
fragment:signal:22644707ca2cd420f07bd71c2d5a3aaaa51fe6ca0d80b7e5234104d5fdd8ca41:H3:bf14d6cd450a,H3,MARINE vs OCEANIC Differential Coverage,H3,signal:22644707ca2cd420f07bd71c2d5a3aaaa51fe6ca0d80b7e5234104d5fdd8ca41,evidence:doi:10.1093/icesjms/fsad100,30178365958-1,non_living_res,MARINE,M,digital_skill,data science,marine,,marine_ecological,data science,title+subject,title+subject,ec9b9fa31bb706cd31132533d6995c0088fe52cb4d8c8f6fcd5643a87b8db41e,cumulative-db-semantic-v1,auto_accepted,metadata_only_limitation
fragment:signal:2280b546dea43033a4380847ec2175d0e54fd30ebc76a2ef264816e1a2f473b6:H1:71b9a7366272,H1,Maritimisation Shift,H1,signal:2280b546dea43033a4380847ec2175d0e54fd30ebc76a2ef264816e1a2f473b6,evidence:doi:10.71317/jgst.2.7.2026.234,30178365958-1,renewable_energy,MARITIME,T,safety_risk_skill,risk,maritime infrastructure,,maritime_dominance,risk,title+subject,title+subject,ae6e8f59aa22478d20bb5aa1ff7b51a8a82dffcebed3b05b3bdce20b44b9dcfe,cumulative-db-semantic-v1,review_required,metadata_only_limitation
fragment:signal:2298b09a0db8c3fc8bbfc564675a247c56ab58459aae05fd313aedddbba9a3cc:H3:0f2647eab728,H3,MARINE vs OCEANIC Differential Coverage,H3,signal:2298b09a0db8c3fc8bbfc564675a247c56ab58459aae05fd313aedddbba9a3cc,evidence:doi:10.1016/j.marpolbul.2026.120108,30178365958-1,blue_biotech,OCEANIC,O,safety_risk_skill,risk,marine,,marine_ecological,risk,title,title,b524051c106611fc2969942c1fe60916bfb500d6c08a2971813d7def479cfe61,cumulative-db-semantic-v1,review_required,metadata_only_limitation
fragment:signal:22a22ccaaec0dfb5aca23c37536a1709477de8f742da89b6db3beadb9ee75ab1:H3:525b9cabb325,H3,MARINE vs OCEANIC Differential Coverage,H3,signal:22a22ccaaec0dfb5aca23c37536a1709477de8f742da89b6db3beadb9ee75ab1,evidence:doi:10.1007/s00267-025-02256-5,30178365958-1,non_living_res,MARINE,M,policy_regulation_skill,law,marine,,marine_ecological,law,title+subject,title+subject,e85d45c1d0cbfdffc6dd7cf6ef25c1ae503825b10e540f00424a7d7319e5f6ae,cumulative-db-semantic-v1,review_required,metadata_only_limitation
fragment:signal:22e2f354c99b58c3a27d58cb327a547473b5f24e7782001098c9aaeffd24a008:H3:9ff9572b6e51,H3,MARINE vs OCEANIC Differential Coverage,H3,signal:22e2f354c99b58c3a27d58cb327a547473b5f24e7782001098c9aaeffd24a008,evidence:doi:10.34104/cjbis.026.06840695,30178365958-1,coastal_tourism,OCEANIC,O,governance_skill,governance,marine,,marine_ecological,governance,title+subject,title+subject,ae1a9037cfbd7f9b76d5dcf99feb67b390968b57f2436cb531d43773f16886d7,cumulative-db-semantic-v1,auto_accepted,metadata_only_limitation
fragment:signal:2333e7f808deed22fbcb91e291c26df0e5e87225bf18c566d319222bc3196662:H3:fb49d5563d59,H3,MARINE vs OCEANIC Differential Coverage,H3,signal:2333e7f808deed22fbcb91e291c26df0e5e87225bf18c566d319222bc3196662,evidence:doi:10.1038/s43247-026-03337-x,30178365958-1,living_res,MARINE,M,governance_skill,governance,ecological,,marine_ecological,governance,title+subject,title+subject,8bfcd5c0d6b24e870bb1b390116c165052a388e52dcd42f4bf7b9c2c1a8ee351,cumulative-db-semantic-v1,review_required,metadata_only_limitation
fragment:signal:23556759bd50bfeb1d4c6faa28ad57ff06c29030f2e8fd4729e244851c47667d:H3:4a125e1ba4c6,H3,MARINE vs OCEANIC Differential Coverage,H3,signal:23556759bd50bfeb1d4c6faa28ad57ff06c29030f2e8fd4729e244851c47667d,evidence:doi:10.1038/s43247-026-03337-x,30178365958-1,living_res,MARINE,M,sustainability_skill,sustainability,ecological,,marine_ecological,sustainability,title+subject,title+subject,8bfcd5c0d6b24e870bb1b390116c165052a388e52dcd42f4bf7b9c2c1a8ee351,cumulative-db-semantic-v1,auto_accepted,metadata_only_limitation
fragment:signal:235f086a63af88d3e016b976200d9d56d76f47c62e355fc5fa362033d9fb0259:H3:17e9ffc7a10d,H3,MARINE vs OCEANIC Differential Coverage,H3,signal:235f086a63af88d3e016b976200d9d56d76f47c62e355fc5fa362033d9fb0259,evidence:doi:10.47857/irjms.2025.v06i02.03624,30178365958-1,living_res,OCEANIC,O,sustainability_skill,sustainable,marine,,marine_ecological,sustainable,title+subject,title+subject,c171759e82c8629f7af05b690051dca096a9a5f2c4ed33dcbe0ee43dc573d905,cumulative-db-semantic-v1,auto_accepted,metadata_only_limitation
fragment:signal:23d6f31bbf36b47c5b3a2fc14fbd1907b8ade44683a1408d1f5e29db3e226395:H3:7999d2e3370e,H3,MARINE vs OCEANIC Differential Coverage,H3,signal:23d6f31bbf36b47c5b3a2fc14fbd1907b8ade44683a1408d1f5e29db3e226395,evidence:doi:10.1016/j.marpol.2022.105300,30178365958-1,living_res,MARINE,M,governance_skill,policy,marine,,marine_ecological,policy,title,title,86f13f71c0410f7ab9f2452155c59d69f9e4682c6aa9551ca1b5b98717058ddb,cumulative-db-semantic-v1,review_required,metadata_only_limitation
fragment:signal:23d7d4a873965cfd8e68cb12bc00f789dec38a4c11f4cfcbd62d16f73f96f0a2:H3:dfde8361f9f7,H3,MARINE vs OCEANIC Differential Coverage,H3,signal:23d7d4a873965cfd8e68cb12bc00f789dec38a4c11f4cfcbd62d16f73f96f0a2,evidence:doi:10.1080/13563467.2026.2693634,30178365958-1,non_living_res,MARINE,M,policy_regulation_skill,law,marine,,marine_ecological,law,title+subject,title+subject,bd9f78aa539ba6410fbefbcb36f1247a997c35b8e300ae7799a15ea148383eab,cumulative-db-semantic-v1,review_required,metadata_only_limitation
fragment:signal:23fd63e31abf5dc706aaadac11ef45a23dc071606df57f2acc7862830a7f4de1:H3:6c2751e0ad6b,H3,MARINE vs OCEANIC Differential Coverage,H3,signal:23fd63e31abf5dc706aaadac11ef45a23dc071606df57f2acc7862830a7f4de1,evidence:doi:10.55681/economina.v5i5.2191,30178365958-1,coastal_tourism,OCEANIC,O,social_science_skill,community,marine,,marine_ecological,community,title+subject,title+subject,7223dfc5ce9f1ab4fee0427e336808ffed2997a7becd4c3f40fe8e6c66e59189,cumulative-db-semantic-v1,review_required,metadata_only_limitation
fragment:signal:23fdf41d0db21ee481d6fb588814c08945216ec7869f9764c5012f021c69adde:H3:a556402748ec,H3,MARINE vs OCEANIC Differential Coverage,H3,signal:23fdf41d0db21ee481d6fb588814c08945216ec7869f9764c5012f021c69adde,evidence:doi:10.61424/ijans.v3i3.541,30178365958-1,living_res,MARINE,M,safety_risk_skill,risk,marine,,marine_ecological,risk,title+subject,title+subject,e00a975b9decf12805c4f97a7884aa4899225203d7a3b0edb6b2bd9441bad679,cumulative-db-semantic-v1,review_required,metadata_only_limitation
fragment:signal:2453c29ce3c87dd196f2d59ad0a06099f8cd0735404e67e108d9c19b29542dec:H3:603d042b5076,H3,MARINE vs OCEANIC Differential Coverage,H3,signal:2453c29ce3c87dd196f2d59ad0a06099f8cd0735404e67e108d9c19b29542dec,evidence:doi:10.1080/08920753.2019.1564958,30178365958-1,living_res,MARINE,M,social_science_skill,social science,marine,,marine_ecological,social science,title,title,3a3429d6afdaff5e67622f06e864ea233cc5ffec6b57b78fa8f382560fa309bf,cumulative-db-semantic-v1,review_required,metadata_only_limitation
fragment:signal:2454f96780a996dde139aa8acab3783d991d9f6a413dc9983d21ca088b14964e:H3:dd6308452178,H3,MARINE vs OCEANIC Differential Coverage,H3,signal:2454f96780a996dde139aa8acab3783d991d9f6a413dc9983d21ca088b14964e,evidence:doi:10.3390/w18141772,30178365958-1,r_i,OCEANIC,O,governance_skill,governance,ecological,,marine_ecological,governance,title+subject,title+subject,7667dac88460fd0e68849be438d29fc0f26076f319d3231a6a3df8349ff4ce8d,cumulative-db-semantic-v1,review_required,metadata_only_limitation
fragment:signal:24899b188095a6b6c3302b6bcb96de53f19a2a70e3cea4e89c81eecf5e748956:H3:e1dfa21bde31,H3,MARINE vs OCEANIC Differential Coverage,H3,signal:24899b188095a6b6c3302b6bcb96de53f19a2a70e3cea4e89c81eecf5e748956,evidence:doi:10.1016/j.marpol.2026.107239,30178365958-1,living_res,OCEANIC,O,governance_skill,governance,marine,,marine_ecological,governance,title,title,c4ead6f8a1aa0bda0430b65ad28ae0852140ffa20d4baf705294d8daa576f326,cumulative-db-semantic-v1,review_required,metadata_only_limitation
fragment:signal:248fd96b8c664df117d52e460799038cd04efb6bf53fafef788c3bca1a8234de:H3:21c13c009e18,H3,MARINE vs OCEANIC Differential Coverage,H3,signal:248fd96b8c664df117d52e460799038cd04efb6bf53fafef788c3bca1a8234de,evidence:doi:10.52403/ijrr.20251264,30178365958-1,blue_biotech,MARINE,M,learning_outcome_signal,ects,marine,,marine_ecological,ects,title+subject,title+subject,1fc3dd8b99bbb539200f79a1592b14dac6a57ac26630448f7d83804ac09d4696,cumulative-db-semantic-v1,review_required,metadata_only_limitation
fragment:signal:24aee9bbbc1a8ebd49e3c90f6b57dcbbc0091be198f3841e01c41c8fb977cf3d:H3:e1ff784b17af,H3,MARINE vs OCEANIC Differential Coverage,H3,signal:24aee9bbbc1a8ebd49e3c90f6b57dcbbc0091be198f3841e01c41c8fb977cf3d,evidence:doi:10.1016/j.oceaneng.2026.126375,30178365958-1,blue_biotech,OCEANIC,O,safety_risk_skill,risk,marine,,marine_ecological,risk,title,title,dd7644cfd1905ad947958c2e6426f6c1d0b0abb9405a7fb9703cbb43e8e7c3b7,cumulative-db-semantic-v1,review_required,metadata_only_limitation
fragment:signal:24deb454c34433293e7e46f3c88a36168e1b0c7be4d89a66be8b762b58dbb399:H3:2ebcd9a27553,H3,MARINE vs OCEANIC Differential Coverage,H3,signal:24deb454c34433293e7e46f3c88a36168e1b0c7be4d89a66be8b762b58dbb399,evidence:doi:10.1080/18366503.2026.2672848,30178365958-1,blue_biotech,OCEANIC,O,sustainability_skill,sustainability,marine,,marine_ecological,sustainability,title+subject,title+subject,6b385e1da84aa4e711d7d29d5d76916b415469e8c606a2252cd1f69bff58e138,cumulative-db-semantic-v1,review_required,metadata_only_limitation
fragment:signal:25e3317a5f79ab040201d3a523ac08d5ab12a7f2e0be83e095d293115b26a31f:H3:3042ea69bb0a,H3,MARINE vs OCEANIC Differential Coverage,H3,signal:25e3317a5f79ab040201d3a523ac08d5ab12a7f2e0be83e095d293115b26a31f,evidence:doi:10.48550/arxiv.2403.18067,30178365958-1,non_living_res,MARINE,M,digital_skill,data science,marine,,marine_ecological,data science,title+subject,title+subject,5de2839690102c33eb3e2eb9fc9bcaae37162120b4bba6f170b87af953973a4d,cumulative-db-semantic-v1,review_required,metadata_only_limitation
fragment:signal:25ff551d1c39231ffb906793e5c0d155eca04d50d5f18b66bbb1d9a1692ed810:H3:8338a2dc0f62,H3,MARINE vs OCEANIC Differential Coverage,H3,signal:25ff551d1c39231ffb906793e5c0d155eca04d50d5f18b66bbb1d9a1692ed810,evidence:doi:10.1111/jwas.70092,30178365958-1,blue_biotech,MARINE,M,sustainability_skill,sustainability,marine,,marine_ecological,sustainability,title+subject,title+subject,0e38730241125008fc1376405d620c2f59c9c3855e0ce1823ad7fb95c3af1ec1,cumulative-db-semantic-v1,auto_accepted,metadata_only_limitation
fragment:signal:260dd0271066a63c6f47be20e5418ffc22a13405e8211c9df9d9e1ea9b31f74f:H3:0b1af8cdaf50,H3,MARINE vs OCEANIC Differential Coverage,H3,signal:260dd0271066a63c6f47be20e5418ffc22a13405e8211c9df9d9e1ea9b31f74f,evidence:doi:10.1080/18366503.2026.2687142,30178365958-1,blue_biotech,OCEANIC,O,sustainability_skill,sustainability,marine,,marine_ecological,sustainability,title+subject,title+subject,d40fe590603f3576b40e5fc07a980ef55a56946619507d455cbd437f05a6a9f8,cumulative-db-semantic-v1,review_required,metadata_only_limitation
fragment:signal:2673899707d3ad94767943578f5305ba9d97264cd556b6f63f0cf47ace3432a7:H3:ffa015f5d089,H3,MARINE vs OCEANIC Differential Coverage,H3,signal:2673899707d3ad94767943578f5305ba9d97264cd556b6f63f0cf47ace3432a7,evidence:doi:10.1017/sus.2026.10075,30178365958-1,non_living_res,MARINE,M,policy_regulation_skill,law,marine,,marine_ecological,law,title+subject,title+subject,d274e6f9c42531907366fdcc3da6af4d71e22352c6589cb5330c936eb7ce8eac,cumulative-db-semantic-v1,review_required,metadata_only_limitation
fragment:signal:2694f5ad71dcf54ab005f5695f0618b435cd92a99786d4488977693ed159b1a4:H3:59dbf785f4c8,H3,MARINE vs OCEANIC Differential Coverage,H3,signal:2694f5ad71dcf54ab005f5695f0618b435cd92a99786d4488977693ed159b1a4,evidence:doi:10.47772/ijriss.2025.91200079,30178365958-1,living_res,MARINE,M,sustainability_skill,sustainability,ecological,,marine_ecological,sustainability,title+subject,title+subject,0371eb1b050a636b6cccec9426874a91f1f4012f63f61247f05bf402c42f3dbd,cumulative-db-semantic-v1,auto_accepted,metadata_only_limitation
fragment:signal:26a3c210f9e9249ab86670b5f79528e0cc97ba222c6d35051107ec17874fe142:H3:361f843a119b,H3,MARINE vs OCEANIC Differential Coverage,H3,signal:26a3c210f9e9249ab86670b5f79528e0cc97ba222c6d35051107ec17874fe142,evidence:doi:10.20944/preprints202603.1156.v2,30178365958-1,living_res,MARINE,M,governance_skill,governance,marine,,marine_ecological,governance,title+subject,title+subject,ab3cffcb436e8d64e375c13f727e70ad5745717118a0b045722426a8e82736e4,cumulative-db-semantic-v1,review_required,metadata_only_limitation
fragment:signal:26b1e6a9f9d224571dee63c65785efa5920996f1e3af195acfb2e498e8dea969:H3:09637ccfa82a,H3,MARINE vs OCEANIC Differential Coverage,H3,signal:26b1e6a9f9d224571dee63c65785efa5920996f1e3af195acfb2e498e8dea969,evidence:doi:10.1007/s40152-025-00418-z,30178365958-1,non_living_res,MARINE,M,governance_skill,governance,marine,,marine_ecological,governance,title+subject,title+subject,cfd6444c6f993c5d0706289ccd0885126c5a5c58b7d5b6d40480d2ecc3155f11,cumulative-db-semantic-v1,auto_accepted,metadata_only_limitation
fragment:signal:26e173bc1e79daa6ea9043d4235ff6f96cc44846b303fded2001a82eef92e3f7:H3:5652d2af8f08,H3,MARINE vs OCEANIC Differential Coverage,H3,signal:26e173bc1e79daa6ea9043d4235ff6f96cc44846b303fded2001a82eef92e3f7,evidence:doi:10.3389/frsus.2026.1766022,30178365958-1,blue_biotech,MARINE,M,learning_outcome_signal,ects,ecological,,marine_ecological,ects,title+subject,title+subject,400bf847a8eaef87540e2770d131902ba0e5554162a4d5aa62999586e336a5cc,cumulative-db-semantic-v1,review_required,metadata_only_limitation
fragment:signal:272d9011b050697312b56d3183062171be8085451802cd2475a768f01c2cf3f7:H3:8e3916e14603,H3,MARINE vs OCEANIC Differential Coverage,H3,signal:272d9011b050697312b56d3183062171be8085451802cd2475a768f01c2cf3f7,evidence:doi:10.62225/2583049x.2024.4.4.4853,30178365958-1,living_res,OCEANIC,O,governance_skill,governance,marine,,marine_ecological,governance,title+subject,title+subject,ba6c3e97312a15e58abd2ab9acc0cc25d36b807be36cc0fdf3cc7ba19888865f,cumulative-db-semantic-v1,review_required,metadata_only_limitation
fragment:signal:2782fd778c1feaf6e15eba85d2afd32d68d497f84238054a3118de3f82d07bfb:H3:8bd31d78225b,H3,MARINE vs OCEANIC Differential Coverage,H3,signal:2782fd778c1feaf6e15eba85d2afd32d68d497f84238054a3118de3f82d07bfb,evidence:doi:10.47772/ijriss.2026.100300203,30178365958-1,non_living_res,OCEANIC,O,governance_skill,governance,marine,,marine_ecological,governance,title+subject,title+subject,015a73574818af0a6ccf7c789ad5a878c0611b954c037220db2e472ead3592ba,cumulative-db-semantic-v1,review_required,metadata_only_limitation
fragment:signal:278c2d53c504c625cf6d940a12f1f8512633b4a73d589f337a10b9b591f2196e:H3:208969d946e3,H3,MARINE vs OCEANIC Differential Coverage,H3,signal:278c2d53c504c625cf6d940a12f1f8512633b4a73d589f337a10b9b591f2196e,evidence:doi:10.3390/su18136780,30178365958-1,coastal_tourism,OCEANIC,O,sustainability_skill,sustainability,planetary,,oceanic_planetary,sustainability,title+subject,title+subject,89bdce7cf5c6acd2c8ff893fa546278b33876355fd2ea7d6e9c69ffa8872e34a,cumulative-db-semantic-v1,auto_accepted,metadata_only_limitation
fragment:signal:28387d57344fb6c1d12ecf291fe4152437311bf108b8fce28c53261a005713ae:H3:0429ce595806,H3,MARINE vs OCEANIC Differential Coverage,H3,signal:28387d57344fb6c1d12ecf291fe4152437311bf108b8fce28c53261a005713ae,evidence:doi:10.46989/001c.163358,30178365958-1,blue_biotech,MARINE,M,governance_skill,policy,marine,,marine_ecological,policy,title+subject,title+subject,2c7b3648b21bf25d8ea9f776d73a528467457a7a797a6daabd418c75bb3e7c16,cumulative-db-semantic-v1,review_required,metadata_only_limitation
fragment:signal:283b7bc084a650f873ce483087d50b5e6133d8c063f321ce44de6ee5defe53d6:H3:4602e0979cb8,H3,MARINE vs OCEANIC Differential Coverage,H3,signal:283b7bc084a650f873ce483087d50b5e6133d8c063f321ce44de6ee5defe53d6,evidence:doi:10.63363/aijfr.2026.v07i03.6474,30178365958-1,coastal_tourism,OCEANIC,O,sustainability_skill,sustainability,marine,,marine_ecological,sustainability,title+subject,title+subject,48ee9d49d00e9d8f70069b0ce485a5ceea240904aa2d21edeafdb6222d8bbacc,cumulative-db-semantic-v1,review_required,metadata_only_limitation
fragment:signal:2874aee17e03f796a5d964d131ad111e35878008632a9da6610404dc46ecc437:H3:b300ad22bf32,H3,MARINE vs OCEANIC Differential Coverage,H3,signal:2874aee17e03f796a5d964d131ad111e35878008632a9da6610404dc46ecc437,evidence:doi:10.12688/f1000research.178997.1,30178365958-1,blue_biotech,MARINE,M,policy_regulation_skill,convention,marine,,marine_ecological,convention,title+subject,title+subject,d310cb4521d31a86e4b11a8adb42528d4a29e43fb89286c6628ec21575c3723f,cumulative-db-semantic-v1,review_required,metadata_only_limitation
fragment:signal:28c3b031b12a0392082a2abb973c1584cf0f71390fb2d2f527502875866535fa:H3:f51d5029c79b,H3,MARINE vs OCEANIC Differential Coverage,H3,signal:28c3b031b12a0392082a2abb973c1584cf0f71390fb2d2f527502875866535fa,evidence:doi:10.3897/emt.2.158168,30178365958-1,blue_biotech,OCEANIC,O,sustainability_skill,sustainability,ecological,,marine_ecological,sustainability,title+subject,title+subject,2c52470cada4904df1e41a4d4e30e1b4e67f858001da1096689b7d4dcd6a50e3,cumulative-db-semantic-v1,review_required,metadata_only_limitation
fragment:signal:28f40e092c7121bf73c5537573c18fa1a4fc5f363ae0a372480df65b9a76f84d:H3:1e1e82f8d6f7,H3,MARINE vs OCEANIC Differential Coverage,H3,signal:28f40e092c7121bf73c5537573c18fa1a4fc5f363ae0a372480df65b9a76f84d,evidence:doi:10.1007/s10113-026-02575-1,30178365958-1,living_res,MARINE,M,safety_risk_skill,risk,marine,,marine_ecological,risk,title+subject,title+subject,bbd4048f073e323b777b14c5f3a8452c7a175e6398b27d663783a1a8d0b44081,cumulative-db-semantic-v1,review_required,metadata_only_limitation
fragment:signal:291383409fb4fb36134fccc4fab0988927e2084d0e5f680260ccd40144a2d5b9:H3:ddbd4e252560,H3,MARINE vs OCEANIC Differential Coverage,H3,signal:291383409fb4fb36134fccc4fab0988927e2084d0e5f680260ccd40144a2d5b9,evidence:doi:10.1093/icesjms/fsaf193,30178365958-1,non_living_res,MARINE,M,sustainability_skill,sustainability,marine,,marine_ecological,sustainability,title+subject,title+subject,be7edc7e9e534ae21acc899a56d2208fd9c0705b6ac2daf60bfb3eb0e55cb241,cumulative-db-semantic-v1,review_required,metadata_only_limitation
fragment:signal:2916d9d08ac433294f8c9bb66253740b1d56a530e983af762987156ed03e592d:H3:f055788fa580,H3,MARINE vs OCEANIC Differential Coverage,H3,signal:2916d9d08ac433294f8c9bb66253740b1d56a530e983af762987156ed03e592d,evidence:doi:10.3389/fenvs.2026.1853979,30178365958-1,r_i,OCEANIC,O,sustainability_skill,adaptation,ecological,,marine_ecological,adaptation,title+subject,title+subject,6a11c4381f02b24b1f1a6f1639124358b9fe02daf7c47d8c711a96fbe57264a7,cumulative-db-semantic-v1,review_required,metadata_only_limitation
fragment:signal:295dd15e656af508112be87ce70bd63b1ba781937559ede32db62e1f824b813e:H3:6280fd3a1c05,H3,MARINE vs OCEANIC Differential Coverage,H3,signal:295dd15e656af508112be87ce70bd63b1ba781937559ede32db62e1f824b813e,evidence:doi:10.1007/s10113-026-02599-7,30178365958-1,coastal_tourism,OCEANIC,O,sustainability_skill,climate,marine,,marine_ecological,climate,title+subject,title+subject,e06050e6913aa3890675200e1ca6e2a05266bc32d78afadc8d12fef8621bd44a,cumulative-db-semantic-v1,review_required,metadata_only_limitation
fragment:signal:296b0af2cc7f9ef252bdc923b45a2d5a8f21f2e26fdcca02d2835bbc76afd1ba:H3:abd7f238ef9f,H3,MARINE vs OCEANIC Differential Coverage,H3,signal:296b0af2cc7f9ef252bdc923b45a2d5a8f21f2e26fdcca02d2835bbc76afd1ba,evidence:doi:10.3390/su18126116,30178365958-1,coastal_tourism,OCEANIC,O,safety_risk_skill,risk,marine,,marine_ecological,risk,title+subject,title+subject,1f62ab1a38e9fa2f8cbaa6dcd0ff9388d907bb28c4aba23da3aabbbd656107ff,cumulative-db-semantic-v1,review_required,metadata_only_limitation
fragment:signal:29c7a6bf39bc8b972f3a6bb56069d33368c527470b5717e2e2996a93bf8be001:H3:14d68341f5e3,H3,MARINE vs OCEANIC Differential Coverage,H3,signal:29c7a6bf39bc8b972f3a6bb56069d33368c527470b5717e2e2996a93bf8be001,evidence:doi:10.1016/j.marpolbul.2026.120134,30178365958-1,maritime_transport,OCEANIC,O,safety_risk_skill,risk,ecological,,marine_ecological,risk,title,title,707b6a7c421a6d975f0f8c7706604f4468f98676d6b019e61653f6429f47cc82,cumulative-db-semantic-v1,review_required,metadata_only_limitation
fragment:signal:29ccbfe408d5a6d1037d8b428fc357c2ac81f81b952f8ed2397baebfa787de7d:H3:c6483ff69cc4,H3,MARINE vs OCEANIC Differential Coverage,H3,signal:29ccbfe408d5a6d1037d8b428fc357c2ac81f81b952f8ed2397baebfa787de7d,evidence:doi:10.1007/s40032-026-01386-x,30178365958-1,blue_biotech,MARINE,M,governance_skill,governance,marine,,marine_ecological,governance,title+subject,title+subject,463b01ad0536182e3e13470d8b2f2bc6e476b285ec1b4c314cd01b9408bae1f4,cumulative-db-semantic-v1,auto_accepted,metadata_only_limitation
fragment:signal:2a128c7225914eeee2fc2778fab095c100a5c04a31cc22e6a3515dbb45285d7b:H3:181628fc9f6e,H3,MARINE vs OCEANIC Differential Coverage,H3,signal:2a128c7225914eeee2fc2778fab095c100a5c04a31cc22e6a3515dbb45285d7b,evidence:doi:10.3390/jmse13122322,30178365958-1,living_res,MARINE,M,safety_risk_skill,safety,marine,,marine_ecological,safety,title+subject,title+subject,347908220f5565f975612c25269b2f39e047c556ee281b49a08ee49735f4ea8e,cumulative-db-semantic-v1,review_required,metadata_only_limitation
fragment:signal:2a2ac6ee0343864a48c9f1af82c87c539101338ceab7996367291957e1b06740:H3:11aeac593bea,H3,MARINE vs OCEANIC Differential Coverage,H3,signal:2a2ac6ee0343864a48c9f1af82c87c539101338ceab7996367291957e1b06740,evidence:doi:10.63075/czj6fw28,30178365958-1,coastal_tourism,OCEANIC,O,governance_skill,governance,marine,,marine_ecological,governance,title+subject,title+subject,5567b1a26212b621e2cad729359a9739244c0c589bc9e45a7209b11d51fd7ed8,cumulative-db-semantic-v1,auto_accepted,metadata_only_limitation
fragment:signal:2acd0794b4d097a281e44b734fa8a3bc866f9b498d6447469d315cfce64a7149:H3:cfd9176852e0,H3,MARINE vs OCEANIC Differential Coverage,H3,signal:2acd0794b4d097a281e44b734fa8a3bc866f9b498d6447469d315cfce64a7149,evidence:doi:10.1007/978-981-96-9104-3_1,30178365958-1,blue_biotech,OCEANIC,O,social_science_skill,community,marine,,marine_ecological,community,title+subject,title+subject,c442a6dc10d6e7553b1e86ad32b2ad056e89b01aef13e130d85fe2e7d9983655,cumulative-db-semantic-v1,review_required,metadata_only_limitation
fragment:signal:2af40d3b198a2848a0857ff69d19e47e7c1c0b280c0916ca16f55ef7d63f9d16:H3:036a2ee5e27a,H3,MARINE vs OCEANIC Differential Coverage,H3,signal:2af40d3b198a2848a0857ff69d19e47e7c1c0b280c0916ca16f55ef7d63f9d16,evidence:doi:10.1038/s44183-025-00171-0,30178365958-1,blue_biotech,OCEANIC,O,learning_outcome_signal,ects,marine,,marine_ecological,ects,title+subject,title+subject,754d97b94a64f65880267174b3a77b69d558ebb2c85eb6f390d93f2fd4a3d78c,cumulative-db-semantic-v1,review_required,metadata_only_limitation
fragment:signal:2afc27b0b08fa56e521c8089b0bcf467f6882e2ff0e0008a79074fd4bcbd88c7:H3:4fdaae1632d4,H3,MARINE vs OCEANIC Differential Coverage,H3,signal:2afc27b0b08fa56e521c8089b0bcf467f6882e2ff0e0008a79074fd4bcbd88c7,evidence:doi:10.1007/s13280-026-02407-w,30178365958-1,living_res,MARINE,M,governance_skill,governance,marine,,marine_ecological,governance,title+subject,title+subject,d3fcc9a4eaa9fa0433d390ff4a2d3ad61ca8a1a5c8dc0bebb66b027467105574,cumulative-db-semantic-v1,review_required,metadata_only_limitation
fragment:signal:2b14b1e898a247da69aeb63297b9473c872952d273407253fd234d763d640297:H3:356a8bd2a838,H3,MARINE vs OCEANIC Differential Coverage,H3,signal:2b14b1e898a247da69aeb63297b9473c872952d273407253fd234d763d640297,evidence:doi:10.53376/ap.2026.03,30178365958-1,renewable_energy,OCEANIC,O,sustainability_skill,sustainability,marine,,marine_ecological,sustainability,title+subject,title+subject,58251cce8c8f4676290a237a6445775ec2f4bf04a0251ac7cbdac56ec8382353,cumulative-db-semantic-v1,review_required,metadata_only_limitation
fragment:signal:2b5352d1201794f765ac3322934541f944b54ea0c279f4d0af2a297443c20acd:H3:a88c7f81445d,H3,MARINE vs OCEANIC Differential Coverage,H3,signal:2b5352d1201794f765ac3322934541f944b54ea0c279f4d0af2a297443c20acd,evidence:doi:10.63544/jbii.v5i7.84,30178365958-1,coastal_tourism,OCEANIC,O,governance_skill,governance,marine,,marine_ecological,governance,title+subject,title+subject,af6475c793ea0c53fdb8debe6d8a79ae582951a3e4e92ede8fd3cf5cd2a2a55f,cumulative-db-semantic-v1,review_required,metadata_only_limitation
fragment:signal:2b952ebbc0cf3fc830fc197140c4dd1e27ab7ea7ae240218557f4f22c55e2504:H3:1328743bb959,H3,MARINE vs OCEANIC Differential Coverage,H3,signal:2b952ebbc0cf3fc830fc197140c4dd1e27ab7ea7ae240218557f4f22c55e2504,evidence:doi:10.14710/buloma.v15i2.82834,30178365958-1,renewable_energy,OCEANIC,O,safety_risk_skill,risk,marine,,marine_ecological,risk,title+subject,title+subject,79c8ed09e01c8315f2b67e5974fe7ecd0ffd4e34ac8d63ab85083b52e3f1da12,cumulative-db-semantic-v1,review_required,metadata_only_limitation
fragment:signal:2bb246aa36908ae371d7f84435c379cb71b8055b70c7e5142662f8b7d05a98df:H3:fc0f6bde64e3,H3,MARINE vs OCEANIC Differential Coverage,H3,signal:2bb246aa36908ae371d7f84435c379cb71b8055b70c7e5142662f8b7d05a98df,evidence:doi:10.1007/s44475-026-00057-w,30178365958-1,living_res,MARINE,M,sustainability_skill,climate,marine,,marine_ecological,climate,title+subject,title+subject,b0d9e3608ac4580508a43a348a6248175c0ea7741cf3ca349166dc79a316d77f,cumulative-db-semantic-v1,review_required,metadata_only_limitation
fragment:signal:2bb532561732afd1896d329174e84d3f5b2fe17b1d96aa83701c6da585d40cac:H3:42389b0285ad,H3,MARINE vs OCEANIC Differential Coverage,H3,signal:2bb532561732afd1896d329174e84d3f5b2fe17b1d96aa83701c6da585d40cac,evidence:doi:10.55681/economina.v5i7.3483,30178365958-1,living_res,MARINE,M,social_science_skill,community,marine,,marine_ecological,community,title+subject,title+subject,f12d9ba801e2f3fa9fab8708607a79d48be7c12bf88115ed6ae03a29ce829e53,cumulative-db-semantic-v1,review_required,metadata_only_limitation
fragment:signal:2bd96e6187b3f7ba7c6b552efc318a9d1568d79d4e1397ca11b79c5b595f446e:H3:6f0d5ade98bd,H3,MARINE vs OCEANIC Differential Coverage,H3,signal:2bd96e6187b3f7ba7c6b552efc318a9d1568d79d4e1397ca11b79c5b595f446e,evidence:doi:10.1016/j.matcom.2026.07.015,30178365958-1,living_res,MARINE,M,sustainability_skill,sustainable,marine,,marine_ecological,sustainable,title+subject,title+subject,a61d0778bda5d7da19a124a187f2b5b31821585d09dbdf8c05618d02531603d6,cumulative-db-semantic-v1,auto_accepted,metadata_only_limitation
fragment:signal:2be38bbd1234e574ad4baa8eead2a99e06123043d62ad581dd3d8881c99d84e2:H3:ac5d5cfff56c,H3,MARINE vs OCEANIC Differential Coverage,H3,signal:2be38bbd1234e574ad4baa8eead2a99e06123043d62ad581dd3d8881c99d84e2,evidence:doi:10.66314/ijepp.v4i1.205,30178365958-1,blue_biotech,MARINE,M,governance_skill,institutional,marine,,marine_ecological,institutional,title+subject,title+subject,c6bb1600fbf6d792521d3302aac7ecc81766df8c05b3e9af97ba62b4a596b527,cumulative-db-semantic-v1,review_required,metadata_only_limitation
fragment:signal:2c325d1b3aac494483a198f73f1b304e0da0edc847952cab4ab45fc9dc9e80e1:H3:bc1c919b78f0,H3,MARINE vs OCEANIC Differential Coverage,H3,signal:2c325d1b3aac494483a198f73f1b304e0da0edc847952cab4ab45fc9dc9e80e1,evidence:doi:10.3389/fsufs.2026.1755644,30178365958-1,coastal_tourism,OCEANIC,O,governance_skill,governance,ecological,,marine_ecological,governance,title+subject,title+subject,af633113149fa95df36544e54842309fec06e40a68f5dc095af4038b71d249ab,cumulative-db-semantic-v1,auto_accepted,metadata_only_limitation
fragment:signal:2c7e4ec8bc814326361785b34c3a708f4145fb05d7583c016fb0122cc4f3a291:H3:cd8e173ed34a,H3,MARINE vs OCEANIC Differential Coverage,H3,signal:2c7e4ec8bc814326361785b34c3a708f4145fb05d7583c016fb0122cc4f3a291,evidence:doi:10.17159/1727-3781/2025/v28i0a17363,30178365958-1,non_living_res,MARINE,M,policy_regulation_skill,law,marine,,marine_ecological,law,title+subject,title+subject,447584e658746076c64101c6fd88b82689af63cc5f04d9dd5868981a49ac83d9,cumulative-db-semantic-v1,auto_accepted,metadata_only_limitation
fragment:signal:2ceeb0fbd43ff331c12ff7fe5b16abf0b7b02c7a7dd06b9cc7766c2b2b56c049:H3:282750338296,H3,MARINE vs OCEANIC Differential Coverage,H3,signal:2ceeb0fbd43ff331c12ff7fe5b16abf0b7b02c7a7dd06b9cc7766c2b2b56c049,evidence:doi:10.12688/f1000research.181928.1,30178365958-1,coastal_tourism,OCEANIC,O,learning_outcome_signal,ects,marine,,marine_ecological,ects,title+subject,title+subject,92cf4b92d04457c696d6b281d6eaa075f1d4ee9daf630d290aa4af5b392d7cb7,cumulative-db-semantic-v1,review_required,metadata_only_limitation
fragment:signal:2d0f0d9dca01a03e819f7437dde6931f4291b0a7de965610cc1b4e794496ae34:H3:e0620b04487f,H3,MARINE vs OCEANIC Differential Coverage,H3,signal:2d0f0d9dca01a03e819f7437dde6931f4291b0a7de965610cc1b4e794496ae34,evidence:doi:10.3390/systems14060707,30178365958-1,living_res,MARINE,M,sustainability_skill,resilience,marine,,marine_ecological,resilience,title+subject,title+subject,cc04c3eb31d30ff5102f60e263b46c43ccfcd2aa0b09767e6e25aac714be628c,cumulative-db-semantic-v1,review_required,metadata_only_limitation
fragment:signal:2d1ced56d83796f4e198cdf4815a7a3dfd79570304fa76d629d9112bcd1e643f:H3:6658e76d0d36,H3,MARINE vs OCEANIC Differential Coverage,H3,signal:2d1ced56d83796f4e198cdf4815a7a3dfd79570304fa76d629d9112bcd1e643f,evidence:doi:10.1080/09581596.2026.2629078,30178365958-1,living_res,MARINE,M,governance_skill,governance,marine,,marine_ecological,governance,title+subject,title+subject,979d0e479c733938875ac3fbd286e3a89afd7fa4cf746c8ec82016def8a6c1b7,cumulative-db-semantic-v1,auto_accepted,metadata_only_limitation
fragment:signal:2d1e8637d3b05b284c00d3a81c42277fde09caf3ba97f4edf7052801a7af8037:H3:f58ec84be6ca,H3,MARINE vs OCEANIC Differential Coverage,H3,signal:2d1e8637d3b05b284c00d3a81c42277fde09caf3ba97f4edf7052801a7af8037,evidence:doi:10.1057/s41599-026-07727-6,30178365958-1,non_living_res,MARINE,M,sustainability_skill,sustainable,planetary,,oceanic_planetary,sustainable,title+subject,title+subject,745fdcd5797dc7ba0ea64f730fba88009edf036154368c3af0c4b235c896eb3a,cumulative-db-semantic-v1,auto_accepted,metadata_only_limitation
fragment:signal:2e0dadb4daf10b8de96f7482e428fd8a3359caf2f89e6e2ac06465cd4988b1ff:H3:27279f850f2b,H3,MARINE vs OCEANIC Differential Coverage,H3,signal:2e0dadb4daf10b8de96f7482e428fd8a3359caf2f89e6e2ac06465cd4988b1ff,evidence:doi:10.3390/fishes11030178,30178365958-1,non_living_res,OCEANIC,O,policy_regulation_skill,law,marine,,marine_ecological,law,title+subject,title+subject,e36c74136593df648c3e404bd9c63807d05f1efd53a006a92ae1ecf25a1696ef,cumulative-db-semantic-v1,review_required,metadata_only_limitation
fragment:signal:2e463d1eec0e56d998b1b7973ada94b05588610d3489f11320e8451234e7b155:H3:57eda4eb4139,H3,MARINE vs OCEANIC Differential Coverage,H3,signal:2e463d1eec0e56d998b1b7973ada94b05588610d3489f11320e8451234e7b155,evidence:doi:10.48550/arxiv.2403.18067,30178365958-1,non_living_res,MARINE,M,education_training_signal,education,marine,,marine_ecological,education,title+subject,title+subject,5de2839690102c33eb3e2eb9fc9bcaae37162120b4bba6f170b87af953973a4d,cumulative-db-semantic-v1,review_required,metadata_only_limitation
fragment:signal:2e49e3553dd326a468a6d9261d756b89cdcd2477d5d4c987b2b87236ac36c369:H3:36ca070b56be,H3,MARINE vs OCEANIC Differential Coverage,H3,signal:2e49e3553dd326a468a6d9261d756b89cdcd2477d5d4c987b2b87236ac36c369,evidence:doi:10.1057/s41599-026-08192-x,30178365958-1,coastal_tourism,OCEANIC,O,learning_outcome_signal,ects,marine,,marine_ecological,ects,title+subject,title+subject,0965757c8d3174f39be9d3bfd28cf13f2e7135df2c20f28702c4b8beddead153,cumulative-db-semantic-v1,review_required,metadata_only_limitation
fragment:signal:2e4ea27f57cbf19a431ecd67e44468903a61411189fc4c08274ef07f9a337242:H3:a07e5d3c87cf,H3,MARINE vs OCEANIC Differential Coverage,H3,signal:2e4ea27f57cbf19a431ecd67e44468903a61411189fc4c08274ef07f9a337242,evidence:doi:10.53847/iucn.ch.2023.patrs.5.en,30178365958-1,ship_repair,OCEANIC,O,governance_skill,governance,ecological,,marine_ecological,governance,title+subject,title+subject,cc213225969dc09e2caf09ebbe273a7028624fd9be57f766bc44f12de1dbf077,cumulative-db-semantic-v1,review_required,metadata_only_limitation
fragment:signal:2e562f7be0ee46ce96fbcce65f600a6a987699afeff09572f8f07c9c4488b2be:H3:d3a37b479179,H3,MARINE vs OCEANIC Differential Coverage,H3,signal:2e562f7be0ee46ce96fbcce65f600a6a987699afeff09572f8f07c9c4488b2be,evidence:doi:10.1007/s13762-026-07285-z,30178365958-1,living_res,MARINE,M,sustainability_skill,sustainability,marine,,marine_ecological,sustainability,title+subject,title+subject,dc851a46ca4d27252a9153f0cac4ace2b56ea75214e64808fd633aa357d50c57,cumulative-db-semantic-v1,review_required,metadata_only_limitation
fragment:signal:2ea1ee7450d757279385dd682df61ded8e9f48dc8e68b0e8277c4dcc08437fde:H3:cb78c034d530,H3,MARINE vs OCEANIC Differential Coverage,H3,signal:2ea1ee7450d757279385dd682df61ded8e9f48dc8e68b0e8277c4dcc08437fde,evidence:doi:10.30892/gtg.662spl04-1765,30178365958-1,coastal_tourism,OCEANIC,O,social_science_skill,community,marine,,marine_ecological,community,title+subject,title+subject,bebea2bf0ac40b23bbea8174763f6c454e2a5fc02c7d04d500bd79fffe5fd3e4,cumulative-db-semantic-v1,review_required,metadata_only_limitation
fragment:signal:2eb720741ba707fa79a9b73cc6a0474720c32101bb7ecdd0022eee24315dbacd:H3:badf5a73f89e,H3,MARINE vs OCEANIC Differential Coverage,H3,signal:2eb720741ba707fa79a9b73cc6a0474720c32101bb7ecdd0022eee24315dbacd,evidence:doi:10.37251/jouabe.v3i1.3382,30178365958-1,coastal_tourism,OCEANIC,O,sustainability_skill,resilience,marine,,marine_ecological,resilience,title+subject,title+subject,55f94a3cc707542475eb4ea20299f5490a29389bc7d8e7a9238071cfb724db08,cumulative-db-semantic-v1,review_required,metadata_only_limitation
fragment:signal:2eebdb2e0079d72a6892545e1ead612ce9fb0565e29964eda6fa16bd772ebaa1:H3:958b23b14747,H3,MARINE vs OCEANIC Differential Coverage,H3,signal:2eebdb2e0079d72a6892545e1ead612ce9fb0565e29964eda6fa16bd772ebaa1,evidence:doi:10.3390/systems14070872,30178365958-1,r_i,OCEANIC,O,sustainability_skill,sustainability,ecological,,marine_ecological,sustainability,title+subject,title+subject,e09c1160758b7b2d8e54a45fc60a469a8b295258d079065edd1ba6513f02b4f7,cumulative-db-semantic-v1,review_required,metadata_only_limitation
fragment:signal:2f3ee1d378f4e48fe59d8b812f03c09d9e9f4d7f47a209a9d95f3f4ca60910e8:H3:d704836eedd8,H3,MARINE vs OCEANIC Differential Coverage,H3,signal:2f3ee1d378f4e48fe59d8b812f03c09d9e9f4d7f47a209a9d95f3f4ca60910e8,evidence:doi:10.70132/z7939837925,30178365958-1,blue_biotech,MARINE,M,sustainability_skill,sustainability,marine,,marine_ecological,sustainability,title+subject,title+subject,1c0b63753076477c7a796554c373e9844b2819593f972f8160c7e494e627097f,cumulative-db-semantic-v1,auto_accepted,metadata_only_limitation
fragment:signal:2f4bfae5b0c1e8af5a58bd01ed08470cf2ac2b76996b0f39d76fa6e86b659cc1:H3:c9e6c9056815,H3,MARINE vs OCEANIC Differential Coverage,H3,signal:2f4bfae5b0c1e8af5a58bd01ed08470cf2ac2b76996b0f39d76fa6e86b659cc1,evidence:doi:10.47772/ijriss.2025.910000727,30178365958-1,coastal_tourism,OCEANIC,O,governance_skill,stakeholder,marine,,marine_ecological,stakeholder,title+subject,title+subject,fc0f929d7856d181ccb9bb46d2c8328b20f466cbdf560a7f24ae70b23655887f,cumulative-db-semantic-v1,review_required,metadata_only_limitation
fragment:signal:2f5ad1f396cea993621fe5aa93b33abc61cb6974192d99db3ba3c305ec7a182a:H3:6f29dbc77413,H3,MARINE vs OCEANIC Differential Coverage,H3,signal:2f5ad1f396cea993621fe5aa93b33abc61cb6974192d99db3ba3c305ec7a182a,evidence:doi:10.70088/x9yymd52,30178365958-1,living_res,MARINE,M,governance_skill,governance,marine,,marine_ecological,governance,title+subject,title+subject,57e7d63585fca50990c835afef2c72c8cd6423829e2b98929e5d9839c704ae48,cumulative-db-semantic-v1,review_required,metadata_only_limitation
fragment:signal:2f5b9cfae6d09b33d88c301c8eec5b435ddfe6ead1f781337749299f3047ad97:H3:8afc7c4c751b,H3,MARINE vs OCEANIC Differential Coverage,H3,signal:2f5b9cfae6d09b33d88c301c8eec5b435ddfe6ead1f781337749299f3047ad97,evidence:doi:10.1007/s40789-025-00792-3,30178365958-1,non_living_res,MARINE,M,sustainability_skill,resilience,ecological,,marine_ecological,resilience,title+subject,title+subject,1fb5f1b461d67c6ba3290392b950c314ac22f73462545c712759481010aeeb90,cumulative-db-semantic-v1,auto_accepted,metadata_only_limitation
fragment:signal:2f713c915a18b7dbaa95d7e2eb0949109906968acd190d5aa72fabdce24542d8:H3:036f415a2116,H3,MARINE vs OCEANIC Differential Coverage,H3,signal:2f713c915a18b7dbaa95d7e2eb0949109906968acd190d5aa72fabdce24542d8,evidence:doi:10.1016/j.geoforum.2025.104410,30178365958-1,living_res,OCEANIC,O,sustainability_skill,sustainability,marine,,marine_ecological,sustainability,title+subject,title+subject,ea1f51762a786a2b6ddf5274d23fb140699adca1aeb06304ad4bb6c63f66efe5,cumulative-db-semantic-v1,review_required,metadata_only_limitation
fragment:signal:2f9c47414424c1f27f141440475aae48ea4e68558448d48e51db1db8cf7608cb:H3:5a30f0418ccf,H3,MARINE vs OCEANIC Differential Coverage,H3,signal:2f9c47414424c1f27f141440475aae48ea4e68558448d48e51db1db8cf7608cb,evidence:doi:10.1007/s11135-026-02991-9,30178365958-1,r_i,OCEANIC,O,workforce_skill,human capital,ecological,,marine_ecological,human capital,title+subject,title+subject,137481dd0a3fe2124132b7ac40d0a30820f86fc29b4f35598b55062fa369f62a,cumulative-db-semantic-v1,review_required,metadata_only_limitation
fragment:signal:2fb6566773533dcd0fb72373de8764f5b9496c762e94ef60ccd1844b8fb79446:H3:c00cda238ca3,H3,MARINE vs OCEANIC Differential Coverage,H3,signal:2fb6566773533dcd0fb72373de8764f5b9496c762e94ef60ccd1844b8fb79446,evidence:doi:10.25364/215.2026.1,30178365958-1,coastal_tourism,OCEANIC,O,sustainability_skill,resilience,planetary,,oceanic_planetary,resilience,title+subject,title+subject,2c01dc84e288466e7f16092d0cfe6c291aae1575fb2600c6fcfc941188fbea8b,cumulative-db-semantic-v1,auto_accepted,metadata_only_limitation
fragment:signal:2fcc55e9378183069a23c83062fbee7bad2e36da6a25683e7f0a3b02a1eb5bce:H3:bb1217a3a25b,H3,MARINE vs OCEANIC Differential Coverage,H3,signal:2fcc55e9378183069a23c83062fbee7bad2e36da6a25683e7f0a3b02a1eb5bce,evidence:doi:10.53847/iucn.ch.2023.patrs.5.en,30178365958-1,ship_repair,OCEANIC,O,digital_skill,cyber,ecological,,marine_ecological,cyber,title+subject,title+subject,cc213225969dc09e2caf09ebbe273a7028624fd9be57f766bc44f12de1dbf077,cumulative-db-semantic-v1,review_required,metadata_only_limitation
fragment:signal:2fd8e680514ff1358b3a9f9caa9d1321229aee9f8a39eac931e294381048732f:H3:adc7b7279829,H3,MARINE vs OCEANIC Differential Coverage,H3,signal:2fd8e680514ff1358b3a9f9caa9d1321229aee9f8a39eac931e294381048732f,evidence:doi:10.1007/978-3-031-16277-0_17,30178365958-1,non_living_res,MARINE,M,sustainability_skill,climate,marine,,marine_ecological,climate,title+subject,title+subject,7fcde692d21f75b7366d7de4166c0089d3e30461686868025ce3b2ec091ff27d,cumulative-db-semantic-v1,auto_accepted,metadata_only_limitation
fragment:signal:2ffcc0439c8234c220c786f7d334962cda81c5a6c474ab28fe9570bfbd3f5b66:H3:b2008de00aa4,H3,MARINE vs OCEANIC Differential Coverage,H3,signal:2ffcc0439c8234c220c786f7d334962cda81c5a6c474ab28fe9570bfbd3f5b66,evidence:doi:10.56093/ijans.v91i7.115894,30178365958-1,living_res,MARINE,M,policy_regulation_skill,law,marine,,marine_ecological,law,title+subject,title+subject,3be8cd6b078e0b5699baaef370cb49a0cdc925a83c1e52fb99dbf56dc0dc03bd,cumulative-db-semantic-v1,review_required,metadata_only_limitation
fragment:signal:306855866c755723e4ee74e6179754a2d9fd37952ee3f3ca8aa10cf61269308a:H3:c0c523678e7b,H3,MARINE vs OCEANIC Differential Coverage,H3,signal:306855866c755723e4ee74e6179754a2d9fd37952ee3f3ca8aa10cf61269308a,evidence:doi:10.3390/tourhosp7010026,30178365958-1,living_res,OCEANIC,O,digital_skill,digital,marine,,marine_ecological,digital,title+subject,title+subject,d09c1dac592cba78da0353fcaeb39d4de792474d4b702a942deb79b757d1b5dd,cumulative-db-semantic-v1,review_required,metadata_only_limitation
fragment:signal:30c98057bdd1076e7bdd4c69f1d32159483d4169e6cd7b1d0d151d72106b0555:H3:9366f1a03e93,H3,MARINE vs OCEANIC Differential Coverage,H3,signal:30c98057bdd1076e7bdd4c69f1d32159483d4169e6cd7b1d0d151d72106b0555,evidence:doi:10.1016/j.ssaho.2026.103084,30178365958-1,living_res,OCEANIC,O,policy_regulation_skill,legal,marine,,marine_ecological,legal,title,title,f64028f7bf9f5b00e9094d40a9aca784d1e2a5b5627d6360aa37047a859b6680,cumulative-db-semantic-v1,review_required,metadata_only_limitation
fragment:signal:30da427d1f9291ef940736c62e62063da40e17ef85d802578f806f3b3bac4cdf:H3:749fba0889b1,H3,MARINE vs OCEANIC Differential Coverage,H3,signal:30da427d1f9291ef940736c62e62063da40e17ef85d802578f806f3b3bac4cdf,evidence:doi:10.3389/fmars.2025.1488879,30178365958-1,non_living_res,MARINE,M,policy_regulation_skill,law,marine,,marine_ecological,law,title+subject,title+subject,3eb2e9115c265aa144945e211d70c537f4995ada0f7b77cd331fa173177b5048,cumulative-db-semantic-v1,review_required,metadata_only_limitation
fragment:signal:30e398174d2e9cf9a60d3944d6efd14f9ae9b53df07136e590affb3f49fd1576:H3:9e674ee420e8,H3,MARINE vs OCEANIC Differential Coverage,H3,signal:30e398174d2e9cf9a60d3944d6efd14f9ae9b53df07136e590affb3f49fd1576,evidence:doi:10.3389/fmars.2025.1683006,30178365958-1,r_i,OCEANIC,O,policy_regulation_skill,legal,marine,,marine_ecological,legal,title,title,bdb6ad6096e0956cc454e0f9ab2fb2b47b78dbaad40455e81e923edb50ef408a,cumulative-db-semantic-v1,review_required,metadata_only_limitation
fragment:signal:30e8ece7b8ee719800f3994006b70be4bc6ee63835b1e27b2741c707b7bb97f0:H3:caa5982ef383,H3,MARINE vs OCEANIC Differential Coverage,H3,signal:30e8ece7b8ee719800f3994006b70be4bc6ee63835b1e27b2741c707b7bb97f0,evidence:doi:10.21203/rs.3.rs-7551191/v1,30178365958-1,living_res,OCEANIC,O,safety_risk_skill,safety,marine,,marine_ecological,safety,title+subject,title+subject,c86889317d1b4898e5c8d39d26ed0015423fd675f49321b4671d0058e7e35bfc,cumulative-db-semantic-v1,auto_accepted,metadata_only_limitation
fragment:signal:31032300fdd6210a67c77b080320933d95986df82804e60d150508c0b115670b:H3:f7e954492e39,H3,MARINE vs OCEANIC Differential Coverage,H3,signal:31032300fdd6210a67c77b080320933d95986df82804e60d150508c0b115670b,evidence:doi:10.1016/j.marpolbul.2026.120093,30178365958-1,living_res,OCEANIC,O,learning_outcome_signal,ects,marine,,marine_ecological,ects,title,title,a6b5d8b9dcc701caf1e607906c046a209305709504d23a53e173dccb7d7a32fa,cumulative-db-semantic-v1,review_required,metadata_only_limitation
fragment:signal:3105342aeb7ffde76dd83ba0a9f3bcb06579d04029e220960b6390a9bee28898:H3:24af427c9c74,H3,MARINE vs OCEANIC Differential Coverage,H3,signal:3105342aeb7ffde76dd83ba0a9f3bcb06579d04029e220960b6390a9bee28898,evidence:doi:10.1038/s41467-026-75034-4,30178365958-1,living_res,MARINE,M,social_science_skill,public engagement,marine,,marine_ecological,public engagement,title+subject,title+subject,8e3091a5f7b60c65840e0714e8ea703b19ac9e7dde00a08cb0dd24fdb1f7e22d,cumulative-db-semantic-v1,review_required,metadata_only_limitation
fragment:signal:313e9a6d76286dca79481c4a89b215b59575f179f291db9d28017160314544e8:H3:458b928f8100,H3,MARINE vs OCEANIC Differential Coverage,H3,signal:313e9a6d76286dca79481c4a89b215b59575f179f291db9d28017160314544e8,evidence:doi:10.35308/jpp.v12i1.13544,30178365958-1,living_res,OCEANIC,O,policy_regulation_skill,law,marine,,marine_ecological,law,title+subject,title+subject,e7358b76e783707c5e73e24ec79b8f749e94de3fc36af6b1f1042d2fc4ad1798,cumulative-db-semantic-v1,review_required,metadata_only_limitation
fragment:signal:316fae0e6cdcad3edfef6e22b13daff361580f0b67faaaa8ed20886dd74168c5:H3:7f738020d7fc,H3,MARINE vs OCEANIC Differential Coverage,H3,signal:316fae0e6cdcad3edfef6e22b13daff361580f0b67faaaa8ed20886dd74168c5,evidence:doi:10.3390/jmse13010051,30178365958-1,non_living_res,MARINE,M,safety_risk_skill,safety,marine,,marine_ecological,safety,title+subject,title+subject,11b51eb611f0b247c9155a06cdd298fc80686d1cbe9037355cdf5f713ec209e0,cumulative-db-semantic-v1,review_required,metadata_only_limitation
fragment:signal:31818759466ce14f527ebab06d4ae2b5afcd03d0e524d88a396f96362862711c:H3:be214932d7bc,H3,MARINE vs OCEANIC Differential Coverage,H3,signal:31818759466ce14f527ebab06d4ae2b5afcd03d0e524d88a396f96362862711c,evidence:doi:10.3390/pharmaceutics18070895,30178365958-1,living_res,MARINE,M,learning_outcome_signal,ects,marine,,marine_ecological,ects,title+subject,title+subject,dfd395c8705b64a154f9358015444a8120420765889f5e63ded9eaae7386186f,cumulative-db-semantic-v1,review_required,metadata_only_limitation
fragment:signal:3181e3eb5c83f1376b837b2727389429f6d8b2ef45afe21f053c4973154f1f1b:H3:083ade6f4b19,H3,MARINE vs OCEANIC Differential Coverage,H3,signal:3181e3eb5c83f1376b837b2727389429f6d8b2ef45afe21f053c4973154f1f1b,evidence:doi:10.1007/s44327-026-00185-4,30178365958-1,renewable_energy,OCEANIC,O,social_science_skill,community,marine,,marine_ecological,community,title+subject,title+subject,c482bde1be97ffa6945f3ffea07845fdd6f3d02879b09ef35f11bfacca9da331,cumulative-db-semantic-v1,auto_accepted,metadata_only_limitation
fragment:signal:31b48ff736f05850a90d27b60bde1051afcbc496f43fd5b2a03036883c553047:H3:58b5f145377e,H3,MARINE vs OCEANIC Differential Coverage,H3,signal:31b48ff736f05850a90d27b60bde1051afcbc496f43fd5b2a03036883c553047,evidence:doi:10.3389/fmars.2025.1615329,30178365958-1,non_living_res,MARINE,M,policy_regulation_skill,law,marine,,marine_ecological,law,title+subject,title+subject,c06a2ba6aaee1b6f4ea0fc73731bd624ce9d835eed6403cab2efbd1fa144859b,cumulative-db-semantic-v1,review_required,metadata_only_limitation
fragment:signal:31fa0f3e31a945560516b63de5ebc67c92e6b46e18253a2d3ac4784e35a03f61:H3:dd05253c2bb8,H3,MARINE vs OCEANIC Differential Coverage,H3,signal:31fa0f3e31a945560516b63de5ebc67c92e6b46e18253a2d3ac4784e35a03f61,evidence:doi:10.59065/jissr.v6i1.258,30178365958-1,living_res,MARINE,M,policy_regulation_skill,compliance,marine,,marine_ecological,compliance,title+subject,title+subject,64faccd3383cf0ca7be84b9d5e943d7a76c93f9c2a357d3ef943c096a51673bd,cumulative-db-semantic-v1,auto_accepted,metadata_only_limitation
fragment:signal:321404abaaa63033bd36a6afda7ad54cb8f1eb0fc0a81f6157fd39f2e8d9e9c7:H3:d147bd7b592c,H3,MARINE vs OCEANIC Differential Coverage,H3,signal:321404abaaa63033bd36a6afda7ad54cb8f1eb0fc0a81f6157fd39f2e8d9e9c7,evidence:doi:10.1111/1468-2230.12923,30178365958-1,non_living_res,MARINE,M,policy_regulation_skill,law,marine,,marine_ecological,law,title+subject,title+subject,32bfb29588b483cc12109d2108ab6bdbaf77c0d24f0c221b025a47cecd2c3112,cumulative-db-semantic-v1,review_required,metadata_only_limitation
fragment:signal:328c94c9bb1c37c024a010a55b5c5add643a34a4bbb058622aa5c00cc4c6c051:H1:b6e404b70fe2,H1,Maritimisation Shift,H1,signal:328c94c9bb1c37c024a010a55b5c5add643a34a4bbb058622aa5c00cc4c6c051,evidence:doi:10.3389/fmars.2026.1828983,30178365958-1,renewable_energy,MARITIME,T,sustainability_skill,climate,oceanic,,oceanic_governance,climate,title+subject,title+subject,aec0f7d869ab69c89c5b96bdbcd5d07a0dfb2d0ea089c846734c80505946b59d,cumulative-db-semantic-v1,auto_accepted,metadata_only_limitation
fragment:signal:328fa5414fbcb54ed22fecd7d97d928dc785964e6045997301de242e77a81191:H3:ea2add178c00,H3,MARINE vs OCEANIC Differential Coverage,H3,signal:328fa5414fbcb54ed22fecd7d97d928dc785964e6045997301de242e77a81191,evidence:doi:10.1017/sus.2026.10075,30178365958-1,non_living_res,MARINE,M,safety_risk_skill,risk,marine,,marine_ecological,risk,title+subject,title+subject,d274e6f9c42531907366fdcc3da6af4d71e22352c6589cb5330c936eb7ce8eac,cumulative-db-semantic-v1,review_required,metadata_only_limitation
fragment:signal:329edba7941ae6783782bbf148f5cd55923e8556a046113ccc1d7f8f3eb19344:H3:09941f9957c0,H3,MARINE vs OCEANIC Differential Coverage,H3,signal:329edba7941ae6783782bbf148f5cd55923e8556a046113ccc1d7f8f3eb19344,evidence:doi:10.12957/rmi.2025.86287,30178365958-1,living_res,OCEANIC,O,policy_regulation_skill,law,marine,,marine_ecological,law,title+subject,title+subject,5c6a6f5e0051ea36aed6c38474ff1835db6884cebe29d0bbde19032aa621fa81,cumulative-db-semantic-v1,review_required,metadata_only_limitation
fragment:signal:32efa0e42adeb43c9d41d4bcce05c32044e344a10c5c14996bfa392797d79936:H3:141e7384b1d3,H3,MARINE vs OCEANIC Differential Coverage,H3,signal:32efa0e42adeb43c9d41d4bcce05c32044e344a10c5c14996bfa392797d79936,evidence:doi:10.55324/enrichment.v4i2.667,30178365958-1,coastal_tourism,OCEANIC,O,sustainability_skill,sustainability,marine,,marine_ecological,sustainability,title+subject,title+subject,5631328b30051ac7504e417b557d738bb80ecfeb085da2589c618190241f7340,cumulative-db-semantic-v1,review_required,metadata_only_limitation
fragment:signal:3367fb7a5e68db3f9c9b4759e4d82dbff3d71fbe7a9a46a47838639c8e217d29:H3:8f857df7fced,H3,MARINE vs OCEANIC Differential Coverage,H3,signal:3367fb7a5e68db3f9c9b4759e4d82dbff3d71fbe7a9a46a47838639c8e217d29,evidence:doi:10.1007/s11625-026-01820-0,30178365958-1,blue_biotech,MARINE,M,sustainability_skill,sustainability,marine,,marine_ecological,sustainability,title+subject,title+subject,45d08968a1414e2f2a088d02e0d4042e4496ed6d5f8226eec1050b9021f1ac79,cumulative-db-semantic-v1,review_required,metadata_only_limitation
fragment:signal:33689d1ad5cb5bcb496759f8593edf4dad844076cdbb5311cf214997c137bc2d:H3:e181e562fa3b,H3,MARINE vs OCEANIC Differential Coverage,H3,signal:33689d1ad5cb5bcb496759f8593edf4dad844076cdbb5311cf214997c137bc2d,evidence:doi:10.31940/ijaste.v10i1.33-55,30178365958-1,r_i,OCEANIC,O,sustainability_skill,sustainable,marine,,marine_ecological,sustainable,title+subject,title+subject,4799eed07732bd540f0cf0c6cfff47c8947428f16345e33e96572a9996c39bcf,cumulative-db-semantic-v1,review_required,metadata_only_limitation
fragment:signal:3373ab263395700a5fb7d2de2720122f8632b5173856d2110146ab89e2e9ba80:H3:48918b288bc3,H3,MARINE vs OCEANIC Differential Coverage,H3,signal:3373ab263395700a5fb7d2de2720122f8632b5173856d2110146ab89e2e9ba80,evidence:doi:10.13189/eer.2026.140306,30178365958-1,coastal_tourism,OCEANIC,O,social_science_skill,community,marine,,marine_ecological,community,title+subject,title+subject,9c03fd528d668ae655ee4c7e8b5d71af36dab3bf5771545913b6ad529a78887b,cumulative-db-semantic-v1,review_required,metadata_only_limitation
fragment:signal:33a1600a9672f4b370e0c0483c25cfe3e79aab978693fb15fe5879e777ed4d9c:H3:900c81e6e4e6,H3,MARINE vs OCEANIC Differential Coverage,H3,signal:33a1600a9672f4b370e0c0483c25cfe3e79aab978693fb15fe5879e777ed4d9c,evidence:doi:10.3389/fmars.2026.1849663,30178365958-1,non_living_res,MARINE,M,technical_skill,engineering,marine,,marine_ecological,engineering,title+subject,title+subject,ca7d52526289cf63946e4d389ba4a707206740ea212be09827caaf52d6e59c16,cumulative-db-semantic-v1,review_required,metadata_only_limitation
fragment:signal:33e544bcc6839c7d011b17b4d37dfe45a57909e7a0e2fb9b20bf3f9477e413d8:H3:7726916cee1f,H3,MARINE vs OCEANIC Differential Coverage,H3,signal:33e544bcc6839c7d011b17b4d37dfe45a57909e7a0e2fb9b20bf3f9477e413d8,evidence:doi:10.3389/fmars.2026.1840767,30178365958-1,living_res,MARINE,M,policy_regulation_skill,legal,marine,,marine_ecological,legal,title+subject,title+subject,03429ef878e436e36fd704b0d59d07c681833fec636a1d50d825ab533d4ba33a,cumulative-db-semantic-v1,review_required,metadata_only_limitation
fragment:signal:346b2380ef634bf7aeb79c996f7a610238da82f240a232f6ce99993a95c7e971:H3:fe197364ce79,H3,MARINE vs OCEANIC Differential Coverage,H3,signal:346b2380ef634bf7aeb79c996f7a610238da82f240a232f6ce99993a95c7e971,evidence:doi:10.47963/ucclj.v5i1.2059,30178365958-1,non_living_res,MARINE,M,policy_regulation_skill,regulatory,marine,,marine_ecological,regulatory,title+subject,title+subject,9c82084d89d01c9193bca956aaf16a269c91b64d878a6c3c76132bf1011e30df,cumulative-db-semantic-v1,review_required,metadata_only_limitation
fragment:signal:346efa52407d5ae8d7b763470e38223fcbd8a330d524e69eaf5e02faec6cf065:H3:46b4e41af70c,H3,MARINE vs OCEANIC Differential Coverage,H3,signal:346efa52407d5ae8d7b763470e38223fcbd8a330d524e69eaf5e02faec6cf065,evidence:doi:10.20900/jsr20260034,30178365958-1,renewable_energy,OCEANIC,O,governance_skill,governance,ecological,,marine_ecological,governance,title+subject,title+subject,3618e36b4a9cf53620e3a3678a87251ba25f07ae620709310f331b2cf29a0e0d,cumulative-db-semantic-v1,auto_accepted,metadata_only_limitation
fragment:signal:350a9fa0110550f71b9984b0755fa561a026f4ceba3256153bcf5db31535d078:H3:05dc42cc2824,H3,MARINE vs OCEANIC Differential Coverage,H3,signal:350a9fa0110550f71b9984b0755fa561a026f4ceba3256153bcf5db31535d078,evidence:doi:10.3390/jmse14080732,30178365958-1,living_res,MARINE,M,sustainability_skill,sustainability,marine,,marine_ecological,sustainability,title+subject,title+subject,d52fbd07d071175bd8f52de241ac9adc2f87d774a714fa53bdc26303c99f46fa,cumulative-db-semantic-v1,auto_accepted,metadata_only_limitation
fragment:signal:3522bfca878021800b8f16452e9ba20ca4414469069f945b861e762e923af2d0:H3:5e2e047c52ba,H3,MARINE vs OCEANIC Differential Coverage,H3,signal:3522bfca878021800b8f16452e9ba20ca4414469069f945b861e762e923af2d0,evidence:doi:10.1080/18366503.2026.2672846,30178365958-1,coastal_tourism,OCEANIC,O,social_science_skill,social science,marine,,marine_ecological,social science,title+subject,title+subject,c0f1f802ae15b63eb26bc6a01583a0f64bf886b47e04d764df910692e2811bae,cumulative-db-semantic-v1,review_required,metadata_only_limitation
fragment:signal:35281c5ab034d15e2d79057469d50a4d69fcf233cb6387641956393d24b65865:H3:3e4738e88cd3,H3,MARINE vs OCEANIC Differential Coverage,H3,signal:35281c5ab034d15e2d79057469d50a4d69fcf233cb6387641956393d24b65865,evidence:doi:10.3390/environments12120483,30178365958-1,living_res,MARINE,M,policy_regulation_skill,regulation,marine,,marine_ecological,regulation,title+subject,title+subject,0182dae14e9eee4346f3fa0ba4bb3b8c0a325491eabf226bc1f10a2cd9fc6bf0,cumulative-db-semantic-v1,review_required,metadata_only_limitation
fragment:signal:353ab41d90ee30abf2c1c0876e749c4d437280fc0aa9f45757aadb14eaaa2477:H3:ca3d948cf024,H3,MARINE vs OCEANIC Differential Coverage,H3,signal:353ab41d90ee30abf2c1c0876e749c4d437280fc0aa9f45757aadb14eaaa2477,evidence:doi:10.21203/rs.3.rs-10190204/v1,30178365958-1,coastal_tourism,OCEANIC,O,governance_skill,governance,marine,,marine_ecological,governance,title+subject,title+subject,af9013b9454353ba2a98083d478fb1487dd5f1d2fd652b16999e8d46f31dc746,cumulative-db-semantic-v1,review_required,metadata_only_limitation
fragment:signal:3583641207a9233d83c51b476d6c27cd9f5265b67a18c5b6e300cbd7afbda9d3:H3:cd13442f9686,H3,MARINE vs OCEANIC Differential Coverage,H3,signal:3583641207a9233d83c51b476d6c27cd9f5265b67a18c5b6e300cbd7afbda9d3,evidence:doi:10.1177/00469580261428378,30178365958-1,living_res,MARINE,M,policy_regulation_skill,law,ecological,,marine_ecological,law,title+subject,title+subject,9ad0e3f2c2aebf74703756a8b66d0f88a5e4636593ae9e504479ecc413cf8cb4,cumulative-db-semantic-v1,review_required,metadata_only_limitation
fragment:signal:36116f5e511e406955ae7cf02ff399ef76955c6c0954841e905f202b84c4558f:H3:b4e4ddd2cf30,H3,MARINE vs OCEANIC Differential Coverage,H3,signal:36116f5e511e406955ae7cf02ff399ef76955c6c0954841e905f202b84c4558f,evidence:doi:10.3390/jmse13050855,30178365958-1,non_living_res,MARINE,M,technical_skill,technology,marine,,marine_ecological,technology,title+subject,title+subject,9083523668a53108b8a81fc4d871af096b9ba0669622b023226302be278e3c64,cumulative-db-semantic-v1,review_required,metadata_only_limitation
fragment:signal:36b41fcaea2409e056d833ebece1093279e48993502398bbe5860a842457f3c5:H3:13d43519a6f2,H3,MARINE vs OCEANIC Differential Coverage,H3,signal:36b41fcaea2409e056d833ebece1093279e48993502398bbe5860a842457f3c5,evidence:doi:10.46830/wriwp.25.00108,30178365958-1,coastal_tourism,OCEANIC,O,governance_skill,governance,marine,,marine_ecological,governance,title+subject,title+subject,6bbd1033fe0a2fe628f14b42bfa8317eecd6219eb2a58bf2f3c5bc14945945c5,cumulative-db-semantic-v1,review_required,metadata_only_limitation
fragment:signal:36d197799d38e2dcd903d63664f134476461acebf1bfffd4bf7667d88982d5e9:H3:b38ce534e945,H3,MARINE vs OCEANIC Differential Coverage,H3,signal:36d197799d38e2dcd903d63664f134476461acebf1bfffd4bf7667d88982d5e9,evidence:doi:10.63721/25jsea0105,30178365958-1,blue_biotech,MARINE,M,learning_outcome_signal,ects,ecological,,marine_ecological,ects,title+subject,title+subject,b63db55b69acc4c5ccebbd549ac9930dcb210e2581d6cb29fffc8a42ad4ae64f,cumulative-db-semantic-v1,review_required,metadata_only_limitation
fragment:signal:36f5571022cdda4f63ab455c0afbce44997bfeea00b9c7d5e4b4553af7506828:H3:f2af05d75c24,H3,MARINE vs OCEANIC Differential Coverage,H3,signal:36f5571022cdda4f63ab455c0afbce44997bfeea00b9c7d5e4b4553af7506828,evidence:doi:10.3390/su151410921,30178365958-1,non_living_res,MARINE,M,governance_skill,governance,marine,,marine_ecological,governance,title+subject,title+subject,b94049fef2cdc75be903f5461bb7ec706679b74ce659dd81481ff5100b4efa0b,cumulative-db-semantic-v1,auto_accepted,metadata_only_limitation
fragment:signal:3731e40fb579ef2c253ae13483c304f075c3561c877ce2a54c4d77b9e41e63cb:H3:d80aff344078,H3,MARINE vs OCEANIC Differential Coverage,H3,signal:3731e40fb579ef2c253ae13483c304f075c3561c877ce2a54c4d77b9e41e63cb,evidence:doi:10.3389/fmars.2026.1871260,30178365958-1,coastal_tourism,OCEANIC,O,learning_outcome_signal,ects,marine,,marine_ecological,ects,title+subject,title+subject,e99f69e535a96038b18de8f20bc5d330cef4d7023332592af0e668fd03725a9e,cumulative-db-semantic-v1,review_required,metadata_only_limitation
fragment:signal:375f3e4372c56d5478ce677d10c3a0117e17bfc8685376057999bbd372a011a9:H3:0c1142e09a2d,H3,MARINE vs OCEANIC Differential Coverage,H3,signal:375f3e4372c56d5478ce677d10c3a0117e17bfc8685376057999bbd372a011a9,evidence:doi:10.47772/ijriss.2026.100300203,30178365958-1,non_living_res,OCEANIC,O,sustainability_skill,sustainable,marine,,marine_ecological,sustainable,title+subject,title+subject,015a73574818af0a6ccf7c789ad5a878c0611b954c037220db2e472ead3592ba,cumulative-db-semantic-v1,auto_accepted,metadata_only_limitation
fragment:signal:3769271b499591a041a12b64b4542db003a3d3963eabd8015d343896ec4b9d19:H3:c738e4a88342,H3,MARINE vs OCEANIC Differential Coverage,H3,signal:3769271b499591a041a12b64b4542db003a3d3963eabd8015d343896ec4b9d19,evidence:doi:10.1016/j.marpol.2020.104158,30178365958-1,r_i,OCEANIC,O,governance_skill,governance,marine,,marine_ecological,governance,title,title,ff49d3d0844dbe5cb7f8a3cf579da901ebd627af38d2ef790768daff0eb90499,cumulative-db-semantic-v1,review_required,metadata_only_limitation
fragment:signal:377817f9cad87c9c3c3ce485685568e3c7f94eac8e36529489cfa1988f48d032:H3:054bb5f9e675,H3,MARINE vs OCEANIC Differential Coverage,H3,signal:377817f9cad87c9c3c3ce485685568e3c7f94eac8e36529489cfa1988f48d032,evidence:doi:10.61255/jeemba.v4i3.865,30178365958-1,coastal_tourism,OCEANIC,O,governance_skill,governance,marine,,marine_ecological,governance,title+subject,title+subject,90d17fbd79db62a5ccbc086c87ae0373aae3ba5d55340b18876cb986cec2b64b,cumulative-db-semantic-v1,review_required,metadata_only_limitation
fragment:signal:37cd1ff3799ea8f5546fa172b9af3c6b3f7342c4489700f0ffcd590bd91f796e:H3:4ce9dc9eadb1,H3,MARINE vs OCEANIC Differential Coverage,H3,signal:37cd1ff3799ea8f5546fa172b9af3c6b3f7342c4489700f0ffcd590bd91f796e,evidence:doi:10.24034/j25485024.y2025.v9.i4.7492,30178365958-1,blue_biotech,OCEANIC,O,governance_skill,governance,marine,,marine_ecological,governance,title+subject,title+subject,aa561d9d219dcbddfc5fde798bfcb1cbb46f7423da7aa8e92e48aae2653da1ad,cumulative-db-semantic-v1,auto_accepted,metadata_only_limitation
fragment:signal:37cfbb5d4607577022b9faee57d337f79e8ccadc762855b81f62c9c6dd6f4edd:H3:45a9cbcf89be,H3,MARINE vs OCEANIC Differential Coverage,H3,signal:37cfbb5d4607577022b9faee57d337f79e8ccadc762855b81f62c9c6dd6f4edd,evidence:doi:10.63654/icms.2026.03001,30178365958-1,blue_biotech,MARINE,M,sustainability_skill,sustainability,marine,,marine_ecological,sustainability,title+subject,title+subject,4cb4e4a22dd14f3afa8829d879fa1cf2d7c5d2b092d6f53f25a36b8aa466cf74,cumulative-db-semantic-v1,auto_accepted,metadata_only_limitation
fragment:signal:37ecea16bd0937d942a0db912ee3c7ede992f95d8d4c859b3350128a6a5828b6:H3:4b41c4879189,H3,MARINE vs OCEANIC Differential Coverage,H3,signal:37ecea16bd0937d942a0db912ee3c7ede992f95d8d4c859b3350128a6a5828b6,evidence:doi:10.31572/inotera.vol11.iss1.2026.id678,30178365958-1,coastal_tourism,OCEANIC,O,sustainability_skill,sustainability,marine,,marine_ecological,sustainability,title+subject,title+subject,9ecb6eac47206234fc97d5b843f75af5901e57811fe52fec96779619a1d2368b,cumulative-db-semantic-v1,review_required,metadata_only_limitation
fragment:signal:380db6c31fe96a1109c3906cccec8543f11645eb5e9e1c8e147028138c4efc69:H3:7349d9972f8d,H3,MARINE vs OCEANIC Differential Coverage,H3,signal:380db6c31fe96a1109c3906cccec8543f11645eb5e9e1c8e147028138c4efc69,evidence:doi:10.3390/land15071259,30178365958-1,non_living_res,MARINE,M,governance_skill,governance,marine,,marine_ecological,governance,title+subject,title+subject,239ce01d1440c1e5c7e7aabf6b9f58f2b21e4d874821b3c100dcf1fc52a80f15,cumulative-db-semantic-v1,auto_accepted,metadata_only_limitation
fragment:signal:387bf1d41eee974d9dd93826fe029c913d7d29c4941d724dfbc97ba35f0056a8:H3:88a6cad9cf46,H3,MARINE vs OCEANIC Differential Coverage,H3,signal:387bf1d41eee974d9dd93826fe029c913d7d29c4941d724dfbc97ba35f0056a8,evidence:doi:10.3390/systems14070880,30178365958-1,r_i,OCEANIC,O,sustainability_skill,sustainability,ecological,,marine_ecological,sustainability,title+subject,title+subject,8a475dc9ef0b32ee488b1838d3f1ce41eaf523c3e6acf161391a5aa2d058d071,cumulative-db-semantic-v1,auto_accepted,metadata_only_limitation
fragment:signal:3894aa41b40a89981ebae4f83b369261ee48123fcc78d7d60d55dc49e2fbafb4:H3:ec7e5f407509,H3,MARINE vs OCEANIC Differential Coverage,H3,signal:3894aa41b40a89981ebae4f83b369261ee48123fcc78d7d60d55dc49e2fbafb4,evidence:doi:10.3389/fmars.2026.1845661,30178365958-1,r_i,OCEANIC,O,governance_skill,governance,marine,,marine_ecological,governance,title+subject,title+subject,cbf7f16299f1e02564ec9539e9c8ccf295a74d8b1f48bd6e94796f199083f52f,cumulative-db-semantic-v1,auto_accepted,metadata_only_limitation
fragment:signal:38af3d5881db084e4d0b3363b4167f5a62dd5808754e6ff306ee0f1b2cb43eca:H3:eba4c44213a1,H3,MARINE vs OCEANIC Differential Coverage,H3,signal:38af3d5881db084e4d0b3363b4167f5a62dd5808754e6ff306ee0f1b2cb43eca,evidence:doi:10.1080/1088937x.2026.2645538,30178365958-1,non_living_res,MARINE,M,safety_risk_skill,safety,marine,,marine_ecological,safety,title+subject,title+subject,dcb96622304f18839846d0858fdf741f1cb12c471779a49dd813ad5645f7a0c8,cumulative-db-semantic-v1,auto_accepted,metadata_only_limitation
fragment:signal:38e22ded329ce4e7b92ffda717058c6015fd7102acf8a37c655d6eb824e0bcd1:H3:60d267227ead,H3,MARINE vs OCEANIC Differential Coverage,H3,signal:38e22ded329ce4e7b92ffda717058c6015fd7102acf8a37c655d6eb824e0bcd1,evidence:doi:10.3389/fmars.2026.1873739,30178365958-1,blue_biotech,MARINE,M,digital_skill,digital,marine,,marine_ecological,digital,title+subject,title+subject,e94fa453c8d1419281180cee3123b12148e6afc614eeb545383522010faaa55e,cumulative-db-semantic-v1,auto_accepted,metadata_only_limitation
fragment:signal:393bea2289bb026a8d3c04f3050a1f4fb9d68291ff9e139cfd38da98aab1b29a:H3:3339456ceaa5,H3,MARINE vs OCEANIC Differential Coverage,H3,signal:393bea2289bb026a8d3c04f3050a1f4fb9d68291ff9e139cfd38da98aab1b29a,evidence:doi:10.3390/su18126116,30178365958-1,coastal_tourism,OCEANIC,O,governance_skill,governance,marine,,marine_ecological,governance,title+subject,title+subject,1f62ab1a38e9fa2f8cbaa6dcd0ff9388d907bb28c4aba23da3aabbbd656107ff,cumulative-db-semantic-v1,review_required,metadata_only_limitation
fragment:signal:394631132a10dcdfa6aa0dab554de1ea9f8c374f402f6fd49ccc991ab5b55afc:H3:0a61d49ad22f,H3,MARINE vs OCEANIC Differential Coverage,H3,signal:394631132a10dcdfa6aa0dab554de1ea9f8c374f402f6fd49ccc991ab5b55afc,evidence:doi:10.62567/micjo.v3i3.2666,30178365958-1,living_res,MARINE,M,governance_skill,policy,marine,,marine_ecological,policy,title+subject,title+subject,d3f4a8a502ec2e13e68c64abda7723b92c9288f8fe8a07346bd5d7243747223a,cumulative-db-semantic-v1,auto_accepted,metadata_only_limitation
fragment:signal:399ae1bff9afaf04d942dc4b97b9df12b8a0ba3e90b008bbd94035239845bbeb:H3:5de39606284a,H3,MARINE vs OCEANIC Differential Coverage,H3,signal:399ae1bff9afaf04d942dc4b97b9df12b8a0ba3e90b008bbd94035239845bbeb,evidence:doi:10.1016/j.marpol.2022.105219,30178365958-1,living_res,MARINE,M,sustainability_skill,sustainable,marine,,marine_ecological,sustainable,title,title,658707ba0a4df57978b09fe8586cce6ee55ebcee6533bc0c57c78b451d8d4c13,cumulative-db-semantic-v1,review_required,metadata_only_limitation
fragment:signal:39b6582754a81c9b2afef09746f6606ac43ed9b98d373c5b80d61cb5ae7fc428:H3:2c87820a6ed7,H3,MARINE vs OCEANIC Differential Coverage,H3,signal:39b6582754a81c9b2afef09746f6606ac43ed9b98d373c5b80d61cb5ae7fc428,evidence:doi:10.31230/osf.io/n3ms9,30178365958-1,blue_biotech,MARINE,M,social_science_skill,sociology,marine,,marine_ecological,sociology,title+subject,title+subject,630d0b96874d6f67da17fb53234cc6b1765e5293f92872e11f1f27e57b5c32a4,cumulative-db-semantic-v1,review_required,metadata_only_limitation
fragment:signal:39b9aa76989b7dd28e7d28f5be8fc022db5130d990d9b1dfbb526238aed78195:H1:fed79bff27cb,H1,Maritimisation Shift,H1,signal:39b9aa76989b7dd28e7d28f5be8fc022db5130d990d9b1dfbb526238aed78195,evidence:doi:10.1016/j.marpol.2024.106213,30178365958-1,maritime_defence,MARITIME,T,governance_skill,governance,ocean governance,,oceanic_governance,governance,title+subject,title+subject,f9dd3b63a12461b5450b6e79a7571333d352093254fee1dd570c57baed824f5f,cumulative-db-semantic-v1,auto_accepted,metadata_only_limitation
fragment:signal:39fb036fa4693ec289b866129ecf21717ed1489d45204d4372110a96848fed4b:H3:91d22a2d422b,H3,MARINE vs OCEANIC Differential Coverage,H3,signal:39fb036fa4693ec289b866129ecf21717ed1489d45204d4372110a96848fed4b,evidence:doi:10.31219/osf.io/ypxds,30178365958-1,non_living_res,MARINE,M,sustainability_skill,sustainability,marine,,marine_ecological,sustainability,title+subject,title+subject,18950bef1eee3cc63c37c59aebe71e852ab02e2023479bccc6fc87021688bedf,cumulative-db-semantic-v1,review_required,metadata_only_limitation
fragment:signal:3a191d61eb704ecdcd62c32225e596df018b3f30a6beda3394ccf50811864831:H3:948829332301,H3,MARINE vs OCEANIC Differential Coverage,H3,signal:3a191d61eb704ecdcd62c32225e596df018b3f30a6beda3394ccf50811864831,evidence:doi:10.26858/xts2c454,30178365958-1,living_res,MARINE,M,safety_risk_skill,emergency,marine,,marine_ecological,emergency,title+subject,title+subject,f48cc61246d70d3a26cbc3948d407695c4c00043d18c9ec07552113c32b1cc8e,cumulative-db-semantic-v1,auto_accepted,metadata_only_limitation
fragment:signal:3a459e5f54e470dac1888ac9985730dc577ed8d594bc95aa2617002dafb2a52a:H3:52e697c706c1,H3,MARINE vs OCEANIC Differential Coverage,H3,signal:3a459e5f54e470dac1888ac9985730dc577ed8d594bc95aa2617002dafb2a52a,evidence:doi:10.20900/jsr20260034,30178365958-1,renewable_energy,OCEANIC,O,policy_regulation_skill,law,ecological,,marine_ecological,law,title+subject,title+subject,3618e36b4a9cf53620e3a3678a87251ba25f07ae620709310f331b2cf29a0e0d,cumulative-db-semantic-v1,auto_accepted,metadata_only_limitation
fragment:signal:3a665cd2880aef9cf803bbfe54e32d1b1cd10036f24115f183a8a8fdf384563d:H3:95e73ebc8225,H3,MARINE vs OCEANIC Differential Coverage,H3,signal:3a665cd2880aef9cf803bbfe54e32d1b1cd10036f24115f183a8a8fdf384563d,evidence:doi:10.1007/s00267-026-02515-z,30178365958-1,coastal_tourism,OCEANIC,O,learning_outcome_signal,ects,marine,,marine_ecological,ects,title+subject,title+subject,e834dac87ed1b8be580f602cad5f61bc778e2c1ba7972f51549877a70aa9b00a,cumulative-db-semantic-v1,review_required,metadata_only_limitation
fragment:signal:3b63334b4e0cf3f22ce2a972fbdae5f28f76a9c5a7e88af2c33adbed8fa9aa4c:H3:46239428d5a4,H3,MARINE vs OCEANIC Differential Coverage,H3,signal:3b63334b4e0cf3f22ce2a972fbdae5f28f76a9c5a7e88af2c33adbed8fa9aa4c,evidence:doi:10.3390/w17030444,30178365958-1,non_living_res,MARINE,M,policy_regulation_skill,law,marine,,marine_ecological,law,title+subject,title+subject,912939086c2ca4e283133a9c249f39aabae48f8c0dff91cdaa12ff44f0a97949,cumulative-db-semantic-v1,auto_accepted,metadata_only_limitation
fragment:signal:3b74900060220c8e452274210a2fe000fcc2789e9abe19fcafb3f857d325f0a7:H1:579ec32449fb,H1,Maritimisation Shift,H1,signal:3b74900060220c8e452274210a2fe000fcc2789e9abe19fcafb3f857d325f0a7,evidence:doi:10.1016/j.marpol.2024.106213,30178365958-1,maritime_defence,MARITIME,T,sustainability_skill,sustainable,ocean governance,,oceanic_governance,sustainable,title+subject,title+subject,f9dd3b63a12461b5450b6e79a7571333d352093254fee1dd570c57baed824f5f,cumulative-db-semantic-v1,auto_accepted,metadata_only_limitation
fragment:signal:3b81e4fb9e5bfeeaa5d8bffa3ea8ef8338f98ff02ad697ac7368793b6987c687:H3:808c261320c3,H3,MARINE vs OCEANIC Differential Coverage,H3,signal:3b81e4fb9e5bfeeaa5d8bffa3ea8ef8338f98ff02ad697ac7368793b6987c687,evidence:doi:10.1016/j.aquatox.2026.107921,30178365958-1,blue_biotech,OCEANIC,O,safety_risk_skill,risk,marine,,marine_ecological,risk,title,title,5f00b8a2446d94c9c0b3819b0375b9fad0e0396ad55c31f4b9d23c5987028764,cumulative-db-semantic-v1,review_required,metadata_only_limitation
fragment:signal:3b9059d2c21bf3cf4f992f2a453401eac3cc62bf4a9e2954c7e574fa1b5f7853:H3:7de84bed9fbe,H3,MARINE vs OCEANIC Differential Coverage,H3,signal:3b9059d2c21bf3cf4f992f2a453401eac3cc62bf4a9e2954c7e574fa1b5f7853,evidence:doi:10.20944/preprints202410.1422.v2,30178365958-1,non_living_res,MARINE,M,governance_skill,governance,marine,,marine_ecological,governance,title+subject,title+subject,6a0a1ec84d8fbbb47d0895090978c5f1a26e1f092da46f08fc0518dba204dc57,cumulative-db-semantic-v1,auto_accepted,metadata_only_limitation
fragment:signal:3b93fb2c1e40f344ea3822b4c6cde145500488c673ede0f5f1d62fa00c089814:H3:7b06f5d64ebc,H3,MARINE vs OCEANIC Differential Coverage,H3,signal:3b93fb2c1e40f344ea3822b4c6cde145500488c673ede0f5f1d62fa00c089814,evidence:doi:10.3390/bacteria5010012,30178365958-1,blue_biotech,MARINE,M,technical_skill,engineering,ecological,,marine_ecological,engineering,title+subject,title+subject,8de90174fcd387f5678588ecff27ab25b04f72c68cb75caf14bdb0ecd9b74380,cumulative-db-semantic-v1,review_required,metadata_only_limitation
fragment:signal:3bb05d8d38f732cf7a2578d97ac877ba11ee908cea0271ba5eea080e050a0e2f:H3:fe72d833336d,H3,MARINE vs OCEANIC Differential Coverage,H3,signal:3bb05d8d38f732cf7a2578d97ac877ba11ee908cea0271ba5eea080e050a0e2f,evidence:doi:10.1017/9781009651110,30178365958-1,non_living_res,MARINE,M,governance_skill,policy,marine,,marine_ecological,policy,title+subject,title+subject,ccaca05325bc7f1b1dec9e5914386bb7048005bde5a760d883ef2797a181d8c4,cumulative-db-semantic-v1,review_required,metadata_only_limitation
fragment:signal:3bc4bffaa40c9275057777de620aeb99eee6908eb22e59dcc8aa2225d30b3193:H3:7b72bc9e9f9c,H3,MARINE vs OCEANIC Differential Coverage,H3,signal:3bc4bffaa40c9275057777de620aeb99eee6908eb22e59dcc8aa2225d30b3193,evidence:doi:10.65150/ep-jsshrs/v2e6/2026-14,30178365958-1,coastal_tourism,OCEANIC,O,social_science_skill,community,ecological,,marine_ecological,community,title+subject,title+subject,dd3e0ce0a1c2a82a320bfcf5ef0a9f1d003905668b5ee9861b58d2ba239d9f6f,cumulative-db-semantic-v1,review_required,metadata_only_limitation
fragment:signal:3bcd2eff489afc05e18d3dd41f95647d897b204414049539d1d6f5c74fa491dc:H3:3980b54249dc,H3,MARINE vs OCEANIC Differential Coverage,H3,signal:3bcd2eff489afc05e18d3dd41f95647d897b204414049539d1d6f5c74fa491dc,evidence:doi:10.1016/j.onehlt.2025.100972,30178365958-1,living_res,OCEANIC,O,social_science_skill,sociology,marine,,marine_ecological,sociology,title+subject,title+subject,0c645993030df42db7c52bcf5798bc1edb9aabbca37f9cd8113f6df0c23c097a,cumulative-db-semantic-v1,review_required,metadata_only_limitation
fragment:signal:3bebee5e0515cf199dc62094b034e9a75a0a2af63aec4c8dd6a6d6c6f93c9164:H3:13d767c2e841,H3,MARINE vs OCEANIC Differential Coverage,H3,signal:3bebee5e0515cf199dc62094b034e9a75a0a2af63aec4c8dd6a6d6c6f93c9164,evidence:doi:10.1016/j.marpol.2026.107171,30178365958-1,coastal_tourism,OCEANIC,O,governance_skill,governance,marine,,marine_ecological,governance,title,title,2352b67bf99b4f8d4f7895447ab10dc57ab814312a2c84bed26529ecd1dcc704,cumulative-db-semantic-v1,review_required,metadata_only_limitation
fragment:signal:3c216ff45a23dcc9da92f289c69330732b2821c9a123bf189b501e0e9e74e2a0:H3:1c027b9680f8,H3,MARINE vs OCEANIC Differential Coverage,H3,signal:3c216ff45a23dcc9da92f289c69330732b2821c9a123bf189b501e0e9e74e2a0,evidence:doi:10.1007/978-3-031-71322-4,30178365958-1,non_living_res,MARINE,M,governance_skill,governance,marine,,marine_ecological,governance,title+subject,title+subject,8188f0a380f0ac434483d06a5af23707c1d19445edc82228a49807ef3837bf41,cumulative-db-semantic-v1,auto_accepted,metadata_only_limitation
fragment:signal:3c56bcd863ca50ec07c1dd036bade29820609f65f18d94f9baa416c3bdc26919:H1:29f0919bf556,H1,Maritimisation Shift,H1,signal:3c56bcd863ca50ec07c1dd036bade29820609f65f18d94f9baa416c3bdc26919,evidence:doi:10.1177/1035304620981374,30178365958-1,maritime_transport,MARITIME,T,safety_risk_skill,safety,maritime labour,,maritime_dominance,safety,title,title,27b3fc6eed2ba84535c879b1959ef539e5bb3c6932f85fcd25e809733feca9c7,cumulative-db-semantic-v1,review_required,metadata_only_limitation
fragment:signal:3c698c6253d9fd7658ac32e28915e311fafbfd6cffe1551ee2c16d8f2401d1c1:H3:f30de53ef0a3,H3,MARINE vs OCEANIC Differential Coverage,H3,signal:3c698c6253d9fd7658ac32e28915e311fafbfd6cffe1551ee2c16d8f2401d1c1,evidence:doi:10.1016/j.marpol.2023.105958,30178365958-1,coastal_tourism,OCEANIC,O,governance_skill,governance,marine,,marine_ecological,governance,title,title,1e3c556c9a2c2f84c83f5ddbac92a381005b5a9399976787933628dd80aeea5f,cumulative-db-semantic-v1,review_required,metadata_only_limitation
fragment:signal:3c987988f6414e0a3e670ce4f0f65643933ffccd43e36fad495f254e43548c07:H3:c37fa9f22d8e,H3,MARINE vs OCEANIC Differential Coverage,H3,signal:3c987988f6414e0a3e670ce4f0f65643933ffccd43e36fad495f254e43548c07,evidence:doi:10.3389/fmars.2026.1871260,30178365958-1,coastal_tourism,OCEANIC,O,sustainability_skill,sustainability,marine,,marine_ecological,sustainability,title+subject,title+subject,e99f69e535a96038b18de8f20bc5d330cef4d7023332592af0e668fd03725a9e,cumulative-db-semantic-v1,review_required,metadata_only_limitation
fragment:signal:3cabbea135909c114a31f01af0c3a00d86723b9a10757d9830c3b7741aae36c1:H3:9b25e8e9467a,H3,MARINE vs OCEANIC Differential Coverage,H3,signal:3cabbea135909c114a31f01af0c3a00d86723b9a10757d9830c3b7741aae36c1,evidence:doi:10.3389/fmars.2025.1488879,30178365958-1,non_living_res,MARINE,M,sustainability_skill,sustainable,marine,,marine_ecological,sustainable,title+subject,title+subject,3eb2e9115c265aa144945e211d70c537f4995ada0f7b77cd331fa173177b5048,cumulative-db-semantic-v1,review_required,metadata_only_limitation
fragment:signal:3cae9b7fa0315439604483eaea521b210af96cf159912cc7ffd44289f07c633d:H3:fb220301bd37,H3,MARINE vs OCEANIC Differential Coverage,H3,signal:3cae9b7fa0315439604483eaea521b210af96cf159912cc7ffd44289f07c633d,evidence:doi:10.3390/su18136780,30178365958-1,coastal_tourism,OCEANIC,O,learning_outcome_signal,ects,planetary,,oceanic_planetary,ects,title+subject,title+subject,89bdce7cf5c6acd2c8ff893fa546278b33876355fd2ea7d6e9c69ffa8872e34a,cumulative-db-semantic-v1,review_required,metadata_only_limitation
fragment:signal:3ccd0434a3f8f58f677d46a4329564d44bd55f36ef2c4db92a17061a317556c9:H3:69cee30d25fb,H3,MARINE vs OCEANIC Differential Coverage,H3,signal:3ccd0434a3f8f58f677d46a4329564d44bd55f36ef2c4db92a17061a317556c9,evidence:doi:10.1007/s10113-025-02511-9,30178365958-1,living_res,MARINE,M,sustainability_skill,adaptation,marine,,marine_ecological,adaptation,title+subject,title+subject,fbe4bdbaa97fe8a1b7e136df2a53e4b8c90a28d7d318dbd10eb08b7d73b7444f,cumulative-db-semantic-v1,auto_accepted,metadata_only_limitation
fragment:signal:3cf17fff35264d9ad8c8ba2a788fba083c94ae2768ddba52949ed30a0e6aa20a:H3:a4559a7eaba8,H3,MARINE vs OCEANIC Differential Coverage,H3,signal:3cf17fff35264d9ad8c8ba2a788fba083c94ae2768ddba52949ed30a0e6aa20a,evidence:doi:10.1038/s41598-026-46980-2,30178365958-1,living_res,MARINE,M,safety_risk_skill,risk,ecological,,marine_ecological,risk,title+subject,title+subject,cc0d301da55dbe651704cdb0597a418894d7df0a26b9b9d490ed5a2167ca4cc0,cumulative-db-semantic-v1,auto_accepted,metadata_only_limitation
fragment:signal:3d22a2eee148399d10a7dddd93e8e2b1fd27df8afd3e90c0ce5569324ec72bc4:H3:c155f3da545f,H3,MARINE vs OCEANIC Differential Coverage,H3,signal:3d22a2eee148399d10a7dddd93e8e2b1fd27df8afd3e90c0ce5569324ec72bc4,evidence:doi:10.51470/jod.2026.5.1.210,30178365958-1,coastal_tourism,OCEANIC,O,sustainability_skill,climate,marine,,marine_ecological,climate,title+subject,title+subject,4f1ef3363cdea8f0d0fc3174301756f0df39b773c68c5be3fb6b14f5d5937d7b,cumulative-db-semantic-v1,review_required,metadata_only_limitation
fragment:signal:3d6db7b2ea5ccd82569b272522dc0fab689f29ff341f7b82bed702b93fd3de1c:H3:9ed5e9f79828,H3,MARINE vs OCEANIC Differential Coverage,H3,signal:3d6db7b2ea5ccd82569b272522dc0fab689f29ff341f7b82bed702b93fd3de1c,evidence:doi:10.3390/tourhosp7010026,30178365958-1,living_res,OCEANIC,O,social_science_skill,community,marine,,marine_ecological,community,title+subject,title+subject,d09c1dac592cba78da0353fcaeb39d4de792474d4b702a942deb79b757d1b5dd,cumulative-db-semantic-v1,auto_accepted,metadata_only_limitation
fragment:signal:3d8eb20ab3b9e6252ccd5f68cdc9a01b1217475ed7bbed4c5b31e3331c088b6e:H3:e4f31c73fce5,H3,MARINE vs OCEANIC Differential Coverage,H3,signal:3d8eb20ab3b9e6252ccd5f68cdc9a01b1217475ed7bbed4c5b31e3331c088b6e,evidence:doi:10.3390/futuretransp5040139,30178365958-1,coastal_tourism,OCEANIC,O,technical_skill,engineering,marine,,marine_ecological,engineering,title+subject,title+subject,9892b2a546e70ffb9e2dbc5a5a2a635f614780bbc5fc0a55726a3ec51c03394b,cumulative-db-semantic-v1,review_required,metadata_only_limitation
fragment:signal:3d95e880c5e31049330d7dda34bcfed34de08380ca576e66ecf5022091619680:H3:a51518491430,H3,MARINE vs OCEANIC Differential Coverage,H3,signal:3d95e880c5e31049330d7dda34bcfed34de08380ca576e66ecf5022091619680,evidence:doi:10.1007/s11367-026-02668-3,30178365958-1,non_living_res,MARINE,M,safety_risk_skill,safety,marine,,marine_ecological,safety,title+subject,title+subject,4018e1bbec0811ee1bf00c50b79f977228147b42c67975ffb98c749868b923ab,cumulative-db-semantic-v1,review_required,metadata_only_limitation
fragment:signal:3dab7b38ef406bbf038091740c0484b87a26d78ff0e285e7c7e871543c06f90d:H3:d86efc3da53b,H3,MARINE vs OCEANIC Differential Coverage,H3,signal:3dab7b38ef406bbf038091740c0484b87a26d78ff0e285e7c7e871543c06f90d,evidence:doi:10.54254/2753-8818/2026.hz35519,30178365958-1,living_res,MARINE,M,sustainability_skill,resilience,marine,,marine_ecological,resilience,title+subject,title+subject,338c5abd1c19f591ed833ce451ed6561406945b5da8413e672605b82cb196299,cumulative-db-semantic-v1,review_required,metadata_only_limitation
fragment:signal:3daf2cabe5760a7b8cc8ade2efbf034494bedf847081b61483fd188d9808d1b7:H3:ba33627b5359,H3,MARINE vs OCEANIC Differential Coverage,H3,signal:3daf2cabe5760a7b8cc8ade2efbf034494bedf847081b61483fd188d9808d1b7,evidence:doi:10.1111/jfb.70444,30178365958-1,coastal_tourism,OCEANIC,O,learning_outcome_signal,ects,marine,,marine_ecological,ects,title+subject,title+subject,16155bc61225d3d271acaa4fadc5792182eb1ada959e0d275681323a340e1923,cumulative-db-semantic-v1,review_required,metadata_only_limitation
fragment:signal:3e0422b47fafed7f0a3182b902c316bbc9da301d2f93a0cc127cecc305c274c7:H3:ae521cfe88be,H3,MARINE vs OCEANIC Differential Coverage,H3,signal:3e0422b47fafed7f0a3182b902c316bbc9da301d2f93a0cc127cecc305c274c7,evidence:doi:10.1109/metrosea58055.2023.10317487,30178365958-1,living_res,MARINE,M,social_science_skill,community,marine,,marine_ecological,community,title,title,23615bf8322cd538fd1e7f5dcb795cbade96d12b8557930bdc34df361300b6ad,cumulative-db-semantic-v1,review_required,metadata_only_limitation
fragment:signal:3e13ec5edd844a1cd2dc8ee17363b23ace1cf404961deffb2b9f7f85063da274:H3:eeed1de6bc49,H3,MARINE vs OCEANIC Differential Coverage,H3,signal:3e13ec5edd844a1cd2dc8ee17363b23ace1cf404961deffb2b9f7f85063da274,evidence:doi:10.1080/18366503.2026.2680393,30178365958-1,living_res,MARINE,M,sustainability_skill,sustainability,marine,,marine_ecological,sustainability,title+subject,title+subject,982822ae75ebd272dbfe4b8a0aae43156066c71f3493c5c505b1915388f39fa4,cumulative-db-semantic-v1,review_required,metadata_only_limitation
fragment:signal:3e14a9174490462fd3d8fc8f0a5c1dfe96156f3902a71471af7c9fd1ff6e0f8b:H3:60bf6e5a6fcc,H3,MARINE vs OCEANIC Differential Coverage,H3,signal:3e14a9174490462fd3d8fc8f0a5c1dfe96156f3902a71471af7c9fd1ff6e0f8b,evidence:doi:10.29303/jppipa.v12i5.14673,30178365958-1,coastal_tourism,OCEANIC,O,sustainability_skill,sustainability,marine,,marine_ecological,sustainability,title+subject,title+subject,8c70fe8f27cdd752b5fca73673f7efcb65af33b1810ad7f54a45d33c7d2f8b3a,cumulative-db-semantic-v1,review_required,metadata_only_limitation
fragment:signal:3e45b7423d463d0a07a64abb90ebb9ffebe2e8413ef1ce3dab81c1fb8d267582:H3:f6acf13d18a7,H3,MARINE vs OCEANIC Differential Coverage,H3,signal:3e45b7423d463d0a07a64abb90ebb9ffebe2e8413ef1ce3dab81c1fb8d267582,evidence:doi:10.3390/electronics14010007,30178365958-1,non_living_res,MARINE,M,technical_skill,engineering,marine,,marine_ecological,engineering,title+subject,title+subject,050fbb22f9f525366fe6f7de5cea1dd565793a9da44cbbe2b308b2a4689aee37,cumulative-db-semantic-v1,review_required,metadata_only_limitation
fragment:signal:3e530971fd4fc11100370343ecf225072d5af8b876b26fb486dcc23b1a826dda:H3:ffe8b6328f06,H3,MARINE vs OCEANIC Differential Coverage,H3,signal:3e530971fd4fc11100370343ecf225072d5af8b876b26fb486dcc23b1a826dda,evidence:doi:10.1016/j.onehlt.2025.100972,30178365958-1,living_res,OCEANIC,O,sustainability_skill,sustainable,marine,,marine_ecological,sustainable,title+subject,title+subject,0c645993030df42db7c52bcf5798bc1edb9aabbca37f9cd8113f6df0c23c097a,cumulative-db-semantic-v1,auto_accepted,metadata_only_limitation
fragment:signal:3e5ba0d27c6cee7b35520a2453a541b588dc39e1e12b4e6ea19f92ace6b0951e:H3:e034d8393fce,H3,MARINE vs OCEANIC Differential Coverage,H3,signal:3e5ba0d27c6cee7b35520a2453a541b588dc39e1e12b4e6ea19f92ace6b0951e,evidence:doi:10.3389/fsoc.2026.1754562,30178365958-1,coastal_tourism,OCEANIC,O,sustainability_skill,sustainability,marine,,marine_ecological,sustainability,title+subject,title+subject,92dc58cdb1d4f4286b5f1f5786f800bd59aab771e8a764f08df6e8680c56e51c,cumulative-db-semantic-v1,auto_accepted,metadata_only_limitation
fragment:signal:3e77bef42517abdc4fe6476c7789f2099c5509ce51b5f78c3ed66ca7fea07ca0:H3:53130f43d41d,H3,MARINE vs OCEANIC Differential Coverage,H3,signal:3e77bef42517abdc4fe6476c7789f2099c5509ce51b5f78c3ed66ca7fea07ca0,evidence:doi:10.1111/faf.70062,30178365958-1,living_res,MARINE,M,sustainability_skill,sustainability,marine,,marine_ecological,sustainability,title+subject,title+subject,2aee8ec2aa76215593297dfb3693a4f5b25589e9f0b4c0338b417b38ea95b90b,cumulative-db-semantic-v1,review_required,metadata_only_limitation
fragment:signal:3f3ddd665c1976da187244b9fb972d26f8b5f5565bb0f67429f3e22134a9cb88:H3:e1786c5ced19,H3,MARINE vs OCEANIC Differential Coverage,H3,signal:3f3ddd665c1976da187244b9fb972d26f8b5f5565bb0f67429f3e22134a9cb88,evidence:doi:10.31629/jmps.v3i1.7834,30178365958-1,maritime_defence,OCEANIC,O,governance_skill,governance,marine,,marine_ecological,governance,title+subject,title+subject,190b7816d1ca0aa87d49c26841e7e45b11a5335f7a99deccc869343cde6dfb84,cumulative-db-semantic-v1,review_required,metadata_only_limitation
fragment:signal:3f3fe48e2439a966acaf381f7c19e6421374480d3ba67b9ce20236b245270a2e:H3:53ea5d455adf,H3,MARINE vs OCEANIC Differential Coverage,H3,signal:3f3fe48e2439a966acaf381f7c19e6421374480d3ba67b9ce20236b245270a2e,evidence:doi:10.3389/fmars.2026.1842952,30178365958-1,living_res,MARINE,M,social_science_skill,community,marine,,marine_ecological,community,title+subject,title+subject,43f442f13ebea9e8d18fc541a9899be14629be5d64da4dfb515a7de1779523a1,cumulative-db-semantic-v1,review_required,metadata_only_limitation
fragment:signal:3f4f3397a523a4703731bc291ce9bb8ece3f0237b18f27f3b90f845a53a68678:H3:fe31bea19e7a,H3,MARINE vs OCEANIC Differential Coverage,H3,signal:3f4f3397a523a4703731bc291ce9bb8ece3f0237b18f27f3b90f845a53a68678,evidence:doi:10.3390/textiles6010030,30178365958-1,blue_biotech,MARINE,M,sustainability_skill,sustainability,ecological,,marine_ecological,sustainability,title+subject,title+subject,65faf8b4fcbb0b7866195d8c9fa14aaf4aadb655104383f03f54c403b3dcaeb9,cumulative-db-semantic-v1,review_required,metadata_only_limitation
fragment:signal:3f68e2afa394b32be8b87bd812c1feaa85f79dd255f4e60ba246df5eb0f501d2:H3:f1b000cf8805,H3,MARINE vs OCEANIC Differential Coverage,H3,signal:3f68e2afa394b32be8b87bd812c1feaa85f79dd255f4e60ba246df5eb0f501d2,evidence:doi:10.61255/jeemba.v4i3.865,30178365958-1,coastal_tourism,OCEANIC,O,sustainability_skill,sustainable,marine,,marine_ecological,sustainable,title+subject,title+subject,90d17fbd79db62a5ccbc086c87ae0373aae3ba5d55340b18876cb986cec2b64b,cumulative-db-semantic-v1,review_required,metadata_only_limitation
fragment:signal:3fb8e962aad2f2ba02df859237fa4885270b05cf964393fa2c8a26763fae9f5e:H3:224206ea8bd0,H3,MARINE vs OCEANIC Differential Coverage,H3,signal:3fb8e962aad2f2ba02df859237fa4885270b05cf964393fa2c8a26763fae9f5e,evidence:doi:10.1007/s00267-025-02256-5,30178365958-1,non_living_res,MARINE,M,sustainability_skill,sustainability,marine,,marine_ecological,sustainability,title+subject,title+subject,e85d45c1d0cbfdffc6dd7cf6ef25c1ae503825b10e540f00424a7d7319e5f6ae,cumulative-db-semantic-v1,auto_accepted,metadata_only_limitation
fragment:signal:3fe42d59bef4b03a0954119438549ccddc4a86391a2ba52148f8dec2580b059b:H3:2b074dc3452a,H3,MARINE vs OCEANIC Differential Coverage,H3,signal:3fe42d59bef4b03a0954119438549ccddc4a86391a2ba52148f8dec2580b059b,evidence:doi:10.3389/focsu.2026.1716480,30178365958-1,living_res,MARINE,M,digital_skill,artificial intelligence,marine,,marine_ecological,artificial intelligence,title+subject,title+subject,9a3817674129bef90076ab74cc5800d9de81cbd328c1c0738bb373c0c6e8a2a9,cumulative-db-semantic-v1,review_required,metadata_only_limitation
fragment:signal:4014750ef60b675dc00646d64bc24acb2337dcab76e1ef4d988a439bb4c82a84:H3:9e614ca251ac,H3,MARINE vs OCEANIC Differential Coverage,H3,signal:4014750ef60b675dc00646d64bc24acb2337dcab76e1ef4d988a439bb4c82a84,evidence:doi:10.3389/focsu.2025.1743635,30178365958-1,living_res,MARINE,M,sustainability_skill,sustainability,marine,,marine_ecological,sustainability,title+subject,title+subject,d13fcd824e666eef614befcf9362d3b6ab294ed5a494a106f421fdb1c0f74937,cumulative-db-semantic-v1,auto_accepted,metadata_only_limitation
fragment:signal:405f7f592ea98980547d65b0a37fe5d8f56f02000c3b31735f5db46218e04a3a:H3:437ac9d1caf6,H3,MARINE vs OCEANIC Differential Coverage,H3,signal:405f7f592ea98980547d65b0a37fe5d8f56f02000c3b31735f5db46218e04a3a,evidence:doi:10.65826/jsai.1.1.2026.69,30178365958-1,maritime_defence,OCEANIC,O,policy_regulation_skill,law,marine,,marine_ecological,law,title+subject,title+subject,52887e3474cbfb6a8bcd9dc409192be6fa9f1c34a6760dde198cf89c2196705b,cumulative-db-semantic-v1,review_required,metadata_only_limitation
fragment:signal:4073c27091240ad942915fbc0f3d0c2026b09a240dc4926ca0d9ff5bdc8b8a53:H3:351ddb9a0a25,H3,MARINE vs OCEANIC Differential Coverage,H3,signal:4073c27091240ad942915fbc0f3d0c2026b09a240dc4926ca0d9ff5bdc8b8a53,evidence:doi:10.1038/s44183-026-00220-2,30178365958-1,living_res,MARINE,M,governance_skill,governance,marine,,marine_ecological,governance,title+subject,title+subject,340f0d27a589bb43f4720009b0cdd2a0853c5f5901692ab5f1bebafed93973f6,cumulative-db-semantic-v1,review_required,metadata_only_limitation
fragment:signal:408fe43170730b7f5275d59669e0a9e54efde6b0361b53fb97ca5c9039613e96:H3:2f6d7c9ec8f0,H3,MARINE vs OCEANIC Differential Coverage,H3,signal:408fe43170730b7f5275d59669e0a9e54efde6b0361b53fb97ca5c9039613e96,evidence:doi:10.56367/oag-051-12601,30178365958-1,living_res,MARINE,M,governance_skill,policy,marine,,marine_ecological,policy,title+subject,title+subject,1bd328131cffe59b2eee86ff7ece3790328545f57cb35a265c5aed8b0af3bf75,cumulative-db-semantic-v1,review_required,metadata_only_limitation
fragment:signal:40b0fbad10967439a8c46ac3e9859c13ddd303bd36dad1310aaef39edc2fd515:H3:ce005c57b1d8,H3,MARINE vs OCEANIC Differential Coverage,H3,signal:40b0fbad10967439a8c46ac3e9859c13ddd303bd36dad1310aaef39edc2fd515,evidence:doi:10.5751/es-17555-310301,30178365958-1,renewable_energy,OCEANIC,O,governance_skill,governance,marine,,marine_ecological,governance,title+subject,title+subject,7bdfc334807e8c1bcb092231dfe4125cecd644de2e2867a8c4ef3f14e6885e4d,cumulative-db-semantic-v1,auto_accepted,metadata_only_limitation
fragment:signal:40d346f16ac52601599b1cfe9f644da663c52db4b155859e0e1f93a73f1b82e6:H3:d7c20ecea438,H3,MARINE vs OCEANIC Differential Coverage,H3,signal:40d346f16ac52601599b1cfe9f644da663c52db4b155859e0e1f93a73f1b82e6,evidence:doi:10.26858/pbf6dx87,30178365958-1,coastal_tourism,OCEANIC,O,governance_skill,policy,marine,,marine_ecological,policy,title+subject,title+subject,e0caf83ef91b46c3d973fa9812d226e857fc6ea99df50b142c83775e299046b3,cumulative-db-semantic-v1,auto_accepted,metadata_only_limitation
fragment:signal:40fb8cdbd9bf164cb7a8d93ac9b31139e98b7d541c08587b29f641abfe12457d:H3:bdf0c201823f,H3,MARINE vs OCEANIC Differential Coverage,H3,signal:40fb8cdbd9bf164cb7a8d93ac9b31139e98b7d541c08587b29f641abfe12457d,evidence:doi:10.3389/fpls.2025.1693747,30178365958-1,blue_biotech,MARINE,M,social_science_skill,community,marine,,marine_ecological,community,title+subject,title+subject,248ec4677b71ff27b304f98d304f2b69864c3d5f0452b05ccb6cff19bd3948fa,cumulative-db-semantic-v1,review_required,metadata_only_limitation
fragment:signal:4105a473f7c1d2147ae2c78414a889d7ebdf1aa7d6968774da7dba4bf674ded0:H3:11ee51f56a8e,H3,MARINE vs OCEANIC Differential Coverage,H3,signal:4105a473f7c1d2147ae2c78414a889d7ebdf1aa7d6968774da7dba4bf674ded0,evidence:doi:10.70730/tureview.v29i1.241484,30178365958-1,coastal_tourism,OCEANIC,O,sustainability_skill,sustainability,marine,,marine_ecological,sustainability,title+subject,title+subject,1c37f269e9886ff40b130726003cf0362faf755aa94a2910d81e343ac26e98ae,cumulative-db-semantic-v1,auto_accepted,metadata_only_limitation
fragment:signal:410eed0a66851b01b20b379b13b772f3c84beb0e5653769b9c1a1d88a610f96a:H3:d01ddda94f94,H3,MARINE vs OCEANIC Differential Coverage,H3,signal:410eed0a66851b01b20b379b13b772f3c84beb0e5653769b9c1a1d88a610f96a,evidence:doi:10.29303/jppipa.v12i1.13952,30178365958-1,coastal_tourism,OCEANIC,O,sustainability_skill,sustainability,marine,,marine_ecological,sustainability,title+subject,title+subject,731ed6199842a7d17ab0731603ce882d9ec3df8c48054c8c6630ffd61561d7c4,cumulative-db-semantic-v1,review_required,metadata_only_limitation
fragment:signal:41142e73518b249145df07dd6ac98ffc82c01edc35d7d7145295ba82311206ea:H3:7ea1957743c8,H3,MARINE vs OCEANIC Differential Coverage,H3,signal:41142e73518b249145df07dd6ac98ffc82c01edc35d7d7145295ba82311206ea,evidence:doi:10.1038/s41558-026-02651-8,30178365958-1,living_res,MARINE,M,sustainability_skill,sustainability,marine,,marine_ecological,sustainability,title+subject,title+subject,005964e041340c18d9dab5bce6408a57f01af7640f7ff98f4769fd5aca0b1b15,cumulative-db-semantic-v1,review_required,metadata_only_limitation
fragment:signal:41428e2b83cee1f6c22447f7fb0cad36d9dbdcf45233c1809513cc8f975e75f6:H3:d5cdcc82da97,H3,MARINE vs OCEANIC Differential Coverage,H3,signal:41428e2b83cee1f6c22447f7fb0cad36d9dbdcf45233c1809513cc8f975e75f6,evidence:doi:10.71284/jmtpr.20267113,30178365958-1,coastal_tourism,OCEANIC,O,sustainability_skill,sustainability,marine,,marine_ecological,sustainability,title+subject,title+subject,82c0722683721a347be3c538fd527b506f8ed9223f5483b7cd4b5206c42395da,cumulative-db-semantic-v1,auto_accepted,metadata_only_limitation
fragment:signal:4173d0af2f7d4e5d54f2f7d9579c6ee4945b42c17910e67bc11e184d93636ce5:H3:7beb1327f6ea,H3,MARINE vs OCEANIC Differential Coverage,H3,signal:4173d0af2f7d4e5d54f2f7d9579c6ee4945b42c17910e67bc11e184d93636ce5,evidence:doi:10.3390/su16041530,30178365958-1,non_living_res,MARINE,M,sustainability_skill,sustainability,ecological,,marine_ecological,sustainability,title+subject,title+subject,290c42fe7ef44f3c3d7b9ab508bc5cafc1f9c0ea86d60188513c235cde9973e3,cumulative-db-semantic-v1,review_required,metadata_only_limitation
fragment:signal:41989d81382d901510cf47da788dc2446b7e7756ec4bed69f4db52fe01d8eb51:H3:ee3fcfa44d73,H3,MARINE vs OCEANIC Differential Coverage,H3,signal:41989d81382d901510cf47da788dc2446b7e7756ec4bed69f4db52fe01d8eb51,evidence:doi:10.20961/jaedc.v11i1.110905,30178365958-1,coastal_tourism,OCEANIC,O,sustainability_skill,sustainability,marine,,marine_ecological,sustainability,title+subject,title+subject,e4372570e712eef79bb49b0eef38b73dce4c7582da0cc8ebb900ef521a409719,cumulative-db-semantic-v1,review_required,metadata_only_limitation
fragment:signal:41cb51469c0f1c0e150fa4f48368766336a2f092c5acabe51d891e9a19bc559e:H3:8f3830bbec8e,H3,MARINE vs OCEANIC Differential Coverage,H3,signal:41cb51469c0f1c0e150fa4f48368766336a2f092c5acabe51d891e9a19bc559e,evidence:doi:10.31083/mrev46868,30178365958-1,blue_biotech,MARINE,M,sustainability_skill,sustainability,marine,,marine_ecological,sustainability,title+subject,title+subject,b4b5ce5f076fd9f306c44ee01e7ea7d3f4a55be6f9bb40a85c70d946a75513ca,cumulative-db-semantic-v1,review_required,metadata_only_limitation
fragment:signal:41dba2fa6476d6ff68d16d7854cdf35e213cf4bb20bbbffa35a56f0af15d2fa6:H3:d2e44ee1c762,H3,MARINE vs OCEANIC Differential Coverage,H3,signal:41dba2fa6476d6ff68d16d7854cdf35e213cf4bb20bbbffa35a56f0af15d2fa6,evidence:doi:10.3390/su18136767,30178365958-1,living_res,MARINE,M,safety_risk_skill,risk,marine,,marine_ecological,risk,title+subject,title+subject,8b870fcca8643caedf8e357f663ecf3f56ab6898801e0deaa089c59cfe03499f,cumulative-db-semantic-v1,review_required,metadata_only_limitation
fragment:signal:41eb1c9cb8585e33b58ba9c04c56d4abe7f32b7931cb6aca3b35a4bdafee1d5e:H3:ed1fe19d3766,H3,MARINE vs OCEANIC Differential Coverage,H3,signal:41eb1c9cb8585e33b58ba9c04c56d4abe7f32b7931cb6aca3b35a4bdafee1d5e,evidence:doi:10.3390/su18063021,30178365958-1,coastal_tourism,OCEANIC,O,sustainability_skill,sustainability,marine,,marine_ecological,sustainability,title+subject,title+subject,611de1420553b79db3e82cbdf63bce35858eadb0017cbdb0954ce03590cf4286,cumulative-db-semantic-v1,auto_accepted,metadata_only_limitation
fragment:signal:420e309e04c8641af1ba71c22722cb4213529ce3995fced4fe7b048e6c5e8e64:H3:97a82eb6b2f3,H3,MARINE vs OCEANIC Differential Coverage,H3,signal:420e309e04c8641af1ba71c22722cb4213529ce3995fced4fe7b048e6c5e8e64,evidence:doi:10.3389/focsu.2025.1697910,30178365958-1,living_res,MARINE,M,digital_skill,artificial intelligence,marine,,marine_ecological,artificial intelligence,title+subject,title+subject,9a8aa9004c61117ba4a07b40007d580a1e82b91509e53cd345734087388ef0fb,cumulative-db-semantic-v1,review_required,metadata_only_limitation
fragment:signal:428c83e1a4b23f453000bdfdd4f4ecdf39c269fd69be7a021ab2d9a05743394b:H1:2ec2fca3ce5a,H1,Maritimisation Shift,H1,signal:428c83e1a4b23f453000bdfdd4f4ecdf39c269fd69be7a021ab2d9a05743394b,evidence:doi:10.1080/08920753.2022.2082835,30178365958-1,r_i,OCEANIC,O,governance_skill,governance,ocean governance,,oceanic_governance,governance,title+subject,title+subject,9b617cf0ead104c7abad039e7536abf16ed50da172728b0e1a8b8a69adfb0195,cumulative-db-semantic-v1,auto_accepted,metadata_only_limitation
fragment:signal:42969264c804633cfcf9d8f65ec15a0c51170f0314ee3dd81e46faee901649ef:H3:9d0c86078957,H3,MARINE vs OCEANIC Differential Coverage,H3,signal:42969264c804633cfcf9d8f65ec15a0c51170f0314ee3dd81e46faee901649ef,evidence:doi:10.48112/bms.v3i2.1302,30178365958-1,living_res,MARINE,M,sustainability_skill,sustainability,marine,,marine_ecological,sustainability,title+subject,title+subject,cca36bd32b0d7a2f7080e7235599059e5d3c93e2702631d1f0b6f64c62d25837,cumulative-db-semantic-v1,auto_accepted,metadata_only_limitation
fragment:signal:42a276090beaa834c6c77f749d59c5eca23c681febfafc520687c4e671628872:H3:0e6fae0e73e7,H3,MARINE vs OCEANIC Differential Coverage,H3,signal:42a276090beaa834c6c77f749d59c5eca23c681febfafc520687c4e671628872,evidence:doi:10.3389/fmars.2026.1907032,30178365958-1,living_res,MARINE,M,governance_skill,governance,marine,,marine_ecological,governance,title+subject,title+subject,6f4da8174f01157528e6365aec1064a7c23bb02fa2d4d1ccd5a66c8df6bd128c,cumulative-db-semantic-v1,auto_accepted,metadata_only_limitation
fragment:signal:42a28c1e920ee50b8f2b27a85cee0ff2aa0c5ace1b5ad21f8a4c3573066cd12c:H3:fbad11bedbfa,H3,MARINE vs OCEANIC Differential Coverage,H3,signal:42a28c1e920ee50b8f2b27a85cee0ff2aa0c5ace1b5ad21f8a4c3573066cd12c,evidence:doi:10.3390/ijms27135837,30178365958-1,blue_biotech,MARINE,M,learning_outcome_signal,ects,planetary,,oceanic_planetary,ects,title+subject,title+subject,623578599d01b0afef359d767f16989304abff26db8bcc989dc98d41ebd47d67,cumulative-db-semantic-v1,review_required,metadata_only_limitation
fragment:signal:42dcbd5fe74bda8a9b27a5fcfa06b198e8273e6fb93c0530f6ac35d0e1213f6e:H3:08121bf994f7,H3,MARINE vs OCEANIC Differential Coverage,H3,signal:42dcbd5fe74bda8a9b27a5fcfa06b198e8273e6fb93c0530f6ac35d0e1213f6e,evidence:doi:10.1007/s40032-026-01386-x,30178365958-1,blue_biotech,MARINE,M,sustainability_skill,sustainability,marine,,marine_ecological,sustainability,title+subject,title+subject,463b01ad0536182e3e13470d8b2f2bc6e476b285ec1b4c314cd01b9408bae1f4,cumulative-db-semantic-v1,review_required,metadata_only_limitation
fragment:signal:42f7ddcf2895fd97103b367170ea4bb1de58610b3e34bb8c3a2093b16d9052b6:H3:38726e47aa82,H3,MARINE vs OCEANIC Differential Coverage,H3,signal:42f7ddcf2895fd97103b367170ea4bb1de58610b3e34bb8c3a2093b16d9052b6,evidence:doi:10.1038/s43247-026-03337-x,30178365958-1,living_res,MARINE,M,policy_regulation_skill,law,ecological,,marine_ecological,law,title+subject,title+subject,8bfcd5c0d6b24e870bb1b390116c165052a388e52dcd42f4bf7b9c2c1a8ee351,cumulative-db-semantic-v1,review_required,metadata_only_limitation
fragment:signal:430ffb9cbbd219653f0060aea2af6354274b75875e7de3dd2da0247870bdbf59:H1:87660ab44e81,H1,Maritimisation Shift,H1,signal:430ffb9cbbd219653f0060aea2af6354274b75875e7de3dd2da0247870bdbf59,evidence:doi:10.35718/ismatech.v3i2.8481886,30178365958-1,ship_repair,MARITIME,T,workforce_skill,human capital,maritime infrastructure,,maritime_dominance,human capital,title+subject,title+subject,a0cc6968ebfb1447980282d3bcadbe11aa11849ac70f58fca27a0522da9e801a,cumulative-db-semantic-v1,auto_accepted,metadata_only_limitation
fragment:signal:431f22c017813c177c62103c4e01dca65c128ecec42e917d0a850dc2ff50002f:H3:59053c87a7ca,H3,MARINE vs OCEANIC Differential Coverage,H3,signal:431f22c017813c177c62103c4e01dca65c128ecec42e917d0a850dc2ff50002f,evidence:doi:10.1038/s41558-026-02651-8,30178365958-1,living_res,MARINE,M,governance_skill,governance,marine,,marine_ecological,governance,title+subject,title+subject,005964e041340c18d9dab5bce6408a57f01af7640f7ff98f4769fd5aca0b1b15,cumulative-db-semantic-v1,review_required,metadata_only_limitation
fragment:signal:43403fe62905808b1010e7a4fd2b049424cb581647a7962cd5ab4116c979299f:H3:9e71d6dae581,H3,MARINE vs OCEANIC Differential Coverage,H3,signal:43403fe62905808b1010e7a4fd2b049424cb581647a7962cd5ab4116c979299f,evidence:doi:10.37933/jete/7.4.2025.2576,30178365958-1,non_living_res,MARINE,M,safety_risk_skill,safety,marine,,marine_ecological,safety,title+subject,title+subject,679d2b737a66d9a1c9263ee98a0023e6be65d965e63d8c84a7013b04b485ae49,cumulative-db-semantic-v1,auto_accepted,metadata_only_limitation
fragment:signal:434346f66bcfc0af1ad50a7bd15139dae391ac0b7eab27d2c5dddee05bd8e765:H3:6e7ceeecb2f8,H3,MARINE vs OCEANIC Differential Coverage,H3,signal:434346f66bcfc0af1ad50a7bd15139dae391ac0b7eab27d2c5dddee05bd8e765,evidence:doi:10.1080/09581596.2026.2629078,30178365958-1,living_res,MARINE,M,learning_outcome_signal,ects,marine,,marine_ecological,ects,title+subject,title+subject,979d0e479c733938875ac3fbd286e3a89afd7fa4cf746c8ec82016def8a6c1b7,cumulative-db-semantic-v1,review_required,metadata_only_limitation
fragment:signal:435757b008d8ee8534ffe2f68a0795b40a2d82023930b151092bfcfd55f49a94:H3:2b6c6d943b3a,H3,MARINE vs OCEANIC Differential Coverage,H3,signal:435757b008d8ee8534ffe2f68a0795b40a2d82023930b151092bfcfd55f49a94,evidence:doi:10.54536/jebs.v2i1.6957,30178365958-1,blue_biotech,MARINE,M,sustainability_skill,sustainability,marine,,marine_ecological,sustainability,title+subject,title+subject,31047f57ae9a971b1a342c76e64700dc6792e7101cdd2319ca6f7d8e7d8874c7,cumulative-db-semantic-v1,review_required,metadata_only_limitation
fragment:signal:4362ae9c1feee41d0d95a54b57a33ad6fae03166fcaf19f60367aa4adddfff94:H3:9d5a2aa7b153,H3,MARINE vs OCEANIC Differential Coverage,H3,signal:4362ae9c1feee41d0d95a54b57a33ad6fae03166fcaf19f60367aa4adddfff94,evidence:doi:10.59117/20.500.11822/45890,30178365958-1,non_living_res,MARINE,M,sustainability_skill,sustainability,planetary,,oceanic_planetary,sustainability,title+subject,title+subject,22f5a033d768b6e3d0cf6664c6ef4a865a6fe8756b6790fb2ed90e5c18522adf,cumulative-db-semantic-v1,review_required,metadata_only_limitation
fragment:signal:438bc04f0c5fdc3cf1e5e4f9c3cee045e9f9c83020d7a9d4f3e706e4b8288449:H3:8edb950eac36,H3,MARINE vs OCEANIC Differential Coverage,H3,signal:438bc04f0c5fdc3cf1e5e4f9c3cee045e9f9c83020d7a9d4f3e706e4b8288449,evidence:doi:10.1111/jfb.70180,30178365958-1,blue_biotech,MARINE,M,digital_skill,data science,marine,,marine_ecological,data science,title+subject,title+subject,c315be92349e3f45cce24aa37be1744507de57206df0dcdfd31ca1de44a3d301,cumulative-db-semantic-v1,review_required,metadata_only_limitation
fragment:signal:43bcabab4314a459e256bcbe7c9f752bd366e6650c00feb737890cb1fb472b80:H3:344c4342a0e3,H3,MARINE vs OCEANIC Differential Coverage,H3,signal:43bcabab4314a459e256bcbe7c9f752bd366e6650c00feb737890cb1fb472b80,evidence:doi:10.1007/s11355-026-00738-0,30178365958-1,r_i,OCEANIC,O,social_science_skill,community,marine,,marine_ecological,community,title+subject,title+subject,e199f4725d40887ed1820a1c96501c5a99bbcc9e56b291ff8ed843b8fed66d7a,cumulative-db-semantic-v1,review_required,metadata_only_limitation
fragment:signal:43cbb81398b2a225f181a33e05f0f9347ae7d49ca203d96f0e2d18a316f6a377:H3:ffbf8ed86aef,H3,MARINE vs OCEANIC Differential Coverage,H3,signal:43cbb81398b2a225f181a33e05f0f9347ae7d49ca203d96f0e2d18a316f6a377,evidence:doi:10.3390/cli14020061,30178365958-1,blue_biotech,OCEANIC,O,sustainability_skill,climate,ecological,,marine_ecological,climate,title+subject,title+subject,fedec2f1aa86f0731b1868d409fce57f20e15c0e7a573a662c72b9606a7e0bb0,cumulative-db-semantic-v1,auto_accepted,metadata_only_limitation
fragment:signal:43d08a752a7cc02f285760cd61a3afc0223e4c84d5164c3c3bb8c7c164a6d201:H3:439099f2add4,H3,MARINE vs OCEANIC Differential Coverage,H3,signal:43d08a752a7cc02f285760cd61a3afc0223e4c84d5164c3c3bb8c7c164a6d201,evidence:doi:10.3389/fmars.2026.1761703,30178365958-1,renewable_energy,OCEANIC,O,learning_outcome_signal,ects,marine,,marine_ecological,ects,title+subject,title+subject,f9e37fd4562cd03aa374ed1cdd32c69522518757c070bc2fe1d8a9875db4896b,cumulative-db-semantic-v1,review_required,metadata_only_limitation
fragment:signal:43e101d855b2ec0eecf7493d54099ccd7c620754d193f1661b11a9609b034d05:H3:1841e658660d,H3,MARINE vs OCEANIC Differential Coverage,H3,signal:43e101d855b2ec0eecf7493d54099ccd7c620754d193f1661b11a9609b034d05,evidence:doi:10.1002/pan3.70242,30178365958-1,coastal_tourism,OCEANIC,O,sustainability_skill,sustainability,marine,,marine_ecological,sustainability,title+subject,title+subject,96e2f232658605c602df0aff1c3741fb777e10c4ccaaec3da12c402b38cdb5ba,cumulative-db-semantic-v1,review_required,metadata_only_limitation
fragment:signal:43fade49bc1f9a4d7609e266579bba334ddae25bf5b39491cb90d6e7bddb20dc:H3:d5847da15c28,H3,MARINE vs OCEANIC Differential Coverage,H3,signal:43fade49bc1f9a4d7609e266579bba334ddae25bf5b39491cb90d6e7bddb20dc,evidence:doi:10.1002/gch2.202500581,30178365958-1,renewable_energy,OCEANIC,O,sustainability_skill,sustainability,marine,,marine_ecological,sustainability,title+subject,title+subject,378657c1947ecf260dbdfd168b360d4eab140454bf8b2e2180d59bd798236696,cumulative-db-semantic-v1,auto_accepted,metadata_only_limitation
fragment:signal:4436f89d45752209dabd31db8532cefdebb6106cf6e3e2d67bcc0c0b4805739b:H3:d986948f74fb,H3,MARINE vs OCEANIC Differential Coverage,H3,signal:4436f89d45752209dabd31db8532cefdebb6106cf6e3e2d67bcc0c0b4805739b,evidence:doi:10.70102/ijares/v6s3/6-s3-876,30178365958-1,living_res,MARINE,M,social_science_skill,community,marine,,marine_ecological,community,title+subject,title+subject,e536836f82dfda2044626a3993ca529a2245b3f116475298ed365fd471446412,cumulative-db-semantic-v1,review_required,metadata_only_limitation
fragment:signal:4439957a80c6c015361207afc092ee1ca3f85b2065b144c4389d7e82540cb92c:H3:b8e7ef350182,H3,MARINE vs OCEANIC Differential Coverage,H3,signal:4439957a80c6c015361207afc092ee1ca3f85b2065b144c4389d7e82540cb92c,evidence:doi:10.55845/jos-2026-2197,30178365958-1,living_res,MARINE,M,governance_skill,governance,planetary,,oceanic_planetary,governance,title+subject,title+subject,452d3b40846f532a159cabbb7dff573625051464e1b136715cf2c763114f978a,cumulative-db-semantic-v1,review_required,metadata_only_limitation
fragment:signal:447d9743d7a60125efaf2567e18e9cf757e82424d15a7f69ff55a7c9cee3bda3:H3:802edc306fc1,H3,MARINE vs OCEANIC Differential Coverage,H3,signal:447d9743d7a60125efaf2567e18e9cf757e82424d15a7f69ff55a7c9cee3bda3,evidence:doi:10.3390/coatings16050554,30178365958-1,non_living_res,MARINE,M,technical_skill,engineering,marine,,marine_ecological,engineering,title+subject,title+subject,7137d192f0509d489db0ab67bd4823879d00e107fd85059118da8f3064733085,cumulative-db-semantic-v1,review_required,metadata_only_limitation
fragment:signal:44b2629bbe59c3667045ec8b3f41b1c688d1af3da40f1d4c74cab338d9647a34:H3:1218e2a0a9d9,H3,MARINE vs OCEANIC Differential Coverage,H3,signal:44b2629bbe59c3667045ec8b3f41b1c688d1af3da40f1d4c74cab338d9647a34,evidence:doi:10.1108/maem-02-2023-0002,30178365958-1,non_living_res,MARINE,M,technical_skill,engineering,marine,,marine_ecological,engineering,title+subject,title+subject,138fbc5a6cc1206c0938df5b57bbf678cfdc5c3560a60dad22c269ac38f4f871,cumulative-db-semantic-v1,review_required,metadata_only_limitation
fragment:signal:44e661b861807686c5c5bcf55cf060910c0b1a9dd5ebeee57e3b8cd9912b278e:H3:6f7ac8714762,H3,MARINE vs OCEANIC Differential Coverage,H3,signal:44e661b861807686c5c5bcf55cf060910c0b1a9dd5ebeee57e3b8cd9912b278e,evidence:doi:10.47906/nd2025.172.04,30178365958-1,renewable_energy,OCEANIC,O,sustainability_skill,sustainable,marine,,marine_ecological,sustainable,title+subject,title+subject,52cbfa775a2a1b10bf30827be1a8da4550050365abdfe3a1f52e143f673029d7,cumulative-db-semantic-v1,review_required,metadata_only_limitation
fragment:signal:44fd756a704070b2378b1b7fa8086b59a31305f3e967925bf784e720deeb4542:H3:21d0fee59e0e,H3,MARINE vs OCEANIC Differential Coverage,H3,signal:44fd756a704070b2378b1b7fa8086b59a31305f3e967925bf784e720deeb4542,evidence:doi:10.1038/s44458-026-00117-8,30178365958-1,living_res,MARINE,M,governance_skill,governance,marine,,marine_ecological,governance,title+subject,title+subject,9e7249032b31e147430941b61725cc2746a0b74e8e9b716a5c445bd163324994,cumulative-db-semantic-v1,review_required,metadata_only_limitation
fragment:signal:450db7ed4026398eac505a741fa94a76bd2a2171854625f1b869462d808c032e:H3:5d4c9ce0db03,H3,MARINE vs OCEANIC Differential Coverage,H3,signal:450db7ed4026398eac505a741fa94a76bd2a2171854625f1b869462d808c032e,evidence:doi:10.1080/23789689.2026.2674348,30178365958-1,maritime_defence,OCEANIC,O,sustainability_skill,resilience,marine,,marine_ecological,resilience,title+subject,title+subject,e860458928acb2ded21f9f0f0feaa1132664355848864eb21be0e4986a25607c,cumulative-db-semantic-v1,auto_accepted,metadata_only_limitation
fragment:signal:4537b8ef476e0fb7ffdc5513efc33e1d4c2e2cb2da0f699ea719a31a7529d3f1:H3:579473e66caa,H3,MARINE vs OCEANIC Differential Coverage,H3,signal:4537b8ef476e0fb7ffdc5513efc33e1d4c2e2cb2da0f699ea719a31a7529d3f1,evidence:doi:10.1515/corrrev-2024-0046,30178365958-1,non_living_res,MARINE,M,technical_skill,engineering,marine,,marine_ecological,engineering,title+subject,title+subject,327fc14d9cefe627cce4985e2848e44594a9923985cd2d9e83f7e5b7a7c275fa,cumulative-db-semantic-v1,review_required,metadata_only_limitation
fragment:signal:456d60a346edf31eabe91ddf7f8fb0bb985c5680a425d478c68a11842182b1cb:H3:6bae2b74294f,H3,MARINE vs OCEANIC Differential Coverage,H3,signal:456d60a346edf31eabe91ddf7f8fb0bb985c5680a425d478c68a11842182b1cb,evidence:doi:10.21203/rs.3.rs-8627153/v1,30178365958-1,maritime_defence,OCEANIC,O,sustainability_skill,sustainable,marine,,marine_ecological,sustainable,title+subject,title+subject,02196c7eadd1bbab58150bfe723c290bce10844e597942c79bc70d145be73baf,cumulative-db-semantic-v1,review_required,metadata_only_limitation
fragment:signal:457eb99075d7d0b51a80d1626147a14ee3c7f4424db733d2fcc88b39bae96034:H3:eb7f6f31f02a,H3,MARINE vs OCEANIC Differential Coverage,H3,signal:457eb99075d7d0b51a80d1626147a14ee3c7f4424db733d2fcc88b39bae96034,evidence:doi:10.1038/s44183-023-00023-9,30178365958-1,non_living_res,MARINE,M,technical_skill,engineering,marine,,marine_ecological,engineering,title+subject,title+subject,e0db23ff7af914454744a7b3eaab9d91314a4a4ebda4a7e50787a8f953fa7719,cumulative-db-semantic-v1,review_required,metadata_only_limitation
fragment:signal:45ccdb0f7ae1b7012814416297749ce3b66cf8b25d77b56d720e22d41004bb4a:H3:b9d564a5d618,H3,MARINE vs OCEANIC Differential Coverage,H3,signal:45ccdb0f7ae1b7012814416297749ce3b66cf8b25d77b56d720e22d41004bb4a,evidence:doi:10.51244/ijrsi.2026.1306000119,30178365958-1,coastal_tourism,OCEANIC,O,workforce_skill,workforce,marine,,marine_ecological,workforce,title+subject,title+subject,6ba12fd21c347cc3d5904b766a17e8a38dcee14b1cf28a65e729834f7a95d15e,cumulative-db-semantic-v1,review_required,metadata_only_limitation
fragment:signal:46181590d86a1b8261dc74f92e93625dcdcae2d34efac187070ebec5feed0c6b:H3:aafd30df0b8a,H3,MARINE vs OCEANIC Differential Coverage,H3,signal:46181590d86a1b8261dc74f92e93625dcdcae2d34efac187070ebec5feed0c6b,evidence:doi:10.1016/j.ancene.2026.100561,30178365958-1,non_living_res,MARINE,M,learning_outcome_signal,ects,marine,,marine_ecological,ects,title+subject,title+subject,a4d11e408d6487ba18e4cb1007a196ecdefc70419776913c7f91838ac5dfd033,cumulative-db-semantic-v1,review_required,metadata_only_limitation
fragment:signal:4627b1e5cb20f712fdbd0f540830ecf97e51743356db0984354407376f0ad372:H3:116eec2902aa,H3,MARINE vs OCEANIC Differential Coverage,H3,signal:4627b1e5cb20f712fdbd0f540830ecf97e51743356db0984354407376f0ad372,evidence:doi:10.26858/pbf6dx87,30178365958-1,coastal_tourism,OCEANIC,O,sustainability_skill,sustainable,marine,,marine_ecological,sustainable,title+subject,title+subject,e0caf83ef91b46c3d973fa9812d226e857fc6ea99df50b142c83775e299046b3,cumulative-db-semantic-v1,auto_accepted,metadata_only_limitation
fragment:signal:465548298d7cd0e7f2f5dd47bbc7e0f8c4f0ec15a13e91b71ce4b43b793ea11d:H3:2ddaf7389c62,H3,MARINE vs OCEANIC Differential Coverage,H3,signal:465548298d7cd0e7f2f5dd47bbc7e0f8c4f0ec15a13e91b71ce4b43b793ea11d,evidence:doi:10.1007/s11084-026-09745-5,30178365958-1,coastal_tourism,OCEANIC,O,workforce_skill,employment,marine,,marine_ecological,employment,title+subject,title+subject,89f7bc1c4eee16568e970356d82c6a4cba4c509a899536747b107e6686586506,cumulative-db-semantic-v1,review_required,metadata_only_limitation
fragment:signal:46b68c9b97bf419297b4718fe0f5ad36f79e72ba933d10dbd7215b76ee56cabd:H1:663acfe130ae,H1,Maritimisation Shift,H1,signal:46b68c9b97bf419297b4718fe0f5ad36f79e72ba933d10dbd7215b76ee56cabd,evidence:doi:10.59110/aplikatif.948,30178365958-1,coastal_tourism,OCEANIC,O,governance_skill,governance,ocean governance,,oceanic_governance,governance,title+subject,title+subject,c88b9d25e1568dcc978df6cf3478f27a26b20f2c8663184e8eee66c02f1c0d80,cumulative-db-semantic-v1,auto_accepted,metadata_only_limitation
fragment:signal:46b68c9b97bf419297b4718fe0f5ad36f79e72ba933d10dbd7215b76ee56cabd:H3:7fa0732537f7,H3,MARINE vs OCEANIC Differential Coverage,H3,signal:46b68c9b97bf419297b4718fe0f5ad36f79e72ba933d10dbd7215b76ee56cabd,evidence:doi:10.59110/aplikatif.948,30178365958-1,coastal_tourism,OCEANIC,O,governance_skill,governance,marine,,marine_ecological,governance,title+subject,title+subject,c88b9d25e1568dcc978df6cf3478f27a26b20f2c8663184e8eee66c02f1c0d80,cumulative-db-semantic-v1,auto_accepted,metadata_only_limitation
fragment:signal:46c14dfbe3c5ba86d5ace2f5f909138af945d98707e1ef458103fde9c00ee65c:H3:886be8571a46,H3,MARINE vs OCEANIC Differential Coverage,H3,signal:46c14dfbe3c5ba86d5ace2f5f909138af945d98707e1ef458103fde9c00ee65c,evidence:doi:10.1007/s10530-026-03846-y,30178365958-1,living_res,MARINE,M,governance_skill,policy,marine,,marine_ecological,policy,title+subject,title+subject,f103f00bf8514b2ce2f2eed9d9ca3b9b089df68bbc8177b4b4f61e1bc78ce969,cumulative-db-semantic-v1,review_required,metadata_only_limitation
fragment:signal:47154be5f9acfea82d3409c9dffffc91749b15e9baf78836cc4572c60d2a20d4:H3:113b07e153a0,H3,MARINE vs OCEANIC Differential Coverage,H3,signal:47154be5f9acfea82d3409c9dffffc91749b15e9baf78836cc4572c60d2a20d4,evidence:doi:10.21203/rs.3.rs-8941489/v1,30178365958-1,living_res,MARINE,M,explicit_competence_demand,competency,marine,,marine_ecological,competency,title+subject,title+subject,0bf8683179a7b4a0a9fd59363ccf85864f70d4c749dff857bf7144789b201f89,cumulative-db-semantic-v1,review_required,metadata_only_limitation
fragment:signal:47689a345b451063f95031bc70cc38ade4d8de6fb19395fe59ee9692fe0ba66c:H3:075a4a2e2c27,H3,MARINE vs OCEANIC Differential Coverage,H3,signal:47689a345b451063f95031bc70cc38ade4d8de6fb19395fe59ee9692fe0ba66c,evidence:doi:10.1016/j.onehlt.2025.100972,30178365958-1,living_res,OCEANIC,O,safety_risk_skill,risk,marine,,marine_ecological,risk,title+subject,title+subject,0c645993030df42db7c52bcf5798bc1edb9aabbca37f9cd8113f6df0c23c097a,cumulative-db-semantic-v1,review_required,metadata_only_limitation
fragment:signal:47c5fc6932415a43b176448297ca40d4832b2fc67bbf0a4d74ae8f69ccc86ee1:H3:35b731f9acca,H3,MARINE vs OCEANIC Differential Coverage,H3,signal:47c5fc6932415a43b176448297ca40d4832b2fc67bbf0a4d74ae8f69ccc86ee1,evidence:doi:10.30892/gtg.662spl38-1799,30178365958-1,coastal_tourism,OCEANIC,O,sustainability_skill,sustainable,marine,,marine_ecological,sustainable,title+subject,title+subject,158f1972e99aef57862a30ab1bc6d220723802d69d3ef199b25d28b6cc39c0a0,cumulative-db-semantic-v1,auto_accepted,metadata_only_limitation
fragment:signal:47ccf52cc5f234a8db4eaa1c2e6196d0e746e0fc5c62cf5f78ea37cef7223e66:H3:ca68ddc656d0,H3,MARINE vs OCEANIC Differential Coverage,H3,signal:47ccf52cc5f234a8db4eaa1c2e6196d0e746e0fc5c62cf5f78ea37cef7223e66,evidence:doi:10.3390/su17135813,30178365958-1,blue_biotech,MARINE,M,sustainability_skill,sustainable,marine,,marine_ecological,sustainable,title+subject,title+subject,301465583351454c7da4fa11607fa78202057221dae6cdfb54a43c72b357581f,cumulative-db-semantic-v1,auto_accepted,metadata_only_limitation
fragment:signal:47eb8da3791adceecdca10377a0b36a5465da7bf4bef99fb4b859f975a523fdd:H3:f9eacef9c73b,H3,MARINE vs OCEANIC Differential Coverage,H3,signal:47eb8da3791adceecdca10377a0b36a5465da7bf4bef99fb4b859f975a523fdd,evidence:doi:10.26858/xts2c454,30178365958-1,living_res,MARINE,M,governance_skill,policy,marine,,marine_ecological,policy,title+subject,title+subject,f48cc61246d70d3a26cbc3948d407695c4c00043d18c9ec07552113c32b1cc8e,cumulative-db-semantic-v1,review_required,metadata_only_limitation
fragment:signal:48068abe14f8560da6ed88a33fb21a63cea53a0f68e4678eeee4c67765df09ef:H3:0b3bebbd9824,H3,MARINE vs OCEANIC Differential Coverage,H3,signal:48068abe14f8560da6ed88a33fb21a63cea53a0f68e4678eeee4c67765df09ef,evidence:doi:10.22495/jgrv15i2art7,30178365958-1,coastal_tourism,OCEANIC,O,digital_skill,digital,marine,,marine_ecological,digital,title+subject,title+subject,f85adf75290ec0b365a5bb60b10d435c774377a45268628770b727d0bc4d201a,cumulative-db-semantic-v1,auto_accepted,metadata_only_limitation
fragment:signal:4837e3c8f2bc8654317809ed7b95548cbb859b50244abdd37234fef2f4a1c264:H1:a60c3932e8da,H1,Maritimisation Shift,H1,signal:4837e3c8f2bc8654317809ed7b95548cbb859b50244abdd37234fef2f4a1c264,evidence:doi:10.59110/aplikatif.948,30178365958-1,coastal_tourism,OCEANIC,O,policy_regulation_skill,law,ocean governance,,oceanic_governance,law,title+subject,title+subject,c88b9d25e1568dcc978df6cf3478f27a26b20f2c8663184e8eee66c02f1c0d80,cumulative-db-semantic-v1,auto_accepted,metadata_only_limitation
fragment:signal:4837e3c8f2bc8654317809ed7b95548cbb859b50244abdd37234fef2f4a1c264:H3:43e025905816,H3,MARINE vs OCEANIC Differential Coverage,H3,signal:4837e3c8f2bc8654317809ed7b95548cbb859b50244abdd37234fef2f4a1c264,evidence:doi:10.59110/aplikatif.948,30178365958-1,coastal_tourism,OCEANIC,O,policy_regulation_skill,law,marine,,marine_ecological,law,title+subject,title+subject,c88b9d25e1568dcc978df6cf3478f27a26b20f2c8663184e8eee66c02f1c0d80,cumulative-db-semantic-v1,auto_accepted,metadata_only_limitation
fragment:signal:485a0e2e4b1b6286552d465dd6a22281302140ca1e048f630efc8d315e6bfdec:H3:3aad41b7dc4b,H3,MARINE vs OCEANIC Differential Coverage,H3,signal:485a0e2e4b1b6286552d465dd6a22281302140ca1e048f630efc8d315e6bfdec,evidence:doi:10.3389/fpubh.2026.1770936,30178365958-1,blue_biotech,MARINE,M,sustainability_skill,climate,marine,,marine_ecological,climate,title+subject,title+subject,903d2db2f4685eb9803fd3ec3f8626ab194808b6db2e01a2a002352c39bb6b4a,cumulative-db-semantic-v1,review_required,metadata_only_limitation
fragment:signal:485c29e777b9ec65e9d54b2b0ab403e105099b43f272be66e97f2ccd414a562a:H3:98f7552b3938,H3,MARINE vs OCEANIC Differential Coverage,H3,signal:485c29e777b9ec65e9d54b2b0ab403e105099b43f272be66e97f2ccd414a562a,evidence:doi:10.26533/eksis.v21i1.1673,30178365958-1,living_res,MARINE,M,workforce_skill,human capital,marine,,marine_ecological,human capital,title+subject,title+subject,71b0c8efe776975d6add90919b0100a92e5263387c6844ce5685d4f40577fbf5,cumulative-db-semantic-v1,auto_accepted,metadata_only_limitation
fragment:signal:489a24fa2770da6af65ebba864451272365da97e77fe732f84032c8c3dfa2ad6:H3:0fd0b6714323,H3,MARINE vs OCEANIC Differential Coverage,H3,signal:489a24fa2770da6af65ebba864451272365da97e77fe732f84032c8c3dfa2ad6,evidence:doi:10.1016/j.scitotenv.2025.179959,30178365958-1,non_living_res,MARINE,M,sustainability_skill,sustainability,planetary,,oceanic_planetary,sustainability,title+subject,title+subject,9f0b2e5b169003b13011c9192588083b5aac2694ca7713c22ae559a7614badac,cumulative-db-semantic-v1,auto_accepted,metadata_only_limitation
fragment:signal:48b3f3c4bf1a2afbedb2f58488f3f7774eabf32324206a4232ce6f3e19fa4463:H3:34e4a287eeb3,H3,MARINE vs OCEANIC Differential Coverage,H3,signal:48b3f3c4bf1a2afbedb2f58488f3f7774eabf32324206a4232ce6f3e19fa4463,evidence:doi:10.1016/j.marenvres.2026.108275,30178365958-1,r_i,OCEANIC,O,sustainability_skill,adaptation,marine,,marine_ecological,adaptation,title+subject,title+subject,9ea157ce8ffe1d69c0b7b571f8d287e3c3f874228531550280f6a72a6a86667e,cumulative-db-semantic-v1,review_required,metadata_only_limitation
fragment:signal:48bac3016a2883c9b50a99abad8bcfb66b0ee3bb0c5a36cdeb3f25df0e1eaf23:H3:387fe214d642,H3,MARINE vs OCEANIC Differential Coverage,H3,signal:48bac3016a2883c9b50a99abad8bcfb66b0ee3bb0c5a36cdeb3f25df0e1eaf23,evidence:doi:10.5281/zenodo.21426403,30178365958-1,living_res,MARINE,M,sustainability_skill,sustainable,marine,,marine_ecological,sustainable,title+subject,title+subject,0069097d8890f49a9a84fa16579d96c89f81c3411cd670ee6c36e0d451d7fc26,cumulative-db-semantic-v1,auto_accepted,metadata_only_limitation
fragment:signal:48cdddb3ec4ddf9ffca2a251f6a58e82edf81ddfdc0b37445ccfd884e2267ab0:H3:deae687011f1,H3,MARINE vs OCEANIC Differential Coverage,H3,signal:48cdddb3ec4ddf9ffca2a251f6a58e82edf81ddfdc0b37445ccfd884e2267ab0,evidence:doi:10.3390/su18115227,30178365958-1,blue_biotech,OCEANIC,O,sustainability_skill,sustainability,ecological,,marine_ecological,sustainability,title+subject,title+subject,88430a506a8e273e97f03dd879ac13789dcff0b09cebe6d690e117186a21a1dc,cumulative-db-semantic-v1,review_required,metadata_only_limitation
fragment:signal:48f027c9f5e1a7984f312d2e7d667ef0c16f81544665868d859eb0d4beb4da51:H3:a0bfb426618f,H3,MARINE vs OCEANIC Differential Coverage,H3,signal:48f027c9f5e1a7984f312d2e7d667ef0c16f81544665868d859eb0d4beb4da51,evidence:doi:10.14288/1.0453254,30178365958-1,living_res,MARINE,M,sustainability_skill,sustainability,marine,,marine_ecological,sustainability,title+subject,title+subject,43c73c2738463385f65997fa54f9f6852a49717d198e6709eed45e04d4fff2d5,cumulative-db-semantic-v1,auto_accepted,metadata_only_limitation
fragment:signal:48f22232a9076f0cc8871aed6532add7e1bee264223245ff9409994b005a66cf:H3:54545f86512c,H3,MARINE vs OCEANIC Differential Coverage,H3,signal:48f22232a9076f0cc8871aed6532add7e1bee264223245ff9409994b005a66cf,evidence:doi:10.3390/pr14030398,30178365958-1,blue_biotech,MARINE,M,sustainability_skill,sustainability,ecological,,marine_ecological,sustainability,title+subject,title+subject,b5c58754a3363b4c31a2de2b9c2d9fcc7856ace6984f663532f786d207c21dc3,cumulative-db-semantic-v1,auto_accepted,metadata_only_limitation
fragment:signal:4908536f653e3d8f76fc8d3ae65894101aaaac369b8f2549f490428b47d42322:H3:a297ea27d6dd,H3,MARINE vs OCEANIC Differential Coverage,H3,signal:4908536f653e3d8f76fc8d3ae65894101aaaac369b8f2549f490428b47d42322,evidence:doi:10.62885/toursci.v3i6.1254,30178365958-1,living_res,MARINE,M,social_science_skill,community,marine,,marine_ecological,community,title+subject,title+subject,b1118d17f58765d7634224014c2e7d89166f26f5ef7880a7662f233a130b0ff9,cumulative-db-semantic-v1,auto_accepted,metadata_only_limitation
fragment:signal:492d40dbabb332a1d57aa8ccb63bb920c1d817f4b4a0eab257fa19c24c229599:H3:e044c123e3d4,H3,MARINE vs OCEANIC Differential Coverage,H3,signal:492d40dbabb332a1d57aa8ccb63bb920c1d817f4b4a0eab257fa19c24c229599,evidence:doi:10.1016/j.marpol.2022.105335,30178365958-1,maritime_transport,OCEANIC,O,technical_skill,engineering,marine,,marine_ecological,engineering,title+subject,title+subject,9feb8a9babe48b06c958a56b8bdb33084a88ed85810aac76cd82c99d1288c124,cumulative-db-semantic-v1,review_required,metadata_only_limitation
fragment:signal:4930539b786b496c17ec667cd319aae1314abd75ded7ede67578341810b711c5:H3:9059bd27d704,H3,MARINE vs OCEANIC Differential Coverage,H3,signal:4930539b786b496c17ec667cd319aae1314abd75ded7ede67578341810b711c5,evidence:doi:10.1007/s44289-026-00140-6,30178365958-1,living_res,MARINE,M,sustainability_skill,sustainable,marine,,marine_ecological,sustainable,title,title,7797a65990f38925e67ee5b0dcced906142b864cc81ce64899dfa060575f9fb0,cumulative-db-semantic-v1,review_required,metadata_only_limitation
fragment:signal:495615ba3dfd1bad924b82ba161e9fb817edb8993a5db744ac8e684ab8988ea1:H3:288adac873d3,H3,MARINE vs OCEANIC Differential Coverage,H3,signal:495615ba3dfd1bad924b82ba161e9fb817edb8993a5db744ac8e684ab8988ea1,evidence:doi:10.1038/s41598-026-49766-8,30178365958-1,coastal_tourism,OCEANIC,O,sustainability_skill,sustainability,marine,,marine_ecological,sustainability,title+subject,title+subject,7543c9e42a547087fc5a490fa53ca86a133277d00acd1de122ec3b91793f05c4,cumulative-db-semantic-v1,auto_accepted,metadata_only_limitation
fragment:signal:49940508846d582b213ff7bb149203e81e0086d81424b650688bd9685c30799e:H3:27a7d553ac4f,H3,MARINE vs OCEANIC Differential Coverage,H3,signal:49940508846d582b213ff7bb149203e81e0086d81424b650688bd9685c30799e,evidence:doi:10.1080/1088937x.2026.2645538,30178365958-1,non_living_res,MARINE,M,governance_skill,policy,marine,,marine_ecological,policy,title+subject,title+subject,dcb96622304f18839846d0858fdf741f1cb12c471779a49dd813ad5645f7a0c8,cumulative-db-semantic-v1,review_required,metadata_only_limitation
fragment:signal:49cd8ba84b226daa791dd6ac304636ceff9c2850be39871d93f94d054b8f7ee3:H3:7ff1e4738ff2,H3,MARINE vs OCEANIC Differential Coverage,H3,signal:49cd8ba84b226daa791dd6ac304636ceff9c2850be39871d93f94d054b8f7ee3,evidence:doi:10.1038/s44454-026-00046-0,30178365958-1,living_res,MARINE,M,safety_risk_skill,risk,marine,,marine_ecological,risk,title+subject,title+subject,e2f2ad3bd8ae3cd062e2dae0574d1a6d06860d1ed2e33bcfc59df7439fc5f0a7,cumulative-db-semantic-v1,review_required,metadata_only_limitation
fragment:signal:49ff040332f32b8f6a49a93af324142aa3127de0e20eb0c03238db131af79da0:H3:62b561a17c5f,H3,MARINE vs OCEANIC Differential Coverage,H3,signal:49ff040332f32b8f6a49a93af324142aa3127de0e20eb0c03238db131af79da0,evidence:doi:10.3389/fmars.2025.1617277,30178365958-1,non_living_res,MARINE,M,governance_skill,governance,marine,,marine_ecological,governance,title+subject,title+subject,a82fa9e96423a10c35e43abff9353ba22f5774d06287beb6f81b8bc81d12db3f,cumulative-db-semantic-v1,auto_accepted,metadata_only_limitation
fragment:signal:4a457cffba4c9cbd528aa9879735176a63beae2487f6f68f900d575d45533a7b:H3:739b3d6ed2ec,H3,MARINE vs OCEANIC Differential Coverage,H3,signal:4a457cffba4c9cbd528aa9879735176a63beae2487f6f68f900d575d45533a7b,evidence:doi:10.3389/fmars.2026.1817479,30178365958-1,coastal_tourism,OCEANIC,O,digital_skill,artificial intelligence,marine,,marine_ecological,artificial intelligence,title+subject,title+subject,f9f95dc9b9fa5a2f6d8d935cbb1dd119343e8601aa8981bb539a3d89a10489f7,cumulative-db-semantic-v1,review_required,metadata_only_limitation
fragment:signal:4a878e748907b6f1f922e254765ed5d78943f754e8d3a00a10bf48ad2945f3ae:H3:8a8c38b7438d,H3,MARINE vs OCEANIC Differential Coverage,H3,signal:4a878e748907b6f1f922e254765ed5d78943f754e8d3a00a10bf48ad2945f3ae,evidence:doi:10.3897/emt.2.158168,30178365958-1,blue_biotech,OCEANIC,O,digital_skill,artificial intelligence,ecological,,marine_ecological,artificial intelligence,title+subject,title+subject,2c52470cada4904df1e41a4d4e30e1b4e67f858001da1096689b7d4dcd6a50e3,cumulative-db-semantic-v1,review_required,metadata_only_limitation
fragment:signal:4aacb71da1f9c02f39683f1236e80779e32b1e3ea4ed1f8e4c90d63e9ad1cc85:H3:4beeaa480f1b,H3,MARINE vs OCEANIC Differential Coverage,H3,signal:4aacb71da1f9c02f39683f1236e80779e32b1e3ea4ed1f8e4c90d63e9ad1cc85,evidence:doi:10.20944/preprints202512.0060.v1,30178365958-1,living_res,OCEANIC,O,social_science_skill,community,marine,,marine_ecological,community,title+subject,title+subject,3b0e7655f7425a578ce7f5b39711bf17dc5393c76ad640fa4bddacc3ee9f35bf,cumulative-db-semantic-v1,review_required,metadata_only_limitation
fragment:signal:4ad64a45daf4d0bfdbbb442f499aacac8e83818b752938ddef4669acf8736d0f:H3:298996f83b28,H3,MARINE vs OCEANIC Differential Coverage,H3,signal:4ad64a45daf4d0bfdbbb442f499aacac8e83818b752938ddef4669acf8736d0f,evidence:doi:10.1016/j.marpolbul.2026.119923,30178365958-1,coastal_tourism,OCEANIC,O,learning_outcome_signal,ects,ecological,,marine_ecological,ects,title,title,79f3baf844344ed80df8274e803e00d679a8fef6619e297e014651aa86771412,cumulative-db-semantic-v1,review_required,metadata_only_limitation
fragment:signal:4b4955ca92d3a0fe44a66a7448574eab1d8088347cd1733a524492eca47636c8:H3:8fd897151249,H3,MARINE vs OCEANIC Differential Coverage,H3,signal:4b4955ca92d3a0fe44a66a7448574eab1d8088347cd1733a524492eca47636c8,evidence:doi:10.1007/s11367-026-02642-z,30178365958-1,living_res,MARINE,M,sustainability_skill,sustainability,marine,,marine_ecological,sustainability,title+subject,title+subject,340db2fa14140962a454ac9af4cb2705153f3abb0f9a139550f4106a9aff2185,cumulative-db-semantic-v1,review_required,metadata_only_limitation
fragment:signal:4b9687fcb9c83befb25df6eb8f51917278f48c82c23137e2826914ead07aca0d:H3:afc9a2c86eb7,H3,MARINE vs OCEANIC Differential Coverage,H3,signal:4b9687fcb9c83befb25df6eb8f51917278f48c82c23137e2826914ead07aca0d,evidence:doi:10.31940/ijaste.v10i1.33-55,30178365958-1,r_i,OCEANIC,O,governance_skill,governance,marine,,marine_ecological,governance,title+subject,title+subject,4799eed07732bd540f0cf0c6cfff47c8947428f16345e33e96572a9996c39bcf,cumulative-db-semantic-v1,auto_accepted,metadata_only_limitation
fragment:signal:4c7a7173341829a133e67205e464224128ea64788a065cb5e6ca06487e12541b:H3:bac956534228,H3,MARINE vs OCEANIC Differential Coverage,H3,signal:4c7a7173341829a133e67205e464224128ea64788a065cb5e6ca06487e12541b,evidence:doi:10.3390/futuretransp5040139,30178365958-1,coastal_tourism,OCEANIC,O,explicit_competence_demand,competence,marine,,marine_ecological,competence,title+subject,title+subject,9892b2a546e70ffb9e2dbc5a5a2a635f614780bbc5fc0a55726a3ec51c03394b,cumulative-db-semantic-v1,auto_accepted,metadata_only_limitation
fragment:signal:4c951c856b06b32e151fffb7a3f88a9023d698a1f1bdb177d8678c9edd23d039:H3:f37ac1b28ab3,H3,MARINE vs OCEANIC Differential Coverage,H3,signal:4c951c856b06b32e151fffb7a3f88a9023d698a1f1bdb177d8678c9edd23d039,evidence:doi:10.58930/bp53906188,30178365958-1,non_living_res,MARINE,M,learning_outcome_signal,ects,planetary,,oceanic_planetary,ects,title+subject,title+subject,4c63707c5525ff854f64cf0c80a553acb9f380562f09fa5b82bb80d0460c0d96,cumulative-db-semantic-v1,review_required,metadata_only_limitation
fragment:signal:4ca6b6d87b9c7e91a39a1d19396ed2492717daedb519fcbb0dbbd62c79ff7528:H3:101d85e9fcaa,H3,MARINE vs OCEANIC Differential Coverage,H3,signal:4ca6b6d87b9c7e91a39a1d19396ed2492717daedb519fcbb0dbbd62c79ff7528,evidence:doi:10.1201/9781003779667,30178365958-1,living_res,MARINE,M,sustainability_skill,sustainability,ecological,,marine_ecological,sustainability,title+subject,title+subject,09c44962d0378e6cf506bc534e9e18b381dfa47305bb9d02c022f6fb71dbe8e8,cumulative-db-semantic-v1,review_required,metadata_only_limitation
fragment:signal:4d06a996509d174e5eb2e2de9698e1f93f97af8595c0623ba80b826494357112:H3:f0e7852b23fe,H3,MARINE vs OCEANIC Differential Coverage,H3,signal:4d06a996509d174e5eb2e2de9698e1f93f97af8595c0623ba80b826494357112,evidence:doi:10.1016/j.marpolbul.2026.119799,30178365958-1,blue_biotech,OCEANIC,O,safety_risk_skill,hazard,marine,,marine_ecological,hazard,title,title,0a4f1444f5b50b18a60c05049a50c7a3b5b304d867f7b12bde38dbcda3c3cba3,cumulative-db-semantic-v1,review_required,metadata_only_limitation
fragment:signal:4d467110a877d021cd037aa1040e11721b0e63ec0311952b0c0d836e32feced3:H3:a588722508bb,H3,MARINE vs OCEANIC Differential Coverage,H3,signal:4d467110a877d021cd037aa1040e11721b0e63ec0311952b0c0d836e32feced3,evidence:doi:10.1007/978-3-032-13638-1_19,30178365958-1,living_res,MARINE,M,sustainability_skill,sustainability,marine,,marine_ecological,sustainability,title,title,229d9622c55e080ebf1852876729f6eef6c07211d6fca70322c2660c7831a56e,cumulative-db-semantic-v1,review_required,metadata_only_limitation
fragment:signal:4dbcfb2148e751b781de59e50885007a14bffcab8887bf618182e7ac3c58f58f:H3:4d5b14a1cba3,H3,MARINE vs OCEANIC Differential Coverage,H3,signal:4dbcfb2148e751b781de59e50885007a14bffcab8887bf618182e7ac3c58f58f,evidence:doi:10.64898/2026.07.15.738810,30178365958-1,living_res,MARINE,M,safety_risk_skill,risk,marine,,marine_ecological,risk,title+subject,title+subject,98eb4132294ca9e9047dbf626d5f62f7e98484518cf2a32a330b2ebb17ce85fc,cumulative-db-semantic-v1,review_required,metadata_only_limitation
fragment:signal:4dd6dc04805af838f3edaaf3b5f35d90797bb92b613a6a9bff23cababd89722c:H3:4f9d37e88783,H3,MARINE vs OCEANIC Differential Coverage,H3,signal:4dd6dc04805af838f3edaaf3b5f35d90797bb92b613a6a9bff23cababd89722c,evidence:doi:10.1007/s10113-026-02575-1,30178365958-1,living_res,MARINE,M,sustainability_skill,adaptation,marine,,marine_ecological,adaptation,title+subject,title+subject,bbd4048f073e323b777b14c5f3a8452c7a175e6398b27d663783a1a8d0b44081,cumulative-db-semantic-v1,auto_accepted,metadata_only_limitation
fragment:signal:4dfd1196df02e7498b069ef1b74ca28311a3426d409741306971fe24dc7f6e9d:H3:e4c4b155432b,H3,MARINE vs OCEANIC Differential Coverage,H3,signal:4dfd1196df02e7498b069ef1b74ca28311a3426d409741306971fe24dc7f6e9d,evidence:doi:10.3390/app15116144,30178365958-1,blue_biotech,MARINE,M,technical_skill,engineering,marine,,marine_ecological,engineering,title+subject,title+subject,50e74099981c784da2aa5d6c16dd41e0852c17a20e38b319e4f0796d459c909f,cumulative-db-semantic-v1,review_required,metadata_only_limitation
fragment:signal:4e0cfbf408c24c9e2b4d49bd766d137ec13e16f33434d304967ea71ddfa9872c:H3:b0c8233c1628,H3,MARINE vs OCEANIC Differential Coverage,H3,signal:4e0cfbf408c24c9e2b4d49bd766d137ec13e16f33434d304967ea71ddfa9872c,evidence:doi:10.2777/87880,30178365958-1,ship_repair,OCEANIC,O,technical_skill,engineering,marine,,marine_ecological,engineering,title+subject,title+subject,1fcf92e00209a62d9a9bb70779c64cd3fe28a06b01004054093e07a10d57b107,cumulative-db-semantic-v1,review_required,metadata_only_limitation
fragment:signal:4e3baa0843a5e75fc6c4fb12e7c63f38ac8f1953e3e82aad26638a24a5b06dd8:H3:3400f605c0c4,H3,MARINE vs OCEANIC Differential Coverage,H3,signal:4e3baa0843a5e75fc6c4fb12e7c63f38ac8f1953e3e82aad26638a24a5b06dd8,evidence:doi:10.3390/hydrogen7030094,30178365958-1,desalination,OCEANIC,O,explicit_competence_demand,competency,marine,,marine_ecological,competency,title,title,da54f2631faeda7cc845420b60dd71989c936106e6d51ca5d76f0dfdf3393134,cumulative-db-semantic-v1,review_required,metadata_only_limitation
fragment:signal:4e5fad9763b58a7b2da1dbeec91bd4ee64b8ffa5eafc568eeb5fa115c18f996d:H3:eae3d39b5638,H3,MARINE vs OCEANIC Differential Coverage,H3,signal:4e5fad9763b58a7b2da1dbeec91bd4ee64b8ffa5eafc568eeb5fa115c18f996d,evidence:doi:10.3390/environments13040208,30178365958-1,blue_biotech,MARINE,M,sustainability_skill,sustainability,marine,,marine_ecological,sustainability,title+subject,title+subject,6885751d910f59b6770afa79f8eb661e08e251782ab1f2f0d3c67c1cf6254e47,cumulative-db-semantic-v1,auto_accepted,metadata_only_limitation
fragment:signal:4e6d5de6f21f337552ec99ba88dd7d7cc838051beee8bfca0edff82c0459d643:H3:c22758506bcd,H3,MARINE vs OCEANIC Differential Coverage,H3,signal:4e6d5de6f21f337552ec99ba88dd7d7cc838051beee8bfca0edff82c0459d643,evidence:doi:10.1080/17482631.2025.2527883,30178365958-1,r_i,OCEANIC,O,social_science_skill,social science,marine,,marine_ecological,social science,title+subject,title+subject,9c2026b4e8e609ebc1b4fc645d83b3728fc1311c0993fc7eb5d1661be6fa5212,cumulative-db-semantic-v1,review_required,metadata_only_limitation
fragment:signal:4e6f2b9954c700f1c8b73b42f094c93eb43b8809896a51458f1afd687bffd2f4:H3:fd4af8d06492,H3,MARINE vs OCEANIC Differential Coverage,H3,signal:4e6f2b9954c700f1c8b73b42f094c93eb43b8809896a51458f1afd687bffd2f4,evidence:doi:10.30996/jpap.v11i1.12082,30178365958-1,non_living_res,MARINE,M,governance_skill,policy,marine,,marine_ecological,policy,title+subject,title+subject,1e8b5841447c82a0aabe6a9de5b72ab6fca0d883bd8b0cdbfce3cdd37caa5d0e,cumulative-db-semantic-v1,auto_accepted,metadata_only_limitation
fragment:signal:4e8153ee67393baecd15c3a3b9edc073640c182572b1f3b5de36b2c322f62140:H3:438c6a28fe28,H3,MARINE vs OCEANIC Differential Coverage,H3,signal:4e8153ee67393baecd15c3a3b9edc073640c182572b1f3b5de36b2c322f62140,evidence:doi:10.1080/13642987.2026.2642180,30178365958-1,maritime_defence,OCEANIC,O,sustainability_skill,climate,marine,,marine_ecological,climate,title+subject,title+subject,2d1ebc8f6cc7e6f06f7a1beea42df37400643aa58f5077dc3d8312d91bd30043,cumulative-db-semantic-v1,auto_accepted,metadata_only_limitation
fragment:signal:4eb2d212e5740fff3fa24e25a4f31028e75f56b8ea6b0956b3a57a30acf65255:H3:0ac7b07357a8,H3,MARINE vs OCEANIC Differential Coverage,H3,signal:4eb2d212e5740fff3fa24e25a4f31028e75f56b8ea6b0956b3a57a30acf65255,evidence:doi:10.3390/su17135813,30178365958-1,blue_biotech,MARINE,M,governance_skill,stakeholder,marine,,marine_ecological,stakeholder,title+subject,title+subject,301465583351454c7da4fa11607fa78202057221dae6cdfb54a43c72b357581f,cumulative-db-semantic-v1,auto_accepted,metadata_only_limitation
fragment:signal:4ef455641a21c99a67d191e301be420dbf38460f212630eeb6c85c39424611e1:H3:7c3c174bd136,H3,MARINE vs OCEANIC Differential Coverage,H3,signal:4ef455641a21c99a67d191e301be420dbf38460f212630eeb6c85c39424611e1,evidence:doi:10.3390/su18126186,30178365958-1,r_i,OCEANIC,O,sustainability_skill,sustainability,ecological,,marine_ecological,sustainability,title+subject,title+subject,b9122b6cde5c7d1a28915de8fdfefd59ea4ca8fd22c2fec5b08710179511328e,cumulative-db-semantic-v1,review_required,metadata_only_limitation
fragment:signal:4f82db3e60fa9f4fdc58bce7072fbb23239af423e6c985af3d3389826ba5026f:H3:3d3aa4c62d25,H3,MARINE vs OCEANIC Differential Coverage,H3,signal:4f82db3e60fa9f4fdc58bce7072fbb23239af423e6c985af3d3389826ba5026f,evidence:doi:10.3389/fmars.2026.1688192,30178365958-1,maritime_defence,OCEANIC,O,policy_regulation_skill,legal,marine,,marine_ecological,legal,title+subject,title+subject,f0a0a637cccb1a28770622e4f4282625a40d112cff7b552b3665959bc5988504,cumulative-db-semantic-v1,review_required,metadata_only_limitation
fragment:signal:4f99278cd7a0f6e6d6e25b8fd49660d1f2253858f761fbe00b394ee48c72cd45:H3:28e4f1079024,H3,MARINE vs OCEANIC Differential Coverage,H3,signal:4f99278cd7a0f6e6d6e25b8fd49660d1f2253858f761fbe00b394ee48c72cd45,evidence:doi:10.4314/jsdlp.v17i1.8,30178365958-1,non_living_res,MARINE,M,policy_regulation_skill,law,marine,,marine_ecological,law,title+subject,title+subject,38dda831e13aa4efef3d73183b338c872228189395b2aa4eb2cdbd69eddf48b4,cumulative-db-semantic-v1,auto_accepted,metadata_only_limitation
fragment:signal:4f9de19dac89f3b5852eaa9b5bdda79748268f61f9e4c59331f0fd5813b4f7e6:H3:4ecfea9e924a,H3,MARINE vs OCEANIC Differential Coverage,H3,signal:4f9de19dac89f3b5852eaa9b5bdda79748268f61f9e4c59331f0fd5813b4f7e6,evidence:doi:10.55737/qjss.350548481,30178365958-1,blue_biotech,MARINE,M,workforce_skill,human capital,marine,,marine_ecological,human capital,title+subject,title+subject,8ccd7efcf8c270a8f14054da334887800c9bb0c2c2d5f3b6744cac7bf09bec42,cumulative-db-semantic-v1,review_required,metadata_only_limitation
fragment:signal:4fab966f2930c1b4c09f8e5c6becbffd8453d9f8830b81d152b8a03e392f857c:H3:ed039b24106e,H3,MARINE vs OCEANIC Differential Coverage,H3,signal:4fab966f2930c1b4c09f8e5c6becbffd8453d9f8830b81d152b8a03e392f857c,evidence:doi:10.1002/wfp2.70026,30178365958-1,living_res,MARINE,M,governance_skill,governance,marine,,marine_ecological,governance,title+subject,title+subject,b69a9625adb868aa2243d04011c12186f22f834152becb8e2d99592bbd3e95ea,cumulative-db-semantic-v1,auto_accepted,metadata_only_limitation
fragment:signal:5001076a79fb6c2a6414529b4487cb663d09902d0d330e11b4066d240cce3d6d:H3:a8529352c1d0,H3,MARINE vs OCEANIC Differential Coverage,H3,signal:5001076a79fb6c2a6414529b4487cb663d09902d0d330e11b4066d240cce3d6d,evidence:doi:10.56238/sevened2026.008-077,30178365958-1,blue_biotech,MARINE,M,sustainability_skill,sustainability,marine,,marine_ecological,sustainability,title+subject,title+subject,1fb11d696c7f328829bfe82ca971380767d0bdd8224748b4d7545e22089c4754,cumulative-db-semantic-v1,auto_accepted,metadata_only_limitation
fragment:signal:50341b62e36b5db751c1124fd172f29d207384dbaf65d8a6c628aab33050884d:H3:c26f692cc917,H3,MARINE vs OCEANIC Differential Coverage,H3,signal:50341b62e36b5db751c1124fd172f29d207384dbaf65d8a6c628aab33050884d,evidence:doi:10.1007/s40152-026-00479-8,30178365958-1,living_res,MARINE,M,safety_risk_skill,risk,marine,,marine_ecological,risk,title+subject,title+subject,95c0fd08793cefc5f4e1d74e10d479c8951c61d8066296a1416c6fe8a7f6b078,cumulative-db-semantic-v1,review_required,metadata_only_limitation
fragment:signal:50ad931a3be7e14f04be9a59548b5e2c3f6d9955603b5b06f16128f83a26ff16:H3:45dbceea11ba,H3,MARINE vs OCEANIC Differential Coverage,H3,signal:50ad931a3be7e14f04be9a59548b5e2c3f6d9955603b5b06f16128f83a26ff16,evidence:doi:10.1007/s10811-026-03917-6,30178365958-1,living_res,MARINE,M,sustainability_skill,climate,marine,,marine_ecological,climate,title+subject,title+subject,71b3d2976558f02233e6b1fbea7bcdab8659c1fc0759387562fee109159d9dd3,cumulative-db-semantic-v1,review_required,metadata_only_limitation
fragment:signal:50f40c782a8ff22059ade0dc7f4728f5f39bb367e3b795f9fb7f171d86c26880:H3:cfa2b793f7b6,H3,MARINE vs OCEANIC Differential Coverage,H3,signal:50f40c782a8ff22059ade0dc7f4728f5f39bb367e3b795f9fb7f171d86c26880,evidence:doi:10.30564/jees.v8i1.12988,30178365958-1,living_res,MARINE,M,education_training_signal,education,ecological,,marine_ecological,education,title+subject,title+subject,e34ba35f3f4c30c9b5b012d8d0f87f0dbf0357d76cfa6b28e465c5aeba3e89ed,cumulative-db-semantic-v1,review_required,metadata_only_limitation
fragment:signal:51067e5b8af3b63267c6cc9e774a655c41d2fe6e50b72043a00bae6dd8cc08f4:H3:13fd9e796c3e,H3,MARINE vs OCEANIC Differential Coverage,H3,signal:51067e5b8af3b63267c6cc9e774a655c41d2fe6e50b72043a00bae6dd8cc08f4,evidence:doi:10.65094/i-joins.v1i2.8,30178365958-1,blue_biotech,MARINE,M,sustainability_skill,sustainability,marine,,marine_ecological,sustainability,title+subject,title+subject,520cd682429b780332e3f3d6c92f24c6b224ca3204d2c05c8d4e37cfbf5472a2,cumulative-db-semantic-v1,auto_accepted,metadata_only_limitation
fragment:signal:51257cec3d25bb797074d387d7f732b5fb54e30370e1dbddb4abcf3e56ad35a3:H3:b14d105decc5,H3,MARINE vs OCEANIC Differential Coverage,H3,signal:51257cec3d25bb797074d387d7f732b5fb54e30370e1dbddb4abcf3e56ad35a3,evidence:doi:10.1017/wat.2026.10027,30178365958-1,living_res,MARINE,M,sustainability_skill,adaptive,ecological,,marine_ecological,adaptive,title+subject,title+subject,b02692bf4c0d50dd06fb44d639f5e2393e20db91917fc207d2f0a237062bea26,cumulative-db-semantic-v1,auto_accepted,metadata_only_limitation
fragment:signal:51a36bc2ef105696ace0b5ca73c5deefb05c51d0c3a474d6942fe79221f1c76e:H3:45ca024856bd,H3,MARINE vs OCEANIC Differential Coverage,H3,signal:51a36bc2ef105696ace0b5ca73c5deefb05c51d0c3a474d6942fe79221f1c76e,evidence:doi:10.66314/ijepp.v4i1.205,30178365958-1,blue_biotech,MARINE,M,sustainability_skill,sustainable,marine,,marine_ecological,sustainable,title+subject,title+subject,c6bb1600fbf6d792521d3302aac7ecc81766df8c05b3e9af97ba62b4a596b527,cumulative-db-semantic-v1,auto_accepted,metadata_only_limitation
fragment:signal:51af19590ba038ffefca760cc9b7ea366fc43c9dc779d7b344c0aee7a91301c0:H3:e12e217a675f,H3,MARINE vs OCEANIC Differential Coverage,H3,signal:51af19590ba038ffefca760cc9b7ea366fc43c9dc779d7b344c0aee7a91301c0,evidence:doi:10.1007/s00267-026-02515-z,30178365958-1,coastal_tourism,OCEANIC,O,sustainability_skill,sustainability,marine,,marine_ecological,sustainability,title+subject,title+subject,e834dac87ed1b8be580f602cad5f61bc778e2c1ba7972f51549877a70aa9b00a,cumulative-db-semantic-v1,auto_accepted,metadata_only_limitation
fragment:signal:51c073e9a7c07c2a709b5a3019e8c3687802bd2af8ed351149341033b67dc4d6:H3:e178da4dedf1,H3,MARINE vs OCEANIC Differential Coverage,H3,signal:51c073e9a7c07c2a709b5a3019e8c3687802bd2af8ed351149341033b67dc4d6,evidence:doi:10.1007/s44279-025-00228-1,30178365958-1,blue_biotech,OCEANIC,O,digital_skill,digital,ecological,,marine_ecological,digital,title+subject,title+subject,2ad3426c2cead0356a36cf6e2541d358afca5b041d06d2fd70b5f481988e808f,cumulative-db-semantic-v1,review_required,metadata_only_limitation
fragment:signal:51e7727f020b5586512ee2ce59d13c50ab5bbae0cb41ad08239cf38f79fb2d92:H3:666721f3f245,H3,MARINE vs OCEANIC Differential Coverage,H3,signal:51e7727f020b5586512ee2ce59d13c50ab5bbae0cb41ad08239cf38f79fb2d92,evidence:doi:10.1080/03323315.2025.2561633,30178365958-1,non_living_res,MARINE,M,education_training_signal,education,ecological,,marine_ecological,education,title+subject,title+subject,4f4099731d7bde2a5a6040400c57ae33051ce7731b27e0d6edc474c4779f2240,cumulative-db-semantic-v1,auto_accepted,metadata_only_limitation
fragment:signal:52068f03a0a9b70bab1d10a255d25fa4e96372c11bbb71456de68c6204ea5da4:H3:5b6e04a7b127,H3,MARINE vs OCEANIC Differential Coverage,H3,signal:52068f03a0a9b70bab1d10a255d25fa4e96372c11bbb71456de68c6204ea5da4,evidence:doi:10.3389/fmars.2026.1835277,30178365958-1,maritime_defence,OCEANIC,O,digital_skill,digital,marine,,marine_ecological,digital,title+subject,title+subject,f32ac229aee2d4dd4879e82b69b6542e663a074d56ae34583982931fe973a750,cumulative-db-semantic-v1,auto_accepted,metadata_only_limitation
fragment:signal:52767e7c37bf1bce0c5e35f4c8bf11674e0338d713d9c2c80017166bec2f1bfe:H3:04dc4787ab9a,H3,MARINE vs OCEANIC Differential Coverage,H3,signal:52767e7c37bf1bce0c5e35f4c8bf11674e0338d713d9c2c80017166bec2f1bfe,evidence:doi:10.29244/coj.v10i1.72769,30178365958-1,coastal_tourism,OCEANIC,O,social_science_skill,community,marine,,marine_ecological,community,title+subject,title+subject,acc2d18fa84b7efd89918be79dd59fa2ba8141939eec0ec0d2b15759fbafcc9b,cumulative-db-semantic-v1,review_required,metadata_only_limitation
fragment:signal:52938a5047de881c1aa5edfa654e687e7ef5b88845411a851a09c1c96b3381bc:H3:92ba237cd06f,H3,MARINE vs OCEANIC Differential Coverage,H3,signal:52938a5047de881c1aa5edfa654e687e7ef5b88845411a851a09c1c96b3381bc,evidence:doi:10.3389/fmars.2025.1734688,30178365958-1,blue_biotech,MARINE,M,governance_skill,governance,marine,,marine_ecological,governance,title+subject,title+subject,5d7e7926188241f659cb4b96549094c2f1d04608396d9776a497e6a9151482bc,cumulative-db-semantic-v1,auto_accepted,metadata_only_limitation
fragment:signal:52b7bfc0358760713ca10711c112290845ed15182b9834e6762bba6e107f78e4:H3:b5fcc2532856,H3,MARINE vs OCEANIC Differential Coverage,H3,signal:52b7bfc0358760713ca10711c112290845ed15182b9834e6762bba6e107f78e4,evidence:doi:10.1017/cft.2026.10042,30178365958-1,living_res,MARINE,M,learning_outcome_signal,ects,marine,,marine_ecological,ects,title+subject,title+subject,4c45a119b253369962cb4e51dfa89254b0aa1e064c424fe7a724467791ae5554,cumulative-db-semantic-v1,review_required,metadata_only_limitation
fragment:signal:53010da1c06b8550797965e9081a76245125705c8e840d7256cca52e199dd803:H3:480b49419cac,H3,MARINE vs OCEANIC Differential Coverage,H3,signal:53010da1c06b8550797965e9081a76245125705c8e840d7256cca52e199dd803,evidence:doi:10.1016/j.marpol.2026.107202,30178365958-1,living_res,OCEANIC,O,governance_skill,governance,marine,,marine_ecological,governance,title,title,f9c8c9a9d720d2d2bc42665bc7035e935aea711aacaf2382599b4de4cc108a7a,cumulative-db-semantic-v1,review_required,metadata_only_limitation
fragment:signal:5312a368bf67d8d0e4997042a3f924471466533f3a8676e4ee89b25ffec0e971:H3:89870e4ddea8,H3,MARINE vs OCEANIC Differential Coverage,H3,signal:5312a368bf67d8d0e4997042a3f924471466533f3a8676e4ee89b25ffec0e971,evidence:doi:10.1111/1541-4337.70422,30178365958-1,blue_biotech,MARINE,M,technical_skill,technology,marine,,marine_ecological,technology,title+subject,title+subject,ce380f9d94e35da985a5317e715cfd07cd583aa970ba5484b0d0e4d074972b4d,cumulative-db-semantic-v1,auto_accepted,metadata_only_limitation
fragment:signal:532046bb3fbe5d145c57c033235401b5c495d88c17adf3b5b93b8edc618d50c3:H3:fc2bbabdad42,H3,MARINE vs OCEANIC Differential Coverage,H3,signal:532046bb3fbe5d145c57c033235401b5c495d88c17adf3b5b93b8edc618d50c3,evidence:doi:10.1038/s44183-024-00087-1,30178365958-1,non_living_res,MARINE,M,policy_regulation_skill,law,marine,,marine_ecological,law,title+subject,title+subject,8277c482343dae1e55e4489b77e24726395a56ec080847701ba0ddf0b03e986c,cumulative-db-semantic-v1,review_required,metadata_only_limitation
fragment:signal:533d0fae38aaa102b24c9a3fdf2c5e0f415a9a4c4a7c00916b21490cb0f3fabd:H3:20e57d5c69de,H3,MARINE vs OCEANIC Differential Coverage,H3,signal:533d0fae38aaa102b24c9a3fdf2c5e0f415a9a4c4a7c00916b21490cb0f3fabd,evidence:doi:10.1007/s13412-026-01124-w,30178365958-1,coastal_tourism,OCEANIC,O,sustainability_skill,sustainability,ecological,,marine_ecological,sustainability,title+subject,title+subject,8b5bedb0692d3e0aa595d8f4908e6be422df0520a6c7b5154ab075670a6c89e2,cumulative-db-semantic-v1,review_required,metadata_only_limitation
fragment:signal:534795b0643849923d65abb114ce4e3462b0c2c867df3e0baf496e33bbb634c0:H1:34b50f9f6c04,H1,Maritimisation Shift,H1,signal:534795b0643849923d65abb114ce4e3462b0c2c867df3e0baf496e33bbb634c0,evidence:doi:10.17645/pag.v10i3.5334,30178365958-1,maritime_defence,MARITIME,T,governance_skill,governance,ocean governance,,oceanic_governance,governance,title,title,e3becaeefccddbf566e9f7d0b733fcf618315ff74fd995decb789652bc889e6c,cumulative-db-semantic-v1,review_required,metadata_only_limitation
fragment:signal:53a27d6d8728f2a123d9be0cd080ba6501496c7f04debc7cd2963683d9a9ed45:H3:06b7268359eb,H3,MARINE vs OCEANIC Differential Coverage,H3,signal:53a27d6d8728f2a123d9be0cd080ba6501496c7f04debc7cd2963683d9a9ed45,evidence:doi:10.71284/jmtpr.2026713,30178365958-1,coastal_tourism,OCEANIC,O,digital_skill,digital,marine,,marine_ecological,digital,title+subject,title+subject,4fea695578312358ff090d232f472855d981200664c801e622654c9f6bc7f70d,cumulative-db-semantic-v1,auto_accepted,metadata_only_limitation
fragment:signal:53bab4c664455ce450495ab211f6ea997dd3e1ab568a3eb6a6b6ef09a7b58026:H3:45e3df139757,H3,MARINE vs OCEANIC Differential Coverage,H3,signal:53bab4c664455ce450495ab211f6ea997dd3e1ab568a3eb6a6b6ef09a7b58026,evidence:doi:10.48550/arxiv.2403.18067,30178365958-1,non_living_res,MARINE,M,social_science_skill,sociology,marine,,marine_ecological,sociology,title+subject,title+subject,5de2839690102c33eb3e2eb9fc9bcaae37162120b4bba6f170b87af953973a4d,cumulative-db-semantic-v1,review_required,metadata_only_limitation
fragment:signal:53f49b254099db0d18d73daeee3a2eef3ccdc7852169338b5b74a4f91722f62f:H3:25cfbe973b1d,H3,MARINE vs OCEANIC Differential Coverage,H3,signal:53f49b254099db0d18d73daeee3a2eef3ccdc7852169338b5b74a4f91722f62f,evidence:doi:10.1051/bioconf/202624503001/pdf,30178365958-1,living_res,MARINE,M,governance_skill,policy,marine,,marine_ecological,policy,title+subject,title+subject,4c19bd5790e6dd05bcf8d62338a70f37905cf2003000c728f818f649cd7b0b28,cumulative-db-semantic-v1,auto_accepted,metadata_only_limitation
fragment:signal:5408a960919ab45a08845fae1bf5f52d0e26776430f034d02ae5715ea65a3d59:H3:7cd6a31c5592,H3,MARINE vs OCEANIC Differential Coverage,H3,signal:5408a960919ab45a08845fae1bf5f52d0e26776430f034d02ae5715ea65a3d59,evidence:doi:10.1002/lob.70003,30178365958-1,blue_biotech,OCEANIC,O,governance_skill,governance,marine,,marine_ecological,governance,title+subject,title+subject,e18af13ca351ac12f253885bdd0dfdc99f93e5936f5a537223696830d54f5528,cumulative-db-semantic-v1,review_required,metadata_only_limitation
fragment:signal:544ddf3c49b3a8cdeee2ac2433f49ee44ad0a71c050c8bd5ab19423c0ea0e010:H3:4167a13525de,H3,MARINE vs OCEANIC Differential Coverage,H3,signal:544ddf3c49b3a8cdeee2ac2433f49ee44ad0a71c050c8bd5ab19423c0ea0e010,evidence:doi:10.22429/euc2026.jmr23.1.17,30178365958-1,coastal_tourism,OCEANIC,O,sustainability_skill,sustainable,marine,,marine_ecological,sustainable,title+subject,title+subject,0efb8a33ff3353116ee38fdbd3aab5eccfdd657a8a218dd3907153ce2dbf009c,cumulative-db-semantic-v1,auto_accepted,metadata_only_limitation
fragment:signal:547c49384df5c011f4e0ab72b5fed9ce3ced297cfe0e013ccb0b43cc8856fd73:H3:a80251dc1908,H3,MARINE vs OCEANIC Differential Coverage,H3,signal:547c49384df5c011f4e0ab72b5fed9ce3ced297cfe0e013ccb0b43cc8856fd73,evidence:doi:10.1007/978-981-95-2668-0_7,30178365958-1,renewable_energy,OCEANIC,O,sustainability_skill,sustainability,marine,,marine_ecological,sustainability,title+subject,title+subject,2c45305efe920440742ad27d268ebc254feb23fa5f8152a696428dd39944d411,cumulative-db-semantic-v1,review_required,metadata_only_limitation
fragment:signal:5485f5314fea4af0d40d430e0f4b90b7d8f455f5fa82797f8e8f5737a7888935:H3:cb9cb157fcc5,H3,MARINE vs OCEANIC Differential Coverage,H3,signal:5485f5314fea4af0d40d430e0f4b90b7d8f455f5fa82797f8e8f5737a7888935,evidence:doi:10.1186/s12982-026-02374-3,30178365958-1,living_res,MARINE,M,safety_risk_skill,safety,marine,,marine_ecological,safety,title+subject,title+subject,d282fea1bf1fe48e3be20cae286d9bb296805743efb4eb6d155be43f7173b20d,cumulative-db-semantic-v1,auto_accepted,metadata_only_limitation
fragment:signal:54c7be6e53333cd1350ab1b1d976ca8d3e4dd2df6f5aa9785c2784483ae8b40c:H3:a9823d046f97,H3,MARINE vs OCEANIC Differential Coverage,H3,signal:54c7be6e53333cd1350ab1b1d976ca8d3e4dd2df6f5aa9785c2784483ae8b40c,evidence:doi:10.3389/focsu.2026.1767068,30178365958-1,living_res,MARINE,M,governance_skill,governance,marine,,marine_ecological,governance,title+subject,title+subject,20bafdef7ec4aa130e92dbb986d8915efbc2d62a7c0f3aa02e3db743fd5a27d7,cumulative-db-semantic-v1,review_required,metadata_only_limitation
fragment:signal:54d219449baaf5a4aa7ce86f5b9e0121b5cdede9015d2d392896a799d08614ea:H3:a5d18c845fb0,H3,MARINE vs OCEANIC Differential Coverage,H3,signal:54d219449baaf5a4aa7ce86f5b9e0121b5cdede9015d2d392896a799d08614ea,evidence:doi:10.36128/dcwr6y22,30178365958-1,maritime_defence,OCEANIC,O,governance_skill,governance,marine,,marine_ecological,governance,title+subject,title+subject,3e94469ca6a6621f0d77fa63b04531452ef20c441bee7839924cbe99d91c7ec7,cumulative-db-semantic-v1,review_required,metadata_only_limitation
fragment:signal:5519bd67173f6812df12f3cb81aa41ea48794961ab3d6c5498dfa55bbb67fcb9:H3:747305c19dd4,H3,MARINE vs OCEANIC Differential Coverage,H3,signal:5519bd67173f6812df12f3cb81aa41ea48794961ab3d6c5498dfa55bbb67fcb9,evidence:doi:10.24857/rgsa.v20n7-009,30178365958-1,r_i,OCEANIC,O,sustainability_skill,sustainability,marine,,marine_ecological,sustainability,title+subject,title+subject,9afea77ab211b89aee6fffed01f0eecf27f885fa1b76cdb98a2a513900d783f4,cumulative-db-semantic-v1,auto_accepted,metadata_only_limitation
fragment:signal:5525f55c4ad465148315032592827480c4a9f618fdc9c459f74acecdb822916c:H3:4cf8962b5087,H3,MARINE vs OCEANIC Differential Coverage,H3,signal:5525f55c4ad465148315032592827480c4a9f618fdc9c459f74acecdb822916c,evidence:doi:10.1007/s10750-026-06240-w,30178365958-1,living_res,MARINE,M,safety_risk_skill,risk,marine,,marine_ecological,risk,title+subject,title+subject,25d931902a543c55ee2d9414ea2ef7ae61203be012b832f49dc1f69043d78a1b,cumulative-db-semantic-v1,review_required,metadata_only_limitation
fragment:signal:5568a5def91074c00efe9f20338e2d1e67f29f84a2f86d986f1d9790cc390fcf:H3:583368d1fa62,H3,MARINE vs OCEANIC Differential Coverage,H3,signal:5568a5def91074c00efe9f20338e2d1e67f29f84a2f86d986f1d9790cc390fcf,evidence:doi:10.25123/vej.v12i1.9804,30178365958-1,coastal_tourism,OCEANIC,O,social_science_skill,community,marine,,marine_ecological,community,title+subject,title+subject,144c5910b708d4edbc0093ed4fefb96a9c6d830cad99a8413bae7c4c71622641,cumulative-db-semantic-v1,review_required,metadata_only_limitation
fragment:signal:55c3325a674fb9fa693470399835db4eb93dd81e0353295a4e66024dcd2a04ec:H3:02aa366068d7,H3,MARINE vs OCEANIC Differential Coverage,H3,signal:55c3325a674fb9fa693470399835db4eb93dd81e0353295a4e66024dcd2a04ec,evidence:doi:10.3389/focsu.2026.1767068,30178365958-1,living_res,MARINE,M,sustainability_skill,sustainability,marine,,marine_ecological,sustainability,title+subject,title+subject,20bafdef7ec4aa130e92dbb986d8915efbc2d62a7c0f3aa02e3db743fd5a27d7,cumulative-db-semantic-v1,review_required,metadata_only_limitation
fragment:signal:55d50d27cae3c597c23a308bf489717b9afd159ba8ff775ff11a63f0ac90f5d9:H3:634f253ed5a1,H3,MARINE vs OCEANIC Differential Coverage,H3,signal:55d50d27cae3c597c23a308bf489717b9afd159ba8ff775ff11a63f0ac90f5d9,evidence:doi:10.1186/s44365-026-00039-5,30178365958-1,blue_biotech,MARINE,M,learning_outcome_signal,ects,marine,,marine_ecological,ects,title+subject,title+subject,db367b788e7b755badd5e85969e1d73fb89ce86839f44286a0702e8b60f06cc6,cumulative-db-semantic-v1,review_required,metadata_only_limitation
fragment:signal:560d20556916407715ec5276fd2627aa43fb011f95b7593ee7c384e386f37301:H3:9d89978404dc,H3,MARINE vs OCEANIC Differential Coverage,H3,signal:560d20556916407715ec5276fd2627aa43fb011f95b7593ee7c384e386f37301,evidence:doi:10.3390/bdcc10010019,30178365958-1,blue_biotech,MARINE,M,digital_skill,artificial intelligence,marine,,marine_ecological,artificial intelligence,title+subject,title+subject,2abecc14fb824a07d7e7eb9716604ee8773e3ae90938732ea834c6bcaf229e0c,cumulative-db-semantic-v1,review_required,metadata_only_limitation
fragment:signal:563da1bd82bab217f748011a4d735a8be3b201564025c99b69eccb916f08ee42:H3:bdb6cab5ff6c,H3,MARINE vs OCEANIC Differential Coverage,H3,signal:563da1bd82bab217f748011a4d735a8be3b201564025c99b69eccb916f08ee42,evidence:doi:10.20956/jars.v5i1.2485,30178365958-1,ship_repair,OCEANIC,O,policy_regulation_skill,law,marine,,marine_ecological,law,title+subject,title+subject,37997c4652f1fdbe936feb567b64093e7b903c1ef9af896b03a112f2df0d4b6d,cumulative-db-semantic-v1,review_required,metadata_only_limitation
fragment:signal:564cb58acccbec7c8e1c4e8711f34fb0fbbad70bf07d1f8585208199f88dfcec:H3:a0798ad99a9c,H3,MARINE vs OCEANIC Differential Coverage,H3,signal:564cb58acccbec7c8e1c4e8711f34fb0fbbad70bf07d1f8585208199f88dfcec,evidence:doi:10.29303/ujcs.v7i2.1666,30178365958-1,living_res,MARINE,M,sustainability_skill,resilience,marine,,marine_ecological,resilience,title+subject,title+subject,cedf1cdd453ac50e09ae69d16c1d4f02ec4b8dc5cc256762a0b30c549a4dc567,cumulative-db-semantic-v1,review_required,metadata_only_limitation
fragment:signal:565dfae54ed2fc8d21c02a8cf943343c634985e1f2046076090be1bd64bb28cc:H3:6433e8736e9c,H3,MARINE vs OCEANIC Differential Coverage,H3,signal:565dfae54ed2fc8d21c02a8cf943343c634985e1f2046076090be1bd64bb28cc,evidence:doi:10.5194/egusphere-2026-4020,30178365958-1,r_i,OCEANIC,O,sustainability_skill,climate,marine,,marine_ecological,climate,title+subject,title+subject,ce7cf7e26ff79c28e8215a5776129013f715293be934d15c9327288f065bef72,cumulative-db-semantic-v1,review_required,metadata_only_limitation
fragment:signal:5698756043541cd399540f5013c383ef1c8b863b32090aa55486ccba2f6e794d:H3:168b22a8dc91,H3,MARINE vs OCEANIC Differential Coverage,H3,signal:5698756043541cd399540f5013c383ef1c8b863b32090aa55486ccba2f6e794d,evidence:doi:10.1007/978-3-031-16277-0_6,30178365958-1,ship_repair,OCEANIC,O,digital_skill,data science,marine,,marine_ecological,data science,title+subject,title+subject,22f3680380ac79ab6641cf234c2e7a8c70c492edb2e9dd036dfcc8996f4f2fc2,cumulative-db-semantic-v1,review_required,metadata_only_limitation
fragment:signal:56b1f105a3f074c24e022cb70cabd24414758dc7392b15e2dcce26c8e2337ffa:H3:385ef321fa65,H3,MARINE vs OCEANIC Differential Coverage,H3,signal:56b1f105a3f074c24e022cb70cabd24414758dc7392b15e2dcce26c8e2337ffa,evidence:doi:10.31223/x5rx5f,30178365958-1,blue_biotech,OCEANIC,O,sustainability_skill,resilience,marine,,marine_ecological,resilience,title+subject,title+subject,431f3e3a0b06dcd25f6b9b4984ecce2474f773d2b18de03ed2366c178b9df379,cumulative-db-semantic-v1,review_required,metadata_only_limitation
fragment:signal:57342d28935820d03d5079043581a2deacc57553ef625b83d8e8a913854b409f:H3:f250ced61db0,H3,MARINE vs OCEANIC Differential Coverage,H3,signal:57342d28935820d03d5079043581a2deacc57553ef625b83d8e8a913854b409f,evidence:doi:10.1371/journal.pntd.0014523,30178365958-1,living_res,MARINE,M,sustainability_skill,sustainability,ecological,,marine_ecological,sustainability,title+subject,title+subject,91038f442f0e8243035e768d44e38b115ce1c47e93c0b46a7d5d75222c43e387,cumulative-db-semantic-v1,review_required,metadata_only_limitation
fragment:signal:57e00af5470012f2e27413fa366f412b4920c7706c5bb73586c1bdc6ba8b89fa:H3:4432fbf4af82,H3,MARINE vs OCEANIC Differential Coverage,H3,signal:57e00af5470012f2e27413fa366f412b4920c7706c5bb73586c1bdc6ba8b89fa,evidence:doi:10.3390/w18141772,30178365958-1,r_i,OCEANIC,O,sustainability_skill,sustainability,ecological,,marine_ecological,sustainability,title+subject,title+subject,7667dac88460fd0e68849be438d29fc0f26076f319d3231a6a3df8349ff4ce8d,cumulative-db-semantic-v1,review_required,metadata_only_limitation
fragment:signal:583297a949eaff65700b1d196fcb296d44fb672403a110eae675cf849d9a62cf:H3:8afdc15ddd8c,H3,MARINE vs OCEANIC Differential Coverage,H3,signal:583297a949eaff65700b1d196fcb296d44fb672403a110eae675cf849d9a62cf,evidence:doi:10.1017/9781009599122.013,30178365958-1,living_res,MARINE,M,policy_regulation_skill,law,marine,,marine_ecological,law,title+subject,title+subject,55d647a4918d7eafd85295a29a6a1acf781969a8569425feeae9374eb2ef9249,cumulative-db-semantic-v1,auto_accepted,metadata_only_limitation
fragment:signal:5861486748ff9a6aa020588feb045381c3c4b004471c0e8a3acf8fd7b9fb9fd6:H3:22f0135ffa75,H3,MARINE vs OCEANIC Differential Coverage,H3,signal:5861486748ff9a6aa020588feb045381c3c4b004471c0e8a3acf8fd7b9fb9fd6,evidence:doi:10.70619/vol6iss2pp30-48-862,30178365958-1,coastal_tourism,OCEANIC,O,governance_skill,governance,marine,,marine_ecological,governance,title+subject,title+subject,274d48a7ecfce650e18472731b41ea59d50da3c585c7463afba8f7b4b2215751,cumulative-db-semantic-v1,auto_accepted,metadata_only_limitation
fragment:signal:587899e28a507c7b88330c0917b845b424c04f456836d3e2df899c0dd63d674e:H3:11fee89dd882,H3,MARINE vs OCEANIC Differential Coverage,H3,signal:587899e28a507c7b88330c0917b845b424c04f456836d3e2df899c0dd63d674e,evidence:doi:10.3897/emt.3.183511,30178365958-1,maritime_defence,OCEANIC,O,sustainability_skill,sustainability,marine,,marine_ecological,sustainability,title+subject,title+subject,26d8dba5cac24f88d9d1d4870d65a2277099c0d9382ee66aa007e559dfd1b47c,cumulative-db-semantic-v1,auto_accepted,metadata_only_limitation
fragment:signal:58cfc008e93c5dcda1e7e242241d687fa0793626d8c46c53fc6d5594ef950d54:H1:bf4936103afc,H1,Maritimisation Shift,H1,signal:58cfc008e93c5dcda1e7e242241d687fa0793626d8c46c53fc6d5594ef950d54,evidence:doi:10.56815/ijmrr.v5i7.2026.103-116,30178365958-1,infra_robotics,MARITIME,T,sustainability_skill,sustainability,ocean governance,,oceanic_governance,sustainability,title+subject,title+subject,17f3c934f3083facf74d66eb7e094c71e52447a46541646a67b243ff7364ee1c,cumulative-db-semantic-v1,auto_accepted,metadata_only_limitation
fragment:signal:58f960884ac7e462d236e43750f6335730dd74616af9fbbd15b20014caf73fd9:H3:fad78a2b54a0,H3,MARINE vs OCEANIC Differential Coverage,H3,signal:58f960884ac7e462d236e43750f6335730dd74616af9fbbd15b20014caf73fd9,evidence:doi:10.5751/es-17075-310212,30178365958-1,renewable_energy,OCEANIC,O,sustainability_skill,adaptive,marine,,marine_ecological,adaptive,title+subject,title+subject,5b307d2476cc35c5f9b21adceda3a1a8b2c4927ad9ffc308133d40b4ec0e3eac,cumulative-db-semantic-v1,auto_accepted,metadata_only_limitation
fragment:signal:590fedaee495302172395fc5a63557b59b11c773d8c1ce9fa492e6646840c4c3:H3:f73e1513d724,H3,MARINE vs OCEANIC Differential Coverage,H3,signal:590fedaee495302172395fc5a63557b59b11c773d8c1ce9fa492e6646840c4c3,evidence:doi:10.1016/j.ocecoaman.2024.107432,30178365958-1,living_res,OCEANIC,O,sustainability_skill,resilience,marine,,marine_ecological,resilience,title+subject,title+subject,0e7c1fbc295c86b9441d0f61708b20d1b4dbd0ba5d7ec618fe56ac8cf2061033,cumulative-db-semantic-v1,review_required,metadata_only_limitation
fragment:signal:59317155858c374700862d34c8b8f2249639234da292517c7bab430da0c76642:H3:c882e019fca1,H3,MARINE vs OCEANIC Differential Coverage,H3,signal:59317155858c374700862d34c8b8f2249639234da292517c7bab430da0c76642,evidence:doi:10.67164/8t8rz715,30178365958-1,r_i,OCEANIC,O,sustainability_skill,climate,ecological,,marine_ecological,climate,title+subject,title+subject,86c93c3ee7c6d5ed8788d94929969aad6aa10aafa09385a4e71a5996333fc814,cumulative-db-semantic-v1,review_required,metadata_only_limitation
fragment:signal:59366531f9010389434b1e73332078a354578973ad82e91bec8ced7473b547dd:H3:0c3d56f78935,H3,MARINE vs OCEANIC Differential Coverage,H3,signal:59366531f9010389434b1e73332078a354578973ad82e91bec8ced7473b547dd,evidence:doi:10.1016/j.ocecoaman.2026.108302,30178365958-1,coastal_tourism,OCEANIC,O,governance_skill,governance,marine,,marine_ecological,governance,title+subject,title+subject,94558a4b42782369736c756f475851a346b24d01f1157da4bf55aff6f8009f75,cumulative-db-semantic-v1,auto_accepted,metadata_only_limitation
fragment:signal:5959b3f1a528a01c1408b6c9b746e01f590c68dd3448d4e0352cb1d066e8f3ca:H3:867e70d44cb4,H3,MARINE vs OCEANIC Differential Coverage,H3,signal:5959b3f1a528a01c1408b6c9b746e01f590c68dd3448d4e0352cb1d066e8f3ca,evidence:doi:10.21203/rs.3.rs-9946912/v1,30178365958-1,non_living_res,MARINE,M,digital_skill,machine learning,marine,,marine_ecological,machine learning,title+subject,title+subject,c7b368e14a0b76d2c7a96b115a5e5027d75fb0b15d859ba7ceee81ed247a0043,cumulative-db-semantic-v1,review_required,metadata_only_limitation
fragment:signal:595f6d96e7b6d3b0e1ea7e9f264db469e3a8219eaa5ff10dad0d0e8cff4878b6:H3:ff4baace5643,H3,MARINE vs OCEANIC Differential Coverage,H3,signal:595f6d96e7b6d3b0e1ea7e9f264db469e3a8219eaa5ff10dad0d0e8cff4878b6,evidence:doi:10.3390/su132112146,30178365958-1,ship_repair,OCEANIC,O,sustainability_skill,sustainability,marine,,marine_ecological,sustainability,title+subject,title+subject,08c25ed56a88e48a8c393c17375ed82f27fd64f0d854fd61d44584cc08cbce47,cumulative-db-semantic-v1,auto_accepted,metadata_only_limitation
fragment:signal:596596af97b423114a749455afc61b0ed5c9adf0c66ebfd16baf12b7ed9aed60:H3:d1171fc7df12,H3,MARINE vs OCEANIC Differential Coverage,H3,signal:596596af97b423114a749455afc61b0ed5c9adf0c66ebfd16baf12b7ed9aed60,evidence:doi:10.2172/2361054,30178365958-1,non_living_res,MARINE,M,sustainability_skill,sustainable,marine,,marine_ecological,sustainable,title+subject,title+subject,699ea3c098811312d9c2e57209ee18d58417fec2c6164909550ced895492e792,cumulative-db-semantic-v1,review_required,metadata_only_limitation
fragment:signal:5974fafbf1ee2cc9cbbd4c7a1cf3f6a421a94e6b0dd199c8f034401d19244377:H3:f6953d34bb73,H3,MARINE vs OCEANIC Differential Coverage,H3,signal:5974fafbf1ee2cc9cbbd4c7a1cf3f6a421a94e6b0dd199c8f034401d19244377,evidence:doi:10.5281/zenodo.21426403,30178365958-1,living_res,MARINE,M,governance_skill,governance,marine,,marine_ecological,governance,title+subject,title+subject,0069097d8890f49a9a84fa16579d96c89f81c3411cd670ee6c36e0d451d7fc26,cumulative-db-semantic-v1,auto_accepted,metadata_only_limitation
fragment:signal:5987c1e13d846a9a48ae8682b33a31a64492e51989abaca41208479b26317e95:H3:b9b948d41708,H3,MARINE vs OCEANIC Differential Coverage,H3,signal:5987c1e13d846a9a48ae8682b33a31a64492e51989abaca41208479b26317e95,evidence:doi:10.1007/s40152-026-00484-x,30178365958-1,living_res,MARINE,M,governance_skill,governance,marine,,marine_ecological,governance,title+subject,title+subject,34869ccc35d180a1b55daa8763f3c72ff74a8c3ab455142939a79619ed3d0b13,cumulative-db-semantic-v1,review_required,metadata_only_limitation
fragment:signal:5a04ee8c32d535760267e681c5db8cf29177cbd34e5610c04bff444fac1262da:H3:1bf8a378eb0e,H3,MARINE vs OCEANIC Differential Coverage,H3,signal:5a04ee8c32d535760267e681c5db8cf29177cbd34e5610c04bff444fac1262da,evidence:doi:10.30564/re.v7i4.10323,30178365958-1,blue_biotech,OCEANIC,O,sustainability_skill,sustainability,ecological,,marine_ecological,sustainability,title+subject,title+subject,11a1459b9530faa1253249a9391e80b8807a0f16794cc179ee4c76ec6bdd4557,cumulative-db-semantic-v1,review_required,metadata_only_limitation
fragment:signal:5a2357a220d7c10ba26181d4901939c78487caafc16f2a22ed57f7ceb738328c:H3:02f4586518a7,H3,MARINE vs OCEANIC Differential Coverage,H3,signal:5a2357a220d7c10ba26181d4901939c78487caafc16f2a22ed57f7ceb738328c,evidence:doi:10.3389/fclim.2025.1652871,30178365958-1,living_res,OCEANIC,O,safety_risk_skill,risk,marine,,marine_ecological,risk,title+subject,title+subject,5b429ac88850a5f42fbffb714b6f6d2c0be46dc9fedb230d354befac3e32330c,cumulative-db-semantic-v1,review_required,metadata_only_limitation
fragment:signal:5a24d6b6e2ae5df88794414bd1a2a956d692e9cd03cffad8fb92c19a4b872bed:H3:6249f28092f3,H3,MARINE vs OCEANIC Differential Coverage,H3,signal:5a24d6b6e2ae5df88794414bd1a2a956d692e9cd03cffad8fb92c19a4b872bed,evidence:doi:10.32479/irmm.23764,30178365958-1,living_res,MARINE,M,digital_skill,ai,planetary,,oceanic_planetary,ai,title+subject,title+subject,e646b2d7cf21d9f08a99ff34380bbc78a692b3c4428c68c308001c6e723c2355,cumulative-db-semantic-v1,review_required,metadata_only_limitation
fragment:signal:5a2cb90b934b351499fab5d856313d1b8c063574e39d9789bd57d9e196fae8e7:H3:57566e6b5a1f,H3,MARINE vs OCEANIC Differential Coverage,H3,signal:5a2cb90b934b351499fab5d856313d1b8c063574e39d9789bd57d9e196fae8e7,evidence:doi:10.1038/s43247-026-03809-0,30178365958-1,r_i,OCEANIC,O,learning_outcome_signal,ects,marine,,marine_ecological,ects,title+subject,title+subject,686190237f116966a9e3dd05f4dfe81c72fc70fcd980b1f1fdb9b440617451e5,cumulative-db-semantic-v1,review_required,metadata_only_limitation
fragment:signal:5a3748ca5287068313d07570c4825e8dabc36130b276994d1d6fa5df81235596:H1:13a577526883,H1,Maritimisation Shift,H1,signal:5a3748ca5287068313d07570c4825e8dabc36130b276994d1d6fa5df81235596,evidence:doi:10.7225/toms.v14.n03.013,30178365958-1,maritime_transport,MARITIME,T,policy_regulation_skill,convention,maritime labour,,maritime_dominance,convention,title,title,9ec06fd49bb84575b2a9a524aaebf39a6aac7e250a4d2ee31a948d1eeba73e38,cumulative-db-semantic-v1,review_required,metadata_only_limitation
fragment:signal:5a402d1a82e000e872f88c9964d53e46239ff52bc385901f7e36103db385e82e:H3:9d51f1c0b553,H3,MARINE vs OCEANIC Differential Coverage,H3,signal:5a402d1a82e000e872f88c9964d53e46239ff52bc385901f7e36103db385e82e,evidence:doi:10.3389/fpubh.2026.1770936,30178365958-1,blue_biotech,MARINE,M,digital_skill,cyber,marine,,marine_ecological,cyber,title+subject,title+subject,903d2db2f4685eb9803fd3ec3f8626ab194808b6db2e01a2a002352c39bb6b4a,cumulative-db-semantic-v1,review_required,metadata_only_limitation
fragment:signal:5ab94e5e88bf3e27a1d58ead675a63a24bfcfb2711ffb78645a98605d7676633:H3:fad3125a4a3b,H3,MARINE vs OCEANIC Differential Coverage,H3,signal:5ab94e5e88bf3e27a1d58ead675a63a24bfcfb2711ffb78645a98605d7676633,evidence:doi:10.33175/mtr.2026.287112,30178365958-1,coastal_tourism,OCEANIC,O,explicit_competence_demand,competence,marine,,marine_ecological,competence,title+subject,title+subject,5a62a28e1381d1c9a40ff1546002b05e7219e2ea643a63b361df6111a7ac5172,cumulative-db-semantic-v1,auto_accepted,metadata_only_limitation
fragment:signal:5abf13661bb0fbc6d725a198230b22b37a2e97079519154aeb601600c8b7d194:H3:fa8829c97929,H3,MARINE vs OCEANIC Differential Coverage,H3,signal:5abf13661bb0fbc6d725a198230b22b37a2e97079519154aeb601600c8b7d194,evidence:doi:10.17159/prs9f481,30178365958-1,living_res,MARINE,M,sustainability_skill,sustainability,marine,,marine_ecological,sustainability,title+subject,title+subject,201315a30a85c5b84604c24d4bbd66a46dfdfcb1c18cddabd1359737825d6a84,cumulative-db-semantic-v1,review_required,metadata_only_limitation
fragment:signal:5ac28f9b02315cccad6ebc54de74a671e24e751ac8103b570cbcab4ea008b58d:H3:5c28334158ea,H3,MARINE vs OCEANIC Differential Coverage,H3,signal:5ac28f9b02315cccad6ebc54de74a671e24e751ac8103b570cbcab4ea008b58d,evidence:doi:10.21203/rs.3.rs-9175073/v1,30178365958-1,living_res,OCEANIC,O,policy_regulation_skill,law,marine,,marine_ecological,law,title+subject,title+subject,b74d0f690950304513013fb9c1150af4694e95eecf310877b2becc49808d5587,cumulative-db-semantic-v1,review_required,metadata_only_limitation
fragment:signal:5acef3f46229ff9b784405f993c028e64580d455ae579973cdc3203ef49aff5d:H3:84774726f494,H3,MARINE vs OCEANIC Differential Coverage,H3,signal:5acef3f46229ff9b784405f993c028e64580d455ae579973cdc3203ef49aff5d,evidence:doi:10.1007/978-981-19-9861-4_3,30178365958-1,ship_repair,OCEANIC,O,sustainability_skill,climate,marine,,marine_ecological,climate,title+subject,title+subject,b023015380e7bdb557d5259604a2d274eee024de2f7f30ca19e11b518b04c06b,cumulative-db-semantic-v1,review_required,metadata_only_limitation
fragment:signal:5ad882e02a94ab1c78d73f4bc0203988d2873c86821ebc07fac4999b443943e2:H3:d31bb84704ef,H3,MARINE vs OCEANIC Differential Coverage,H3,signal:5ad882e02a94ab1c78d73f4bc0203988d2873c86821ebc07fac4999b443943e2,evidence:doi:10.1017/sus.2026.10075,30178365958-1,non_living_res,MARINE,M,sustainability_skill,climate,marine,,marine_ecological,climate,title+subject,title+subject,d274e6f9c42531907366fdcc3da6af4d71e22352c6589cb5330c936eb7ce8eac,cumulative-db-semantic-v1,review_required,metadata_only_limitation
fragment:signal:5b33d3137a2be287336aa4b2b5c83e99a4ff7d26f7738cb826ddfd354fc80e1a:H3:f08cbd7805cc,H3,MARINE vs OCEANIC Differential Coverage,H3,signal:5b33d3137a2be287336aa4b2b5c83e99a4ff7d26f7738cb826ddfd354fc80e1a,evidence:doi:10.3389/fmars.2025.1683006,30178365958-1,r_i,OCEANIC,O,digital_skill,ai,marine,,marine_ecological,ai,title,title,bdb6ad6096e0956cc454e0f9ab2fb2b47b78dbaad40455e81e923edb50ef408a,cumulative-db-semantic-v1,review_required,metadata_only_limitation
fragment:signal:5b8204f5130bd95fced91f2dd5efc8cfcd4bbf900cb91c0459efe0f725583629:H3:79b432b5c6b1,H3,MARINE vs OCEANIC Differential Coverage,H3,signal:5b8204f5130bd95fced91f2dd5efc8cfcd4bbf900cb91c0459efe0f725583629,evidence:doi:10.1007/s11160-026-10079-8,30178365958-1,coastal_tourism,OCEANIC,O,sustainability_skill,climate,marine,,marine_ecological,climate,title+subject,title+subject,8cabd0bedbfa3c156202286b01496a458c077c243716c048425a82aede0affcd,cumulative-db-semantic-v1,auto_accepted,metadata_only_limitation
fragment:signal:5b8fde7fc06da1c6ec4803527f31ac951fee36807b966e2dee3e6531334437e5:H3:a68c988d65b4,H3,MARINE vs OCEANIC Differential Coverage,H3,signal:5b8fde7fc06da1c6ec4803527f31ac951fee36807b966e2dee3e6531334437e5,evidence:doi:10.1007/s11196-026-10434-9,30178365958-1,living_res,MARINE,M,sustainability_skill,sustainability,marine,,marine_ecological,sustainability,title+subject,title+subject,2af4547ed92a44f4ceace3dba432d29c9f08371e38aac6132d03e97691a157c6,cumulative-db-semantic-v1,review_required,metadata_only_limitation
fragment:signal:5b932042924b1a1cb00fbde286030d004bce0c3406f9507c65cfa09bc49d9291:H3:a5c7224c81a7,H3,MARINE vs OCEANIC Differential Coverage,H3,signal:5b932042924b1a1cb00fbde286030d004bce0c3406f9507c65cfa09bc49d9291,evidence:doi:10.65826/jsai.1.1.2026.69,30178365958-1,maritime_defence,OCEANIC,O,governance_skill,policy,marine,,marine_ecological,policy,title+subject,title+subject,52887e3474cbfb6a8bcd9dc409192be6fa9f1c34a6760dde198cf89c2196705b,cumulative-db-semantic-v1,review_required,metadata_only_limitation
fragment:signal:5b9fc576c47781463a4168ff75c78991fab1fbbb246630e9a4bf686cbfc4fd7b:H3:9170a7ee75df,H3,MARINE vs OCEANIC Differential Coverage,H3,signal:5b9fc576c47781463a4168ff75c78991fab1fbbb246630e9a4bf686cbfc4fd7b,evidence:doi:10.3390/su17219526,30178365958-1,blue_biotech,MARINE,M,sustainability_skill,sustainability,marine,,marine_ecological,sustainability,title+subject,title+subject,470485cf7c250799e9c3cbef1721c677db1b162059b3c88e246cc1aaaf87e473,cumulative-db-semantic-v1,auto_accepted,metadata_only_limitation
fragment:signal:5ba5561fa7bacdc521b12ce7ca56e904656f6bf3b6b725e860b1fc1819cd3554:H3:0a932cdf7b14,H3,MARINE vs OCEANIC Differential Coverage,H3,signal:5ba5561fa7bacdc521b12ce7ca56e904656f6bf3b6b725e860b1fc1819cd3554,evidence:doi:10.36128/dcwr6y22,30178365958-1,maritime_defence,OCEANIC,O,policy_regulation_skill,law,marine,,marine_ecological,law,title+subject,title+subject,3e94469ca6a6621f0d77fa63b04531452ef20c441bee7839924cbe99d91c7ec7,cumulative-db-semantic-v1,auto_accepted,metadata_only_limitation
fragment:signal:5ba7a58456695faa0113dd3b9228668d39a2d30170cd6748ebed95227613f1c4:H3:0c81b382f752,H3,MARINE vs OCEANIC Differential Coverage,H3,signal:5ba7a58456695faa0113dd3b9228668d39a2d30170cd6748ebed95227613f1c4,evidence:doi:10.3390/su17219733,30178365958-1,ship_repair,OCEANIC,O,technical_skill,technology,marine,,marine_ecological,technology,title+subject,title+subject,5b985e62b9e2fc0653099d8da2e96889d85a5b49d0f9597e7f0f8fa4c94ffd24,cumulative-db-semantic-v1,review_required,metadata_only_limitation
fragment:signal:5bc55194c7fa66d189fa3759de8dde2d2715a094dc91b830dc087d32e113cda5:H3:df955f8c5787,H3,MARINE vs OCEANIC Differential Coverage,H3,signal:5bc55194c7fa66d189fa3759de8dde2d2715a094dc91b830dc087d32e113cda5,evidence:doi:10.34104/cjbis.026.06840695,30178365958-1,coastal_tourism,OCEANIC,O,safety_risk_skill,safety,marine,,marine_ecological,safety,title+subject,title+subject,ae1a9037cfbd7f9b76d5dcf99feb67b390968b57f2436cb531d43773f16886d7,cumulative-db-semantic-v1,review_required,metadata_only_limitation
fragment:signal:5bfea2b316767f4194a1dd84d5cbfa93d45eab3a5bfa98d7d5d8289b89cf9196:H3:613fadfadfc6,H3,MARINE vs OCEANIC Differential Coverage,H3,signal:5bfea2b316767f4194a1dd84d5cbfa93d45eab3a5bfa98d7d5d8289b89cf9196,evidence:doi:10.63075/czj6fw28,30178365958-1,coastal_tourism,OCEANIC,O,sustainability_skill,sustainable,marine,,marine_ecological,sustainable,title+subject,title+subject,5567b1a26212b621e2cad729359a9739244c0c589bc9e45a7209b11d51fd7ed8,cumulative-db-semantic-v1,review_required,metadata_only_limitation
fragment:signal:5c634dc4d6dcb7682136f0cb97147b752321c6f9f0674774e940bf204d52031e:H3:b0f5acc8d2b6,H3,MARINE vs OCEANIC Differential Coverage,H3,signal:5c634dc4d6dcb7682136f0cb97147b752321c6f9f0674774e940bf204d52031e,evidence:doi:10.22429/euc2026.jmr23.1.35,30178365958-1,maritime_defence,OCEANIC,O,sustainability_skill,sustainability,marine,,marine_ecological,sustainability,title+subject,title+subject,5c5f88eded36ae4632f99be3994ab94faf5f0caa8c33f5c0551e60405e9bb712,cumulative-db-semantic-v1,auto_accepted,metadata_only_limitation
fragment:signal:5c7e7e5335c665fe10b5deaca01bdc9105dcc28c002b0720470d092f397d2c3b:H3:1b2db127dcee,H3,MARINE vs OCEANIC Differential Coverage,H3,signal:5c7e7e5335c665fe10b5deaca01bdc9105dcc28c002b0720470d092f397d2c3b,evidence:doi:10.3389/fmars.2026.1846069,30178365958-1,r_i,OCEANIC,O,sustainability_skill,climate,marine,,marine_ecological,climate,title+subject,title+subject,b28fa3b1b94a548817ebee5c6557d513eef71e6a6ee78386adf5af45feec419c,cumulative-db-semantic-v1,review_required,metadata_only_limitation
fragment:signal:5cb43e10377ff7c3896871495a9b31302eaabaceca9870f64a3ae7c04c2446c5:H1:1071af70728e,H1,Maritimisation Shift,H1,signal:5cb43e10377ff7c3896871495a9b31302eaabaceca9870f64a3ae7c04c2446c5,evidence:doi:10.1080/08920753.2022.2082835,30178365958-1,r_i,OCEANIC,O,sustainability_skill,sustainable,ocean governance,,oceanic_governance,sustainable,title+subject,title+subject,9b617cf0ead104c7abad039e7536abf16ed50da172728b0e1a8b8a69adfb0195,cumulative-db-semantic-v1,review_required,metadata_only_limitation
fragment:signal:5cc86808354dceefaaced7ba65bde6715d43f167a11a21552db0a16f9ec51fa7:H3:9a6045fe2fb3,H3,MARINE vs OCEANIC Differential Coverage,H3,signal:5cc86808354dceefaaced7ba65bde6715d43f167a11a21552db0a16f9ec51fa7,evidence:doi:10.46989/001c.163358,30178365958-1,blue_biotech,MARINE,M,sustainability_skill,sustainability,marine,,marine_ecological,sustainability,title+subject,title+subject,2c7b3648b21bf25d8ea9f776d73a528467457a7a797a6daabd418c75bb3e7c16,cumulative-db-semantic-v1,review_required,metadata_only_limitation
fragment:signal:5d27b9cc6226d8a54614beb1019453b4e56d4438a7fa7dccadb88f2d6558734f:H3:72be9860cd70,H3,MARINE vs OCEANIC Differential Coverage,H3,signal:5d27b9cc6226d8a54614beb1019453b4e56d4438a7fa7dccadb88f2d6558734f,evidence:doi:10.51903/egzvjq53,30178365958-1,r_i,OCEANIC,O,sustainability_skill,sustainability,marine,,marine_ecological,sustainability,title+subject,title+subject,f89dfaa0442e170d925976b8222dbff94e1093e7eb5726112c07479af030af1b,cumulative-db-semantic-v1,review_required,metadata_only_limitation
fragment:signal:5d2898ee97b3b1a7daa706b72439762f8a9051b19fab4d3a51b40a6e8a32130c:H3:731babebdfcf,H3,MARINE vs OCEANIC Differential Coverage,H3,signal:5d2898ee97b3b1a7daa706b72439762f8a9051b19fab4d3a51b40a6e8a32130c,evidence:doi:10.3389/fmars.2026.1737002,30178365958-1,non_living_res,MARINE,M,sustainability_skill,climate,marine,,marine_ecological,climate,title+subject,title+subject,335778ff1554b0c7db3f531bd6cda057b6c81e8a496025c1acdb1ebeb2a2bcf7,cumulative-db-semantic-v1,review_required,metadata_only_limitation
fragment:signal:5d49de6dbb035e419d049972c3a46c0b00d96710909d2368c2a4b4b5263d5596:H3:1a3043b8ab9c,H3,MARINE vs OCEANIC Differential Coverage,H3,signal:5d49de6dbb035e419d049972c3a46c0b00d96710909d2368c2a4b4b5263d5596,evidence:doi:10.2139/ssrn.4773753,30178365958-1,non_living_res,MARINE,M,technical_skill,engineering,marine,,marine_ecological,engineering,title+subject,title+subject,1ebce7799226ec8d25ac1c378464f6084e19b836e87f0f6d17e5e5b3ba829c30,cumulative-db-semantic-v1,review_required,metadata_only_limitation
fragment:signal:5e9505b60fee4047b465347f4f115cbe9b1820df0112c68c7dfb58f1a62ab57c:H3:20cce952b4e3,H3,MARINE vs OCEANIC Differential Coverage,H3,signal:5e9505b60fee4047b465347f4f115cbe9b1820df0112c68c7dfb58f1a62ab57c,evidence:doi:10.1007/s10811-026-03919-4,30178365958-1,blue_biotech,MARINE,M,sustainability_skill,resilience,marine,,marine_ecological,resilience,title+subject,title+subject,3309e161f28435c20b0de42e71510cb39e9035f8fb338036dda7dab3eda9d52b,cumulative-db-semantic-v1,review_required,metadata_only_limitation
fragment:signal:5ea34c657587674a8b68484419c01ddd031a5bab9d86b64736290cc2612dfcda:H3:2c29a706c4ef,H3,MARINE vs OCEANIC Differential Coverage,H3,signal:5ea34c657587674a8b68484419c01ddd031a5bab9d86b64736290cc2612dfcda,evidence:doi:10.21203/rs.3.rs-10416755/v1,30178365958-1,living_res,MARINE,M,sustainability_skill,sustainability,marine,,marine_ecological,sustainability,title+subject,title+subject,109844a4aa2bbe9640103a30467ccd3fbb0cd87fac81b0ad06ba7d2f5183818d,cumulative-db-semantic-v1,review_required,metadata_only_limitation
fragment:signal:5eaefe2a3235357df9f439c2c8fd0ebd5a02255deac22eff9e2b90b2a8e86b6e:H3:8063b28dc05b,H3,MARINE vs OCEANIC Differential Coverage,H3,signal:5eaefe2a3235357df9f439c2c8fd0ebd5a02255deac22eff9e2b90b2a8e86b6e,evidence:doi:10.31572/inotera.vol11.iss1.2026.id678,30178365958-1,coastal_tourism,OCEANIC,O,social_science_skill,community,marine,,marine_ecological,community,title+subject,title+subject,9ecb6eac47206234fc97d5b843f75af5901e57811fe52fec96779619a1d2368b,cumulative-db-semantic-v1,review_required,metadata_only_limitation
fragment:signal:5eea6c80db2a602d18d455598d20c5d73a346d51be2fa16d492f11003759d755:H3:3ff796110f1b,H3,MARINE vs OCEANIC Differential Coverage,H3,signal:5eea6c80db2a602d18d455598d20c5d73a346d51be2fa16d492f11003759d755,evidence:doi:10.21833/ijaas.2026.03.004,30178365958-1,coastal_tourism,OCEANIC,O,sustainability_skill,sustainability,marine,,marine_ecological,sustainability,title+subject,title+subject,98bf40180f42be1a5577fbac924126679d25f67f08d86f9c34101d120dcbc56c,cumulative-db-semantic-v1,auto_accepted,metadata_only_limitation
fragment:signal:5ef81678fa5961a2157e2fb12e3acdea3f837663a12f86a6a1c1231a03963cb7:H3:6649f7cad2e2,H3,MARINE vs OCEANIC Differential Coverage,H3,signal:5ef81678fa5961a2157e2fb12e3acdea3f837663a12f86a6a1c1231a03963cb7,evidence:doi:10.1007/s11367-026-02642-z,30178365958-1,living_res,MARINE,M,governance_skill,stakeholder,marine,,marine_ecological,stakeholder,title+subject,title+subject,340db2fa14140962a454ac9af4cb2705153f3abb0f9a139550f4106a9aff2185,cumulative-db-semantic-v1,auto_accepted,metadata_only_limitation
fragment:signal:5f4ca77a2b83cd0b03889ffdf5f39f0c84832a8328e9a9d7ef00c1a7f86e5f9b:H3:092664771bcd,H3,MARINE vs OCEANIC Differential Coverage,H3,signal:5f4ca77a2b83cd0b03889ffdf5f39f0c84832a8328e9a9d7ef00c1a7f86e5f9b,evidence:doi:10.1007/s10811-026-03885-x,30178365958-1,living_res,MARINE,M,sustainability_skill,sustainability,marine,,marine_ecological,sustainability,title+subject,title+subject,d17aec2be46c5792b6d11605e602fccf564c4b27cb4580f8be9799f60cf7d261,cumulative-db-semantic-v1,review_required,metadata_only_limitation
fragment:signal:5f5a494e5d53195feaaa4dfda115e6b4fc6787296e70e3cd88f1d75c241394c5:H1:ca970b816e49,H1,Maritimisation Shift,H1,signal:5f5a494e5d53195feaaa4dfda115e6b4fc6787296e70e3cd88f1d75c241394c5,evidence:doi:10.1016/j.enconman.2026.121869,30178365958-1,blue_biotech,OCEANIC,O,policy_regulation_skill,regulatory,techno-economic,,maritime_dominance,regulatory,title,title,d3e72ded268bf289c8156b4f6a26a1d2e0d637b160309d5933e4bca4adf9d362,cumulative-db-semantic-v1,review_required,metadata_only_limitation
fragment:signal:5f5a494e5d53195feaaa4dfda115e6b4fc6787296e70e3cd88f1d75c241394c5:H3:2aaa1a899aec,H3,MARINE vs OCEANIC Differential Coverage,H3,signal:5f5a494e5d53195feaaa4dfda115e6b4fc6787296e70e3cd88f1d75c241394c5,evidence:doi:10.1016/j.enconman.2026.121869,30178365958-1,blue_biotech,OCEANIC,O,policy_regulation_skill,regulatory,marine,,marine_ecological,regulatory,title,title,d3e72ded268bf289c8156b4f6a26a1d2e0d637b160309d5933e4bca4adf9d362,cumulative-db-semantic-v1,review_required,metadata_only_limitation
fragment:signal:5f5d61e37b7b841ee6b7d93433f33da07724f02df8aeb505bb23a602f89b7705:H3:54c4d696232c,H3,MARINE vs OCEANIC Differential Coverage,H3,signal:5f5d61e37b7b841ee6b7d93433f33da07724f02df8aeb505bb23a602f89b7705,evidence:doi:10.1016/j.marpolbul.2026.119804,30178365958-1,non_living_res,OCEANIC,O,safety_risk_skill,risk,marine,,marine_ecological,risk,title,title,6f45c6d5fdda2694fb7f51fa6884ae5ebdff87ecc0d205d63e83433d8d983e89,cumulative-db-semantic-v1,review_required,metadata_only_limitation
fragment:signal:5f697dbb72adc41fff46d101cf14715c510c71d94b4565762a93991128640d2e:H3:805b780462a3,H3,MARINE vs OCEANIC Differential Coverage,H3,signal:5f697dbb72adc41fff46d101cf14715c510c71d94b4565762a93991128640d2e,evidence:doi:10.22429/euc2026.jmr23.1.35,30178365958-1,maritime_defence,OCEANIC,O,governance_skill,stakeholder,marine,,marine_ecological,stakeholder,title+subject,title+subject,5c5f88eded36ae4632f99be3994ab94faf5f0caa8c33f5c0551e60405e9bb712,cumulative-db-semantic-v1,review_required,metadata_only_limitation
fragment:signal:5f6ef3f3ad1a8dec46dda6ae90ad5d19d7a989b1925c7680195ba18af95b1dd3:H3:6755b9ea650a,H3,MARINE vs OCEANIC Differential Coverage,H3,signal:5f6ef3f3ad1a8dec46dda6ae90ad5d19d7a989b1925c7680195ba18af95b1dd3,evidence:doi:10.3390/su18147383,30178365958-1,blue_biotech,MARINE,M,sustainability_skill,sustainability,ecological,,marine_ecological,sustainability,title+subject,title+subject,aecd9cef09436cbbd85c6626cdc8ebd9b2fe76164c2cda77b6a20ae960448742,cumulative-db-semantic-v1,review_required,metadata_only_limitation
fragment:signal:5f76a6ab46c62719e3cbf19c7df76fcb0ce31c883b1eba780d75dcab08eb6e05:H3:f1247ddf9c93,H3,MARINE vs OCEANIC Differential Coverage,H3,signal:5f76a6ab46c62719e3cbf19c7df76fcb0ce31c883b1eba780d75dcab08eb6e05,evidence:doi:10.17895/ices.pub.31452037,30178365958-1,living_res,MARINE,M,learning_outcome_signal,ects,marine,,marine_ecological,ects,title+subject,title+subject,ecc22609e5ee8fe7fa6d6d4ad3aee6cb437818baf486c604d83f1339095d3f59,cumulative-db-semantic-v1,review_required,metadata_only_limitation
fragment:signal:5f9e83629f920275312649509075f36ef1949b4c2017f77379634e48ce073917:H3:e8dce6bfe9d5,H3,MARINE vs OCEANIC Differential Coverage,H3,signal:5f9e83629f920275312649509075f36ef1949b4c2017f77379634e48ce073917,evidence:doi:10.3390/w17233383,30178365958-1,r_i,OCEANIC,O,governance_skill,governance,marine,,marine_ecological,governance,title+subject,title+subject,0b078883671b1bfeb0d1edbf03a308792b122eb735f55c29e5e2e11c60952692,cumulative-db-semantic-v1,review_required,metadata_only_limitation
fragment:signal:5fafb469f7a6ade53fd67b5211953016b718dfc7727de72af06cf5013c22cea3:H3:bd61f25fe276,H3,MARINE vs OCEANIC Differential Coverage,H3,signal:5fafb469f7a6ade53fd67b5211953016b718dfc7727de72af06cf5013c22cea3,evidence:doi:10.1177/13621688261433883,30178365958-1,living_res,MARINE,M,education_training_signal,curriculum,ecological,,marine_ecological,curriculum,title+subject,title+subject,b753864f1b6622008cf8f82b46cd013f705f80a7ba56a29928e22c08222183d0,cumulative-db-semantic-v1,review_required,metadata_only_limitation
fragment:signal:5fb4f37266c0e184241832bdc0ac1620b485716b46646ba64931e31b985c3bc8:H3:2d7719b9f8e5,H3,MARINE vs OCEANIC Differential Coverage,H3,signal:5fb4f37266c0e184241832bdc0ac1620b485716b46646ba64931e31b985c3bc8,evidence:doi:10.55251/jmbfs.12318,30178365958-1,blue_biotech,MARINE,M,sustainability_skill,sustainable,marine,,marine_ecological,sustainable,title+subject,title+subject,e8c592130bb7a50c32bd77aa54a2bec05ca5f74e7ad57650d31f9d28d23f79b6,cumulative-db-semantic-v1,review_required,metadata_only_limitation
fragment:signal:5fec44d28e19564f141ab5d4af009c6eff67e97e1dcb5e2694356ad9867f763d:H3:edc4287015fb,H3,MARINE vs OCEANIC Differential Coverage,H3,signal:5fec44d28e19564f141ab5d4af009c6eff67e97e1dcb5e2694356ad9867f763d,evidence:doi:10.1007/978-3-032-19927-0_102,30178365958-1,living_res,MARINE,M,sustainability_skill,sustainable,marine,,marine_ecological,sustainable,title,title,8906a56dfcb2fe6440887e346a16e3c0aea7cd87c71668c2ac352696b5e41e5d,cumulative-db-semantic-v1,review_required,metadata_only_limitation
fragment:signal:5ff409670cdacf3d0c0113ed36e4aa2217f3a3c27f9647136e1808a7b307c0e8:H3:a55c146b9026,H3,MARINE vs OCEANIC Differential Coverage,H3,signal:5ff409670cdacf3d0c0113ed36e4aa2217f3a3c27f9647136e1808a7b307c0e8,evidence:doi:10.1002/geo2.70077,30178365958-1,non_living_res,OCEANIC,O,governance_skill,governance,marine,,marine_ecological,governance,title+subject,title+subject,d8ed6916dada54b06d005c5d4c85b3e5069267a31896740d89f61d43f5aa1ada,cumulative-db-semantic-v1,auto_accepted,metadata_only_limitation
fragment:signal:602a7ccc9f0326d47601039008e4fc81bbdca2e8e503262744211a2757c6a032:H3:c6ef3bd927d6,H3,MARINE vs OCEANIC Differential Coverage,H3,signal:602a7ccc9f0326d47601039008e4fc81bbdca2e8e503262744211a2757c6a032,evidence:doi:10.1111/brv.70106,30178365958-1,blue_biotech,MARINE,M,safety_risk_skill,risk,marine,,marine_ecological,risk,title+subject,title+subject,dace312e64fbede43b839d7f3faea2e6fdfdbf4e5b0a15c5dff3c17b52808e18,cumulative-db-semantic-v1,review_required,metadata_only_limitation
fragment:signal:6059494ff5622cd4eddf42ca77447da2d75acf96d3b40fb64bbd6514cd4f6bb4:H3:a270b0a3850e,H3,MARINE vs OCEANIC Differential Coverage,H3,signal:6059494ff5622cd4eddf42ca77447da2d75acf96d3b40fb64bbd6514cd4f6bb4,evidence:doi:10.37905/jgej.v7i1.31409,30178365958-1,coastal_tourism,OCEANIC,O,sustainability_skill,sustainability,marine,,marine_ecological,sustainability,title+subject,title+subject,d2ca2102a1033eeff465a985055ef80cca51020835f7243d79cf8a338be52aa3,cumulative-db-semantic-v1,auto_accepted,metadata_only_limitation
fragment:signal:6078b2a07928a5933c57c72e4a14b171c0fce67fe948d3175ed7026ff5b5c785:H3:25b5b4798b5e,H3,MARINE vs OCEANIC Differential Coverage,H3,signal:6078b2a07928a5933c57c72e4a14b171c0fce67fe948d3175ed7026ff5b5c785,evidence:doi:10.35800/jip.v14i2.68521,30178365958-1,coastal_tourism,OCEANIC,O,governance_skill,governance,marine,,marine_ecological,governance,title+subject,title+subject,c6702cfe81cfcaef47dca18e1231b496144c1f478a2568a67ba0a8bb3bc240ee,cumulative-db-semantic-v1,review_required,metadata_only_limitation
fragment:signal:607fab66dca592557acd97ecbdd2d14715637bc81ffa5df3043a838d2f1c953a:H3:7732f0af50e8,H3,MARINE vs OCEANIC Differential Coverage,H3,signal:607fab66dca592557acd97ecbdd2d14715637bc81ffa5df3043a838d2f1c953a,evidence:doi:10.62311/nesx/rb-978-81-999213-2-0,30178365958-1,r_i,OCEANIC,O,digital_skill,ai,marine,,marine_ecological,ai,title+subject,title+subject,03c9d612ec9d410eaf7f4825369b277e011818d384c3565f7958473275e5f962,cumulative-db-semantic-v1,review_required,metadata_only_limitation
fragment:signal:6081827a6d51bc40c83514218b6461978a70da4825a20cc68557d78302e768b6:H3:69bb2b08e299,H3,MARINE vs OCEANIC Differential Coverage,H3,signal:6081827a6d51bc40c83514218b6461978a70da4825a20cc68557d78302e768b6,evidence:doi:10.3389/fmars.2026.1791375,30178365958-1,blue_biotech,MARINE,M,governance_skill,governance,marine,,marine_ecological,governance,title+subject,title+subject,f5f2b3cc62c9c0e4d13c8a5623143c65087e5faa652e0f8d057c583dcede6e22,cumulative-db-semantic-v1,auto_accepted,metadata_only_limitation
fragment:signal:60e6518bf41f69b42252f0405e22ee397b8c5e8df1492e3230a774ede174a45e:H3:1bb24920b0e1,H3,MARINE vs OCEANIC Differential Coverage,H3,signal:60e6518bf41f69b42252f0405e22ee397b8c5e8df1492e3230a774ede174a45e,evidence:doi:10.3389/fmars.2025.1618637,30178365958-1,blue_biotech,MARINE,M,governance_skill,governance,marine,,marine_ecological,governance,title+subject,title+subject,282a22b08e5da7c1dcfef38aa68f9320f15af40e5f46e700466ead64c2a48f91,cumulative-db-semantic-v1,auto_accepted,metadata_only_limitation
fragment:signal:60e907536746dcf114c7df88b2c1dc8242ab2fa55eebbc7442888bab4c5ae96b:H3:ef09d2d83d96,H3,MARINE vs OCEANIC Differential Coverage,H3,signal:60e907536746dcf114c7df88b2c1dc8242ab2fa55eebbc7442888bab4c5ae96b,evidence:doi:10.1038/s44183-026-00228-8,30178365958-1,coastal_tourism,OCEANIC,O,governance_skill,governance,marine,,marine_ecological,governance,title+subject,title+subject,15ebeb8aaa932b4ee23bce5cf73fa58eccb15df45f42509776451bc2022dd1b3,cumulative-db-semantic-v1,review_required,metadata_only_limitation
fragment:signal:61495422e06f94d274d1951989e1b8d425f07459dd0483a7db17c036d412b228:H3:9f4f026438e9,H3,MARINE vs OCEANIC Differential Coverage,H3,signal:61495422e06f94d274d1951989e1b8d425f07459dd0483a7db17c036d412b228,evidence:doi:10.1016/j.ijnaoe.2026.100785,30178365958-1,renewable_energy,OCEANIC,O,technical_skill,engineering,marine,,marine_ecological,engineering,title+subject,title+subject,0295288090d4f9fddabd74e3ec1906baea3e6bbd1e4a3d25214e61be78fd91b5,cumulative-db-semantic-v1,review_required,metadata_only_limitation
fragment:signal:614db781d14d8989dd6332ababbdf47131cfd5887a3f8522e6c9a7b306bb0829:H3:01da8a7f8c6f,H3,MARINE vs OCEANIC Differential Coverage,H3,signal:614db781d14d8989dd6332ababbdf47131cfd5887a3f8522e6c9a7b306bb0829,evidence:doi:10.55681/economina.v5i5.2191,30178365958-1,coastal_tourism,OCEANIC,O,learning_outcome_signal,ects,marine,,marine_ecological,ects,title+subject,title+subject,7223dfc5ce9f1ab4fee0427e336808ffed2997a7becd4c3f40fe8e6c66e59189,cumulative-db-semantic-v1,review_required,metadata_only_limitation
fragment:signal:615f1861fc831ffefb044cd9a67726361173f7878bb79da9cfe98616217a0f0d:H3:9627eae9e01a,H3,MARINE vs OCEANIC Differential Coverage,H3,signal:615f1861fc831ffefb044cd9a67726361173f7878bb79da9cfe98616217a0f0d,evidence:doi:10.1007/s40152-025-00464-7,30178365958-1,renewable_energy,OCEANIC,O,governance_skill,governance,marine,,marine_ecological,governance,title+subject,title+subject,bfba8838eaa1a265bf0fc35f06497e792964527e0d124ed0ac5efb70d4a82e45,cumulative-db-semantic-v1,auto_accepted,metadata_only_limitation
fragment:signal:619ee8c9782037048dd2626fe8cb4d89afe3c1a56b809f4a19bb0fbf0d51735c:H3:544bc87ced45,H3,MARINE vs OCEANIC Differential Coverage,H3,signal:619ee8c9782037048dd2626fe8cb4d89afe3c1a56b809f4a19bb0fbf0d51735c,evidence:doi:10.3389/focsu.2025.1743635,30178365958-1,living_res,MARINE,M,policy_regulation_skill,law,marine,,marine_ecological,law,title+subject,title+subject,d13fcd824e666eef614befcf9362d3b6ab294ed5a494a106f421fdb1c0f74937,cumulative-db-semantic-v1,review_required,metadata_only_limitation
fragment:signal:61a649cfe39cdde9f6c164472453fffee65dceacb6f91ac4967996b639821d79:H3:0b0cc925c6dd,H3,MARINE vs OCEANIC Differential Coverage,H3,signal:61a649cfe39cdde9f6c164472453fffee65dceacb6f91ac4967996b639821d79,evidence:doi:10.1016/j.marpol.2020.104158,30178365958-1,r_i,OCEANIC,O,technical_skill,technology,marine,,marine_ecological,technology,title,title,ff49d3d0844dbe5cb7f8a3cf579da901ebd627af38d2ef790768daff0eb90499,cumulative-db-semantic-v1,review_required,metadata_only_limitation
fragment:signal:61d4e5a9be18b2cc621bc8b44264ebd2b1ca5463b324847fb6f2fd41b82c8996:H3:78afe10d76bf,H3,MARINE vs OCEANIC Differential Coverage,H3,signal:61d4e5a9be18b2cc621bc8b44264ebd2b1ca5463b324847fb6f2fd41b82c8996,evidence:doi:10.3389/fmars.2025.1577490,30178365958-1,blue_biotech,OCEANIC,O,education_training_signal,education,marine,,marine_ecological,education,title+subject,title+subject,328b72e3efa3db19d2b6bf189594c6495056514d3847e93853012c6eca0e611b,cumulative-db-semantic-v1,review_required,metadata_only_limitation
fragment:signal:61ddad78e946b7854a4313ebc0bcd2858a68e51ec5a8296aa8e60ec1085a6c42:H3:7c76b654b9fe,H3,MARINE vs OCEANIC Differential Coverage,H3,signal:61ddad78e946b7854a4313ebc0bcd2858a68e51ec5a8296aa8e60ec1085a6c42,evidence:doi:10.25364/215.2026.1,30178365958-1,coastal_tourism,OCEANIC,O,technical_skill,engineering,planetary,,oceanic_planetary,engineering,title+subject,title+subject,2c01dc84e288466e7f16092d0cfe6c291aae1575fb2600c6fcfc941188fbea8b,cumulative-db-semantic-v1,review_required,metadata_only_limitation
fragment:signal:61f4cd45c64d51463f37adc892d90d9312852bbd25d584fa9dd1356bc7ed8177:H3:bcc8f20dabd0,H3,MARINE vs OCEANIC Differential Coverage,H3,signal:61f4cd45c64d51463f37adc892d90d9312852bbd25d584fa9dd1356bc7ed8177,evidence:doi:10.33003/fjs-2026-1011-5539,30178365958-1,living_res,MARINE,M,safety_risk_skill,safety,marine,,marine_ecological,safety,title+subject,title+subject,007529f635dee65ae080ba7f6e72faaf8132f290e371cda51104e9dbcedb38a3,cumulative-db-semantic-v1,review_required,metadata_only_limitation
fragment:signal:622c170262fe214b9af4d89e9384b6a5edf997ff41b57ef1a38ee49a9fc35544:H3:93414bcba1a2,H3,MARINE vs OCEANIC Differential Coverage,H3,signal:622c170262fe214b9af4d89e9384b6a5edf997ff41b57ef1a38ee49a9fc35544,evidence:doi:10.5603/imh.105010,30178365958-1,blue_biotech,OCEANIC,O,safety_risk_skill,risk,marine,,marine_ecological,risk,title,title,1516f89de43e5ba732609ed764f99555649e132f639fe7e87deafd69eb321d97,cumulative-db-semantic-v1,review_required,metadata_only_limitation
fragment:signal:622c99ebc55e60095a7361866a4fafb4e20808117e4f1c071780e39edda8dc0b:H3:1f534640e815,H3,MARINE vs OCEANIC Differential Coverage,H3,signal:622c99ebc55e60095a7361866a4fafb4e20808117e4f1c071780e39edda8dc0b,evidence:doi:10.65150/ep-jsshrs/v2e6/2026-14,30178365958-1,coastal_tourism,OCEANIC,O,governance_skill,stakeholder,ecological,,marine_ecological,stakeholder,title+subject,title+subject,dd3e0ce0a1c2a82a320bfcf5ef0a9f1d003905668b5ee9861b58d2ba239d9f6f,cumulative-db-semantic-v1,auto_accepted,metadata_only_limitation
fragment:signal:6277a0c8353e4095e56802e4b31c0a0452d802542d0e43366aa5a1b2dadfbe37:H3:f32d07944bec,H3,MARINE vs OCEANIC Differential Coverage,H3,signal:6277a0c8353e4095e56802e4b31c0a0452d802542d0e43366aa5a1b2dadfbe37,evidence:doi:10.3390/su17125593,30178365958-1,blue_biotech,OCEANIC,O,governance_skill,policies,marine,,marine_ecological,policies,title+subject,title+subject,b332d346b6d311b64fc4a217969df6f3de048482da150144d23a4e11a2b9b3ff,cumulative-db-semantic-v1,review_required,metadata_only_limitation
fragment:signal:62b4406c4665c85d88ea4a253fcff9490aafd183c1d37eb1e77d5bd9ef505925:H3:4e6de6b09d4f,H3,MARINE vs OCEANIC Differential Coverage,H3,signal:62b4406c4665c85d88ea4a253fcff9490aafd183c1d37eb1e77d5bd9ef505925,evidence:doi:10.1080/26895293.2026.2698912,30178365958-1,blue_biotech,MARINE,M,sustainability_skill,sustainability,marine,,marine_ecological,sustainability,title+subject,title+subject,c76af63442a88ee92dbd5007ae6ef5cb3ba2d5ef58a4455de5d3399fa4327f99,cumulative-db-semantic-v1,review_required,metadata_only_limitation
fragment:signal:62b56151a5732909d79d80fe62c756ff4d15bf4d2d030c5c87869ec3e9bc4c43:H3:28ba23750123,H3,MARINE vs OCEANIC Differential Coverage,H3,signal:62b56151a5732909d79d80fe62c756ff4d15bf4d2d030c5c87869ec3e9bc4c43,evidence:doi:10.1038/s44183-025-00116-7,30178365958-1,living_res,OCEANIC,O,learning_outcome_signal,ects,marine,,marine_ecological,ects,title+subject,title+subject,e7d2360b193db5c1081dd4a99036ad62b55773a630cb081b96e8cd531f7b5b02,cumulative-db-semantic-v1,review_required,metadata_only_limitation
fragment:signal:630020870a01b97d2985d057fe3cbb362a61680fb3a7ee1ad9b50e846fc1bf12:H3:ac979d2817e1,H3,MARINE vs OCEANIC Differential Coverage,H3,signal:630020870a01b97d2985d057fe3cbb362a61680fb3a7ee1ad9b50e846fc1bf12,evidence:doi:10.55845/jos-2026-2197,30178365958-1,living_res,MARINE,M,policy_regulation_skill,law,planetary,,oceanic_planetary,law,title+subject,title+subject,452d3b40846f532a159cabbb7dff573625051464e1b136715cf2c763114f978a,cumulative-db-semantic-v1,review_required,metadata_only_limitation
fragment:signal:630b767552e5a3be48b31a8df204a2c68c113d5f35a70751585455f0619f2b89:H3:393b3a5a7a3f,H3,MARINE vs OCEANIC Differential Coverage,H3,signal:630b767552e5a3be48b31a8df204a2c68c113d5f35a70751585455f0619f2b89,evidence:doi:10.1007/s10113-026-02572-4,30178365958-1,living_res,MARINE,M,governance_skill,governance,marine,,marine_ecological,governance,title+subject,title+subject,eefc2939b9a432fde5b10c675e90923f101a6428e8a09536cec9b1db22cbc618,cumulative-db-semantic-v1,auto_accepted,metadata_only_limitation
fragment:signal:63237c8bd3a39c93c1ac26321498ecd644dde1727c138405e9a22ebe4bc1275e:H3:75c991a29662,H3,MARINE vs OCEANIC Differential Coverage,H3,signal:63237c8bd3a39c93c1ac26321498ecd644dde1727c138405e9a22ebe4bc1275e,evidence:doi:10.1007/s44218-025-00111-y,30178365958-1,living_res,OCEANIC,O,governance_skill,governance,marine,,marine_ecological,governance,title+subject,title+subject,7b100793f309d22d8285f8e0d7e658bee69a6fb80e5362bf02e63be9dd353163,cumulative-db-semantic-v1,auto_accepted,metadata_only_limitation
fragment:signal:635adb7430298ec9201f74e2faa87ad3280887e9d62f463f51b6f84253407bc4:H3:f277215064c8,H3,MARINE vs OCEANIC Differential Coverage,H3,signal:635adb7430298ec9201f74e2faa87ad3280887e9d62f463f51b6f84253407bc4,evidence:doi:10.12928/fokus.v16i1.15285,30178365958-1,coastal_tourism,OCEANIC,O,sustainability_skill,sustainable,marine,,marine_ecological,sustainable,title+subject,title+subject,f4ffdcda00f64f153646bcbbe71bcf58c9b853674d0cd16e8e8a734ab1fe0e14,cumulative-db-semantic-v1,auto_accepted,metadata_only_limitation
fragment:signal:637476b3d3758296d4390e8ee6b83a43d9d47aa914df3bc9c0b4eb67f5360087:H3:ba2b0616dba4,H3,MARINE vs OCEANIC Differential Coverage,H3,signal:637476b3d3758296d4390e8ee6b83a43d9d47aa914df3bc9c0b4eb67f5360087,evidence:doi:10.15488/20103,30178365958-1,blue_biotech,MARINE,M,sustainability_skill,sustainable,ecological,,marine_ecological,sustainable,title+subject,title+subject,f2c5b8d8924e9ef8cbdfea79d4b36658001641289e130af16f2e50c08e5d714c,cumulative-db-semantic-v1,auto_accepted,metadata_only_limitation
fragment:signal:63a445717303cdb9648b76297ae78245e39254f9047f2ba5e681e6a4b7c0edc4:H3:ba7771ec41a3,H3,MARINE vs OCEANIC Differential Coverage,H3,signal:63a445717303cdb9648b76297ae78245e39254f9047f2ba5e681e6a4b7c0edc4,evidence:doi:10.1007/s10551-026-06329-1,30178365958-1,non_living_res,MARINE,M,education_training_signal,education,ecological,,marine_ecological,education,title+subject,title+subject,e68a0e2235cdcd517ec72c3f5cab16fe1883c0f3ea0d2697559483721b8c8d12,cumulative-db-semantic-v1,review_required,metadata_only_limitation
fragment:signal:6402d42fe503ba25cd7e38eff80511ed419bc33459170fb208d7a950caa5e221:H3:6aab70162900,H3,MARINE vs OCEANIC Differential Coverage,H3,signal:6402d42fe503ba25cd7e38eff80511ed419bc33459170fb208d7a950caa5e221,evidence:doi:10.3390/s23104581,30178365958-1,r_i,OCEANIC,O,digital_skill,digital,marine,,marine_ecological,digital,title,title,e595de331615fbe3587bf931b70109dd355a09819a771e8879b8cff170e67201,cumulative-db-semantic-v1,review_required,metadata_only_limitation
fragment:signal:647676b7f614b7c3bd08925e10e2b0463d1836d1d2394fa3f3138d3ae6e4db1d:H3:d8d1f706f69a,H3,MARINE vs OCEANIC Differential Coverage,H3,signal:647676b7f614b7c3bd08925e10e2b0463d1836d1d2394fa3f3138d3ae6e4db1d,evidence:doi:10.21203/rs.3.rs-4294060/v1,30178365958-1,non_living_res,MARINE,M,safety_risk_skill,hazard,marine,,marine_ecological,hazard,title+subject,title+subject,da15d044d28f7d9b99c78123945fab70f18c3ad082c9ebb8b6356e112c896db4,cumulative-db-semantic-v1,review_required,metadata_only_limitation
fragment:signal:648481b89571769bcaaed99283c8036fbc768b298b0a517bd96d01091eb3f636:H3:683f4ce5e66d,H3,MARINE vs OCEANIC Differential Coverage,H3,signal:648481b89571769bcaaed99283c8036fbc768b298b0a517bd96d01091eb3f636,evidence:doi:10.13189/eer.2026.140306,30178365958-1,coastal_tourism,OCEANIC,O,governance_skill,stakeholder,marine,,marine_ecological,stakeholder,title+subject,title+subject,9c03fd528d668ae655ee4c7e8b5d71af36dab3bf5771545913b6ad529a78887b,cumulative-db-semantic-v1,auto_accepted,metadata_only_limitation
fragment:signal:64aae9b0f904363d5ba63a0953bb417210e40a1caee47b73ccdb5e9fbc7e9d1c:H3:d765ee4787be,H3,MARINE vs OCEANIC Differential Coverage,H3,signal:64aae9b0f904363d5ba63a0953bb417210e40a1caee47b73ccdb5e9fbc7e9d1c,evidence:doi:10.3390/phycology6010029,30178365958-1,blue_biotech,MARINE,M,sustainability_skill,sustainability,marine,,marine_ecological,sustainability,title+subject,title+subject,ef5212784a087389797e0adad4746648e8ca7a621f3764e263cf00753a80a1fc,cumulative-db-semantic-v1,auto_accepted,metadata_only_limitation
fragment:signal:64ab528468cd2ede89a14c267e8a015c8b8f6a08bbdfadd18203663b7fe3748c:H3:3f631f0b3fcd,H3,MARINE vs OCEANIC Differential Coverage,H3,signal:64ab528468cd2ede89a14c267e8a015c8b8f6a08bbdfadd18203663b7fe3748c,evidence:doi:10.1007/s40152-025-00418-z,30178365958-1,non_living_res,MARINE,M,social_science_skill,community,marine,,marine_ecological,community,title+subject,title+subject,cfd6444c6f993c5d0706289ccd0885126c5a5c58b7d5b6d40480d2ecc3155f11,cumulative-db-semantic-v1,review_required,metadata_only_limitation
fragment:signal:64ae7674cbe1fe81fdb50d3025c6b5a21abb6b5f9644130d22a4be022ea84a3b:H3:32748d6862b4,H3,MARINE vs OCEANIC Differential Coverage,H3,signal:64ae7674cbe1fe81fdb50d3025c6b5a21abb6b5f9644130d22a4be022ea84a3b,evidence:doi:10.56578/cis140309,30178365958-1,non_living_res,MARINE,M,sustainability_skill,climate,marine,,marine_ecological,climate,title+subject,title+subject,6c254fc942cfd83fedafe01e8f66421d8454ff0239a012d6190968ffd0030f92,cumulative-db-semantic-v1,auto_accepted,metadata_only_limitation
fragment:signal:64be6433a68bfa72e6d8940dd86f7f2c64d6a262975dc17e075cfa45421403e6:H3:134032bb90d1,H3,MARINE vs OCEANIC Differential Coverage,H3,signal:64be6433a68bfa72e6d8940dd86f7f2c64d6a262975dc17e075cfa45421403e6,evidence:doi:10.1787/0b539499-en,30178365958-1,living_res,OCEANIC,O,governance_skill,policy,marine,,marine_ecological,policy,title+subject,title+subject,5535f00b41a19462748f5d3a584e0eaf55fe447abe75cef35fab3168eeb97cbe,cumulative-db-semantic-v1,auto_accepted,metadata_only_limitation
fragment:signal:65092ed02dde10b9946e341c4b550a18c77e991061267319a2023bf0c5ad4078:H3:aeafe56389cb,H3,MARINE vs OCEANIC Differential Coverage,H3,signal:65092ed02dde10b9946e341c4b550a18c77e991061267319a2023bf0c5ad4078,evidence:doi:10.1051/bioconf/202622104005,30178365958-1,blue_biotech,MARINE,M,governance_skill,governance,marine,,marine_ecological,governance,title+subject,title+subject,a476f00be7d4b4d3980dd85096e39e051473f0e6654971a002a0c4fa7e2ddd0f,cumulative-db-semantic-v1,auto_accepted,metadata_only_limitation
fragment:signal:6511c7d6d91f8d40518cba0928f546154bd6bf8897fa1e4537f53ab30c7889f7:H3:d32d6530cf6a,H3,MARINE vs OCEANIC Differential Coverage,H3,signal:6511c7d6d91f8d40518cba0928f546154bd6bf8897fa1e4537f53ab30c7889f7,evidence:doi:10.21203/rs.3.rs-8941489/v1,30178365958-1,living_res,MARINE,M,education_training_signal,curriculum,marine,,marine_ecological,curriculum,title+subject,title+subject,0bf8683179a7b4a0a9fd59363ccf85864f70d4c749dff857bf7144789b201f89,cumulative-db-semantic-v1,auto_accepted,metadata_only_limitation
fragment:signal:653205e984d991ea715f0ee847f5cd680ce22a61d72c11ae2af55faad63c8676:H3:67a7966ebb46,H3,MARINE vs OCEANIC Differential Coverage,H3,signal:653205e984d991ea715f0ee847f5cd680ce22a61d72c11ae2af55faad63c8676,evidence:doi:10.1007/s43615-026-01050-7,30178365958-1,non_living_res,OCEANIC,O,sustainability_skill,sustainability,planetary,,oceanic_planetary,sustainability,title+subject,title+subject,202843507b4294d6670b66481b1e762cbf5654965d5288a53639affce3a5c941,cumulative-db-semantic-v1,auto_accepted,metadata_only_limitation
fragment:signal:6535cbb84d1c0564e334d221e0058fdc95ad7624c002d00f965d93744d1496d8:H3:8281d5e599e0,H3,MARINE vs OCEANIC Differential Coverage,H3,signal:6535cbb84d1c0564e334d221e0058fdc95ad7624c002d00f965d93744d1496d8,evidence:doi:10.1038/s44183-024-00087-1,30178365958-1,non_living_res,MARINE,M,social_science_skill,social science,marine,,marine_ecological,social science,title+subject,title+subject,8277c482343dae1e55e4489b77e24726395a56ec080847701ba0ddf0b03e986c,cumulative-db-semantic-v1,review_required,metadata_only_limitation
fragment:signal:653c13e8ee4ac0aa25549577a20560dd570ee3ab3eb28d92bfc500a402f19d6e:H3:b496d4ef87f9,H3,MARINE vs OCEANIC Differential Coverage,H3,signal:653c13e8ee4ac0aa25549577a20560dd570ee3ab3eb28d92bfc500a402f19d6e,evidence:doi:10.1016/j.eist.2026.101138,30178365958-1,living_res,OCEANIC,O,governance_skill,governance,marine,,marine_ecological,governance,title+subject,title+subject,d970f77647581666bfe32f9b53b390973577f438e1c9dff2f85d2cda20d32cf2,cumulative-db-semantic-v1,review_required,metadata_only_limitation
fragment:signal:6566b1c14ffe2fd7aa5624673658dd1b3d3b9a8c8194c42afce558e1aea42143:H3:3846fc9d09d7,H3,MARINE vs OCEANIC Differential Coverage,H3,signal:6566b1c14ffe2fd7aa5624673658dd1b3d3b9a8c8194c42afce558e1aea42143,evidence:doi:10.18174/714649,30178365958-1,non_living_res,MARINE,M,sustainability_skill,sustainability,marine,,marine_ecological,sustainability,title+subject,title+subject,1492d4e6be4ffbe2a5254cd046ddbd052f74d2922e3c8512dc7e89816ac6a91b,cumulative-db-semantic-v1,auto_accepted,metadata_only_limitation
fragment:signal:6690103509aa7044d0ae6b0ff295d6db35073fac644f82f50ee13b487f60e110:H3:796fbafd1be7,H3,MARINE vs OCEANIC Differential Coverage,H3,signal:6690103509aa7044d0ae6b0ff295d6db35073fac644f82f50ee13b487f60e110,evidence:doi:10.1177/00469580261428378,30178365958-1,living_res,MARINE,M,safety_risk_skill,safety,ecological,,marine_ecological,safety,title+subject,title+subject,9ad0e3f2c2aebf74703756a8b66d0f88a5e4636593ae9e504479ecc413cf8cb4,cumulative-db-semantic-v1,review_required,metadata_only_limitation
fragment:signal:66a5c67018673b9a7b766d6335d7be8967c6978d3f793d75920d83899d9155b2:H3:5327261c6ee4,H3,MARINE vs OCEANIC Differential Coverage,H3,signal:66a5c67018673b9a7b766d6335d7be8967c6978d3f793d75920d83899d9155b2,evidence:doi:10.3390/fishes11030134,30178365958-1,non_living_res,MARINE,M,sustainability_skill,sustainability,marine,,marine_ecological,sustainability,title+subject,title+subject,23e5a0ec125e6b84f11df7dac7cfc52fc18ad5d0b48c8b4ba461a12f5cb70348,cumulative-db-semantic-v1,review_required,metadata_only_limitation
fragment:signal:66edcffbdcb9416c15dbd50aa7564859a7c262d004ec20f3be2b778cd8369608:H3:ff75dc31cf88,H3,MARINE vs OCEANIC Differential Coverage,H3,signal:66edcffbdcb9416c15dbd50aa7564859a7c262d004ec20f3be2b778cd8369608,evidence:doi:10.3390/phycology6010029,30178365958-1,blue_biotech,MARINE,M,technical_skill,engineering,marine,,marine_ecological,engineering,title+subject,title+subject,ef5212784a087389797e0adad4746648e8ca7a621f3764e263cf00753a80a1fc,cumulative-db-semantic-v1,review_required,metadata_only_limitation
fragment:signal:67af131fba0bea8b0fea08ce0cd50ecfd9accaeb43b296422fc7bc0f289d33c7:H3:e21d4d490616,H3,MARINE vs OCEANIC Differential Coverage,H3,signal:67af131fba0bea8b0fea08ce0cd50ecfd9accaeb43b296422fc7bc0f289d33c7,evidence:doi:10.3389/fmars.2025.1488879,30178365958-1,non_living_res,MARINE,M,governance_skill,policy,marine,,marine_ecological,policy,title+subject,title+subject,3eb2e9115c265aa144945e211d70c537f4995ada0f7b77cd331fa173177b5048,cumulative-db-semantic-v1,review_required,metadata_only_limitation
fragment:signal:67d01dfa7cd7f72fb70a3f9960cde2ef6106424e0194feb0d361f96e28fbb5a4:H3:e44250abd893,H3,MARINE vs OCEANIC Differential Coverage,H3,signal:67d01dfa7cd7f72fb70a3f9960cde2ef6106424e0194feb0d361f96e28fbb5a4,evidence:doi:10.59890/ijasr.v4i3.207,30178365958-1,coastal_tourism,OCEANIC,O,sustainability_skill,sustainable,marine,,marine_ecological,sustainable,title+subject,title+subject,487ab5a114bad3e3b51a59ed2646543675cdd36e804f2a25a2f1a1428541751f,cumulative-db-semantic-v1,review_required,metadata_only_limitation
fragment:signal:67d13a5177cdd0cd6c3feba3161a8126da1efeb250feb440eb8057673a91af4b:H3:2a08b8c09856,H3,MARINE vs OCEANIC Differential Coverage,H3,signal:67d13a5177cdd0cd6c3feba3161a8126da1efeb250feb440eb8057673a91af4b,evidence:doi:10.3389/fmars.2026.1723529,30178365958-1,blue_biotech,MARINE,M,education_training_signal,education,marine,,marine_ecological,education,title+subject,title+subject,f2611985f3d2283b098b7188cad15c077e386bd5852a821cc15aa70caa6005a5,cumulative-db-semantic-v1,review_required,metadata_only_limitation
fragment:signal:67de55c9dcbb85443a121a9367545509cab09741c5e7842ca28d582f7c13ffe2:H3:bca14e206b40,H3,MARINE vs OCEANIC Differential Coverage,H3,signal:67de55c9dcbb85443a121a9367545509cab09741c5e7842ca28d582f7c13ffe2,evidence:doi:10.3390/su17219526,30178365958-1,blue_biotech,MARINE,M,digital_skill,digital,marine,,marine_ecological,digital,title+subject,title+subject,470485cf7c250799e9c3cbef1721c677db1b162059b3c88e246cc1aaaf87e473,cumulative-db-semantic-v1,review_required,metadata_only_limitation
fragment:signal:681ba3ec63465f0e99196ff93aad4c1bd7c3355c00bc726f5a77d981660d6cfe:H1:62407801c996,H1,Maritimisation Shift,H1,signal:681ba3ec63465f0e99196ff93aad4c1bd7c3355c00bc726f5a77d981660d6cfe,evidence:doi:10.5281/zenodo.20810240,30178365958-1,ship_repair,MARITIME,T,safety_risk_skill,safety,maritime infrastructure,,maritime_dominance,safety,title+subject,title+subject,795d207588e7ee3b6e4b24264d40160b36c6167eb685a65e8730984f10d6dc8b,cumulative-db-semantic-v1,review_required,metadata_only_limitation
fragment:signal:684a71e8e9032bd86a468fca63bebe2aa1393200464b1742a49ed8d8bb13216f:H3:17df391e2ad5,H3,MARINE vs OCEANIC Differential Coverage,H3,signal:684a71e8e9032bd86a468fca63bebe2aa1393200464b1742a49ed8d8bb13216f,evidence:doi:10.3390/bacteria5010012,30178365958-1,blue_biotech,MARINE,M,social_science_skill,community,ecological,,marine_ecological,community,title+subject,title+subject,8de90174fcd387f5678588ecff27ab25b04f72c68cb75caf14bdb0ecd9b74380,cumulative-db-semantic-v1,review_required,metadata_only_limitation
fragment:signal:684b4f0e158b33f16e532cc5ee483bc19c19f8c457eb1e6489b5482e818a17ea:H3:23416939f51a,H3,MARINE vs OCEANIC Differential Coverage,H3,signal:684b4f0e158b33f16e532cc5ee483bc19c19f8c457eb1e6489b5482e818a17ea,evidence:doi:10.3390/earth7030102,30178365958-1,coastal_tourism,OCEANIC,O,learning_outcome_signal,ects,marine,,marine_ecological,ects,title+subject,title+subject,546edbc95a2fb06f24d9cc080dfaa5a56c8bb86eafad6a6ccbcc9c71c5633760,cumulative-db-semantic-v1,review_required,metadata_only_limitation
fragment:signal:684b5b05cf19a0830b5381a83e6985e18ca3af366aa9436dbf06f6d4e757c759:H3:cbfbd99c6044,H3,MARINE vs OCEANIC Differential Coverage,H3,signal:684b5b05cf19a0830b5381a83e6985e18ca3af366aa9436dbf06f6d4e757c759,evidence:doi:10.65102/is2026499,30178365958-1,coastal_tourism,OCEANIC,O,learning_outcome_signal,ects,ecological,,marine_ecological,ects,title+subject,title+subject,f39ccf829d1d7d07a28ca88080fe5c3a1ea3c1d4909386d2dcbf00d0edb92a4e,cumulative-db-semantic-v1,review_required,metadata_only_limitation
fragment:signal:689d4a8952ff31d780b37749c697e23e03416f81a2dc738028dd648a4fe633d7:H1:655677e0b6ad,H1,Maritimisation Shift,H1,signal:689d4a8952ff31d780b37749c697e23e03416f81a2dc738028dd648a4fe633d7,evidence:doi:10.52783/tjjpt.v47.i03.11025,30178365958-1,renewable_energy,MARITIME,T,sustainability_skill,sustainable,techno-economic,,maritime_dominance,sustainable,title+subject,title+subject,26ff9fc1a042b7df16028cbb1b71c9fc2c7ebc0997a9e4a2eeb57765c3528a4f,cumulative-db-semantic-v1,review_required,metadata_only_limitation
fragment:signal:68bcb282c068909bbaa7a52adbf254dbe4cf5f0e84089c5415a7215a745a8e96:H3:7acd54c14d3a,H3,MARINE vs OCEANIC Differential Coverage,H3,signal:68bcb282c068909bbaa7a52adbf254dbe4cf5f0e84089c5415a7215a745a8e96,evidence:doi:10.3390/fishes10120642,30178365958-1,coastal_tourism,OCEANIC,O,social_science_skill,social science,marine,,marine_ecological,social science,title+subject,title+subject,f2b52033e6eeec080428e33caf778c2d816edeca74685f6bd0e869270246ac94,cumulative-db-semantic-v1,review_required,metadata_only_limitation
fragment:signal:68c9c36f0a9a05bf39633e7eaeb0ef81766d91e828a39edfed13df72eee57d5a:H3:141bc24dde68,H3,MARINE vs OCEANIC Differential Coverage,H3,signal:68c9c36f0a9a05bf39633e7eaeb0ef81766d91e828a39edfed13df72eee57d5a,evidence:doi:10.55681/economina.v5i7.3483,30178365958-1,living_res,MARINE,M,sustainability_skill,sustainability,marine,,marine_ecological,sustainability,title+subject,title+subject,f12d9ba801e2f3fa9fab8708607a79d48be7c12bf88115ed6ae03a29ce829e53,cumulative-db-semantic-v1,review_required,metadata_only_limitation
fragment:signal:68d2d6749c6ab6d69586f9df3105b0f082af9d7a62f91a84d40f697ccf71270f:H3:32c5146036aa,H3,MARINE vs OCEANIC Differential Coverage,H3,signal:68d2d6749c6ab6d69586f9df3105b0f082af9d7a62f91a84d40f697ccf71270f,evidence:doi:10.3390/su18147144,30178365958-1,coastal_tourism,OCEANIC,O,governance_skill,governance,marine,,marine_ecological,governance,title+subject,title+subject,58c0065e4b295cb8a5caad5bfd764621b766ae367bfe4d5cca6bbd8610337e5c,cumulative-db-semantic-v1,auto_accepted,metadata_only_limitation
fragment:signal:6900ed3691d781f770ef30c7ffd871393fccaeb6260249d2c4d4c95355e50423:H3:ad45f00ff209,H3,MARINE vs OCEANIC Differential Coverage,H3,signal:6900ed3691d781f770ef30c7ffd871393fccaeb6260249d2c4d4c95355e50423,evidence:doi:10.3390/biomimetics10120842,30178365958-1,blue_biotech,OCEANIC,O,sustainability_skill,sustainability,ecological,,marine_ecological,sustainability,title+subject,title+subject,2093d7503379e2b08481f815a633c210a4666856aac3c11ed5dc3aa23dba4a3c,cumulative-db-semantic-v1,auto_accepted,metadata_only_limitation
fragment:signal:694be9fd4f7505f66b31e4bb4afb5fa9bb58389fe4048ccdf0b1ae36f75933e9:H3:8c6ef9629aab,H3,MARINE vs OCEANIC Differential Coverage,H3,signal:694be9fd4f7505f66b31e4bb4afb5fa9bb58389fe4048ccdf0b1ae36f75933e9,evidence:doi:10.1017/npt.2025.10059,30178365958-1,non_living_res,OCEANIC,O,sustainability_skill,sustainability,marine,,marine_ecological,sustainability,title+subject,title+subject,5f0af0ea09e09036b6f2a07fbc814472e1130d1066718983a7b6d6b61028821f,cumulative-db-semantic-v1,review_required,metadata_only_limitation
fragment:signal:69f554db4d3798390099f06b3f2e817bf47aff166f7413e1d97eda7c5054853f:H3:56e91bccd218,H3,MARINE vs OCEANIC Differential Coverage,H3,signal:69f554db4d3798390099f06b3f2e817bf47aff166f7413e1d97eda7c5054853f,evidence:doi:10.63363/aijfr.2026.v07i03.6474,30178365958-1,coastal_tourism,OCEANIC,O,social_science_skill,community,marine,,marine_ecological,community,title+subject,title+subject,48ee9d49d00e9d8f70069b0ce485a5ceea240904aa2d21edeafdb6222d8bbacc,cumulative-db-semantic-v1,review_required,metadata_only_limitation
fragment:signal:6a09218cf6a39a8539910cd715427f210e30cc0b1b352304e842985763d9c10a:H3:19a07f294116,H3,MARINE vs OCEANIC Differential Coverage,H3,signal:6a09218cf6a39a8539910cd715427f210e30cc0b1b352304e842985763d9c10a,evidence:doi:10.1038/s44183-025-00116-7,30178365958-1,living_res,OCEANIC,O,sustainability_skill,adaptation,marine,,marine_ecological,adaptation,title+subject,title+subject,e7d2360b193db5c1081dd4a99036ad62b55773a630cb081b96e8cd531f7b5b02,cumulative-db-semantic-v1,auto_accepted,metadata_only_limitation
fragment:signal:6a1162c7869a5cc69e1c0a089b6718fc5829e614e0196ddf009c8f16d9e25bee:H3:8efe85681fed,H3,MARINE vs OCEANIC Differential Coverage,H3,signal:6a1162c7869a5cc69e1c0a089b6718fc5829e614e0196ddf009c8f16d9e25bee,evidence:doi:10.31629/jmps.v3i1.7834,30178365958-1,maritime_defence,OCEANIC,O,sustainability_skill,sustainable,marine,,marine_ecological,sustainable,title+subject,title+subject,190b7816d1ca0aa87d49c26841e7e45b11a5335f7a99deccc869343cde6dfb84,cumulative-db-semantic-v1,review_required,metadata_only_limitation
fragment:signal:6a12c3f99970e3cef44252f0094bed0752515d358602bddc61f00dd55ef85db6:H3:fc36f9c900ec,H3,MARINE vs OCEANIC Differential Coverage,H3,signal:6a12c3f99970e3cef44252f0094bed0752515d358602bddc61f00dd55ef85db6,evidence:doi:10.1098/rsos.252380,30178365958-1,coastal_tourism,OCEANIC,O,sustainability_skill,climate,marine,,marine_ecological,climate,title+subject,title+subject,cd9719e2699d8f0f6da9ef5d35e4642ea5c8c20c06415418c2bbc81c90153047,cumulative-db-semantic-v1,auto_accepted,metadata_only_limitation
fragment:signal:6a3c3b1c45af0c3467955d1e34f292a84a98e2f9420722bcf019caced1c2d289:H3:2751e989a309,H3,MARINE vs OCEANIC Differential Coverage,H3,signal:6a3c3b1c45af0c3467955d1e34f292a84a98e2f9420722bcf019caced1c2d289,evidence:doi:10.5772/intechopen.1015625,30178365958-1,non_living_res,MARINE,M,learning_outcome_signal,ects,marine,,marine_ecological,ects,title+subject,title+subject,4b210d8ba96c9ff87fca8b03ccef7988831724690e415d97c4ed4ee74f07a211,cumulative-db-semantic-v1,review_required,metadata_only_limitation
fragment:signal:6a4e85969828510db0e808d6de8b5878fe76dff0a22678bf95a893d762a4383e:H3:4b8960c74748,H3,MARINE vs OCEANIC Differential Coverage,H3,signal:6a4e85969828510db0e808d6de8b5878fe76dff0a22678bf95a893d762a4383e,evidence:doi:10.54660/.ijmrge.2026.7.3.718-731,30178365958-1,blue_biotech,MARINE,M,sustainability_skill,sustainability,marine,,marine_ecological,sustainability,title+subject,title+subject,a63e5d4d0ab14b77181c9ef49e2347bcc72b849fe29cc7e47468437e340ea8c3,cumulative-db-semantic-v1,auto_accepted,metadata_only_limitation
fragment:signal:6b04040b7f85c852a496aab63ee3471d9942dd7555441d39a4412cf6a1ff1418:H3:01178c1f96c1,H3,MARINE vs OCEANIC Differential Coverage,H3,signal:6b04040b7f85c852a496aab63ee3471d9942dd7555441d39a4412cf6a1ff1418,evidence:doi:10.1002/pan3.70242,30178365958-1,coastal_tourism,OCEANIC,O,governance_skill,governance,marine,,marine_ecological,governance,title+subject,title+subject,96e2f232658605c602df0aff1c3741fb777e10c4ccaaec3da12c402b38cdb5ba,cumulative-db-semantic-v1,review_required,metadata_only_limitation
fragment:signal:6b5f18a1dacd54b8a836627d29e67908425c48e2288e9ecb2e1f703eadf65d5c:H3:6616b79cefec,H3,MARINE vs OCEANIC Differential Coverage,H3,signal:6b5f18a1dacd54b8a836627d29e67908425c48e2288e9ecb2e1f703eadf65d5c,evidence:doi:10.3389/fmars.2025.1617277,30178365958-1,non_living_res,MARINE,M,policy_regulation_skill,law,marine,,marine_ecological,law,title+subject,title+subject,a82fa9e96423a10c35e43abff9353ba22f5774d06287beb6f81b8bc81d12db3f,cumulative-db-semantic-v1,auto_accepted,metadata_only_limitation
fragment:signal:6b69f0a890641ae6d99c3085c973d1b8ce1f9c57095ce03c110e0a454a7ff225:H3:c5153f613560,H3,MARINE vs OCEANIC Differential Coverage,H3,signal:6b69f0a890641ae6d99c3085c973d1b8ce1f9c57095ce03c110e0a454a7ff225,evidence:doi:10.1007/s11367-026-02668-3,30178365958-1,non_living_res,MARINE,M,sustainability_skill,climate,marine,,marine_ecological,climate,title+subject,title+subject,4018e1bbec0811ee1bf00c50b79f977228147b42c67975ffb98c749868b923ab,cumulative-db-semantic-v1,review_required,metadata_only_limitation
fragment:signal:6b7a7761912e9950d80abdf2d0fec0be66143e1d3de9d76057fa456a16f3140b:H3:5d6a4f6e8f54,H3,MARINE vs OCEANIC Differential Coverage,H3,signal:6b7a7761912e9950d80abdf2d0fec0be66143e1d3de9d76057fa456a16f3140b,evidence:doi:10.52403/ijrr.20260404,30178365958-1,coastal_tourism,OCEANIC,O,social_science_skill,community,marine,,marine_ecological,community,title+subject,title+subject,64b0a90bebc1d7d4a3396900d1807d890a6ac72fec106d8d2a44339140ec491a,cumulative-db-semantic-v1,review_required,metadata_only_limitation
fragment:signal:6bf22f01bf0f11ecc14d99b2e09b8a5147541b11fa8cea086b4ccf31e9ac0b68:H3:f586b67103a7,H3,MARINE vs OCEANIC Differential Coverage,H3,signal:6bf22f01bf0f11ecc14d99b2e09b8a5147541b11fa8cea086b4ccf31e9ac0b68,evidence:doi:10.1007/s44274-024-00161-y,30178365958-1,non_living_res,MARINE,M,technical_skill,engineering,ecological,,marine_ecological,engineering,title+subject,title+subject,b319a1d355ffa0f504a5d5516bebd6b267f70e67ccdb550895e2a03c6c9ee77b,cumulative-db-semantic-v1,review_required,metadata_only_limitation
fragment:signal:6c5db3d4d52a72507b03c6ce58e5d6a30fdb8a5cb993f81fd6b8340474ca27f4:H3:5ac5bd0b7961,H3,MARINE vs OCEANIC Differential Coverage,H3,signal:6c5db3d4d52a72507b03c6ce58e5d6a30fdb8a5cb993f81fd6b8340474ca27f4,evidence:doi:10.58440/ihr-29-a04,30178365958-1,non_living_res,MARINE,M,sustainability_skill,sustainable,marine,,marine_ecological,sustainable,title+subject,title+subject,53224815705a201e176a7ac6d50d2e418868a15ead1b85965930e40e036d2b90,cumulative-db-semantic-v1,review_required,metadata_only_limitation
fragment:signal:6ca6855c558bdaebe9dd38907c742f64428fdf4ab12e1783324a354a54a6b401:H3:6fc7067aaf40,H3,MARINE vs OCEANIC Differential Coverage,H3,signal:6ca6855c558bdaebe9dd38907c742f64428fdf4ab12e1783324a354a54a6b401,evidence:doi:10.1038/s41598-026-36752-3,30178365958-1,living_res,MARINE,M,sustainability_skill,sustainability,marine,,marine_ecological,sustainability,title+subject,title+subject,e34b73b874d3280a2bd6e9f03830d4dadb6367b81f48a3424abaaf2ab4b2ef1d,cumulative-db-semantic-v1,auto_accepted,metadata_only_limitation
fragment:signal:6cb8e260170a77f2fa4ee2d1b508d0414cd9758db5e96543607f04d1c3a893e7:H3:80ff315f5d29,H3,MARINE vs OCEANIC Differential Coverage,H3,signal:6cb8e260170a77f2fa4ee2d1b508d0414cd9758db5e96543607f04d1c3a893e7,evidence:doi:10.3390/su172210136,30178365958-1,living_res,OCEANIC,O,sustainability_skill,sustainability,marine,,marine_ecological,sustainability,title+subject,title+subject,63a15f4ed44f6aaa9e211ed86b20d3a3f77101427f9e396ec81e18ac76030437,cumulative-db-semantic-v1,review_required,metadata_only_limitation
fragment:signal:6cc712ed07240dc15852814f9be9483b84081fc29b7012f86160494397c33046:H3:01b40af1622e,H3,MARINE vs OCEANIC Differential Coverage,H3,signal:6cc712ed07240dc15852814f9be9483b84081fc29b7012f86160494397c33046,evidence:doi:10.3389/fmars.2026.1813740,30178365958-1,blue_biotech,MARINE,M,governance_skill,governance,marine,,marine_ecological,governance,title+subject,title+subject,27d7c4270534b71baf1c8237f98affca24eac8852a9986d53606bb4ce54af0ec,cumulative-db-semantic-v1,review_required,metadata_only_limitation
fragment:signal:6d96db611db6ce0a3cc1f2ae1a8ad36a9f5e91e6c3cda38a9a4fd2c10054dedf:H3:2e6a4f7ba6db,H3,MARINE vs OCEANIC Differential Coverage,H3,signal:6d96db611db6ce0a3cc1f2ae1a8ad36a9f5e91e6c3cda38a9a4fd2c10054dedf,evidence:doi:10.1016/j.envsci.2026.104348,30178365958-1,blue_biotech,MARINE,M,governance_skill,governance,marine,,marine_ecological,governance,title+subject,title+subject,470e13fed9ad8bbac7f35e74d0400426beed693e9908bf07589c889a5ccf0b28,cumulative-db-semantic-v1,auto_accepted,metadata_only_limitation
fragment:signal:6d992d720495d64290c51a2486697e6ed00ca8128e068273a597b77336c165cb:H3:7b9ae1e692e2,H3,MARINE vs OCEANIC Differential Coverage,H3,signal:6d992d720495d64290c51a2486697e6ed00ca8128e068273a597b77336c165cb,evidence:doi:10.55463/issn.1674-2974.53.6.4,30178365958-1,living_res,MARINE,M,digital_skill,ai,marine,,marine_ecological,ai,title+subject,title+subject,9a0cc1c6c6fdbe0ad8b83cf9a64888e789fc6056831ba93edbba6ca6f764d943,cumulative-db-semantic-v1,review_required,metadata_only_limitation
fragment:signal:6dd4e37d664e89ff63940589837a4c714dfac4260c5c6b48167be003d7930357:H3:ddd21080b18d,H3,MARINE vs OCEANIC Differential Coverage,H3,signal:6dd4e37d664e89ff63940589837a4c714dfac4260c5c6b48167be003d7930357,evidence:doi:10.70730/tureview.v29i1.241484,30178365958-1,coastal_tourism,OCEANIC,O,technical_skill,technology,marine,,marine_ecological,technology,title+subject,title+subject,1c37f269e9886ff40b130726003cf0362faf755aa94a2910d81e343ac26e98ae,cumulative-db-semantic-v1,review_required,metadata_only_limitation
fragment:signal:6de787bf25fbe1bc9f7c10a7a667f5f399e66fbd50edecd3885cd8ef0c5b2cbf:H3:ee35572eb641,H3,MARINE vs OCEANIC Differential Coverage,H3,signal:6de787bf25fbe1bc9f7c10a7a667f5f399e66fbd50edecd3885cd8ef0c5b2cbf,evidence:doi:10.1038/s44183-026-00225-x,30178365958-1,living_res,MARINE,M,governance_skill,governance,marine,,marine_ecological,governance,title+subject,title+subject,1968779d2c980ebbfccc1f56ad1e2d4da009fa692d0a562b83298924411c513b,cumulative-db-semantic-v1,review_required,metadata_only_limitation
fragment:signal:6e2579a5b7cd43b35a9017d1f747cfdb229f2e03c834c7a6f0e3aa4508d586ad:H3:c55f14dd5312,H3,MARINE vs OCEANIC Differential Coverage,H3,signal:6e2579a5b7cd43b35a9017d1f747cfdb229f2e03c834c7a6f0e3aa4508d586ad,evidence:doi:10.1038/s44183-026-00192-3,30178365958-1,living_res,MARINE,M,governance_skill,governance,marine,,marine_ecological,governance,title+subject,title+subject,8b02f1a0bdadf58cbff739ce74a687261a9e36e34758a5626810a0cc17d1ffdd,cumulative-db-semantic-v1,review_required,metadata_only_limitation
fragment:signal:6e397ade6f7c18de43c90fd9c21645ce0d6d3e8d6953340d79d7ed95c7116ef7:H3:17bf7881e3a9,H3,MARINE vs OCEANIC Differential Coverage,H3,signal:6e397ade6f7c18de43c90fd9c21645ce0d6d3e8d6953340d79d7ed95c7116ef7,evidence:doi:10.1787/919d4222-en,30178365958-1,ship_repair,OCEANIC,O,governance_skill,policy,marine,,marine_ecological,policy,title+subject,title+subject,00f626cc1f1508fb3c6e01c379f07778ac0f40ac76cfe6a9cb96aa8a16cb28c6,cumulative-db-semantic-v1,review_required,metadata_only_limitation
fragment:signal:6ea69e1d31fac35e7a3d5bd61fe72c99ffe0d7d8872961616c7c9dc7fc91bf92:H3:526bc386feb9,H3,MARINE vs OCEANIC Differential Coverage,H3,signal:6ea69e1d31fac35e7a3d5bd61fe72c99ffe0d7d8872961616c7c9dc7fc91bf92,evidence:doi:10.1007/s40152-026-00500-0,30178365958-1,coastal_tourism,OCEANIC,O,sustainability_skill,sustainability,marine,,marine_ecological,sustainability,title+subject,title+subject,5b605e7db383383fae15d9c0e74fc7e13dcfed4c7fac9fa370ac2aa84e74e9ef,cumulative-db-semantic-v1,review_required,metadata_only_limitation
fragment:signal:6eb679ccb42e0d6c4b0d355d8aff84bdce87364cd1a9c262d00de53b324fc5a3:H3:4f771ad57065,H3,MARINE vs OCEANIC Differential Coverage,H3,signal:6eb679ccb42e0d6c4b0d355d8aff84bdce87364cd1a9c262d00de53b324fc5a3,evidence:doi:10.1016/j.ecss.2026.109960,30178365958-1,coastal_tourism,OCEANIC,O,sustainability_skill,circular economy,marine,,marine_ecological,circular economy,title,title,088b02eb8d089a1e29751ba4ca08b2229d86ef8511482f5a58bd2f0e66b8cb56,cumulative-db-semantic-v1,review_required,metadata_only_limitation
fragment:signal:6ef90899bfdeac3027df3ab0cca865c8656b29f4d38f2a47119dc48f8fc8ff7a:H1:c25d11718fb6,H1,Maritimisation Shift,H1,signal:6ef90899bfdeac3027df3ab0cca865c8656b29f4d38f2a47119dc48f8fc8ff7a,evidence:doi:10.71317/jgst.2.7.2026.234,30178365958-1,renewable_energy,MARITIME,T,sustainability_skill,sustainability,maritime infrastructure,,maritime_dominance,sustainability,title+subject,title+subject,ae6e8f59aa22478d20bb5aa1ff7b51a8a82dffcebed3b05b3bdce20b44b9dcfe,cumulative-db-semantic-v1,review_required,metadata_only_limitation
fragment:signal:6f1188f95a000f03ceee0f8a994f1929fd71eb64639958f1ae0840e67bdc7a67:H1:d6937ec9dedd,H1,Maritimisation Shift,H1,signal:6f1188f95a000f03ceee0f8a994f1929fd71eb64639958f1ae0840e67bdc7a67,evidence:title:99d52148cc9e18a5,30178365958-1,maritime_transport,MARITIME,T,policy_regulation_skill,convention,maritime labour,,maritime_dominance,convention,title,title,39b4dec34c8a258b57eb3a041ac284b5940e57ce1660fb86d4759f0079a03c1a,cumulative-db-semantic-v1,review_required,metadata_only_limitation
fragment:signal:6f1d5797afda319d8e5aef08e21c10dffe911812107beb4c8f6a5129a30124aa:H3:c5bf614331d3,H3,MARINE vs OCEANIC Differential Coverage,H3,signal:6f1d5797afda319d8e5aef08e21c10dffe911812107beb4c8f6a5129a30124aa,evidence:doi:10.1007/s40152-026-00490-z,30178365958-1,renewable_energy,OCEANIC,O,governance_skill,governance,marine,,marine_ecological,governance,title+subject,title+subject,34644c8d54cd5c1b3f2cb5642e6d3dd993e0d702ab0af1b747ee4ea5e9cebf03,cumulative-db-semantic-v1,auto_accepted,metadata_only_limitation
fragment:signal:6f2660208831eceb5d969ee89c05f1bade22da3628780e189400b176806aee98:H3:fee035e191ec,H3,MARINE vs OCEANIC Differential Coverage,H3,signal:6f2660208831eceb5d969ee89c05f1bade22da3628780e189400b176806aee98,evidence:doi:10.32628/ijsrst2613115,30178365958-1,blue_biotech,MARINE,M,technical_skill,engineering,marine,,marine_ecological,engineering,title+subject,title+subject,1ac28a77c52b00e50e1d122410e3037ab21e057821f19c9b8e4e24575a09c23a,cumulative-db-semantic-v1,review_required,metadata_only_limitation
fragment:signal:6f5ce0517271dc93831bac8c543dfe815a734b88c4d5fe5122d6caf6d5e3404c:H3:dac5375496e3,H3,MARINE vs OCEANIC Differential Coverage,H3,signal:6f5ce0517271dc93831bac8c543dfe815a734b88c4d5fe5122d6caf6d5e3404c,evidence:doi:10.1016/j.marpolbul.2026.119576,30178365958-1,renewable_energy,OCEANIC,O,governance_skill,governance,marine,,marine_ecological,governance,title+subject,title+subject,0904510bffee55b56031f35d757a89288423480db0e68cddbe17077cc24914a2,cumulative-db-semantic-v1,auto_accepted,metadata_only_limitation
fragment:signal:6f921fab353f4bc60c684a663f5e003f084500a6cd40b11a0ea72b7e19024273:H3:061194599c00,H3,MARINE vs OCEANIC Differential Coverage,H3,signal:6f921fab353f4bc60c684a663f5e003f084500a6cd40b11a0ea72b7e19024273,evidence:doi:10.30564/jees.v8i2.12983,30178365958-1,blue_biotech,MARINE,M,sustainability_skill,sustainability,ecological,,marine_ecological,sustainability,title+subject,title+subject,ab87b6efb9c9cc81a78547971f4418b5afda45f8b6849ae97cbd2bc2eba6fa30,cumulative-db-semantic-v1,auto_accepted,metadata_only_limitation
fragment:signal:6fcb902a21006a77f490efe8563fbdf359100a15ce82184396396ff8d061a053:H3:3a3b6532e4f4,H3,MARINE vs OCEANIC Differential Coverage,H3,signal:6fcb902a21006a77f490efe8563fbdf359100a15ce82184396396ff8d061a053,evidence:doi:10.5281/zenodo.14928917,30178365958-1,blue_biotech,OCEANIC,O,sustainability_skill,sustainability,marine,,marine_ecological,sustainability,title+subject,title+subject,02c5fcc0a181426ab7e074f7a3791f1af40134c22ce55503890d21d60631f6cf,cumulative-db-semantic-v1,review_required,metadata_only_limitation
fragment:signal:6fd6e3205916e75460a415bee220ecf2507cd27e013c45d5cce28d62df010e6a:H3:c8ea3873bda6,H3,MARINE vs OCEANIC Differential Coverage,H3,signal:6fd6e3205916e75460a415bee220ecf2507cd27e013c45d5cce28d62df010e6a,evidence:doi:10.22495/jgrv15i2art7,30178365958-1,coastal_tourism,OCEANIC,O,social_science_skill,community,marine,,marine_ecological,community,title+subject,title+subject,f85adf75290ec0b365a5bb60b10d435c774377a45268628770b727d0bc4d201a,cumulative-db-semantic-v1,auto_accepted,metadata_only_limitation
fragment:signal:6fef85ed2a8a5334323ce7f1557881d836d8269cd75944606025a1663bdb486a:H3:d9f6aeefea98,H3,MARINE vs OCEANIC Differential Coverage,H3,signal:6fef85ed2a8a5334323ce7f1557881d836d8269cd75944606025a1663bdb486a,evidence:doi:10.1038/s41467-026-69081-0,30178365958-1,non_living_res,MARINE,M,learning_outcome_signal,ects,marine,,marine_ecological,ects,title+subject,title+subject,6637cb99c98090b50369bc003a6eb6dd9e1be989e8f41c0c9926cfab6bf993ca,cumulative-db-semantic-v1,review_required,metadata_only_limitation
fragment:signal:6ff1984d1ab62bd27934b44a98adabfd6f179c4ed3063e4dad42df93ab6c049f:H3:fd2d960aef2b,H3,MARINE vs OCEANIC Differential Coverage,H3,signal:6ff1984d1ab62bd27934b44a98adabfd6f179c4ed3063e4dad42df93ab6c049f,evidence:doi:10.1016/j.scitotenv.2024.173842,30178365958-1,living_res,OCEANIC,O,technical_skill,engineering,marine,,marine_ecological,engineering,title+subject,title+subject,a4b2e65c4e63d26aae97318d6e30f3fc30ab80544c629742efc8a5f16bc5a93c,cumulative-db-semantic-v1,review_required,metadata_only_limitation
fragment:signal:7013e65e786777ece95e9f3203e01c2b5605e94890b01a22ad19080029d0a291:H3:64362f501eb1,H3,MARINE vs OCEANIC Differential Coverage,H3,signal:7013e65e786777ece95e9f3203e01c2b5605e94890b01a22ad19080029d0a291,evidence:doi:10.11594/ijmaber.04.07.25,30178365958-1,non_living_res,MARINE,M,safety_risk_skill,safety,marine,,marine_ecological,safety,title+subject,title+subject,4ffafc501f2fbe3828306342fa94d40b8a613d5fcd69f2a4560b154f283a6cad,cumulative-db-semantic-v1,review_required,metadata_only_limitation
fragment:signal:7024c85f56ae66ed6c75bb136fde64d84f8397d02acd0ced50eaf86f81c0ecf6:H3:d029966aa4eb,H3,MARINE vs OCEANIC Differential Coverage,H3,signal:7024c85f56ae66ed6c75bb136fde64d84f8397d02acd0ced50eaf86f81c0ecf6,evidence:doi:10.3389/fmicb.2025.1682611,30178365958-1,blue_biotech,MARINE,M,technical_skill,engineering,marine,,marine_ecological,engineering,title+subject,title+subject,031f9ac394838f5d2d106b46b64a3fd1bbc8a0930c9cad94fdd7f3fc084a782e,cumulative-db-semantic-v1,review_required,metadata_only_limitation
fragment:signal:702a4101a732da90bd55a36f640151beb3248a76dd57e191bd7a69313aa2cb52:H3:2c28ff18dc89,H3,MARINE vs OCEANIC Differential Coverage,H3,signal:702a4101a732da90bd55a36f640151beb3248a76dd57e191bd7a69313aa2cb52,evidence:doi:10.1051/bioconf/202624503001/pdf,30178365958-1,living_res,MARINE,M,sustainability_skill,resilience,marine,,marine_ecological,resilience,title+subject,title+subject,4c19bd5790e6dd05bcf8d62338a70f37905cf2003000c728f818f649cd7b0b28,cumulative-db-semantic-v1,auto_accepted,metadata_only_limitation
fragment:signal:702c7e81102e23e59d1672b0d0d2e7d2fedcbd9cac8ed8d9d86388d333317a07:H3:7614f816b62b,H3,MARINE vs OCEANIC Differential Coverage,H3,signal:702c7e81102e23e59d1672b0d0d2e7d2fedcbd9cac8ed8d9d86388d333317a07,evidence:doi:10.1093/icesjms/fsag076,30178365958-1,non_living_res,MARINE,M,learning_outcome_signal,ects,marine,,marine_ecological,ects,title+subject,title+subject,3a5cfa611fd1477aa6cb3aa986a3656bcfc9d785680a20d1477070a7e93f11c2,cumulative-db-semantic-v1,review_required,metadata_only_limitation
fragment:signal:704eaf227c16042bf5dae91fd9eaddcbcea694c1e1b09df7b17e4a700df11810:H3:fb0b72435c00,H3,MARINE vs OCEANIC Differential Coverage,H3,signal:704eaf227c16042bf5dae91fd9eaddcbcea694c1e1b09df7b17e4a700df11810,evidence:doi:10.1007/s13437-026-00421-z,30178365958-1,coastal_tourism,OCEANIC,O,sustainability_skill,sustainability,marine,,marine_ecological,sustainability,title+subject,title+subject,c1ab6625ecf141f1e5c9e1382e23c25a46685b11129a1f69d399c3029d3564cb,cumulative-db-semantic-v1,auto_accepted,metadata_only_limitation
fragment:signal:709828271636ecdaddcaf4d92505863b22128bc48005f174443c0e4ecb9ff74e:H3:013490119bb4,H3,MARINE vs OCEANIC Differential Coverage,H3,signal:709828271636ecdaddcaf4d92505863b22128bc48005f174443c0e4ecb9ff74e,evidence:doi:10.21079/11681/50315,30178365958-1,living_res,MARINE,M,sustainability_skill,climate,marine,,marine_ecological,climate,title+subject,title+subject,2a74a359a8b6745833e73b2f8f9c9e34cd064a206dd1adc431dac59b10d2d19c,cumulative-db-semantic-v1,review_required,metadata_only_limitation
fragment:signal:70bfb3c8330b1da81b2a99d38669242b0facfe8d4558e6005283d7ff0327c98b:H3:5894c8ca8387,H3,MARINE vs OCEANIC Differential Coverage,H3,signal:70bfb3c8330b1da81b2a99d38669242b0facfe8d4558e6005283d7ff0327c98b,evidence:doi:10.1163/9789004391567_013,30178365958-1,blue_biotech,MARINE,M,policy_regulation_skill,legal,marine,,marine_ecological,legal,title,title,46d8a95a2e1ea6f6aa670f869309ae57a4f60aee6cfe605501dff8c060653ee7,cumulative-db-semantic-v1,review_required,metadata_only_limitation
fragment:signal:70ebf7f746db1d900cc2c47bd5f20ab884a09939bc003a5b6bb82f99c8f2e0c1:H3:29d5cb489529,H3,MARINE vs OCEANIC Differential Coverage,H3,signal:70ebf7f746db1d900cc2c47bd5f20ab884a09939bc003a5b6bb82f99c8f2e0c1,evidence:doi:10.1016/j.watres.2026.126488,30178365958-1,living_res,OCEANIC,O,policy_regulation_skill,regulation,marine,,marine_ecological,regulation,title,title,89a5295543bd67956e45bafdb9a62e12060ab48fa0e05fbe77e0669f91962db1,cumulative-db-semantic-v1,review_required,metadata_only_limitation
fragment:signal:710a05f2c176a321d6825086f5f9cec3219ccd233afdb6dcc91a685c42384bb8:H3:7ab4339f583a,H3,MARINE vs OCEANIC Differential Coverage,H3,signal:710a05f2c176a321d6825086f5f9cec3219ccd233afdb6dcc91a685c42384bb8,evidence:doi:10.3389/fmars.2026.1907032,30178365958-1,living_res,MARINE,M,policy_regulation_skill,law,marine,,marine_ecological,law,title+subject,title+subject,6f4da8174f01157528e6365aec1064a7c23bb02fa2d4d1ccd5a66c8df6bd128c,cumulative-db-semantic-v1,review_required,metadata_only_limitation
fragment:signal:716fdd414cb27fda56c9f4120d63f8ca49b04c3d9ba54cf94f8de4f4097463a7:H3:534f0d2a459f,H3,MARINE vs OCEANIC Differential Coverage,H3,signal:716fdd414cb27fda56c9f4120d63f8ca49b04c3d9ba54cf94f8de4f4097463a7,evidence:doi:10.64403/a58mpr23,30178365958-1,coastal_tourism,OCEANIC,O,sustainability_skill,sustainability,marine,,marine_ecological,sustainability,title+subject,title+subject,b15dea944e32911b416adfc6b81f5127b36cc432a92affd45cff9cdcdd47295a,cumulative-db-semantic-v1,review_required,metadata_only_limitation
fragment:signal:71d0734a14789cdaf36fcc4c825248da7ce8b15dc54c012500df161d4d26b861:H3:5d40154fee98,H3,MARINE vs OCEANIC Differential Coverage,H3,signal:71d0734a14789cdaf36fcc4c825248da7ce8b15dc54c012500df161d4d26b861,evidence:doi:10.3390/su18126186,30178365958-1,r_i,OCEANIC,O,education_training_signal,curriculum,ecological,,marine_ecological,curriculum,title+subject,title+subject,b9122b6cde5c7d1a28915de8fdfefd59ea4ca8fd22c2fec5b08710179511328e,cumulative-db-semantic-v1,auto_accepted,metadata_only_limitation
fragment:signal:72889b1cc4db26ad4eca6699775c323cc4866cb4bc0311975b4eae489198bb52:H3:ab397417ff1c,H3,MARINE vs OCEANIC Differential Coverage,H3,signal:72889b1cc4db26ad4eca6699775c323cc4866cb4bc0311975b4eae489198bb52,evidence:doi:10.1007/978-981-95-2668-0_7,30178365958-1,renewable_energy,OCEANIC,O,technical_skill,engineering,marine,,marine_ecological,engineering,title+subject,title+subject,2c45305efe920440742ad27d268ebc254feb23fa5f8152a696428dd39944d411,cumulative-db-semantic-v1,review_required,metadata_only_limitation
fragment:signal:72ca4c360c01eb2dc61f75c47f4ab7d80565653d71cc87e4b2c67d2f45fcffbd:H3:ca984d84e73e,H3,MARINE vs OCEANIC Differential Coverage,H3,signal:72ca4c360c01eb2dc61f75c47f4ab7d80565653d71cc87e4b2c67d2f45fcffbd,evidence:doi:10.25123/vej.v12i1.9804,30178365958-1,coastal_tourism,OCEANIC,O,sustainability_skill,sustainability,marine,,marine_ecological,sustainability,title+subject,title+subject,144c5910b708d4edbc0093ed4fefb96a9c6d830cad99a8413bae7c4c71622641,cumulative-db-semantic-v1,review_required,metadata_only_limitation
fragment:signal:72d95056322e05ecfa61d7af9f9e539a2cb10fdb5d7ec2b734629c487b33c4b7:H3:a31247cae171,H3,MARINE vs OCEANIC Differential Coverage,H3,signal:72d95056322e05ecfa61d7af9f9e539a2cb10fdb5d7ec2b734629c487b33c4b7,evidence:doi:10.1038/s44458-026-00117-8,30178365958-1,living_res,MARINE,M,sustainability_skill,sustainability,marine,,marine_ecological,sustainability,title+subject,title+subject,9e7249032b31e147430941b61725cc2746a0b74e8e9b716a5c445bd163324994,cumulative-db-semantic-v1,review_required,metadata_only_limitation
fragment:signal:730e99866cb701688e939f806a75fb91421c412fdeefac09c9c7ce1993591495:H3:21040ac323e8,H3,MARINE vs OCEANIC Differential Coverage,H3,signal:730e99866cb701688e939f806a75fb91421c412fdeefac09c9c7ce1993591495,evidence:doi:10.3390/foods14152555,30178365958-1,blue_biotech,MARINE,M,technical_skill,engineering,marine,,marine_ecological,engineering,title+subject,title+subject,38992c218a21498399e143a9a85c7b3f0c1123452b81a24f019e6f1ef23d00cf,cumulative-db-semantic-v1,review_required,metadata_only_limitation
fragment:signal:7312737bb1e67021a89a76896a74057b06f6560735087832d9a5ee34badbe81a:H3:c523b7af29d8,H3,MARINE vs OCEANIC Differential Coverage,H3,signal:7312737bb1e67021a89a76896a74057b06f6560735087832d9a5ee34badbe81a,evidence:doi:10.1016/j.marpol.2022.105300,30178365958-1,living_res,MARINE,M,safety_risk_skill,risk,marine,,marine_ecological,risk,title,title,86f13f71c0410f7ab9f2452155c59d69f9e4682c6aa9551ca1b5b98717058ddb,cumulative-db-semantic-v1,review_required,metadata_only_limitation
fragment:signal:73345e72119d967fe1b1030048ff58e5d236da0d79c72a98e022a88bfcb834db:H3:4dd5dff97234,H3,MARINE vs OCEANIC Differential Coverage,H3,signal:73345e72119d967fe1b1030048ff58e5d236da0d79c72a98e022a88bfcb834db,evidence:doi:10.1097/mop.0000000000001442,30178365958-1,blue_biotech,OCEANIC,O,learning_outcome_signal,ects,planetary,,oceanic_planetary,ects,title+subject,title+subject,a04373435f3140fd2cd9dab44d34400f60e2aa479dc60ac0fb76ad998aa09923,cumulative-db-semantic-v1,review_required,metadata_only_limitation
fragment:signal:733e9c27dd5558ff68679b6a5da306cc76972792ed29fd480d6c1dd532b99636:H3:de6b3f1f4eb3,H3,MARINE vs OCEANIC Differential Coverage,H3,signal:733e9c27dd5558ff68679b6a5da306cc76972792ed29fd480d6c1dd532b99636,evidence:doi:10.5821/dissertation-2117-460960,30178365958-1,renewable_energy,OCEANIC,O,sustainability_skill,climate,marine,,marine_ecological,climate,title+subject,title+subject,fe1e06544ed61364bce9b573a39729b613753142b844ef20a00ea1ce5b575014,cumulative-db-semantic-v1,auto_accepted,metadata_only_limitation
fragment:signal:736846768fc946f7f064fc5f7866e77e9543d5d38a02f5506c25ef91694b8a7b:H3:7557dd410c8e,H3,MARINE vs OCEANIC Differential Coverage,H3,signal:736846768fc946f7f064fc5f7866e77e9543d5d38a02f5506c25ef91694b8a7b,evidence:doi:10.1186/s41072-026-00245-3,30178365958-1,coastal_tourism,OCEANIC,O,governance_skill,governance,marine,,marine_ecological,governance,title+subject,title+subject,bc9db1cdfa9658b53275323ee07433a72a1ffa177cb4441a3bbf151e1f364d5c,cumulative-db-semantic-v1,review_required,metadata_only_limitation
fragment:signal:7398f3decde2a21a2e47b53cb2c9e9bb9280a8ff6ede4f496bce6633cfc414e2:H3:50a066d04b68,H3,MARINE vs OCEANIC Differential Coverage,H3,signal:7398f3decde2a21a2e47b53cb2c9e9bb9280a8ff6ede4f496bce6633cfc414e2,evidence:doi:10.1016/j.matcom.2026.07.015,30178365958-1,living_res,MARINE,M,technical_skill,engineering,marine,,marine_ecological,engineering,title+subject,title+subject,a61d0778bda5d7da19a124a187f2b5b31821585d09dbdf8c05618d02531603d6,cumulative-db-semantic-v1,review_required,metadata_only_limitation
fragment:signal:73aa666edec091545e2144519ff294fc684b0e901f79476324c888d3fc70ab30:H3:f7d7c219cc42,H3,MARINE vs OCEANIC Differential Coverage,H3,signal:73aa666edec091545e2144519ff294fc684b0e901f79476324c888d3fc70ab30,evidence:doi:10.21203/rs.3.rs-9317748/v1,30178365958-1,coastal_tourism,OCEANIC,O,governance_skill,governance,marine,,marine_ecological,governance,title+subject,title+subject,9a06fd2452829fd661a2c6be0b3c3beffc68a37dc1c7978a56b59a06405ecf74,cumulative-db-semantic-v1,auto_accepted,metadata_only_limitation
fragment:signal:73b83a92b66967337f206b28ce8a237d013a4892c3044f083c622336b92d6e96:H3:bd8a9895f210,H3,MARINE vs OCEANIC Differential Coverage,H3,signal:73b83a92b66967337f206b28ce8a237d013a4892c3044f083c622336b92d6e96,evidence:doi:10.20944/preprints202602.1245.v1,30178365958-1,blue_biotech,MARINE,M,sustainability_skill,sustainability,ecological,,marine_ecological,sustainability,title+subject,title+subject,667189f19f0a6013a8415f0e8222eb3abf64b29f748c69f50d85651f0052cd5d,cumulative-db-semantic-v1,review_required,metadata_only_limitation
fragment:signal:73c73f66d2e129c46b42ba1c3ce018af7ca8c21b7050e8920d78e89408323d8f:H3:23f062508881,H3,MARINE vs OCEANIC Differential Coverage,H3,signal:73c73f66d2e129c46b42ba1c3ce018af7ca8c21b7050e8920d78e89408323d8f,evidence:doi:10.53376/ap.2026.03,30178365958-1,renewable_energy,OCEANIC,O,policy_regulation_skill,law,marine,,marine_ecological,law,title+subject,title+subject,58251cce8c8f4676290a237a6445775ec2f4bf04a0251ac7cbdac56ec8382353,cumulative-db-semantic-v1,review_required,metadata_only_limitation
fragment:signal:73cef07787fff1ca0422220199a302e3c308a6110fcd75cff5b208b634ec91f4:H1:50d62d8f076a,H1,Maritimisation Shift,H1,signal:73cef07787fff1ca0422220199a302e3c308a6110fcd75cff5b208b634ec91f4,evidence:doi:10.3390/hydrogen7010036,30178365958-1,ship_repair,MARITIME,T,policy_regulation_skill,regulatory,techno-economic,,maritime_dominance,regulatory,title+subject,title+subject,5f17c4527b6195f0f587d4bc90ed29cd52ddfdefcad8981fbe1b663b998b2ed2,cumulative-db-semantic-v1,review_required,metadata_only_limitation
fragment:signal:7402444c84af94876eece1cc99502277864f6aa347765bb83049badbf806e472:H3:f4157721c9bc,H3,MARINE vs OCEANIC Differential Coverage,H3,signal:7402444c84af94876eece1cc99502277864f6aa347765bb83049badbf806e472,evidence:doi:10.59711/jims.12.110020,30178365958-1,non_living_res,MARINE,M,policy_regulation_skill,law,marine,,marine_ecological,law,title+subject,title+subject,98abf8ec43b5670bdf0d410abe0b93cffcc9a7029b70ef0bd43c706d30c41dfe,cumulative-db-semantic-v1,review_required,metadata_only_limitation
fragment:signal:741f8015cfa13ae21babe76b9fee4768846728614186dc76a7d4798d24bd8d20:H3:94d5bd3050ec,H3,MARINE vs OCEANIC Differential Coverage,H3,signal:741f8015cfa13ae21babe76b9fee4768846728614186dc76a7d4798d24bd8d20,evidence:doi:10.1016/j.cemconcomp.2026.106690,30178365958-1,living_res,OCEANIC,O,sustainability_skill,sustainable,marine,,marine_ecological,sustainable,title,title,82229ae370b53a00863e85104e6fa5c484a7b27956a13c675f9b0a01650b61a5,cumulative-db-semantic-v1,review_required,metadata_only_limitation
fragment:signal:743950b4ed13aad6ce32913acdd979451f6aa74ab0fd3a1685bf720b62775209:H3:0dab6a269a7f,H3,MARINE vs OCEANIC Differential Coverage,H3,signal:743950b4ed13aad6ce32913acdd979451f6aa74ab0fd3a1685bf720b62775209,evidence:doi:10.33019/ijbe.v9i4.1100,30178365958-1,living_res,OCEANIC,O,safety_risk_skill,safety,marine,,marine_ecological,safety,title+subject,title+subject,abb79d6ff324e62f7a9f8b0855bcf4ba32e13619adedef031ca2a61c0002ec1b,cumulative-db-semantic-v1,auto_accepted,metadata_only_limitation
fragment:signal:743d551e9ee0870d89db917955144ba8bcd49226bd2b7c596c4ff998654d5041:H3:670b7740f9a5,H3,MARINE vs OCEANIC Differential Coverage,H3,signal:743d551e9ee0870d89db917955144ba8bcd49226bd2b7c596c4ff998654d5041,evidence:doi:10.3389/fmars.2026.1817479,30178365958-1,coastal_tourism,OCEANIC,O,technical_skill,technology,marine,,marine_ecological,technology,title+subject,title+subject,f9f95dc9b9fa5a2f6d8d935cbb1dd119343e8601aa8981bb539a3d89a10489f7,cumulative-db-semantic-v1,review_required,metadata_only_limitation
fragment:signal:7448563ed9495b1c18bf3169a475c9864d8551cd0ca7552861a374d81965d532:H3:7fb61b45b274,H3,MARINE vs OCEANIC Differential Coverage,H3,signal:7448563ed9495b1c18bf3169a475c9864d8551cd0ca7552861a374d81965d532,evidence:doi:10.12688/f1000research.179511.1,30178365958-1,maritime_defence,OCEANIC,O,sustainability_skill,resilience,marine,,marine_ecological,resilience,title+subject,title+subject,0cfb5752fd7a6c24e6b14e4f206ca48160fcca0c9db3ee66a989f56b1e5e4a50,cumulative-db-semantic-v1,auto_accepted,metadata_only_limitation
fragment:signal:744a0a350acf3d0435c086e04985246f55e42633432efefe1e88163457b65ae5:H3:a77093c308d2,H3,MARINE vs OCEANIC Differential Coverage,H3,signal:744a0a350acf3d0435c086e04985246f55e42633432efefe1e88163457b65ae5,evidence:doi:10.1002/wfp2.70026,30178365958-1,living_res,MARINE,M,sustainability_skill,sustainability,marine,,marine_ecological,sustainability,title+subject,title+subject,b69a9625adb868aa2243d04011c12186f22f834152becb8e2d99592bbd3e95ea,cumulative-db-semantic-v1,review_required,metadata_only_limitation
fragment:signal:749a9a780d30bc2b9d500a4366e412337beac3f4b82827ab13e799cbb0a43ee3:H3:eccada3c5543,H3,MARINE vs OCEANIC Differential Coverage,H3,signal:749a9a780d30bc2b9d500a4366e412337beac3f4b82827ab13e799cbb0a43ee3,evidence:doi:10.1017/s0954102026100728,30178365958-1,coastal_tourism,OCEANIC,O,workforce_skill,workforce,marine,,marine_ecological,workforce,title+subject,title+subject,1e522186cbc90eba4eff4607a12952d78a230c72f5cd2f1664add0c0ae9882b2,cumulative-db-semantic-v1,review_required,metadata_only_limitation
fragment:signal:74acb16a3c75149a7061132a57ed8a3360daf0e98a81486f066b9c5ea75cb885:H3:49378bf613cd,H3,MARINE vs OCEANIC Differential Coverage,H3,signal:74acb16a3c75149a7061132a57ed8a3360daf0e98a81486f066b9c5ea75cb885,evidence:doi:10.61538/ardj.v8i2.2026,30178365958-1,coastal_tourism,OCEANIC,O,sustainability_skill,sustainability,marine,,marine_ecological,sustainability,title+subject,title+subject,ce2ff16244889f595786d5f9dba7005bb86636fe7c5e63c1ca3ee0f565b1e5e9,cumulative-db-semantic-v1,review_required,metadata_only_limitation
fragment:signal:74b61497d6cd76a8d85772b25bc27e5d30c16ea9ca8eae70f392cad28c622c33:H3:9e3ef7ae0194,H3,MARINE vs OCEANIC Differential Coverage,H3,signal:74b61497d6cd76a8d85772b25bc27e5d30c16ea9ca8eae70f392cad28c622c33,evidence:doi:10.71284/jmtpr.2026713,30178365958-1,coastal_tourism,OCEANIC,O,learning_outcome_signal,ects,marine,,marine_ecological,ects,title+subject,title+subject,4fea695578312358ff090d232f472855d981200664c801e622654c9f6bc7f70d,cumulative-db-semantic-v1,review_required,metadata_only_limitation
fragment:signal:74c11341add28449ca578a67fc90b1ea236a212824f48467eff82bb5fcc43144:H3:88494869e322,H3,MARINE vs OCEANIC Differential Coverage,H3,signal:74c11341add28449ca578a67fc90b1ea236a212824f48467eff82bb5fcc43144,evidence:doi:10.23887/jish.v15i1.107266,30178365958-1,coastal_tourism,OCEANIC,O,governance_skill,governance,marine,,marine_ecological,governance,title+subject,title+subject,87ef48a790930b51a9e15c291eaa9c0d3c4414ab197f368afa1c0463bdf908ae,cumulative-db-semantic-v1,review_required,metadata_only_limitation
fragment:signal:74de533cb912ffb8ca9dc1b88e07927c37b0a37ba0f321c8fe96790c0c31dece:H3:d2f4abf0f496,H3,MARINE vs OCEANIC Differential Coverage,H3,signal:74de533cb912ffb8ca9dc1b88e07927c37b0a37ba0f321c8fe96790c0c31dece,evidence:doi:10.3897/arphapreprints.e197291,30178365958-1,living_res,MARINE,M,governance_skill,policy,marine,,marine_ecological,policy,title+subject,title+subject,fa50ba0644a7c74aa78d15afad8c95e32fc55fe1ec8908bbbc984659e3f729e5,cumulative-db-semantic-v1,review_required,metadata_only_limitation
fragment:signal:750d464c23adf756ecc5edfcf7d44c8b5d701486dfadbf75ebc02dff2fd4a551:H3:27c001a2f108,H3,MARINE vs OCEANIC Differential Coverage,H3,signal:750d464c23adf756ecc5edfcf7d44c8b5d701486dfadbf75ebc02dff2fd4a551,evidence:doi:10.1007/s44327-026-00185-4,30178365958-1,renewable_energy,OCEANIC,O,learning_outcome_signal,ects,marine,,marine_ecological,ects,title+subject,title+subject,c482bde1be97ffa6945f3ffea07845fdd6f3d02879b09ef35f11bfacca9da331,cumulative-db-semantic-v1,review_required,metadata_only_limitation
fragment:signal:7539ddaa73271e01a7251287851c4c5e3c89d363f8e7d1b022df83d58f13769d:H3:c92b5ddf9752,H3,MARINE vs OCEANIC Differential Coverage,H3,signal:7539ddaa73271e01a7251287851c4c5e3c89d363f8e7d1b022df83d58f13769d,evidence:doi:10.22541/essoar.176401886.60047293/v1,30178365958-1,non_living_res,MARINE,M,sustainability_skill,climate,marine,,marine_ecological,climate,title+subject,title+subject,1ace4f860b2158420114de3649014add5a68174c99595894b78aef8c37b63dcf,cumulative-db-semantic-v1,auto_accepted,metadata_only_limitation
fragment:signal:755294e31459c247eb394ad7790ce448562978fa9389695a6fc0878dc5947bf1:H3:c166c5e455fe,H3,MARINE vs OCEANIC Differential Coverage,H3,signal:755294e31459c247eb394ad7790ce448562978fa9389695a6fc0878dc5947bf1,evidence:doi:10.1007/978-981-95-2782-3_14,30178365958-1,living_res,MARINE,M,technical_skill,engineering,marine,,marine_ecological,engineering,title+subject,title+subject,374c79336f9ab2135c5e85b9a02eae6ccd0aa8f63355d2ba36fdfe2a89ebb05e,cumulative-db-semantic-v1,review_required,metadata_only_limitation
fragment:signal:756ecfe2834900464764d9a8bf7468565949ed4ea9ffc7dde7f8b28b895257da:H3:776dbc5f146b,H3,MARINE vs OCEANIC Differential Coverage,H3,signal:756ecfe2834900464764d9a8bf7468565949ed4ea9ffc7dde7f8b28b895257da,evidence:doi:10.1007/s11273-026-10123-1,30178365958-1,coastal_tourism,OCEANIC,O,sustainability_skill,climate,marine,,marine_ecological,climate,title+subject,title+subject,6aa2f39e19bc0cbe31f090ef4eea1f20a051975ef8fd9533582e4ce7a5ce475e,cumulative-db-semantic-v1,review_required,metadata_only_limitation
fragment:signal:75dd60429e59f3e4a49440ac398b608a5e5a707e019f012175d93ffbb1aa2845:H3:95873cd3f9bd,H3,MARINE vs OCEANIC Differential Coverage,H3,signal:75dd60429e59f3e4a49440ac398b608a5e5a707e019f012175d93ffbb1aa2845,evidence:doi:10.1007/s10811-026-03885-x,30178365958-1,living_res,MARINE,M,safety_risk_skill,risk,marine,,marine_ecological,risk,title+subject,title+subject,d17aec2be46c5792b6d11605e602fccf564c4b27cb4580f8be9799f60cf7d261,cumulative-db-semantic-v1,review_required,metadata_only_limitation
fragment:signal:75ed90d1d816a05d22dedb2c9ccd763437da8a5bc202ed739a9dfa3f2a02a246:H3:fc147c02a9e5,H3,MARINE vs OCEANIC Differential Coverage,H3,signal:75ed90d1d816a05d22dedb2c9ccd763437da8a5bc202ed739a9dfa3f2a02a246,evidence:doi:10.3389/focsu.2025.1743635,30178365958-1,living_res,MARINE,M,governance_skill,governance,marine,,marine_ecological,governance,title+subject,title+subject,d13fcd824e666eef614befcf9362d3b6ab294ed5a494a106f421fdb1c0f74937,cumulative-db-semantic-v1,auto_accepted,metadata_only_limitation
fragment:signal:765e73c4980ff505a44a71f45faa45c0df9350680ec42ec3ce1ec33e3c691ff1:H3:dcff955ed27a,H3,MARINE vs OCEANIC Differential Coverage,H3,signal:765e73c4980ff505a44a71f45faa45c0df9350680ec42ec3ce1ec33e3c691ff1,evidence:doi:10.5281/zenodo.20728590,30178365958-1,blue_biotech,MARINE,M,policy_regulation_skill,law,marine,,marine_ecological,law,title+subject,title+subject,1b3a7ba076a40a7160aaf67343571e31ebecf3d2d8342d45d10cb966e3260b85,cumulative-db-semantic-v1,review_required,metadata_only_limitation
fragment:signal:76d0f09460a8f5a3c227ff3168798f51b2cbfc50165a8e64e127034415f56598:H3:f67135e01e73,H3,MARINE vs OCEANIC Differential Coverage,H3,signal:76d0f09460a8f5a3c227ff3168798f51b2cbfc50165a8e64e127034415f56598,evidence:doi:10.22429/euc2026.jmr23.1.35,30178365958-1,maritime_defence,OCEANIC,O,technical_skill,technology,marine,,marine_ecological,technology,title+subject,title+subject,5c5f88eded36ae4632f99be3994ab94faf5f0caa8c33f5c0551e60405e9bb712,cumulative-db-semantic-v1,review_required,metadata_only_limitation
fragment:signal:77024fef9944f7155640de7a6e79c7f1b3912d710ff61ce8c056e4a0f3d2ea22:H3:ce3cb3387aa7,H3,MARINE vs OCEANIC Differential Coverage,H3,signal:77024fef9944f7155640de7a6e79c7f1b3912d710ff61ce8c056e4a0f3d2ea22,evidence:doi:10.3390/su172210136,30178365958-1,living_res,OCEANIC,O,governance_skill,governance,marine,,marine_ecological,governance,title+subject,title+subject,63a15f4ed44f6aaa9e211ed86b20d3a3f77101427f9e396ec81e18ac76030437,cumulative-db-semantic-v1,review_required,metadata_only_limitation
fragment:signal:7703ecd6ff887acf4426447f60ec8e13fdc325632fca81b3e22e1432c52c838d:H3:24b2face62a4,H3,MARINE vs OCEANIC Differential Coverage,H3,signal:7703ecd6ff887acf4426447f60ec8e13fdc325632fca81b3e22e1432c52c838d,evidence:doi:10.61538/ardj.v8i2.2026,30178365958-1,coastal_tourism,OCEANIC,O,technical_skill,operations,marine,,marine_ecological,operations,title+subject,title+subject,ce2ff16244889f595786d5f9dba7005bb86636fe7c5e63c1ca3ee0f565b1e5e9,cumulative-db-semantic-v1,review_required,metadata_only_limitation
fragment:signal:773128a64c43139e7b856e8e7292a4fd15f5b495a81261121dea96ac5c150ea1:H3:3ad6252ad79a,H3,MARINE vs OCEANIC Differential Coverage,H3,signal:773128a64c43139e7b856e8e7292a4fd15f5b495a81261121dea96ac5c150ea1,evidence:doi:10.1007/s44327-026-00185-4,30178365958-1,renewable_energy,OCEANIC,O,governance_skill,stakeholder,marine,,marine_ecological,stakeholder,title+subject,title+subject,c482bde1be97ffa6945f3ffea07845fdd6f3d02879b09ef35f11bfacca9da331,cumulative-db-semantic-v1,review_required,metadata_only_limitation
fragment:signal:775b7419df7f37cb53af6bd5fb76c1ef4e012cc3188d20b86a51ac34e48bd132:H3:14158e5ce9ff,H3,MARINE vs OCEANIC Differential Coverage,H3,signal:775b7419df7f37cb53af6bd5fb76c1ef4e012cc3188d20b86a51ac34e48bd132,evidence:doi:10.3389/frsus.2026.1766022,30178365958-1,blue_biotech,MARINE,M,governance_skill,governance,ecological,,marine_ecological,governance,title+subject,title+subject,400bf847a8eaef87540e2770d131902ba0e5554162a4d5aa62999586e336a5cc,cumulative-db-semantic-v1,review_required,metadata_only_limitation
fragment:signal:778a398efb95cf4d5bc0b30aeaf0add01fb4d2d4848319b312b4fea2574c8214:H3:0561394c205d,H3,MARINE vs OCEANIC Differential Coverage,H3,signal:778a398efb95cf4d5bc0b30aeaf0add01fb4d2d4848319b312b4fea2574c8214,evidence:doi:10.3389/fmars.2025.1683372,30178365958-1,ship_repair,OCEANIC,O,sustainability_skill,sustainability,marine,,marine_ecological,sustainability,title+subject,title+subject,ff363eb4eb0dc533526cc8be3a67cd562526532f42c406d092e1ae54372fe115,cumulative-db-semantic-v1,review_required,metadata_only_limitation
fragment:signal:7790350b6907aff8320599a6c3aaca7252726b3d95c6ce932f3b6d1f0e3e930f:H3:6b31af6433d7,H3,MARINE vs OCEANIC Differential Coverage,H3,signal:7790350b6907aff8320599a6c3aaca7252726b3d95c6ce932f3b6d1f0e3e930f,evidence:doi:10.3389/focsu.2026.1767068,30178365958-1,living_res,MARINE,M,digital_skill,digital,marine,,marine_ecological,digital,title+subject,title+subject,20bafdef7ec4aa130e92dbb986d8915efbc2d62a7c0f3aa02e3db743fd5a27d7,cumulative-db-semantic-v1,review_required,metadata_only_limitation
fragment:signal:77a795e1f3d0f0f0abc0badd93fe4ab9a5d533e3ab9dcef3a3fdabdf82b4abbb:H3:6118064c565f,H3,MARINE vs OCEANIC Differential Coverage,H3,signal:77a795e1f3d0f0f0abc0badd93fe4ab9a5d533e3ab9dcef3a3fdabdf82b4abbb,evidence:doi:10.3390/toxics14070552,30178365958-1,non_living_res,MARINE,M,safety_risk_skill,risk,ecological,,marine_ecological,risk,title+subject,title+subject,45a6a378560a7ca30d9a99503f3b1dae4d7b95ec5b4b5d4aaa51885005975728,cumulative-db-semantic-v1,review_required,metadata_only_limitation
fragment:signal:77d2589390e3b47b52c8ca61c9120374223d494e15cff96e6a3de02a3b1df794:H3:27ffa3eb1001,H3,MARINE vs OCEANIC Differential Coverage,H3,signal:77d2589390e3b47b52c8ca61c9120374223d494e15cff96e6a3de02a3b1df794,evidence:doi:10.3389/fmars.2026.1833479,30178365958-1,blue_biotech,MARINE,M,sustainability_skill,sustainable,marine,,marine_ecological,sustainable,title,title,9820287aa3055f9b3f13e68bfd0a69ee6530f34ac9a59694c58ca9e76808fe29,cumulative-db-semantic-v1,review_required,metadata_only_limitation
fragment:signal:77ff7be75980bab0cee8a66040174d7c5149e5543634f8bb67d0023c21175b34:H3:ef893f686d52,H3,MARINE vs OCEANIC Differential Coverage,H3,signal:77ff7be75980bab0cee8a66040174d7c5149e5543634f8bb67d0023c21175b34,evidence:doi:10.1057/978-1-349-96110-8_548,30178365958-1,living_res,MARINE,M,policy_regulation_skill,law,marine,,marine_ecological,law,title+subject,title+subject,e71ead02d717f4d985686d1cc37538e89fb5cfca32c69da296f5791299f0e783,cumulative-db-semantic-v1,review_required,metadata_only_limitation
fragment:signal:7807ceefef0525180ed66fa25b3610a639335245013bdef7d31632f7d335cefc:H3:5db26106fef8,H3,MARINE vs OCEANIC Differential Coverage,H3,signal:7807ceefef0525180ed66fa25b3610a639335245013bdef7d31632f7d335cefc,evidence:doi:10.71222/za237024,30178365958-1,coastal_tourism,OCEANIC,O,policy_regulation_skill,legal,marine,,marine_ecological,legal,title+subject,title+subject,063921fb3ca24aa60a75dde03a52165e7c7827bdf374f7d1b57e2d560d7eaffa,cumulative-db-semantic-v1,review_required,metadata_only_limitation
fragment:signal:7829c6e0a22177972d7a5e427c7c81b70bb4dc47c3d33cd03204386e5e331bcf:H3:528602272655,H3,MARINE vs OCEANIC Differential Coverage,H3,signal:7829c6e0a22177972d7a5e427c7c81b70bb4dc47c3d33cd03204386e5e331bcf,evidence:doi:10.46830/wriwp.22.00157,30178365958-1,non_living_res,MARINE,M,technical_skill,engineering,marine,,marine_ecological,engineering,title+subject,title+subject,ebe4c0664804e499991f9b90e874090a54d5eea734a6dba820000a56ac305e68,cumulative-db-semantic-v1,review_required,metadata_only_limitation
fragment:signal:784434bdb10b2493d9815d0ab9c98e33f6e237245e5cad06dd4369ac0e65a095:H3:0c7b18ba5b3c,H3,MARINE vs OCEANIC Differential Coverage,H3,signal:784434bdb10b2493d9815d0ab9c98e33f6e237245e5cad06dd4369ac0e65a095,evidence:doi:10.1038/s44183-025-00132-7,30178365958-1,blue_biotech,OCEANIC,O,governance_skill,policy,marine,,marine_ecological,policy,title+subject,title+subject,3463fc4d9f171dcb02efe74b6b51ca9371e90b3779416d69fc3aa7146f9955f0,cumulative-db-semantic-v1,review_required,metadata_only_limitation
fragment:signal:7871fbe53c5abf9fe743c789acb081bd5a8dfe81ce6cbe5febeb3538c3bcda31:H3:0d50e830b095,H3,MARINE vs OCEANIC Differential Coverage,H3,signal:7871fbe53c5abf9fe743c789acb081bd5a8dfe81ce6cbe5febeb3538c3bcda31,evidence:doi:10.70558/spijsh.2026.v3.i6.45796,30178365958-1,living_res,MARINE,M,sustainability_skill,sustainable,marine,,marine_ecological,sustainable,title+subject,title+subject,576f989fcd7c22dfa73dfd6636aec422c7ec9cd774b45c8523266356e0ce0df3,cumulative-db-semantic-v1,auto_accepted,metadata_only_limitation
fragment:signal:789e5a46f93b981824dd4c580365c4cdd642a465ec6fa795489f9310907dba37:H3:a6471f423342,H3,MARINE vs OCEANIC Differential Coverage,H3,signal:789e5a46f93b981824dd4c580365c4cdd642a465ec6fa795489f9310907dba37,evidence:doi:10.56028/aetr.15.1.2167.2025,30178365958-1,non_living_res,MARINE,M,education_training_signal,education,marine,,marine_ecological,education,title+subject,title+subject,d418f45ccf73dde492ff79efa2a33ddf2ab6e15ab0e4d3c165eb8f404468d1d6,cumulative-db-semantic-v1,review_required,metadata_only_limitation
fragment:signal:78a960eb7e2e2cf7618b155bdce51966f20b016adfe8d17483b59f98c2e44f42:H3:19cf79ced9f9,H3,MARINE vs OCEANIC Differential Coverage,H3,signal:78a960eb7e2e2cf7618b155bdce51966f20b016adfe8d17483b59f98c2e44f42,evidence:doi:10.1111/anti.70146,30178365958-1,living_res,OCEANIC,O,sustainability_skill,sustainability,marine,,marine_ecological,sustainability,title+subject,title+subject,1f7b6d8e7550b025cd3dba3e68f20f569592c8a435593f1808441acadaca86cc,cumulative-db-semantic-v1,auto_accepted,metadata_only_limitation
fragment:signal:78b70cbd4d654b4159dd20fd94534c3e11f84a385e011f4f6536e6545e1ec410:H3:454dac35aad5,H3,MARINE vs OCEANIC Differential Coverage,H3,signal:78b70cbd4d654b4159dd20fd94534c3e11f84a385e011f4f6536e6545e1ec410,evidence:doi:10.3389/fmars.2026.1761703,30178365958-1,renewable_energy,OCEANIC,O,governance_skill,governance,marine,,marine_ecological,governance,title+subject,title+subject,f9e37fd4562cd03aa374ed1cdd32c69522518757c070bc2fe1d8a9875db4896b,cumulative-db-semantic-v1,review_required,metadata_only_limitation
fragment:signal:78f59806296310469bd77360ed7da735d35565effb771015f9d684148a6918db:H3:3a3251a16468,H3,MARINE vs OCEANIC Differential Coverage,H3,signal:78f59806296310469bd77360ed7da735d35565effb771015f9d684148a6918db,evidence:doi:10.47963/ucclj.v5i1.2059,30178365958-1,non_living_res,MARINE,M,technical_skill,engineering,marine,,marine_ecological,engineering,title+subject,title+subject,9c82084d89d01c9193bca956aaf16a269c91b64d878a6c3c76132bf1011e30df,cumulative-db-semantic-v1,review_required,metadata_only_limitation
fragment:signal:797f569f0ce0ea5b9b89b40809889fccf7147d902181dfb4d26e1f251a769a00:H3:3ab3df6d1bb2,H3,MARINE vs OCEANIC Differential Coverage,H3,signal:797f569f0ce0ea5b9b89b40809889fccf7147d902181dfb4d26e1f251a769a00,evidence:doi:10.1080/13642987.2026.2642180,30178365958-1,maritime_defence,OCEANIC,O,governance_skill,policy,marine,,marine_ecological,policy,title+subject,title+subject,2d1ebc8f6cc7e6f06f7a1beea42df37400643aa58f5077dc3d8312d91bd30043,cumulative-db-semantic-v1,review_required,metadata_only_limitation
fragment:signal:798745b7a390d14166a841151b660fcc651af38b2ae495f056f44700bd1cfbae:H3:a4e302b95391,H3,MARINE vs OCEANIC Differential Coverage,H3,signal:798745b7a390d14166a841151b660fcc651af38b2ae495f056f44700bd1cfbae,evidence:doi:10.1016/j.ecoser.2025.101800,30178365958-1,blue_biotech,MARINE,M,sustainability_skill,sustainability,marine,,marine_ecological,sustainability,title+subject,title+subject,98273c50dcb2cb1a639331d98547956775cc38f50d1189b42bd2bca8ce910843,cumulative-db-semantic-v1,auto_accepted,metadata_only_limitation
fragment:signal:798b0c5c69b8883a21b01d98b21ab6547ce348595a40f814d409e354c30de65b:H3:bc83a7318748,H3,MARINE vs OCEANIC Differential Coverage,H3,signal:798b0c5c69b8883a21b01d98b21ab6547ce348595a40f814d409e354c30de65b,evidence:doi:10.47852/bonviewswt52026516,30178365958-1,blue_biotech,MARINE,M,technical_skill,technology,marine,,marine_ecological,technology,title+subject,title+subject,5ef6095b2fbf513a62bbaa397e053a9bae6551fbc7f63c6494db794a76bf3b82,cumulative-db-semantic-v1,review_required,metadata_only_limitation
fragment:signal:799f4e93cd9c41464a701f26f9286b67e045912756c2dd9e8e1817e700b38b25:H3:0cbc1bfb0c32,H3,MARINE vs OCEANIC Differential Coverage,H3,signal:799f4e93cd9c41464a701f26f9286b67e045912756c2dd9e8e1817e700b38b25,evidence:doi:10.57241/2805-2994.1050,30178365958-1,maritime_defence,OCEANIC,O,workforce_skill,employment,marine,,marine_ecological,employment,title+subject,title+subject,3eba6c9b8052c315b14e659b222110038424994923d894eb49b954afbea5ec16,cumulative-db-semantic-v1,review_required,metadata_only_limitation
fragment:signal:79a37f3796812ecc5f9b67bf6d47fdfb0a815f20e5f1ad4b5319d7755786c255:H3:9b11c64dcfc1,H3,MARINE vs OCEANIC Differential Coverage,H3,signal:79a37f3796812ecc5f9b67bf6d47fdfb0a815f20e5f1ad4b5319d7755786c255,evidence:doi:10.31230/osf.io/n3ms9,30178365958-1,blue_biotech,MARINE,M,education_training_signal,training,marine,,marine_ecological,training,title+subject,title+subject,630d0b96874d6f67da17fb53234cc6b1765e5293f92872e11f1f27e57b5c32a4,cumulative-db-semantic-v1,auto_accepted,metadata_only_limitation
fragment:signal:79e38cddbb69a4fd5b662d95f10a2d12480e1363fb736ce799f0cb8c24fddc1b:H3:f6d87bb689a0,H3,MARINE vs OCEANIC Differential Coverage,H3,signal:79e38cddbb69a4fd5b662d95f10a2d12480e1363fb736ce799f0cb8c24fddc1b,evidence:doi:10.5281/zenodo.6342071,30178365958-1,non_living_res,MARINE,M,explicit_competence_demand,skills gap,marine,,marine_ecological,skills gap,title+subject,title+subject,eed6a968a07926cad7db7fee8476f46a1172c9b7467cbb706c675eb71a910a7a,cumulative-db-semantic-v1,review_required,metadata_only_limitation
fragment:signal:7a0361a9a7616b32fbc13ee79eeae162a6a30383c885cb2647d243049dbbf3eb:H3:6351f8fb9caa,H3,MARINE vs OCEANIC Differential Coverage,H3,signal:7a0361a9a7616b32fbc13ee79eeae162a6a30383c885cb2647d243049dbbf3eb,evidence:doi:10.21203/rs.3.rs-9317748/v1,30178365958-1,coastal_tourism,OCEANIC,O,sustainability_skill,adaptive,marine,,marine_ecological,adaptive,title+subject,title+subject,9a06fd2452829fd661a2c6be0b3c3beffc68a37dc1c7978a56b59a06405ecf74,cumulative-db-semantic-v1,auto_accepted,metadata_only_limitation
fragment:signal:7a168d57eb185296d120737e32dda317cbc6ff32bca636d11fa939b9587615b8:H3:75d39f1f66bf,H3,MARINE vs OCEANIC Differential Coverage,H3,signal:7a168d57eb185296d120737e32dda317cbc6ff32bca636d11fa939b9587615b8,evidence:doi:10.1038/s42003-026-10618-w,30178365958-1,living_res,MARINE,M,sustainability_skill,resilience,marine,,marine_ecological,resilience,title+subject,title+subject,a6b05a3c184a56047a5dbd4caf9feda5b7ac7ad6ecc5dcf57cf4616e0cb31fe1,cumulative-db-semantic-v1,auto_accepted,metadata_only_limitation
fragment:signal:7a7689b53c2dc5be0c58e4c6a395478de1d30a1e76fcd54c30860c71925f786b:H3:68ec6b7fb1f0,H3,MARINE vs OCEANIC Differential Coverage,H3,signal:7a7689b53c2dc5be0c58e4c6a395478de1d30a1e76fcd54c30860c71925f786b,evidence:doi:10.1016/j.esg.2023.100184,30178365958-1,living_res,MARINE,M,sustainability_skill,sustainable,marine,,marine_ecological,sustainable,title,title,7cccc1bcdf0d041e0373abbefc61b2ba2ad0984cd8674242ad979cadb1350eb9,cumulative-db-semantic-v1,review_required,metadata_only_limitation
fragment:signal:7a8d9ba88c82a42110099d586813b6a40e0a21551755a1c0ef0b904fae3b06fb:H3:a3db15b800b6,H3,MARINE vs OCEANIC Differential Coverage,H3,signal:7a8d9ba88c82a42110099d586813b6a40e0a21551755a1c0ef0b904fae3b06fb,evidence:doi:10.46754/jssm.2024.10.013,30178365958-1,non_living_res,MARINE,M,technical_skill,engineering,marine,,marine_ecological,engineering,title+subject,title+subject,a7436f3a7af8937e59f7606a5719922bc3e4bde19dde190873d184a13c7d2046,cumulative-db-semantic-v1,review_required,metadata_only_limitation
fragment:signal:7ac5e0331b24b064cf05f1f393850ab326b290db6be7699948a3d61aef604def:H3:8157c846d689,H3,MARINE vs OCEANIC Differential Coverage,H3,signal:7ac5e0331b24b064cf05f1f393850ab326b290db6be7699948a3d61aef604def,evidence:doi:10.1017/9781009734820.010,30178365958-1,coastal_tourism,OCEANIC,O,sustainability_skill,resilience,marine,,marine_ecological,resilience,title+subject,title+subject,f4a1c1c3639dc2167f7b1267374ca475577cd44f4ee17436fbc156eb5d8ee55a,cumulative-db-semantic-v1,review_required,metadata_only_limitation
fragment:signal:7b03bf22cc125edb1cfd5ea69a74cc05eadf1689ca4953f96a1796f9ba7b9b1d:H3:a759ee969432,H3,MARINE vs OCEANIC Differential Coverage,H3,signal:7b03bf22cc125edb1cfd5ea69a74cc05eadf1689ca4953f96a1796f9ba7b9b1d,evidence:doi:10.3390/su18115227,30178365958-1,blue_biotech,OCEANIC,O,policy_regulation_skill,law,ecological,,marine_ecological,law,title+subject,title+subject,88430a506a8e273e97f03dd879ac13789dcff0b09cebe6d690e117186a21a1dc,cumulative-db-semantic-v1,review_required,metadata_only_limitation
fragment:signal:7b108e88c62852a3fc5db16939980a8549baef8fb55be893ada1f1018936d641:H3:7c794b0682aa,H3,MARINE vs OCEANIC Differential Coverage,H3,signal:7b108e88c62852a3fc5db16939980a8549baef8fb55be893ada1f1018936d641,evidence:doi:10.61090/aksujomas.10327,30178365958-1,living_res,OCEANIC,O,education_training_signal,education,marine,,marine_ecological,education,title+subject,title+subject,dab0e16af4564360e8f15e37d4ec0f34f46716ec446bd977a3d8cc1c582cce03,cumulative-db-semantic-v1,review_required,metadata_only_limitation
fragment:signal:7b270e77f0731d6933000b8a3709d7e940be16fd0871e0709e33a51ad70551e1:H3:a452c0ef3601,H3,MARINE vs OCEANIC Differential Coverage,H3,signal:7b270e77f0731d6933000b8a3709d7e940be16fd0871e0709e33a51ad70551e1,evidence:doi:10.1186/s44315-026-00054-0,30178365958-1,non_living_res,MARINE,M,sustainability_skill,sustainable,marine,,marine_ecological,sustainable,title+subject,title+subject,3dc50304de84b33e5613063e98cda978b1ff8415f30f19f144b085eaade3c3bf,cumulative-db-semantic-v1,auto_accepted,metadata_only_limitation
fragment:signal:7b49a23c5fb940a86a057c22bd42c51201e12efa561ef71ca02b25f8918243e4:H3:5d8b4afbc69e,H3,MARINE vs OCEANIC Differential Coverage,H3,signal:7b49a23c5fb940a86a057c22bd42c51201e12efa561ef71ca02b25f8918243e4,evidence:doi:10.3389/fmars.2026.1878121,30178365958-1,living_res,MARINE,M,sustainability_skill,climate,marine,,marine_ecological,climate,title+subject,title+subject,2d207025d80e1e947f49da2d5cedcf5f2502c5a79ba056b96a21f34bd593a523,cumulative-db-semantic-v1,review_required,metadata_only_limitation
fragment:signal:7b4bdd3463adcbce0dd2488e7629d5ca92402d8d3531542087df415c3cd95366:H3:a978b9aade59,H3,MARINE vs OCEANIC Differential Coverage,H3,signal:7b4bdd3463adcbce0dd2488e7629d5ca92402d8d3531542087df415c3cd95366,evidence:doi:10.1016/j.rsma.2026.105225,30178365958-1,ship_repair,OCEANIC,O,safety_risk_skill,risk,ecological,,marine_ecological,risk,title,title,c3331cb32cca097e886c94dc107e5b345e00a77bbc6191f0c208fe50f7b0b309,cumulative-db-semantic-v1,review_required,metadata_only_limitation
fragment:signal:7b53ecfd14e6465a0671a68c891b7d2d46b8f4ecea84c098f511de8ae4708d8e:H3:bf3c5c02c640,H3,MARINE vs OCEANIC Differential Coverage,H3,signal:7b53ecfd14e6465a0671a68c891b7d2d46b8f4ecea84c098f511de8ae4708d8e,evidence:doi:10.55845/jos-2026-2197,30178365958-1,living_res,MARINE,M,safety_risk_skill,risk,planetary,,oceanic_planetary,risk,title+subject,title+subject,452d3b40846f532a159cabbb7dff573625051464e1b136715cf2c763114f978a,cumulative-db-semantic-v1,review_required,metadata_only_limitation
fragment:signal:7bfcae6d1d01a47bef06bb647d71e41fc4b6d2db2f054c9b8873f1b780f948c3:H3:8fffec0af987,H3,MARINE vs OCEANIC Differential Coverage,H3,signal:7bfcae6d1d01a47bef06bb647d71e41fc4b6d2db2f054c9b8873f1b780f948c3,evidence:doi:10.1016/j.marpol.2024.106132,30178365958-1,r_i,OCEANIC,O,social_science_skill,literacy,marine,,marine_ecological,literacy,title+subject,title+subject,71942388fad7631bae1712539ed00021bac03f4e444daf0f15cd72c5241cf805,cumulative-db-semantic-v1,review_required,metadata_only_limitation
fragment:signal:7c0645c823517092b246e4ea339d7e4155d0f12c443dedabcd5cb1e05b7c5fa7:H3:386574741b85,H3,MARINE vs OCEANIC Differential Coverage,H3,signal:7c0645c823517092b246e4ea339d7e4155d0f12c443dedabcd5cb1e05b7c5fa7,evidence:doi:10.1016/j.marpol.2024.106337,30178365958-1,non_living_res,MARINE,M,governance_skill,governance,marine,,marine_ecological,governance,title+subject,title+subject,8404998322bf09264ea15b1c649910e96a21a31f891314415129040d7a1d2cb7,cumulative-db-semantic-v1,auto_accepted,metadata_only_limitation
fragment:signal:7c0f5cf13a1f3dd473d5a07c1c7afc8b5c0b7884dd286529d346eeed2838c21c:H3:363363600084,H3,MARINE vs OCEANIC Differential Coverage,H3,signal:7c0f5cf13a1f3dd473d5a07c1c7afc8b5c0b7884dd286529d346eeed2838c21c,evidence:doi:10.1111/1467-8489.70088,30178365958-1,blue_biotech,MARINE,M,sustainability_skill,sustainability,marine,,marine_ecological,sustainability,title+subject,title+subject,60814c974f5e929700c4730aa5ba17e52f2199a6fe87c01d452d2af4227cd3be,cumulative-db-semantic-v1,auto_accepted,metadata_only_limitation
fragment:signal:7c510fecd8d350a0b2cc338a9eea27633edefbf83d0cd0f048d9cb09cdd18afa:H3:b208760ad382,H3,MARINE vs OCEANIC Differential Coverage,H3,signal:7c510fecd8d350a0b2cc338a9eea27633edefbf83d0cd0f048d9cb09cdd18afa,evidence:doi:10.59117/20.500.11822/45890,30178365958-1,non_living_res,MARINE,M,technical_skill,engineering,planetary,,oceanic_planetary,engineering,title+subject,title+subject,22f5a033d768b6e3d0cf6664c6ef4a865a6fe8756b6790fb2ed90e5c18522adf,cumulative-db-semantic-v1,review_required,metadata_only_limitation
fragment:signal:7ca66a45372f1b660be1deba53f16408d05653aa945c6ca0eadd115f3137ac1e:H3:fe7e842515b3,H3,MARINE vs OCEANIC Differential Coverage,H3,signal:7ca66a45372f1b660be1deba53f16408d05653aa945c6ca0eadd115f3137ac1e,evidence:doi:10.1016/j.eqs.2026.04.003,30178365958-1,r_i,OCEANIC,O,safety_risk_skill,hazard,marine,,marine_ecological,hazard,title+subject,title+subject,d2cff41db481df32286e7b57523515b5d081eeadc4b38ca987b940154f2e644b,cumulative-db-semantic-v1,auto_accepted,metadata_only_limitation
fragment:signal:7cbf3688b7d58cbfd9bf78eeaba4d9d166113c7d241069e4cd322bb529681c40:H3:cf1dd5a97795,H3,MARINE vs OCEANIC Differential Coverage,H3,signal:7cbf3688b7d58cbfd9bf78eeaba4d9d166113c7d241069e4cd322bb529681c40,evidence:doi:10.1017/sus.2026.10075,30178365958-1,non_living_res,MARINE,M,governance_skill,policy,marine,,marine_ecological,policy,title+subject,title+subject,d274e6f9c42531907366fdcc3da6af4d71e22352c6589cb5330c936eb7ce8eac,cumulative-db-semantic-v1,review_required,metadata_only_limitation
fragment:signal:7d273e03171b7d7887ccaa92141f86f3cd581c30d201423285585b27f1de5661:H3:4d90739d0736,H3,MARINE vs OCEANIC Differential Coverage,H3,signal:7d273e03171b7d7887ccaa92141f86f3cd581c30d201423285585b27f1de5661,evidence:doi:10.58440/ihr-29-a04,30178365958-1,non_living_res,MARINE,M,digital_skill,digital,marine,,marine_ecological,digital,title+subject,title+subject,53224815705a201e176a7ac6d50d2e418868a15ead1b85965930e40e036d2b90,cumulative-db-semantic-v1,review_required,metadata_only_limitation
fragment:signal:7d485eb7038df9d4d4df68947d1f81f97d58a65982a1c6a3eea6c2963c1de12b:H3:9495fa0c2f9c,H3,MARINE vs OCEANIC Differential Coverage,H3,signal:7d485eb7038df9d4d4df68947d1f81f97d58a65982a1c6a3eea6c2963c1de12b,evidence:doi:10.1007/978-3-032-14477-5_12,30178365958-1,non_living_res,OCEANIC,O,education_training_signal,education,marine,,marine_ecological,education,title+subject,title+subject,d5f9d01e76719d2d40ffd9778b816e3d59ca703cf9d2517d5e5f89ab03084564,cumulative-db-semantic-v1,review_required,metadata_only_limitation
fragment:signal:7d801f91b326aeab8c2d27656f419c73c0aac554d130ac6a3bb2d8db77394dfe:H1:09329604cd7c,H1,Maritimisation Shift,H1,signal:7d801f91b326aeab8c2d27656f419c73c0aac554d130ac6a3bb2d8db77394dfe,evidence:doi:10.70593/978-93-7185-342-2,30178365958-1,coastal_tourism,OCEANIC,O,sustainability_skill,sustainability,oceanic,,oceanic_governance,sustainability,title+subject,title+subject,43a0104285a3381f20838bf6d792798ac5630267aa4089e65361103494fd799d,cumulative-db-semantic-v1,review_required,metadata_only_limitation
fragment:signal:7d801f91b326aeab8c2d27656f419c73c0aac554d130ac6a3bb2d8db77394dfe:H3:4e7a407b5fa8,H3,MARINE vs OCEANIC Differential Coverage,H3,signal:7d801f91b326aeab8c2d27656f419c73c0aac554d130ac6a3bb2d8db77394dfe,evidence:doi:10.70593/978-93-7185-342-2,30178365958-1,coastal_tourism,OCEANIC,O,sustainability_skill,sustainability,marine,,marine_ecological,sustainability,title+subject,title+subject,43a0104285a3381f20838bf6d792798ac5630267aa4089e65361103494fd799d,cumulative-db-semantic-v1,review_required,metadata_only_limitation
fragment:signal:7dca5c1b2dcabdf1f49567dfe7da649d0d72374a8722acb7ea3d8bd6d0c12096:H3:243a2a9d6994,H3,MARINE vs OCEANIC Differential Coverage,H3,signal:7dca5c1b2dcabdf1f49567dfe7da649d0d72374a8722acb7ea3d8bd6d0c12096,evidence:doi:10.58930/bp53906188,30178365958-1,non_living_res,MARINE,M,technical_skill,technology,planetary,,oceanic_planetary,technology,title+subject,title+subject,4c63707c5525ff854f64cf0c80a553acb9f380562f09fa5b82bb80d0460c0d96,cumulative-db-semantic-v1,review_required,metadata_only_limitation
fragment:signal:7df9edc739c5cfe13f852decdf22d90703b9614f6d02bf800b45b0a692768cce:H3:922468e22961,H3,MARINE vs OCEANIC Differential Coverage,H3,signal:7df9edc739c5cfe13f852decdf22d90703b9614f6d02bf800b45b0a692768cce,evidence:doi:10.26858/pbf6dx87,30178365958-1,coastal_tourism,OCEANIC,O,social_science_skill,community,marine,,marine_ecological,community,title+subject,title+subject,e0caf83ef91b46c3d973fa9812d226e857fc6ea99df50b142c83775e299046b3,cumulative-db-semantic-v1,review_required,metadata_only_limitation
fragment:signal:7e07665c669ab19125545c55f4272fb91daee898420e093c684b96919a298d37:H3:df2f597b6019,H3,MARINE vs OCEANIC Differential Coverage,H3,signal:7e07665c669ab19125545c55f4272fb91daee898420e093c684b96919a298d37,evidence:doi:10.1021/acsomega.5c12334,30178365958-1,blue_biotech,MARINE,M,sustainability_skill,sustainable,marine,,marine_ecological,sustainable,title+subject,title+subject,9b56cf6e22059bd4ca0368082c55ac2d609ebf3806b2219f448f63aa8b26157a,cumulative-db-semantic-v1,review_required,metadata_only_limitation
fragment:signal:7e151c39036473fd22e19375574794e20d9fa85ef66cdd041ef60ec966ccf86e:H3:82fb7148d381,H3,MARINE vs OCEANIC Differential Coverage,H3,signal:7e151c39036473fd22e19375574794e20d9fa85ef66cdd041ef60ec966ccf86e,evidence:doi:10.5772/intechopen.1015834,30178365958-1,non_living_res,MARINE,M,sustainability_skill,climate,marine,,marine_ecological,climate,title+subject,title+subject,c5f972c3131fbfca968265b428f101f0980720e6a2ab1ebe280a279aefc099a3,cumulative-db-semantic-v1,auto_accepted,metadata_only_limitation
fragment:signal:7e2c156876aca8e19c72450db0bd58f435e58d3718f9501ad47969180f0c973e:H3:7452785d58b5,H3,MARINE vs OCEANIC Differential Coverage,H3,signal:7e2c156876aca8e19c72450db0bd58f435e58d3718f9501ad47969180f0c973e,evidence:doi:10.21203/rs.3.rs-8941489/v1,30178365958-1,living_res,MARINE,M,safety_risk_skill,safety,marine,,marine_ecological,safety,title+subject,title+subject,0bf8683179a7b4a0a9fd59363ccf85864f70d4c749dff857bf7144789b201f89,cumulative-db-semantic-v1,review_required,metadata_only_limitation
fragment:signal:7e591e607b92306170ecad3cd7a040bb3cb8592ce50398b0a47fc1772ce6ecd9:H3:0eea4d09eb8b,H3,MARINE vs OCEANIC Differential Coverage,H3,signal:7e591e607b92306170ecad3cd7a040bb3cb8592ce50398b0a47fc1772ce6ecd9,evidence:doi:10.3389/fmars.2026.1819754,30178365958-1,living_res,MARINE,M,sustainability_skill,climate,marine,,marine_ecological,climate,title+subject,title+subject,488e20931bd2b2b0fc75cf23971aeda0db30579d223a716b7ea1840a336c8037,cumulative-db-semantic-v1,review_required,metadata_only_limitation
fragment:signal:7eac3777d6e8182cf3ed7b23459db95840dd60477c7ff684f7d59ae11f565bd8:H3:7666f6db430e,H3,MARINE vs OCEANIC Differential Coverage,H3,signal:7eac3777d6e8182cf3ed7b23459db95840dd60477c7ff684f7d59ae11f565bd8,evidence:doi:10.33422/worldcmc.v2i2.1673,30178365958-1,non_living_res,MARINE,M,governance_skill,governance,marine,,marine_ecological,governance,title+subject,title+subject,82c998ec3608441bbdda9f2139302042a23d36ead66fad7432af450b5e1f289b,cumulative-db-semantic-v1,auto_accepted,metadata_only_limitation
fragment:signal:7eaebc0539d2777ef53475932ba05832f7f1d91bac17959216b52b120628f992:H3:ae1fca49c776,H3,MARINE vs OCEANIC Differential Coverage,H3,signal:7eaebc0539d2777ef53475932ba05832f7f1d91bac17959216b52b120628f992,evidence:doi:10.3390/architecture6020095,30178365958-1,coastal_tourism,OCEANIC,O,safety_risk_skill,hazard,marine,,marine_ecological,hazard,title+subject,title+subject,a17db162dd8efc7968ac12260fc12b77f33ba0b9529d1eb193ffca4de1cfb1bc,cumulative-db-semantic-v1,review_required,metadata_only_limitation
fragment:signal:7ef1caf9da7c1d375ad7d806342e83783a0714b3904abb0e8428dc0ccafaec8b:H3:6542d2eac7a0,H3,MARINE vs OCEANIC Differential Coverage,H3,signal:7ef1caf9da7c1d375ad7d806342e83783a0714b3904abb0e8428dc0ccafaec8b,evidence:doi:10.3390/foods15050891,30178365958-1,blue_biotech,MARINE,M,learning_outcome_signal,ects,ecological,,marine_ecological,ects,title+subject,title+subject,fe0e1e6861051380b8f198a064c58cf2772019812ad35c6c8975194bffa97684,cumulative-db-semantic-v1,review_required,metadata_only_limitation
fragment:signal:7f03f74d7aff36d4a27df221466192069f17e1e0e9a2d615e346cb4a557aa482:H3:8ada11370337,H3,MARINE vs OCEANIC Differential Coverage,H3,signal:7f03f74d7aff36d4a27df221466192069f17e1e0e9a2d615e346cb4a557aa482,evidence:doi:10.65398/vaih2213,30178365958-1,living_res,OCEANIC,O,sustainability_skill,resilience,ecological,,marine_ecological,resilience,title+subject,title+subject,64774c55ec3dacd66a388dfa7123206e3a883d029140886bf921e9fa816ecbd1,cumulative-db-semantic-v1,auto_accepted,metadata_only_limitation
fragment:signal:7f4521093d2df5d246e71fca32f19abe7ef7fe3b4d20f42fe0500ba6ac47289a:H1:d8cb5cd4986a,H1,Maritimisation Shift,H1,signal:7f4521093d2df5d246e71fca32f19abe7ef7fe3b4d20f42fe0500ba6ac47289a,evidence:doi:10.3389/focsu.2026.1820278,30178365958-1,coastal_tourism,OCEANIC,O,governance_skill,governance,ocean governance,,oceanic_governance,governance,title+subject,title+subject,3844953e7aeaf22008246e1d04516b5653a72e3ac80ef47383d1a5d6970a12ea,cumulative-db-semantic-v1,auto_accepted,metadata_only_limitation
fragment:signal:7f4521093d2df5d246e71fca32f19abe7ef7fe3b4d20f42fe0500ba6ac47289a:H3:e7778bfb35e6,H3,MARINE vs OCEANIC Differential Coverage,H3,signal:7f4521093d2df5d246e71fca32f19abe7ef7fe3b4d20f42fe0500ba6ac47289a,evidence:doi:10.3389/focsu.2026.1820278,30178365958-1,coastal_tourism,OCEANIC,O,governance_skill,governance,marine,,marine_ecological,governance,title+subject,title+subject,3844953e7aeaf22008246e1d04516b5653a72e3ac80ef47383d1a5d6970a12ea,cumulative-db-semantic-v1,auto_accepted,metadata_only_limitation
fragment:signal:7f47157594c5d6757b858736b7edd185b2d2c7316c147399c7e91cb434dd6b50:H3:d3099dc71366,H3,MARINE vs OCEANIC Differential Coverage,H3,signal:7f47157594c5d6757b858736b7edd185b2d2c7316c147399c7e91cb434dd6b50,evidence:doi:10.3389/fmars.2025.1734688,30178365958-1,blue_biotech,MARINE,M,policy_regulation_skill,convention,marine,,marine_ecological,convention,title+subject,title+subject,5d7e7926188241f659cb4b96549094c2f1d04608396d9776a497e6a9151482bc,cumulative-db-semantic-v1,review_required,metadata_only_limitation
fragment:signal:7f4b05e0665861e08daabde84728528705551d6b836693116434d87c919497ca:H3:2aa42c773671,H3,MARINE vs OCEANIC Differential Coverage,H3,signal:7f4b05e0665861e08daabde84728528705551d6b836693116434d87c919497ca,evidence:doi:10.34104/cjbis.026.06840695,30178365958-1,coastal_tourism,OCEANIC,O,sustainability_skill,sustainability,marine,,marine_ecological,sustainability,title+subject,title+subject,ae1a9037cfbd7f9b76d5dcf99feb67b390968b57f2436cb531d43773f16886d7,cumulative-db-semantic-v1,review_required,metadata_only_limitation
fragment:signal:7f6e7503e67e10598fb0d700d0b767da8e8172f80510b077c13afc86c5191acb:H3:1f6df161919d,H3,MARINE vs OCEANIC Differential Coverage,H3,signal:7f6e7503e67e10598fb0d700d0b767da8e8172f80510b077c13afc86c5191acb,evidence:doi:10.62049/jkncu.v6i2.554,30178365958-1,living_res,MARINE,M,sustainability_skill,adaptation,marine,,marine_ecological,adaptation,title+subject,title+subject,c1718fcf2f6502accaf2c3c85d11846372243861dfdb8958afb6622fa89c4dc9,cumulative-db-semantic-v1,auto_accepted,metadata_only_limitation
fragment:signal:7f822ecb0aa0fe8c6227f4818b847e408f90f22b394ca0470ae9a3e8456815e2:H3:7e7e032a7e47,H3,MARINE vs OCEANIC Differential Coverage,H3,signal:7f822ecb0aa0fe8c6227f4818b847e408f90f22b394ca0470ae9a3e8456815e2,evidence:doi:10.1016/j.marpolbul.2026.119923,30178365958-1,coastal_tourism,OCEANIC,O,safety_risk_skill,risk,ecological,,marine_ecological,risk,title,title,79f3baf844344ed80df8274e803e00d679a8fef6619e297e014651aa86771412,cumulative-db-semantic-v1,review_required,metadata_only_limitation
fragment:signal:7fa2c30b439f5c0cebd339e61d4f9459b394dff41425899b986819e4e112c52f:H3:47f2cfba4c97,H3,MARINE vs OCEANIC Differential Coverage,H3,signal:7fa2c30b439f5c0cebd339e61d4f9459b394dff41425899b986819e4e112c52f,evidence:doi:10.35912/ijfam.v8i1.3495,30178365958-1,coastal_tourism,OCEANIC,O,sustainability_skill,sustainability,marine,,marine_ecological,sustainability,title+subject,title+subject,9c91d95f648b7b69d6089af866a9c99e8ca5322c52afd7cb272c797bc09f5495,cumulative-db-semantic-v1,auto_accepted,metadata_only_limitation
fragment:signal:7fbffbe368d3bb81187e996f3aa18418e8b84fb151d1981aa046832c6fbde380:H3:2f7d2950cc93,H3,MARINE vs OCEANIC Differential Coverage,H3,signal:7fbffbe368d3bb81187e996f3aa18418e8b84fb151d1981aa046832c6fbde380,evidence:doi:10.1038/s44183-023-00023-9,30178365958-1,non_living_res,MARINE,M,sustainability_skill,sustainability,marine,,marine_ecological,sustainability,title+subject,title+subject,e0db23ff7af914454744a7b3eaab9d91314a4a4ebda4a7e50787a8f953fa7719,cumulative-db-semantic-v1,auto_accepted,metadata_only_limitation
fragment:signal:7ff4b55a16564b52b389d0675e3f48bac72d257e5c741fee13c1caf42329ffee:H3:11590f32cd66,H3,MARINE vs OCEANIC Differential Coverage,H3,signal:7ff4b55a16564b52b389d0675e3f48bac72d257e5c741fee13c1caf42329ffee,evidence:doi:10.1109/oceans58557.2025.11104555,30178365958-1,r_i,OCEANIC,O,education_training_signal,education,marine,,marine_ecological,education,title,title,f5f23a8cffae30d343155d2884606435e536e6e0b75ffb14a2604069c98fa89e,cumulative-db-semantic-v1,review_required,metadata_only_limitation
fragment:signal:7ffcfbc9c9d07dd4ab532cba234337d1526fab69e1802e41858583a4bd80d89f:H3:d5fefdb5c34e,H3,MARINE vs OCEANIC Differential Coverage,H3,signal:7ffcfbc9c9d07dd4ab532cba234337d1526fab69e1802e41858583a4bd80d89f,evidence:doi:10.1111/faf.70062,30178365958-1,living_res,MARINE,M,social_science_skill,sociology,marine,,marine_ecological,sociology,title+subject,title+subject,2aee8ec2aa76215593297dfb3693a4f5b25589e9f0b4c0338b417b38ea95b90b,cumulative-db-semantic-v1,review_required,metadata_only_limitation
fragment:signal:800f0ccb15a695e7a5bca78ba7871964ace58035cf0780ec5a769d06d8e0d157:H3:4e2e534930bd,H3,MARINE vs OCEANIC Differential Coverage,H3,signal:800f0ccb15a695e7a5bca78ba7871964ace58035cf0780ec5a769d06d8e0d157,evidence:doi:10.3389/fmars.2025.1577490,30178365958-1,blue_biotech,OCEANIC,O,policy_regulation_skill,law,marine,,marine_ecological,law,title+subject,title+subject,328b72e3efa3db19d2b6bf189594c6495056514d3847e93853012c6eca0e611b,cumulative-db-semantic-v1,auto_accepted,metadata_only_limitation
fragment:signal:801c65b4e085b7a344c7d03972b51d9e535775b73b95744e10c47a9b648a1a69:H3:3df55445dd72,H3,MARINE vs OCEANIC Differential Coverage,H3,signal:801c65b4e085b7a344c7d03972b51d9e535775b73b95744e10c47a9b648a1a69,evidence:doi:10.3390/environments13080415,30178365958-1,non_living_res,MARINE,M,technical_skill,engineering,marine,,marine_ecological,engineering,title+subject,title+subject,f034b15c7a2a9492884972a4bbf6e676ea63add012dfa70f6791683c09da79ba,cumulative-db-semantic-v1,review_required,metadata_only_limitation
fragment:signal:8081d2f88aafc5469ffcb7cf2a967e8d8f5cf564ac19d5290a8e05475d2ee7e9:H3:a2aa96c513df,H3,MARINE vs OCEANIC Differential Coverage,H3,signal:8081d2f88aafc5469ffcb7cf2a967e8d8f5cf564ac19d5290a8e05475d2ee7e9,evidence:doi:10.1007/s10113-026-02599-7,30178365958-1,coastal_tourism,OCEANIC,O,governance_skill,policy,marine,,marine_ecological,policy,title+subject,title+subject,e06050e6913aa3890675200e1ca6e2a05266bc32d78afadc8d12fef8621bd44a,cumulative-db-semantic-v1,review_required,metadata_only_limitation
fragment:signal:808f9c2fb9cce689c3c2c920e0fd07cad2bea2f676944c70ef46e1a3586338fb:H3:ebcc7dec832e,H3,MARINE vs OCEANIC Differential Coverage,H3,signal:808f9c2fb9cce689c3c2c920e0fd07cad2bea2f676944c70ef46e1a3586338fb,evidence:doi:10.1016/j.geoforum.2026.104723,30178365958-1,living_res,MARINE,M,sustainability_skill,sustainability,marine,,marine_ecological,sustainability,title+subject,title+subject,0abe7ac7f52f3e3d9ee25a60dd372994f5a8cc59f7cbd9a4b0a88fba5d15bf56,cumulative-db-semantic-v1,review_required,metadata_only_limitation
fragment:signal:8096659c88f0f601ca982a56959b226246c7092f544ed79eff75d58504f6f805:H3:0c7ab25950b9,H3,MARINE vs OCEANIC Differential Coverage,H3,signal:8096659c88f0f601ca982a56959b226246c7092f544ed79eff75d58504f6f805,evidence:doi:10.3389/fmars.2026.1833479,30178365958-1,blue_biotech,MARINE,M,technical_skill,technology,marine,,marine_ecological,technology,title,title,9820287aa3055f9b3f13e68bfd0a69ee6530f34ac9a59694c58ca9e76808fe29,cumulative-db-semantic-v1,review_required,metadata_only_limitation
fragment:signal:80995925e1948ee2b4398b83c79b8d3993bb4a78866f1053c91cbea43ee20b12:H3:b013a5590fa3,H3,MARINE vs OCEANIC Differential Coverage,H3,signal:80995925e1948ee2b4398b83c79b8d3993bb4a78866f1053c91cbea43ee20b12,evidence:doi:10.3390/jmse13050855,30178365958-1,non_living_res,MARINE,M,safety_risk_skill,safety,marine,,marine_ecological,safety,title+subject,title+subject,9083523668a53108b8a81fc4d871af096b9ba0669622b023226302be278e3c64,cumulative-db-semantic-v1,review_required,metadata_only_limitation
fragment:signal:809f344d93af38c58576f0396773a72d5e93dfb95642fa46779f4ddb06948bfc:H3:56707e4ee8cc,H3,MARINE vs OCEANIC Differential Coverage,H3,signal:809f344d93af38c58576f0396773a72d5e93dfb95642fa46779f4ddb06948bfc,evidence:doi:10.3389/fmars.2026.1761703,30178365958-1,renewable_energy,OCEANIC,O,sustainability_skill,adaptation,marine,,marine_ecological,adaptation,title+subject,title+subject,f9e37fd4562cd03aa374ed1cdd32c69522518757c070bc2fe1d8a9875db4896b,cumulative-db-semantic-v1,review_required,metadata_only_limitation
fragment:signal:80a972695e13c94f9bb2e6319b5091717003169e6bf3578195d7a75015223ede:H3:a98fd6994985,H3,MARINE vs OCEANIC Differential Coverage,H3,signal:80a972695e13c94f9bb2e6319b5091717003169e6bf3578195d7a75015223ede,evidence:doi:10.1016/j.marpol.2024.106337,30178365958-1,non_living_res,MARINE,M,technical_skill,engineering,marine,,marine_ecological,engineering,title+subject,title+subject,8404998322bf09264ea15b1c649910e96a21a31f891314415129040d7a1d2cb7,cumulative-db-semantic-v1,review_required,metadata_only_limitation
fragment:signal:80b2587a41d8d70fa94b10a979b3269099dc66c381c17db5824219a65f63a9fd:H3:c4dd5b08a09e,H3,MARINE vs OCEANIC Differential Coverage,H3,signal:80b2587a41d8d70fa94b10a979b3269099dc66c381c17db5824219a65f63a9fd,evidence:doi:10.56028/aetr.15.1.2167.2025,30178365958-1,non_living_res,MARINE,M,sustainability_skill,sustainable,marine,,marine_ecological,sustainable,title+subject,title+subject,d418f45ccf73dde492ff79efa2a33ddf2ab6e15ab0e4d3c165eb8f404468d1d6,cumulative-db-semantic-v1,review_required,metadata_only_limitation
fragment:signal:80ead6967878931ed5517558cc49a2a4231395373579a4c5d251ea4ad15692c2:H3:d5a163307175,H3,MARINE vs OCEANIC Differential Coverage,H3,signal:80ead6967878931ed5517558cc49a2a4231395373579a4c5d251ea4ad15692c2,evidence:doi:10.70882/josrar.2026.v3i2.162,30178365958-1,living_res,MARINE,M,policy_regulation_skill,legal,marine,,marine_ecological,legal,title+subject,title+subject,eda07de54a25c408ea6a5fa1e4883bcac3826ff7eb562d22bb51d0ed65b9cf3d,cumulative-db-semantic-v1,review_required,metadata_only_limitation
fragment:signal:80fd7229d74ee06d489bf46b188af22708faba2599d9283b6955d378522cfd9c:H3:185d1d4ade14,H3,MARINE vs OCEANIC Differential Coverage,H3,signal:80fd7229d74ee06d489bf46b188af22708faba2599d9283b6955d378522cfd9c,evidence:doi:10.1038/s41467-026-75034-4,30178365958-1,living_res,MARINE,M,sustainability_skill,sustainability,marine,,marine_ecological,sustainability,title+subject,title+subject,8e3091a5f7b60c65840e0714e8ea703b19ac9e7dde00a08cb0dd24fdb1f7e22d,cumulative-db-semantic-v1,review_required,metadata_only_limitation
fragment:signal:80fe519b55ea102ce70a9fa9e5188d32c2c58a82ac7f18ad9916f607ba716aa2:H3:df2a50311013,H3,MARINE vs OCEANIC Differential Coverage,H3,signal:80fe519b55ea102ce70a9fa9e5188d32c2c58a82ac7f18ad9916f607ba716aa2,evidence:doi:10.5281/zenodo.20728589,30178365958-1,blue_biotech,MARINE,M,social_science_skill,community,marine,,marine_ecological,community,title+subject,title+subject,1b3a7ba076a40a7160aaf67343571e31ebecf3d2d8342d45d10cb966e3260b85,cumulative-db-semantic-v1,review_required,metadata_only_limitation
fragment:signal:8123f657d073911f11dc6cd72888a32594c4aeabe07b4b6f69b8567ee0e83850:H3:635e75fdd0ec,H3,MARINE vs OCEANIC Differential Coverage,H3,signal:8123f657d073911f11dc6cd72888a32594c4aeabe07b4b6f69b8567ee0e83850,evidence:doi:10.3389/fsoc.2026.1754562,30178365958-1,coastal_tourism,OCEANIC,O,social_science_skill,community,marine,,marine_ecological,community,title+subject,title+subject,92dc58cdb1d4f4286b5f1f5786f800bd59aab771e8a764f08df6e8680c56e51c,cumulative-db-semantic-v1,review_required,metadata_only_limitation
fragment:signal:813ce802d2f06b1ec252a99018e6a9fe8a5253f4b613ca25d1f578800ffbfaf0:H3:68b0830c6684,H3,MARINE vs OCEANIC Differential Coverage,H3,signal:813ce802d2f06b1ec252a99018e6a9fe8a5253f4b613ca25d1f578800ffbfaf0,evidence:doi:10.20897/femenc/16787,30178365958-1,living_res,OCEANIC,O,social_science_skill,community,marine,,marine_ecological,community,title+subject,title+subject,9364612123df38cb5ce68eaa8fd3db424fa0fc2ea2d45b02c94cc2cbe8ba5337,cumulative-db-semantic-v1,review_required,metadata_only_limitation
fragment:signal:8158326fefcd1fb28da978e69425ed97f9deda114b5622bef7f2fb5d4102c67e:H3:d8335d6559dc,H3,MARINE vs OCEANIC Differential Coverage,H3,signal:8158326fefcd1fb28da978e69425ed97f9deda114b5622bef7f2fb5d4102c67e,evidence:doi:10.1007/978-3-031-51904-8_196,30178365958-1,living_res,MARINE,M,sustainability_skill,sustainable,marine,,marine_ecological,sustainable,title,title,ac768e520de709807d372ec6658b8fd4cb6c6275924eace5e72fdd4bde1e4f69,cumulative-db-semantic-v1,review_required,metadata_only_limitation
fragment:signal:8162fc6f8be65076fc806c442ae251b8ada425112199afcea6f8bd69550f6177:H3:bb82d8d639c7,H3,MARINE vs OCEANIC Differential Coverage,H3,signal:8162fc6f8be65076fc806c442ae251b8ada425112199afcea6f8bd69550f6177,evidence:doi:10.1007/s10551-026-06329-1,30178365958-1,non_living_res,MARINE,M,sustainability_skill,sustainability,ecological,,marine_ecological,sustainability,title+subject,title+subject,e68a0e2235cdcd517ec72c3f5cab16fe1883c0f3ea0d2697559483721b8c8d12,cumulative-db-semantic-v1,review_required,metadata_only_limitation
fragment:signal:81791213912db3123adf2f0e41934e352e3d0c0ef94bff62563952820de62db6:H3:7b00090f4366,H3,MARINE vs OCEANIC Differential Coverage,H3,signal:81791213912db3123adf2f0e41934e352e3d0c0ef94bff62563952820de62db6,evidence:doi:10.31223/x5rf5m,30178365958-1,non_living_res,MARINE,M,sustainability_skill,sustainability,ecological,,marine_ecological,sustainability,title+subject,title+subject,695a26f2de22635ae50f441cf2bc5344951759b58b8f36867deb063a4f55fe75,cumulative-db-semantic-v1,review_required,metadata_only_limitation
fragment:signal:81ecd43e13bd3ccf4d4cd994431e57c39db0e475f1a4c9ae3426e8869cba2d8a:H3:28ca68eba643,H3,MARINE vs OCEANIC Differential Coverage,H3,signal:81ecd43e13bd3ccf4d4cd994431e57c39db0e475f1a4c9ae3426e8869cba2d8a,evidence:doi:10.47268/balobe.v6i1.3775,30178365958-1,blue_biotech,MARINE,M,policy_regulation_skill,regulatory,marine,,marine_ecological,regulatory,title+subject,title+subject,618fbaf789b84408739e3a48de59341f8f43a5d89afc3c2acaecfca9d721b9fd,cumulative-db-semantic-v1,review_required,metadata_only_limitation
fragment:signal:81ee033d80f6e63124e0672659e1f39b5e3c2b4c36ead9772a6b2cf360c45230:H3:ff4461868a2d,H3,MARINE vs OCEANIC Differential Coverage,H3,signal:81ee033d80f6e63124e0672659e1f39b5e3c2b4c36ead9772a6b2cf360c45230,evidence:doi:10.55942/pssj.v6i4.1475,30178365958-1,coastal_tourism,OCEANIC,O,governance_skill,governance,marine,,marine_ecological,governance,title+subject,title+subject,d7f473c8db874b40bf225ac814473358636947ab643a4900fe8b6052223ca6cd,cumulative-db-semantic-v1,review_required,metadata_only_limitation
fragment:signal:8208a94b7502cab831226e0e726dbdba25a152586c607db4fe95ef38d702b5a8:H3:4011b4309076,H3,MARINE vs OCEANIC Differential Coverage,H3,signal:8208a94b7502cab831226e0e726dbdba25a152586c607db4fe95ef38d702b5a8,evidence:doi:10.3390/fishes10120642,30178365958-1,coastal_tourism,OCEANIC,O,safety_risk_skill,risk,marine,,marine_ecological,risk,title+subject,title+subject,f2b52033e6eeec080428e33caf778c2d816edeca74685f6bd0e869270246ac94,cumulative-db-semantic-v1,review_required,metadata_only_limitation
fragment:signal:822350fe3799dbb8adee71f9b1f3310c7b75a4474f8749ffe6df59eaf8ef3d33:H3:b1c23b3635b1,H3,MARINE vs OCEANIC Differential Coverage,H3,signal:822350fe3799dbb8adee71f9b1f3310c7b75a4474f8749ffe6df59eaf8ef3d33,evidence:doi:10.1016/j.erss.2025.104367,30178365958-1,non_living_res,MARINE,M,policy_regulation_skill,law,ecological,,marine_ecological,law,title+subject,title+subject,d5ce0c15c0d8ef372f16a403595299206f3c5e8ab4a15ce78005852d8e208ab6,cumulative-db-semantic-v1,review_required,metadata_only_limitation
fragment:signal:8251895d754894a750b86eb45d7c509bcf31ef12778c240668b6d31752fe7ecd:H3:5694513f64be,H3,MARINE vs OCEANIC Differential Coverage,H3,signal:8251895d754894a750b86eb45d7c509bcf31ef12778c240668b6d31752fe7ecd,evidence:doi:10.17159/prs9f481,30178365958-1,living_res,MARINE,M,policy_regulation_skill,law,marine,,marine_ecological,law,title+subject,title+subject,201315a30a85c5b84604c24d4bbd66a46dfdfcb1c18cddabd1359737825d6a84,cumulative-db-semantic-v1,review_required,metadata_only_limitation
fragment:signal:8252ca80dc7d013a9e3179b945655f0bfa2fb4b0afc0b86b12da0b8140637afc:H3:3420c4a1470c,H3,MARINE vs OCEANIC Differential Coverage,H3,signal:8252ca80dc7d013a9e3179b945655f0bfa2fb4b0afc0b86b12da0b8140637afc,evidence:doi:10.1016/j.marpol.2020.104158,30178365958-1,r_i,OCEANIC,O,education_training_signal,capacity building,marine,,marine_ecological,capacity building,title,title,ff49d3d0844dbe5cb7f8a3cf579da901ebd627af38d2ef790768daff0eb90499,cumulative-db-semantic-v1,review_required,metadata_only_limitation
fragment:signal:82591849591c9d5a49a6ae427d2b0647d2e9b81567845ec025c332351a6076a2:H3:f14a3ac40673,H3,MARINE vs OCEANIC Differential Coverage,H3,signal:82591849591c9d5a49a6ae427d2b0647d2e9b81567845ec025c332351a6076a2,evidence:doi:10.47268/balobe.v6i1.3775,30178365958-1,blue_biotech,MARINE,M,governance_skill,policy,marine,,marine_ecological,policy,title+subject,title+subject,618fbaf789b84408739e3a48de59341f8f43a5d89afc3c2acaecfca9d721b9fd,cumulative-db-semantic-v1,review_required,metadata_only_limitation
fragment:signal:82805b42c67ec172c7edb13ecef34bd8be26ff148d7331e6484eeb7a040a357c:H3:fae1713b59ca,H3,MARINE vs OCEANIC Differential Coverage,H3,signal:82805b42c67ec172c7edb13ecef34bd8be26ff148d7331e6484eeb7a040a357c,evidence:doi:10.3390/systems14070798,30178365958-1,coastal_tourism,OCEANIC,O,learning_outcome_signal,ects,marine,,marine_ecological,ects,title+subject,title+subject,68ccef0013a35fc7f1c7a0003c02d61c9812512f1f0cc27b813f0088f5ab2da9,cumulative-db-semantic-v1,review_required,metadata_only_limitation
fragment:signal:828f0fe6a2920b81ce90c83aa3a2946635708399d51d59fd11a963de730358a0:H3:42fd88e38339,H3,MARINE vs OCEANIC Differential Coverage,H3,signal:828f0fe6a2920b81ce90c83aa3a2946635708399d51d59fd11a963de730358a0,evidence:doi:10.23887/jish.v15i1.107266,30178365958-1,coastal_tourism,OCEANIC,O,sustainability_skill,sustainability,marine,,marine_ecological,sustainability,title+subject,title+subject,87ef48a790930b51a9e15c291eaa9c0d3c4414ab197f368afa1c0463bdf908ae,cumulative-db-semantic-v1,review_required,metadata_only_limitation
fragment:signal:82db45566664930100555985ccd71a9667ec4b80dda47ef25adaedae51e66390:H3:927ee6d0ff28,H3,MARINE vs OCEANIC Differential Coverage,H3,signal:82db45566664930100555985ccd71a9667ec4b80dda47ef25adaedae51e66390,evidence:doi:10.1186/s44315-026-00054-0,30178365958-1,non_living_res,MARINE,M,governance_skill,governance,marine,,marine_ecological,governance,title+subject,title+subject,3dc50304de84b33e5613063e98cda978b1ff8415f30f19f144b085eaade3c3bf,cumulative-db-semantic-v1,review_required,metadata_only_limitation
fragment:signal:8305a8b5cafd7bf3bae983a78b424377e513269279fc21c5c3e266fc7f9e5bdb:H3:5e08e20e84c8,H3,MARINE vs OCEANIC Differential Coverage,H3,signal:8305a8b5cafd7bf3bae983a78b424377e513269279fc21c5c3e266fc7f9e5bdb,evidence:doi:10.62885/toursci.v3i6.1254,30178365958-1,living_res,MARINE,M,sustainability_skill,sustainability,marine,,marine_ecological,sustainability,title+subject,title+subject,b1118d17f58765d7634224014c2e7d89166f26f5ef7880a7662f233a130b0ff9,cumulative-db-semantic-v1,review_required,metadata_only_limitation
fragment:signal:834f2820c78414845e79afe0542083ac1bb396e16ab3b52975bf0ff471e5c7e7:H3:72edb8e1dce3,H3,MARINE vs OCEANIC Differential Coverage,H3,signal:834f2820c78414845e79afe0542083ac1bb396e16ab3b52975bf0ff471e5c7e7,evidence:doi:10.1007/s44295-025-00089-w,30178365958-1,non_living_res,MARINE,M,technical_skill,sensor,marine,,marine_ecological,sensor,title+subject,title+subject,efea7a80b295e52c519b0059f9b901c17eba703f7d7b95d1206f5929acc000d7,cumulative-db-semantic-v1,auto_accepted,metadata_only_limitation
fragment:signal:840fd86128e37f1dad053c6b31a502183d5b50da732d02e2982fd8b4befd9718:H3:03caa9b1cb46,H3,MARINE vs OCEANIC Differential Coverage,H3,signal:840fd86128e37f1dad053c6b31a502183d5b50da732d02e2982fd8b4befd9718,evidence:doi:10.13189/eer.2026.140301,30178365958-1,coastal_tourism,OCEANIC,O,social_science_skill,community,marine,,marine_ecological,community,title+subject,title+subject,1bfc5186b6a40d5eb8e1102327b4ee39721b1f43c20b4ced54a9ee2737f4144e,cumulative-db-semantic-v1,auto_accepted,metadata_only_limitation
fragment:signal:84be13dbb8d7bf2aa697b4152910f452eddc3a791123356518db200c7e0d2e54:H3:b2f00e037005,H3,MARINE vs OCEANIC Differential Coverage,H3,signal:84be13dbb8d7bf2aa697b4152910f452eddc3a791123356518db200c7e0d2e54,evidence:doi:10.1007/978-3-031-16277-0_6,30178365958-1,ship_repair,OCEANIC,O,technical_skill,technology,marine,,marine_ecological,technology,title+subject,title+subject,22f3680380ac79ab6641cf234c2e7a8c70c492edb2e9dd036dfcc8996f4f2fc2,cumulative-db-semantic-v1,review_required,metadata_only_limitation
fragment:signal:84c1524f170492243f993d2732c4845bc98cb3c37ff9a57a2d44bb99e775d2af:H3:a89d2c5499a1,H3,MARINE vs OCEANIC Differential Coverage,H3,signal:84c1524f170492243f993d2732c4845bc98cb3c37ff9a57a2d44bb99e775d2af,evidence:doi:10.7225/toms.v15.n01.024,30178365958-1,coastal_tourism,OCEANIC,O,governance_skill,governance,marine,,marine_ecological,governance,title+subject,title+subject,bd25e8eb0e538af484549a2975f8321b1c1593fab4819f062394b40a78d68980,cumulative-db-semantic-v1,review_required,metadata_only_limitation
fragment:signal:84ca7b9a4126e2fad097f2d94c3b8162d5b856db547d3eb9cff7a70ac59937bf:H3:67eee3a9e6e4,H3,MARINE vs OCEANIC Differential Coverage,H3,signal:84ca7b9a4126e2fad097f2d94c3b8162d5b856db547d3eb9cff7a70ac59937bf,evidence:doi:10.37905/jgej.v7i1.31409,30178365958-1,coastal_tourism,OCEANIC,O,education_training_signal,education,marine,,marine_ecological,education,title+subject,title+subject,d2ca2102a1033eeff465a985055ef80cca51020835f7243d79cf8a338be52aa3,cumulative-db-semantic-v1,review_required,metadata_only_limitation
fragment:signal:84ebfe8397bcb1c2ce1958f67a9246231e46fb90dec42a2e0021b88dedf3b1c2:H3:24360e7e0c2f,H3,MARINE vs OCEANIC Differential Coverage,H3,signal:84ebfe8397bcb1c2ce1958f67a9246231e46fb90dec42a2e0021b88dedf3b1c2,evidence:doi:10.1079/9781836995340.0000,30178365958-1,coastal_tourism,OCEANIC,O,sustainability_skill,resilience,marine,,marine_ecological,resilience,title,title,d7c7f561d48712b331501585fe23b3304d61a0b1f1f45c226b0e9156c86b6f99,cumulative-db-semantic-v1,review_required,metadata_only_limitation
fragment:signal:84f719c160220d40971a71efcf538618da3336fde23ca0a00da8ceaccf54e19f:H3:a73d57cfdd0a,H3,MARINE vs OCEANIC Differential Coverage,H3,signal:84f719c160220d40971a71efcf538618da3336fde23ca0a00da8ceaccf54e19f,evidence:doi:10.52403/ijrr.20260461,30178365958-1,coastal_tourism,OCEANIC,O,governance_skill,governance,marine,,marine_ecological,governance,title+subject,title+subject,f29f66c78ac5f790df9cc034256d94fc17a7d88b6b1aa696fe612b05ef88b62e,cumulative-db-semantic-v1,auto_accepted,metadata_only_limitation
fragment:signal:84f74470ada5e7c5888c4fd5196125d90d90e320f2c32c60058cac01152c0285:H3:1069c8f72e56,H3,MARINE vs OCEANIC Differential Coverage,H3,signal:84f74470ada5e7c5888c4fd5196125d90d90e320f2c32c60058cac01152c0285,evidence:doi:10.1051/bioconf/202622104005/pdf,30178365958-1,blue_biotech,MARINE,M,governance_skill,governance,marine,,marine_ecological,governance,title+subject,title+subject,a476f00be7d4b4d3980dd85096e39e051473f0e6654971a002a0c4fa7e2ddd0f,cumulative-db-semantic-v1,auto_accepted,metadata_only_limitation
fragment:signal:84fd4a3849db0520a40f2ceb110a8d7714b4ba4bc58b39c41192a60ba70ed1fc:H3:79d2fd267900,H3,MARINE vs OCEANIC Differential Coverage,H3,signal:84fd4a3849db0520a40f2ceb110a8d7714b4ba4bc58b39c41192a60ba70ed1fc,evidence:doi:10.1017/wat.2026.10027,30178365958-1,living_res,MARINE,M,governance_skill,governance,ecological,,marine_ecological,governance,title+subject,title+subject,b02692bf4c0d50dd06fb44d639f5e2393e20db91917fc207d2f0a237062bea26,cumulative-db-semantic-v1,auto_accepted,metadata_only_limitation
fragment:signal:8587d824b49f8d0ce49feb0c2562e272f7e7d821d06cbd0c7dae92e2ccc48a2c:H3:6aa9435efc42,H3,MARINE vs OCEANIC Differential Coverage,H3,signal:8587d824b49f8d0ce49feb0c2562e272f7e7d821d06cbd0c7dae92e2ccc48a2c,evidence:doi:10.5897/ajbm2025.9694,30178365958-1,renewable_energy,OCEANIC,O,sustainability_skill,sustainability,marine,,marine_ecological,sustainability,title+subject,title+subject,f2ef72042c0d9b45bbc8859947391e1a3e5919e5be254e04f01b72c3930640e0,cumulative-db-semantic-v1,auto_accepted,metadata_only_limitation
fragment:signal:85b0fe6e4c52dad4f3b2f6c1c00b8718dd663c2f3053779a06d61632c78d42f0:H3:77adbba6aea5,H3,MARINE vs OCEANIC Differential Coverage,H3,signal:85b0fe6e4c52dad4f3b2f6c1c00b8718dd663c2f3053779a06d61632c78d42f0,evidence:doi:10.1051/bioconf/202624505001,30178365958-1,living_res,OCEANIC,O,sustainability_skill,resilience,marine,,marine_ecological,resilience,title+subject,title+subject,77c84724213584c2b74c418db4b7730ca73b57e23fb3f658d458737d55d54cec,cumulative-db-semantic-v1,auto_accepted,metadata_only_limitation
fragment:signal:85b4e08080e887a783cee367a9afe09e11ea1dfd74d9c0164b31eb83d1bbf398:H3:dc6fedfd3291,H3,MARINE vs OCEANIC Differential Coverage,H3,signal:85b4e08080e887a783cee367a9afe09e11ea1dfd74d9c0164b31eb83d1bbf398,evidence:doi:10.31219/osf.io/ypxds,30178365958-1,non_living_res,MARINE,M,governance_skill,policy,marine,,marine_ecological,policy,title+subject,title+subject,18950bef1eee3cc63c37c59aebe71e852ab02e2023479bccc6fc87021688bedf,cumulative-db-semantic-v1,review_required,metadata_only_limitation
fragment:signal:85d338f6bba08d5eac380477e69b70d931b6a2207722f0f5b35c96c34cbd3c20:H3:d2cfe68732d2,H3,MARINE vs OCEANIC Differential Coverage,H3,signal:85d338f6bba08d5eac380477e69b70d931b6a2207722f0f5b35c96c34cbd3c20,evidence:doi:10.30564/jees.v8i1.12988,30178365958-1,living_res,MARINE,M,policy_regulation_skill,law,ecological,,marine_ecological,law,title+subject,title+subject,e34ba35f3f4c30c9b5b012d8d0f87f0dbf0357d76cfa6b28e465c5aeba3e89ed,cumulative-db-semantic-v1,review_required,metadata_only_limitation
fragment:signal:864c24f98f03485dddc380289fa8285ed18c6d8e1f86d757021c232d850f9abb:H3:667a3b78e9fc,H3,MARINE vs OCEANIC Differential Coverage,H3,signal:864c24f98f03485dddc380289fa8285ed18c6d8e1f86d757021c232d850f9abb,evidence:doi:10.1017/s2047102526100338,30178365958-1,blue_biotech,MARINE,M,explicit_competence_demand,competence,marine,,marine_ecological,competence,title+subject,title+subject,d4e282623f06b71fae25b33e29755e1986ddabc8db0a5b31adbaf0b6216e9101,cumulative-db-semantic-v1,auto_accepted,metadata_only_limitation
fragment:signal:865b430a5bc304d6e1f0db649e40b785fdacf108d3bf4ca02635e2fb77c80ee0:H3:3343265de519,H3,MARINE vs OCEANIC Differential Coverage,H3,signal:865b430a5bc304d6e1f0db649e40b785fdacf108d3bf4ca02635e2fb77c80ee0,evidence:doi:10.1007/s40152-026-00495-8,30178365958-1,living_res,MARINE,M,policy_regulation_skill,law,marine,,marine_ecological,law,title+subject,title+subject,88d1294920f9c976b29eacacbb42038ddcb62b2876843fd9fc4f0328b62fd3a6,cumulative-db-semantic-v1,review_required,metadata_only_limitation
fragment:signal:868acbc71d88acb640730cc6607ac614c502c9e831b601c02acc07662ecd5659:H3:7c7b210045b2,H3,MARINE vs OCEANIC Differential Coverage,H3,signal:868acbc71d88acb640730cc6607ac614c502c9e831b601c02acc07662ecd5659,evidence:doi:10.3390/microorganisms13102404,30178365958-1,blue_biotech,MARINE,M,sustainability_skill,sustainability,ecological,,marine_ecological,sustainability,title+subject,title+subject,37e47d8d5293d98d392f7f84cb054ed7f015e877eae5e8b8a8e670614d90be85,cumulative-db-semantic-v1,auto_accepted,metadata_only_limitation
fragment:signal:86941c2aa4d2b4fb25ba5adc7bb977b33019ccd420a9ecaef602b1427844f4c5:H3:26c70be6979f,H3,MARINE vs OCEANIC Differential Coverage,H3,signal:86941c2aa4d2b4fb25ba5adc7bb977b33019ccd420a9ecaef602b1427844f4c5,evidence:doi:10.1111/anti.70146,30178365958-1,living_res,OCEANIC,O,governance_skill,governance,marine,,marine_ecological,governance,title+subject,title+subject,1f7b6d8e7550b025cd3dba3e68f20f569592c8a435593f1808441acadaca86cc,cumulative-db-semantic-v1,review_required,metadata_only_limitation
fragment:signal:86e78b3d140eb928d4f10ffe101996f4ee7febecd2892d02208ea6be353042c5:H3:1cd447dac902,H3,MARINE vs OCEANIC Differential Coverage,H3,signal:86e78b3d140eb928d4f10ffe101996f4ee7febecd2892d02208ea6be353042c5,evidence:doi:10.1016/j.jnc.2026.127366,30178365958-1,living_res,OCEANIC,O,learning_outcome_signal,ects,marine,,marine_ecological,ects,title,title,72a102a995c76298d1c7b4cd3660f9cfddfac9a5e81fd1d8d4a117e534ee0f8f,cumulative-db-semantic-v1,review_required,metadata_only_limitation
fragment:signal:86f40247e7ef28105b1d386afd624235014305d47e500bb9d9e915f93a4952af:H3:52c484e049eb,H3,MARINE vs OCEANIC Differential Coverage,H3,signal:86f40247e7ef28105b1d386afd624235014305d47e500bb9d9e915f93a4952af,evidence:doi:10.3389/fenvs.2026.1853979,30178365958-1,r_i,OCEANIC,O,policy_regulation_skill,law,ecological,,marine_ecological,law,title+subject,title+subject,6a11c4381f02b24b1f1a6f1639124358b9fe02daf7c47d8c711a96fbe57264a7,cumulative-db-semantic-v1,auto_accepted,metadata_only_limitation
fragment:signal:87007398d45aeb565846b24a56c249501f23ec36ca9b5ef4dd21d1ef4b9d4161:H3:a5cc31e54940,H3,MARINE vs OCEANIC Differential Coverage,H3,signal:87007398d45aeb565846b24a56c249501f23ec36ca9b5ef4dd21d1ef4b9d4161,evidence:doi:10.21203/rs.3.rs-9837953/v1,30178365958-1,coastal_tourism,OCEANIC,O,governance_skill,governance,marine,,marine_ecological,governance,title+subject,title+subject,a2d6b7eab271147fac026224a00fb971219b80cdb20b771abae4eabeb80ec433,cumulative-db-semantic-v1,auto_accepted,metadata_only_limitation
fragment:signal:8735ad013a208f5821712b0a7e71533ff116b43c6306a54d075ff7281284e401:H3:7f9d43cab5dd,H3,MARINE vs OCEANIC Differential Coverage,H3,signal:8735ad013a208f5821712b0a7e71533ff116b43c6306a54d075ff7281284e401,evidence:doi:10.3389/fsufs.2026.1755644,30178365958-1,coastal_tourism,OCEANIC,O,sustainability_skill,sustainability,ecological,,marine_ecological,sustainability,title+subject,title+subject,af633113149fa95df36544e54842309fec06e40a68f5dc095af4038b71d249ab,cumulative-db-semantic-v1,review_required,metadata_only_limitation
fragment:signal:877d3793692fcc216325e34117847413e60fefd78c0878c3fe4f50551e8db445:H3:2a4905156edd,H3,MARINE vs OCEANIC Differential Coverage,H3,signal:877d3793692fcc216325e34117847413e60fefd78c0878c3fe4f50551e8db445,evidence:doi:10.3390/eesp2026041005,30178365958-1,living_res,MARINE,M,technical_skill,engineering,marine,,marine_ecological,engineering,title+subject,title+subject,af158862a35e38fc048a7ce4593c102745e21f8eb40296147ebbbf1e9a396ef5,cumulative-db-semantic-v1,auto_accepted,metadata_only_limitation
fragment:signal:878015c696944568600ba2e2841ef200a0766c0c486755cadee4c45727487deb:H3:dbea1c02e6a2,H3,MARINE vs OCEANIC Differential Coverage,H3,signal:878015c696944568600ba2e2841ef200a0766c0c486755cadee4c45727487deb,evidence:doi:10.3389/fmars.2026.1849663,30178365958-1,non_living_res,MARINE,M,safety_risk_skill,safety,marine,,marine_ecological,safety,title+subject,title+subject,ca7d52526289cf63946e4d389ba4a707206740ea212be09827caaf52d6e59c16,cumulative-db-semantic-v1,review_required,metadata_only_limitation
fragment:signal:87c8c7253f422af0e49cef1e5f61c6bb5bedbafa9167598659fd4e3ad700ca45:H3:39a688a39ff9,H3,MARINE vs OCEANIC Differential Coverage,H3,signal:87c8c7253f422af0e49cef1e5f61c6bb5bedbafa9167598659fd4e3ad700ca45,evidence:doi:10.28946/slrev.v10i1.5104,30178365958-1,blue_biotech,MARINE,M,policy_regulation_skill,law,marine,,marine_ecological,law,title+subject,title+subject,9826de8253effd0118fa0c37f8329e7616d6a30cbcde78e38158f09f8bb34903,cumulative-db-semantic-v1,auto_accepted,metadata_only_limitation
fragment:signal:88862685a6cc1ed1c2ade540e196859bc2fe86a34d73134d2063d560d7459869:H3:f5503ac4d25b,H3,MARINE vs OCEANIC Differential Coverage,H3,signal:88862685a6cc1ed1c2ade540e196859bc2fe86a34d73134d2063d560d7459869,evidence:doi:10.14288/1.0453254,30178365958-1,living_res,MARINE,M,learning_outcome_signal,ects,marine,,marine_ecological,ects,title+subject,title+subject,43c73c2738463385f65997fa54f9f6852a49717d198e6709eed45e04d4fff2d5,cumulative-db-semantic-v1,review_required,metadata_only_limitation
fragment:signal:88a76f734f59d1e9a783f8646bbf1f4f7babe6d9f5e97a79d348392487763952:H3:04d3911a93bc,H3,MARINE vs OCEANIC Differential Coverage,H3,signal:88a76f734f59d1e9a783f8646bbf1f4f7babe6d9f5e97a79d348392487763952,evidence:doi:10.1016/j.ocecoaman.2026.108309,30178365958-1,living_res,MARINE,M,education_training_signal,education,marine,,marine_ecological,education,title+subject,title+subject,1aa8428925af1cc4e8b63ccf09a66d96cb5d65c69b7fafa4bcc74486c1982e5c,cumulative-db-semantic-v1,review_required,metadata_only_limitation
fragment:signal:88d40d559c24bd9147cf3f49e0e0190101459b7a4634d716e50687b2bf9cd4f5:H3:74bb6e968412,H3,MARINE vs OCEANIC Differential Coverage,H3,signal:88d40d559c24bd9147cf3f49e0e0190101459b7a4634d716e50687b2bf9cd4f5,evidence:doi:10.52214/cblr.v2026i1.14954,30178365958-1,living_res,MARINE,M,technical_skill,engineering,marine,,marine_ecological,engineering,title+subject,title+subject,04780551a1379c50d69be9a395baad50e108664dabe7a63506e784892690cc2e,cumulative-db-semantic-v1,review_required,metadata_only_limitation
fragment:signal:88df5b50bd123fa460d88ac0ba3fd07c752421ef787f6684b27e7c2643ce9d12:H3:90351f26f7ac,H3,MARINE vs OCEANIC Differential Coverage,H3,signal:88df5b50bd123fa460d88ac0ba3fd07c752421ef787f6684b27e7c2643ce9d12,evidence:doi:10.54254/2753-8818/2026.hz35519,30178365958-1,living_res,MARINE,M,governance_skill,policies,marine,,marine_ecological,policies,title+subject,title+subject,338c5abd1c19f591ed833ce451ed6561406945b5da8413e672605b82cb196299,cumulative-db-semantic-v1,review_required,metadata_only_limitation
fragment:signal:890695fc8ac3ff630196c022b7d5bb4de0c1b7c0196763b302bd98635234e05d:H3:ad889d9ff81f,H3,MARINE vs OCEANIC Differential Coverage,H3,signal:890695fc8ac3ff630196c022b7d5bb4de0c1b7c0196763b302bd98635234e05d,evidence:doi:10.22495/jgrv15i2art7,30178365958-1,coastal_tourism,OCEANIC,O,governance_skill,policy,marine,,marine_ecological,policy,title+subject,title+subject,f85adf75290ec0b365a5bb60b10d435c774377a45268628770b727d0bc4d201a,cumulative-db-semantic-v1,auto_accepted,metadata_only_limitation
fragment:signal:8914d9f8de2b0b6dfa585e2f33242cc65acc15465699eccb1a11fbba668be1d5:H3:9d674fd3f676,H3,MARINE vs OCEANIC Differential Coverage,H3,signal:8914d9f8de2b0b6dfa585e2f33242cc65acc15465699eccb1a11fbba668be1d5,evidence:doi:10.22437/up.v7i2.54076,30178365958-1,coastal_tourism,OCEANIC,O,sustainability_skill,sustainability,marine,,marine_ecological,sustainability,title+subject,title+subject,9396c1c29b992b000e6cb9f9703d4e31be994db9e2f46c1ae7b0c41e403333bd,cumulative-db-semantic-v1,review_required,metadata_only_limitation
fragment:signal:8923b57a83b82f7fd571f744489e573662e9b189ae21483e1d1014c313f70eab:H3:a3bdde0c4a8e,H3,MARINE vs OCEANIC Differential Coverage,H3,signal:8923b57a83b82f7fd571f744489e573662e9b189ae21483e1d1014c313f70eab,evidence:doi:10.3390/futuretransp5040139,30178365958-1,coastal_tourism,OCEANIC,O,policy_regulation_skill,law,marine,,marine_ecological,law,title+subject,title+subject,9892b2a546e70ffb9e2dbc5a5a2a635f614780bbc5fc0a55726a3ec51c03394b,cumulative-db-semantic-v1,review_required,metadata_only_limitation
fragment:signal:8940761cc9f7a074a4259b1e2fc78299a617a3e56d7ec19e806b90237deaf74c:H3:dd8feca061e0,H3,MARINE vs OCEANIC Differential Coverage,H3,signal:8940761cc9f7a074a4259b1e2fc78299a617a3e56d7ec19e806b90237deaf74c,evidence:doi:10.46830/wriwp.25.00108,30178365958-1,coastal_tourism,OCEANIC,O,policy_regulation_skill,law,marine,,marine_ecological,law,title+subject,title+subject,6bbd1033fe0a2fe628f14b42bfa8317eecd6219eb2a58bf2f3c5bc14945945c5,cumulative-db-semantic-v1,review_required,metadata_only_limitation
fragment:signal:894c335392ca09b0b3d7ac8206a76c9e0e4f8acffed68d088beac610a5addd28:H3:5836c5927207,H3,MARINE vs OCEANIC Differential Coverage,H3,signal:894c335392ca09b0b3d7ac8206a76c9e0e4f8acffed68d088beac610a5addd28,evidence:doi:10.3390/su18115227,30178365958-1,blue_biotech,OCEANIC,O,digital_skill,ai,ecological,,marine_ecological,ai,title+subject,title+subject,88430a506a8e273e97f03dd879ac13789dcff0b09cebe6d690e117186a21a1dc,cumulative-db-semantic-v1,auto_accepted,metadata_only_limitation
fragment:signal:89530af93b04e97c3d0d5377d95834f33d8d8e4ec5ed2c7261399a52e6b6e336:H1:d29f834f4996,H1,Maritimisation Shift,H1,signal:89530af93b04e97c3d0d5377d95834f33d8d8e4ec5ed2c7261399a52e6b6e336,evidence:doi:10.1080/08920753.2022.2082835,30178365958-1,r_i,OCEANIC,O,social_science_skill,community,ocean governance,,oceanic_governance,community,title+subject,title+subject,9b617cf0ead104c7abad039e7536abf16ed50da172728b0e1a8b8a69adfb0195,cumulative-db-semantic-v1,auto_accepted,metadata_only_limitation
fragment:signal:896e3d137a9513e7587ec0113ed2adc04b42a41483365d507866b725c8dd3ca6:H3:11d3a5c07d7d,H3,MARINE vs OCEANIC Differential Coverage,H3,signal:896e3d137a9513e7587ec0113ed2adc04b42a41483365d507866b725c8dd3ca6,evidence:doi:10.21203/rs.3.rs-9316428/v1,30178365958-1,coastal_tourism,OCEANIC,O,governance_skill,governance,marine,,marine_ecological,governance,title+subject,title+subject,9e9e5614c82f86618a820155420c4ec204cfe4153c9436b81a64f18964819332,cumulative-db-semantic-v1,review_required,metadata_only_limitation
fragment:signal:89a164363d0e7d5f312019c2a210d959ff6ade660296e09afe051e4656c773fe:H3:a984a9dcdf62,H3,MARINE vs OCEANIC Differential Coverage,H3,signal:89a164363d0e7d5f312019c2a210d959ff6ade660296e09afe051e4656c773fe,evidence:doi:10.1002/aqc.3182,30178365958-1,maritime_transport,OCEANIC,O,learning_outcome_signal,ects,marine,,marine_ecological,ects,title+subject,title+subject,e427d59e1faad4253c561f8df427066c22631c71bd2e803540a85121f4c4e50e,cumulative-db-semantic-v1,review_required,metadata_only_limitation
fragment:signal:89b5ffafeb8ba0e6a865e20026ff0110497a06661cbe2cbf018886ff956ffa48:H3:f9f355b24f0a,H3,MARINE vs OCEANIC Differential Coverage,H3,signal:89b5ffafeb8ba0e6a865e20026ff0110497a06661cbe2cbf018886ff956ffa48,evidence:doi:10.1186/s40693-026-00143-9,30178365958-1,blue_biotech,MARINE,M,governance_skill,governance,marine,,marine_ecological,governance,title+subject,title+subject,cb0fbbe225b60aeca79150a56c90765c3f3338e90f73b9e390732cd1ef1fbcb1,cumulative-db-semantic-v1,review_required,metadata_only_limitation
fragment:signal:89c0c9f3e6da87a9a3581b3a96c791f4c1b0316b4e31ce56adb80c2ba11a5692:H3:a9d6f18b278f,H3,MARINE vs OCEANIC Differential Coverage,H3,signal:89c0c9f3e6da87a9a3581b3a96c791f4c1b0316b4e31ce56adb80c2ba11a5692,evidence:doi:10.20900/jsr20260053,30178365958-1,coastal_tourism,OCEANIC,O,sustainability_skill,sustainability,marine,,marine_ecological,sustainability,title+subject,title+subject,7cd9b3fedf6cb55d9c87668ebb3b104eed67b2d3a8a226ef3369497b3a014c82,cumulative-db-semantic-v1,auto_accepted,metadata_only_limitation
fragment:signal:89f59b57a7597f185655e1eede60847f5512d17f2dee7b54ea69358034994e72:H3:8f1fb450bf10,H3,MARINE vs OCEANIC Differential Coverage,H3,signal:89f59b57a7597f185655e1eede60847f5512d17f2dee7b54ea69358034994e72,evidence:doi:10.1007/s40152-025-00464-7,30178365958-1,renewable_energy,OCEANIC,O,technical_skill,engineering,marine,,marine_ecological,engineering,title+subject,title+subject,bfba8838eaa1a265bf0fc35f06497e792964527e0d124ed0ac5efb70d4a82e45,cumulative-db-semantic-v1,review_required,metadata_only_limitation
fragment:signal:8a0d61865d00d72ce24895039e1aacda853788d1ce92be8ca7f6403a62d4d43b:H3:7198e631f121,H3,MARINE vs OCEANIC Differential Coverage,H3,signal:8a0d61865d00d72ce24895039e1aacda853788d1ce92be8ca7f6403a62d4d43b,evidence:doi:10.63654/icms.2026.03001,30178365958-1,blue_biotech,MARINE,M,policy_regulation_skill,convention,marine,,marine_ecological,convention,title+subject,title+subject,4cb4e4a22dd14f3afa8829d879fa1cf2d7c5d2b092d6f53f25a36b8aa466cf74,cumulative-db-semantic-v1,review_required,metadata_only_limitation
fragment:signal:8a431cb552b337f1e2e7a9ce7b36fae7582981ff26330c24081dd83e7afdb76e:H3:aafc867b4378,H3,MARINE vs OCEANIC Differential Coverage,H3,signal:8a431cb552b337f1e2e7a9ce7b36fae7582981ff26330c24081dd83e7afdb76e,evidence:doi:10.46830/wriwp.22.00157,30178365958-1,non_living_res,MARINE,M,learning_outcome_signal,ects,marine,,marine_ecological,ects,title+subject,title+subject,ebe4c0664804e499991f9b90e874090a54d5eea734a6dba820000a56ac305e68,cumulative-db-semantic-v1,review_required,metadata_only_limitation
fragment:signal:8af2810acb91bf0b1322ee718cfcc09b18863f347dc05d9ecc1c7fce5e86f04d:H1:07781195921f,H1,Maritimisation Shift,H1,signal:8af2810acb91bf0b1322ee718cfcc09b18863f347dc05d9ecc1c7fce5e86f04d,evidence:doi:10.1177/1035304620981374,30178365958-1,maritime_transport,MARITIME,T,policy_regulation_skill,convention,maritime labour,,maritime_dominance,convention,title,title,27b3fc6eed2ba84535c879b1959ef539e5bb3c6932f85fcd25e809733feca9c7,cumulative-db-semantic-v1,review_required,metadata_only_limitation
fragment:signal:8b07c1a5190a03fff8b0f15bcf06070a569fd18e3d4413886e71c99eba784d1a:H3:beb0de55c6cf,H3,MARINE vs OCEANIC Differential Coverage,H3,signal:8b07c1a5190a03fff8b0f15bcf06070a569fd18e3d4413886e71c99eba784d1a,evidence:doi:10.3329/bimradj.v6i1.87345,30178365958-1,blue_biotech,OCEANIC,O,digital_skill,artificial intelligence,marine,,marine_ecological,artificial intelligence,title+subject,title+subject,b2dd4620a2ee7d51ffdbf4c7b6c71e09e8903492c6fc20849b998495a672a0f7,cumulative-db-semantic-v1,review_required,metadata_only_limitation
fragment:signal:8b38fbe399d8b17da5c85d12d1b995c0430f66d2b875133602a791ae61113d6f:H3:e1cf47272054,H3,MARINE vs OCEANIC Differential Coverage,H3,signal:8b38fbe399d8b17da5c85d12d1b995c0430f66d2b875133602a791ae61113d6f,evidence:doi:10.5281/zenodo.20759412,30178365958-1,non_living_res,MARINE,M,social_science_skill,sociology,planetary,,oceanic_planetary,sociology,title+subject,title+subject,ba12e5f3339d5479d181e77ec6790309f9a3cda5271e47f6a56952e48bcd7835,cumulative-db-semantic-v1,review_required,metadata_only_limitation
fragment:signal:8b5ed8f71ef2605feaf2fb3eee9bc6fe6d728c74b8cb2782742cd4df1993235b:H3:22b7bb928d4b,H3,MARINE vs OCEANIC Differential Coverage,H3,signal:8b5ed8f71ef2605feaf2fb3eee9bc6fe6d728c74b8cb2782742cd4df1993235b,evidence:doi:10.30564/jees.v8i2.12983,30178365958-1,blue_biotech,MARINE,M,policy_regulation_skill,law,ecological,,marine_ecological,law,title+subject,title+subject,ab87b6efb9c9cc81a78547971f4418b5afda45f8b6849ae97cbd2bc2eba6fa30,cumulative-db-semantic-v1,review_required,metadata_only_limitation
fragment:signal:8b60ebb89fb82e96ed599a8180c8aa7cddce7ccfea6ec24800847cb60a4ad38e:H3:65add7b9a670,H3,MARINE vs OCEANIC Differential Coverage,H3,signal:8b60ebb89fb82e96ed599a8180c8aa7cddce7ccfea6ec24800847cb60a4ad38e,evidence:doi:10.3389/focsu.2026.1752532,30178365958-1,coastal_tourism,OCEANIC,O,sustainability_skill,sustainability,marine,,marine_ecological,sustainability,title+subject,title+subject,2082202ebab4910420bc56df46990580cd8723709f6bb637f40b4ff0cb786017,cumulative-db-semantic-v1,review_required,metadata_only_limitation
fragment:signal:8b6da0c68b3209475804e25891ff71f3f53e8bc9475ac7b307481d1641dd404c:H3:66c4c9328947,H3,MARINE vs OCEANIC Differential Coverage,H3,signal:8b6da0c68b3209475804e25891ff71f3f53e8bc9475ac7b307481d1641dd404c,evidence:doi:10.3390/logistics10050111,30178365958-1,coastal_tourism,OCEANIC,O,governance_skill,governance,marine,,marine_ecological,governance,title+subject,title+subject,8a2be53104538507b4ea7343971e2521d90dbc59391ca9f0e5ea714a46d6a073,cumulative-db-semantic-v1,auto_accepted,metadata_only_limitation
fragment:signal:8b80cd1346404afccc3a843b2e5362bc885665b31c49c49e0b14bd1720a431ae:H3:3cb2f06bc413,H3,MARINE vs OCEANIC Differential Coverage,H3,signal:8b80cd1346404afccc3a843b2e5362bc885665b31c49c49e0b14bd1720a431ae,evidence:doi:10.59117/20.500.11822/45890,30178365958-1,non_living_res,MARINE,M,digital_skill,artificial intelligence,planetary,,oceanic_planetary,artificial intelligence,title+subject,title+subject,22f5a033d768b6e3d0cf6664c6ef4a865a6fe8756b6790fb2ed90e5c18522adf,cumulative-db-semantic-v1,review_required,metadata_only_limitation
fragment:signal:8bdfc408f47d4a7b6d466c3d024cc0302cbb97bb6ee89574da5c4f5ea77364fc:H3:750e01e8f620,H3,MARINE vs OCEANIC Differential Coverage,H3,signal:8bdfc408f47d4a7b6d466c3d024cc0302cbb97bb6ee89574da5c4f5ea77364fc,evidence:doi:10.1007/978-3-031-24888-7_19,30178365958-1,blue_biotech,MARINE,M,policy_regulation_skill,law,marine,,marine_ecological,law,title,title,efc1713cbd50af698c90441ca40f85b33b52809d094b717f734c0a39f7d0f0dd,cumulative-db-semantic-v1,review_required,metadata_only_limitation
fragment:signal:8c2448393eae9aa1cdff075b9645d335c10d55bd0533816043200d136f852b34:H3:23e76b5b148f,H3,MARINE vs OCEANIC Differential Coverage,H3,signal:8c2448393eae9aa1cdff075b9645d335c10d55bd0533816043200d136f852b34,evidence:doi:10.3390/su132112146,30178365958-1,ship_repair,OCEANIC,O,technical_skill,engineering,marine,,marine_ecological,engineering,title+subject,title+subject,08c25ed56a88e48a8c393c17375ed82f27fd64f0d854fd61d44584cc08cbce47,cumulative-db-semantic-v1,auto_accepted,metadata_only_limitation
fragment:signal:8c7e4b98533e1faf3621406578597105ffb11d44bf39e428a4ad0c1a9e28bb8f:H3:52436614df90,H3,MARINE vs OCEANIC Differential Coverage,H3,signal:8c7e4b98533e1faf3621406578597105ffb11d44bf39e428a4ad0c1a9e28bb8f,evidence:doi:10.3389/fsufs.2026.1817357,30178365958-1,coastal_tourism,OCEANIC,O,sustainability_skill,sustainability,marine,,marine_ecological,sustainability,title+subject,title+subject,788c611a94498cefb65ebaabf6274254ce4d83ab08cb68f544e866fa1f8d485f,cumulative-db-semantic-v1,auto_accepted,metadata_only_limitation
fragment:signal:8c92f749e79a8109aae00597bbd57b84dffb84009291ef7e4a4a5998abbf779e:H3:1e6cc0b0b9aa,H3,MARINE vs OCEANIC Differential Coverage,H3,signal:8c92f749e79a8109aae00597bbd57b84dffb84009291ef7e4a4a5998abbf779e,evidence:doi:10.3389/fmars.2026.1846835,30178365958-1,blue_biotech,OCEANIC,O,governance_skill,governance,marine,,marine_ecological,governance,title,title,71952eb89ed0ca1e21a53822bdc96475aa47a407e38f46781ff0f21f608803f4,cumulative-db-semantic-v1,review_required,metadata_only_limitation
fragment:signal:8ccb5efaa0b2184d0966523604fe291c94e526b61345e1a9b40116832b0b9bfe:H3:23c8d3345189,H3,MARINE vs OCEANIC Differential Coverage,H3,signal:8ccb5efaa0b2184d0966523604fe291c94e526b61345e1a9b40116832b0b9bfe,evidence:doi:10.1111/1541-4337.70422,30178365958-1,blue_biotech,MARINE,M,learning_outcome_signal,ects,marine,,marine_ecological,ects,title+subject,title+subject,ce380f9d94e35da985a5317e715cfd07cd583aa970ba5484b0d0e4d074972b4d,cumulative-db-semantic-v1,review_required,metadata_only_limitation
fragment:signal:8cf4fd15fbb016fcfdcaf16535dc387e3091c7bc2517aa87317be22d3b146cdc:H3:3712645ac345,H3,MARINE vs OCEANIC Differential Coverage,H3,signal:8cf4fd15fbb016fcfdcaf16535dc387e3091c7bc2517aa87317be22d3b146cdc,evidence:doi:10.1007/s44289-024-00038-1,30178365958-1,living_res,OCEANIC,O,social_science_skill,sociology,marine,,marine_ecological,sociology,title+subject,title+subject,94801200bf5addbc7dd398fbc07c78c3bbbaeab139a0b3e3c83f4e552f151ee5,cumulative-db-semantic-v1,review_required,metadata_only_limitation
fragment:signal:8d37ebd940f7678e2c885de3df23dc50459757b1fd253e8466f6cfc779c38389:H3:63f1c2b9272e,H3,MARINE vs OCEANIC Differential Coverage,H3,signal:8d37ebd940f7678e2c885de3df23dc50459757b1fd253e8466f6cfc779c38389,evidence:doi:10.5281/zenodo.20728589,30178365958-1,blue_biotech,MARINE,M,policy_regulation_skill,law,marine,,marine_ecological,law,title+subject,title+subject,1b3a7ba076a40a7160aaf67343571e31ebecf3d2d8342d45d10cb966e3260b85,cumulative-db-semantic-v1,review_required,metadata_only_limitation
fragment:signal:8d94986c2a9c15f41c57128f671637f75df2bfb629fe4d8a2c0042e949037924:H3:d59e8e00fbcf,H3,MARINE vs OCEANIC Differential Coverage,H3,signal:8d94986c2a9c15f41c57128f671637f75df2bfb629fe4d8a2c0042e949037924,evidence:doi:10.64898/2026.07.07.736054,30178365958-1,r_i,OCEANIC,O,sustainability_skill,climate,marine,,marine_ecological,climate,title+subject,title+subject,31b65173342c233b73b11e13fb9f5963d6f9a9b1c5b0bc5bf3cb1f64dce14e02,cumulative-db-semantic-v1,review_required,metadata_only_limitation
fragment:signal:8e3f2c9339a13311c5d0a808431320507072cf17baf5a1837f26c9825127f0e6:H1:2cd1bffc865f,H1,Maritimisation Shift,H1,signal:8e3f2c9339a13311c5d0a808431320507072cf17baf5a1837f26c9825127f0e6,evidence:doi:10.56975/ijrar.v12i3.320815,30178365958-1,ship_repair,OCEANIC,O,sustainability_skill,sustainable,maritime infrastructure,,maritime_dominance,sustainable,title+subject,title+subject,a6c4274b2d9d1f8ec4482bb266a145d7ee80c1edfe7823d4b256e6c7fe15f907,cumulative-db-semantic-v1,auto_accepted,metadata_only_limitation
fragment:signal:8e3f2c9339a13311c5d0a808431320507072cf17baf5a1837f26c9825127f0e6:H3:2ec1734fc283,H3,MARINE vs OCEANIC Differential Coverage,H3,signal:8e3f2c9339a13311c5d0a808431320507072cf17baf5a1837f26c9825127f0e6,evidence:doi:10.56975/ijrar.v12i3.320815,30178365958-1,ship_repair,OCEANIC,O,sustainability_skill,sustainable,marine,,marine_ecological,sustainable,title+subject,title+subject,a6c4274b2d9d1f8ec4482bb266a145d7ee80c1edfe7823d4b256e6c7fe15f907,cumulative-db-semantic-v1,auto_accepted,metadata_only_limitation
fragment:signal:8e521ec8b38c1a390cb56e9b129e61bb30de04fffcd5b5b5bdeaf051368fecf9:H3:09b37324992b,H3,MARINE vs OCEANIC Differential Coverage,H3,signal:8e521ec8b38c1a390cb56e9b129e61bb30de04fffcd5b5b5bdeaf051368fecf9,evidence:doi:10.1016/j.ssaho.2026.103084,30178365958-1,living_res,OCEANIC,O,governance_skill,governance,marine,,marine_ecological,governance,title,title,f64028f7bf9f5b00e9094d40a9aca784d1e2a5b5627d6360aa37047a859b6680,cumulative-db-semantic-v1,review_required,metadata_only_limitation
fragment:signal:8e8d251b5e7dbece22b9374b6d527479d07507b681dd8994c3d0d701a73a3260:H3:2a2bd001b87c,H3,MARINE vs OCEANIC Differential Coverage,H3,signal:8e8d251b5e7dbece22b9374b6d527479d07507b681dd8994c3d0d701a73a3260,evidence:doi:10.1080/18366503.2026.2687145,30178365958-1,living_res,MARINE,M,sustainability_skill,sustainability,marine,,marine_ecological,sustainability,title+subject,title+subject,54b8fc8a114206844c68d44abbf9419d8dab32cb37d65ba84e2fddb47d5e853f,cumulative-db-semantic-v1,review_required,metadata_only_limitation
fragment:signal:8edb1c18c8766df383d46ec58e997f9f828f361a2c120904fb2f58f10ea6b3ca:H3:81c7341b3b00,H3,MARINE vs OCEANIC Differential Coverage,H3,signal:8edb1c18c8766df383d46ec58e997f9f828f361a2c120904fb2f58f10ea6b3ca,evidence:doi:10.69517/aier.2026.03.01.0005,30178365958-1,blue_biotech,MARINE,M,governance_skill,governance,marine,,marine_ecological,governance,title+subject,title+subject,8bb99ebfc1c5362f21def9bc0c2c8915a37cad800d133e201976dd02f27f19cb,cumulative-db-semantic-v1,review_required,metadata_only_limitation
fragment:signal:8ef20f35d673baa9d8f44a6d8b39de44f6bbeecf862ec2f91e46f09bd613592b:H3:47cdf9a3a5c0,H3,MARINE vs OCEANIC Differential Coverage,H3,signal:8ef20f35d673baa9d8f44a6d8b39de44f6bbeecf862ec2f91e46f09bd613592b,evidence:doi:10.36859/jdg.v11i1.5710,30178365958-1,living_res,MARINE,M,sustainability_skill,sustainability,marine,,marine_ecological,sustainability,title+subject,title+subject,646ff5d7d9e3607d3c0c4a62af8d7905e659379859612795d12fcc4e64577edc,cumulative-db-semantic-v1,review_required,metadata_only_limitation
fragment:signal:8efbebc888b1e7dec83d314302f4cf64c2af19bc2cc0baad102897cac16de4c5:H3:e3c531df55bc,H3,MARINE vs OCEANIC Differential Coverage,H3,signal:8efbebc888b1e7dec83d314302f4cf64c2af19bc2cc0baad102897cac16de4c5,evidence:doi:10.3390/machines12100693,30178365958-1,non_living_res,MARINE,M,digital_skill,artificial intelligence,marine,,marine_ecological,artificial intelligence,title+subject,title+subject,2fc4ab2c1f70ff7e58986f18428e81533e0770fd283bfcc273b7d81175fa6dc4,cumulative-db-semantic-v1,review_required,metadata_only_limitation
fragment:signal:8f4f270a631b1e2facb19e22694c8986aa3a104d16a36984371e3696283756cc:H3:c43d3c6a21ac,H3,MARINE vs OCEANIC Differential Coverage,H3,signal:8f4f270a631b1e2facb19e22694c8986aa3a104d16a36984371e3696283756cc,evidence:doi:10.1016/j.marpolbul.2026.119944,30178365958-1,living_res,OCEANIC,O,sustainability_skill,sustainable,ecological,,marine_ecological,sustainable,title,title,0c526be832f81197b720527369f80bebd14ebc0779f6406aa69458ec031aab92,cumulative-db-semantic-v1,review_required,metadata_only_limitation
fragment:signal:90228748ebfcd9125fa5da6a057a413281c8c83352b1af6a68aa3e9545f1d1f6:H3:ec562d147de6,H3,MARINE vs OCEANIC Differential Coverage,H3,signal:90228748ebfcd9125fa5da6a057a413281c8c83352b1af6a68aa3e9545f1d1f6,evidence:doi:10.1080/18366503.2026.2687142,30178365958-1,blue_biotech,OCEANIC,O,governance_skill,governance,marine,,marine_ecological,governance,title+subject,title+subject,d40fe590603f3576b40e5fc07a980ef55a56946619507d455cbd437f05a6a9f8,cumulative-db-semantic-v1,auto_accepted,metadata_only_limitation
fragment:signal:902e6b4d7f80d7158542897881acf292c099b13c35012685f500f7d31e4a34f3:H3:22bad4c597c8,H3,MARINE vs OCEANIC Differential Coverage,H3,signal:902e6b4d7f80d7158542897881acf292c099b13c35012685f500f7d31e4a34f3,evidence:doi:10.1057/s41599-026-07859-9,30178365958-1,non_living_res,MARINE,M,sustainability_skill,sustainability,marine,,marine_ecological,sustainability,title+subject,title+subject,0d4e16018a03d6586a576544db9afcf9454b225bf34c6d22fcfd17854b5a7ea2,cumulative-db-semantic-v1,review_required,metadata_only_limitation
fragment:signal:903098e1b661ee13dde9326898692131ed78583910b5cd696e97b90fb9c02cfe:H3:059e4409ce52,H3,MARINE vs OCEANIC Differential Coverage,H3,signal:903098e1b661ee13dde9326898692131ed78583910b5cd696e97b90fb9c02cfe,evidence:doi:10.46830/wriwp.25.00130,30178365958-1,non_living_res,MARINE,M,governance_skill,policy,marine,,marine_ecological,policy,title+subject,title+subject,517b4b296714d6d044cd9d8878c32a14bee8ec1c4250d9e13e3a80088b3b1681,cumulative-db-semantic-v1,review_required,metadata_only_limitation
fragment:signal:9044db3982ac6cde9d5125ca89dfafd3fef0449bc64613a22c48afa81861eca7:H3:e63d6fa7dfc3,H3,MARINE vs OCEANIC Differential Coverage,H3,signal:9044db3982ac6cde9d5125ca89dfafd3fef0449bc64613a22c48afa81861eca7,evidence:doi:10.71222/za237024,30178365958-1,coastal_tourism,OCEANIC,O,governance_skill,governance,marine,,marine_ecological,governance,title+subject,title+subject,063921fb3ca24aa60a75dde03a52165e7c7827bdf374f7d1b57e2d560d7eaffa,cumulative-db-semantic-v1,auto_accepted,metadata_only_limitation
fragment:signal:90fd35fcdf1b9179a43f3982e4a4326aa7f86410ed6bd759e1b623809bcea6cc:H3:44530d29c662,H3,MARINE vs OCEANIC Differential Coverage,H3,signal:90fd35fcdf1b9179a43f3982e4a4326aa7f86410ed6bd759e1b623809bcea6cc,evidence:doi:10.3389/fmars.2026.1839386,30178365958-1,blue_biotech,MARINE,M,technical_skill,technology,marine,,marine_ecological,technology,title+subject,title+subject,9d4f6760a1f04678ae2ad34f04a1c492729a35760c349cab82d69646b54448e4,cumulative-db-semantic-v1,review_required,metadata_only_limitation
fragment:signal:9104c3ad2d481cb83ba3175cb9089065ba40f5f62c59a2c7e57e5407be19e79b:H3:6b2ca05ba38e,H3,MARINE vs OCEANIC Differential Coverage,H3,signal:9104c3ad2d481cb83ba3175cb9089065ba40f5f62c59a2c7e57e5407be19e79b,evidence:doi:10.21077/ijf.2026.73.2.174990-17,30178365958-1,living_res,MARINE,M,sustainability_skill,sustainability,marine,,marine_ecological,sustainability,title+subject,title+subject,faa6ede0c1695cc99a1e4483b1eaeaf89340b3adac1c61cc189cc4578eefd1bd,cumulative-db-semantic-v1,review_required,metadata_only_limitation
fragment:signal:9118bdad1efbd9a2842e7cff4083f314f11df6568b5b331f22e001510d026d19:H3:939db944e345,H3,MARINE vs OCEANIC Differential Coverage,H3,signal:9118bdad1efbd9a2842e7cff4083f314f11df6568b5b331f22e001510d026d19,evidence:doi:10.52403/ijrr.20251264,30178365958-1,blue_biotech,MARINE,M,sustainability_skill,resilience,marine,,marine_ecological,resilience,title+subject,title+subject,1fc3dd8b99bbb539200f79a1592b14dac6a57ac26630448f7d83804ac09d4696,cumulative-db-semantic-v1,review_required,metadata_only_limitation
fragment:signal:91441dd76b5e7cb6fb1670314afedbc07c777ce1fdd0b498cb74e6f718432a12:H3:0a9b5309e31f,H3,MARINE vs OCEANIC Differential Coverage,H3,signal:91441dd76b5e7cb6fb1670314afedbc07c777ce1fdd0b498cb74e6f718432a12,evidence:doi:10.55681/economina.v5i5.2191,30178365958-1,coastal_tourism,OCEANIC,O,governance_skill,stakeholder,marine,,marine_ecological,stakeholder,title+subject,title+subject,7223dfc5ce9f1ab4fee0427e336808ffed2997a7becd4c3f40fe8e6c66e59189,cumulative-db-semantic-v1,review_required,metadata_only_limitation
fragment:signal:9167b41a0aba8bc63087e6198c1e72f13095786a8479c2a5266a13761a7d9d45:H3:dce5475584c6,H3,MARINE vs OCEANIC Differential Coverage,H3,signal:9167b41a0aba8bc63087e6198c1e72f13095786a8479c2a5266a13761a7d9d45,evidence:doi:10.5751/es-17555-310301,30178365958-1,renewable_energy,OCEANIC,O,policy_regulation_skill,law,marine,,marine_ecological,law,title+subject,title+subject,7bdfc334807e8c1bcb092231dfe4125cecd644de2e2867a8c4ef3f14e6885e4d,cumulative-db-semantic-v1,review_required,metadata_only_limitation
fragment:signal:91bc8f1d4e22809dfcab4b3b4113b4fb9634dc7a97b56858b64bdce2d4ce0ea4:H3:21b8c4b93ad6,H3,MARINE vs OCEANIC Differential Coverage,H3,signal:91bc8f1d4e22809dfcab4b3b4113b4fb9634dc7a97b56858b64bdce2d4ce0ea4,evidence:doi:10.1007/s44475-026-00057-w,30178365958-1,living_res,MARINE,M,safety_risk_skill,risk,marine,,marine_ecological,risk,title+subject,title+subject,b0d9e3608ac4580508a43a348a6248175c0ea7741cf3ca349166dc79a316d77f,cumulative-db-semantic-v1,auto_accepted,metadata_only_limitation
fragment:signal:91eb13e4fec5d375488daf4f4efa999c21cd31b852d63f386444c1170e3e98b3:H3:09b78253a42e,H3,MARINE vs OCEANIC Differential Coverage,H3,signal:91eb13e4fec5d375488daf4f4efa999c21cd31b852d63f386444c1170e3e98b3,evidence:doi:10.5281/zenodo.21426402,30178365958-1,living_res,MARINE,M,governance_skill,governance,marine,,marine_ecological,governance,title+subject,title+subject,0069097d8890f49a9a84fa16579d96c89f81c3411cd670ee6c36e0d451d7fc26,cumulative-db-semantic-v1,auto_accepted,metadata_only_limitation
fragment:signal:9210e3f173dbc23ef5b6fc8c96d3ef5bb4ed04a38616950bc5b051a8bcd836ed:H3:c4de2d3085d8,H3,MARINE vs OCEANIC Differential Coverage,H3,signal:9210e3f173dbc23ef5b6fc8c96d3ef5bb4ed04a38616950bc5b051a8bcd836ed,evidence:doi:10.1002/pan3.10715,30178365958-1,living_res,OCEANIC,O,social_science_skill,sociology,marine,,marine_ecological,sociology,title+subject,title+subject,809918d750c19909ef8ed16e58eb5b34a404aa25f76b33ff3eae22e4e66a20e3,cumulative-db-semantic-v1,review_required,metadata_only_limitation
fragment:signal:9230b2ee0ac3db4d4e1836106364ad5283759839abfb0ea807defdeef08032bc:H3:1761087d74dd,H3,MARINE vs OCEANIC Differential Coverage,H3,signal:9230b2ee0ac3db4d4e1836106364ad5283759839abfb0ea807defdeef08032bc,evidence:doi:10.1016/j.marpolbul.2026.119576,30178365958-1,renewable_energy,OCEANIC,O,sustainability_skill,sustainability,marine,,marine_ecological,sustainability,title+subject,title+subject,0904510bffee55b56031f35d757a89288423480db0e68cddbe17077cc24914a2,cumulative-db-semantic-v1,review_required,metadata_only_limitation
fragment:signal:9264bd7aa47f6345a21618471214dd1d4fb267b0a6e9ab399e52ea10b5293db9:H3:2c302fad88fb,H3,MARINE vs OCEANIC Differential Coverage,H3,signal:9264bd7aa47f6345a21618471214dd1d4fb267b0a6e9ab399e52ea10b5293db9,evidence:doi:10.30564/re.v7i4.10323,30178365958-1,blue_biotech,OCEANIC,O,governance_skill,governance,ecological,,marine_ecological,governance,title+subject,title+subject,11a1459b9530faa1253249a9391e80b8807a0f16794cc179ee4c76ec6bdd4557,cumulative-db-semantic-v1,review_required,metadata_only_limitation
fragment:signal:9283e2b65ac57a29ff926861fac430a0350438b72864bdc65d6353aa95b44d0b:H1:c069d4f1e832,H1,Maritimisation Shift,H1,signal:9283e2b65ac57a29ff926861fac430a0350438b72864bdc65d6353aa95b44d0b,evidence:doi:10.35718/ismatech.v3i2.8481886,30178365958-1,ship_repair,MARITIME,T,explicit_competence_demand,competency,maritime infrastructure,,maritime_dominance,competency,title+subject,title+subject,a0cc6968ebfb1447980282d3bcadbe11aa11849ac70f58fca27a0522da9e801a,cumulative-db-semantic-v1,review_required,metadata_only_limitation
fragment:signal:92b6d9106f632dc0546cde8a157aa44d37fb5bdd53f43ea90617640587fb123d:H3:55ed396c5cde,H3,MARINE vs OCEANIC Differential Coverage,H3,signal:92b6d9106f632dc0546cde8a157aa44d37fb5bdd53f43ea90617640587fb123d,evidence:doi:10.3390/su18020874,30178365958-1,non_living_res,MARINE,M,learning_outcome_signal,ects,marine,,marine_ecological,ects,title+subject,title+subject,cb08af74306a0ed0a080b190ca87c9b178ebbbcbf5a0376c5fa5f9c5d2581af6,cumulative-db-semantic-v1,review_required,metadata_only_limitation
fragment:signal:92e799161469e2fdeaaadab17788fa4ec0f8185921d72be910fc77d1cd50188e:H3:6d845aa115ce,H3,MARINE vs OCEANIC Differential Coverage,H3,signal:92e799161469e2fdeaaadab17788fa4ec0f8185921d72be910fc77d1cd50188e,evidence:doi:10.1111/faf.70100,30178365958-1,living_res,MARINE,M,policy_regulation_skill,law,marine,,marine_ecological,law,title+subject,title+subject,7c80c2b14e1f94e94936339a4c9759c37361b43a5b143270002e4f90e9479b00,cumulative-db-semantic-v1,review_required,metadata_only_limitation
fragment:signal:92fedc7b3b4d9ba7d3622a7d9d0d423e7363a38fe4242899634d4685b266dd57:H3:e7a102605dbd,H3,MARINE vs OCEANIC Differential Coverage,H3,signal:92fedc7b3b4d9ba7d3622a7d9d0d423e7363a38fe4242899634d4685b266dd57,evidence:doi:10.1016/j.heliyon.2024.e34124,30178365958-1,living_res,MARINE,M,social_science_skill,community,marine,,marine_ecological,community,title,title,1b315f215d01961950ac7ebd193eac1a31ed914345e5efc1e3f3cc084fe7d11b,cumulative-db-semantic-v1,review_required,metadata_only_limitation
fragment:signal:931b8d6e87e57a747e2ca4a28ea819b4a6606c0f60ea7cf0c0d317386bd7065c:H3:c46885434e83,H3,MARINE vs OCEANIC Differential Coverage,H3,signal:931b8d6e87e57a747e2ca4a28ea819b4a6606c0f60ea7cf0c0d317386bd7065c,evidence:doi:10.1016/j.sftr.2026.101782,30178365958-1,maritime_defence,OCEANIC,O,sustainability_skill,sustainability,ecological,,marine_ecological,sustainability,title+subject,title+subject,c2ca64f470ab46e87a5f95668db6ebc067f184a52e832b09b4504f34615f961c,cumulative-db-semantic-v1,review_required,metadata_only_limitation
fragment:signal:936722549f94fa530e72c71f72784ea9596de35407662d08dec87545e7c2942b:H3:76acd7ecf8a0,H3,MARINE vs OCEANIC Differential Coverage,H3,signal:936722549f94fa530e72c71f72784ea9596de35407662d08dec87545e7c2942b,evidence:doi:10.5281/zenodo.18508676,30178365958-1,living_res,MARINE,M,sustainability_skill,adaptation,marine,,marine_ecological,adaptation,title+subject,title+subject,c0de0afc739165c91b0c9fcfb55873ca8b5d0f585d405f48d4ce413316157381,cumulative-db-semantic-v1,review_required,metadata_only_limitation
fragment:signal:93b608899235c51a4c104bc62121ee454b4a0f202b92eef299a17f9415e6442a:H3:bd994e541dfa,H3,MARINE vs OCEANIC Differential Coverage,H3,signal:93b608899235c51a4c104bc62121ee454b4a0f202b92eef299a17f9415e6442a,evidence:doi:10.5281/zenodo.20728590,30178365958-1,blue_biotech,MARINE,M,social_science_skill,community,marine,,marine_ecological,community,title+subject,title+subject,1b3a7ba076a40a7160aaf67343571e31ebecf3d2d8342d45d10cb966e3260b85,cumulative-db-semantic-v1,review_required,metadata_only_limitation
fragment:signal:93bff775dad635e14fcbcf871722b452a4913121f157a725b3353170df53cdf5:H3:a33f726b444e,H3,MARINE vs OCEANIC Differential Coverage,H3,signal:93bff775dad635e14fcbcf871722b452a4913121f157a725b3353170df53cdf5,evidence:doi:10.65150/ep-jsshrs/v2e6/2026-14,30178365958-1,coastal_tourism,OCEANIC,O,sustainability_skill,sustainability,ecological,,marine_ecological,sustainability,title+subject,title+subject,dd3e0ce0a1c2a82a320bfcf5ef0a9f1d003905668b5ee9861b58d2ba239d9f6f,cumulative-db-semantic-v1,auto_accepted,metadata_only_limitation
fragment:signal:93fb5e41ece589eabf26dec4a450b194e6d36fa80c62e697b95745741f7845f5:H3:878dd0fa950d,H3,MARINE vs OCEANIC Differential Coverage,H3,signal:93fb5e41ece589eabf26dec4a450b194e6d36fa80c62e697b95745741f7845f5,evidence:doi:10.3390/hydrogen7030094,30178365958-1,desalination,OCEANIC,O,education_training_signal,training,marine,,marine_ecological,training,title,title,da54f2631faeda7cc845420b60dd71989c936106e6d51ca5d76f0dfdf3393134,cumulative-db-semantic-v1,review_required,metadata_only_limitation
fragment:signal:9451d963e5a120fa52467d779ca2cd7c8b4cb438aa4087c2fefd53521115b9c1:H3:368746ca5156,H3,MARINE vs OCEANIC Differential Coverage,H3,signal:9451d963e5a120fa52467d779ca2cd7c8b4cb438aa4087c2fefd53521115b9c1,evidence:doi:10.3390/su18147144,30178365958-1,coastal_tourism,OCEANIC,O,safety_risk_skill,safety,marine,,marine_ecological,safety,title+subject,title+subject,58c0065e4b295cb8a5caad5bfd764621b766ae367bfe4d5cca6bbd8610337e5c,cumulative-db-semantic-v1,review_required,metadata_only_limitation
fragment:signal:945f74a5c7a7dd5d459abe94722d13f19ff66160feae7527f95b0e994467ddaa:H3:296e70a34538,H3,MARINE vs OCEANIC Differential Coverage,H3,signal:945f74a5c7a7dd5d459abe94722d13f19ff66160feae7527f95b0e994467ddaa,evidence:doi:10.15447/sfews.2025v23iss1art3,30178365958-1,blue_biotech,OCEANIC,O,technical_skill,engineering,ecological,,marine_ecological,engineering,title+subject,title+subject,39a9cead02056b139ba3a54f2de522ca5f9a5aa2d2d132f77f388dfa79332f09,cumulative-db-semantic-v1,review_required,metadata_only_limitation
fragment:signal:94ba341d6f3b15a6a1a50e8f6e2f2074acc145b2b891f6bf8362bf04d546b5db:H3:4aacc2b56b69,H3,MARINE vs OCEANIC Differential Coverage,H3,signal:94ba341d6f3b15a6a1a50e8f6e2f2074acc145b2b891f6bf8362bf04d546b5db,evidence:doi:10.3390/app16042032,30178365958-1,living_res,MARINE,M,digital_skill,artificial intelligence,marine,,marine_ecological,artificial intelligence,title+subject,title+subject,cf990f1d1ce126ede83f833e236557432923b9f463b728ff9552ca9a62c1ebaf,cumulative-db-semantic-v1,review_required,metadata_only_limitation
fragment:signal:94fbce092bea49778311749d166a2d4ad38d1d63be7f3dd19066729d53a3eca0:H3:a98a002c6a43,H3,MARINE vs OCEANIC Differential Coverage,H3,signal:94fbce092bea49778311749d166a2d4ad38d1d63be7f3dd19066729d53a3eca0,evidence:doi:10.3390/su13126655,30178365958-1,coastal_tourism,OCEANIC,O,sustainability_skill,sustainable,marine,,marine_ecological,sustainable,title+subject,title+subject,fd659b6fc4dda546d31cef8744402dc232ddd71bd0d44db7c87687a3644fc25f,cumulative-db-semantic-v1,review_required,metadata_only_limitation
fragment:signal:955b7dcd4806c0e44f66ebbf41b6925c3f378894a3b359276aab0d518221839f:H3:5fef9f95d666,H3,MARINE vs OCEANIC Differential Coverage,H3,signal:955b7dcd4806c0e44f66ebbf41b6925c3f378894a3b359276aab0d518221839f,evidence:doi:10.55927/fjsr.v5i6.41,30178365958-1,coastal_tourism,OCEANIC,O,social_science_skill,community,marine,,marine_ecological,community,title+subject,title+subject,e91187bdd8a790b5b678a02cb75031d769caa02ea8e753894df066e8a760a659,cumulative-db-semantic-v1,review_required,metadata_only_limitation
fragment:signal:955f1c280161cf82bb5e745ac351fb95f2f4d4927a0f9bcd1044e90c96b5ac38:H3:7a222a0aac30,H3,MARINE vs OCEANIC Differential Coverage,H3,signal:955f1c280161cf82bb5e745ac351fb95f2f4d4927a0f9bcd1044e90c96b5ac38,evidence:doi:10.1080/18366503.2026.2694228,30178365958-1,desalination,OCEANIC,O,technical_skill,technology,marine,,marine_ecological,technology,title,title,b8c8634d2c0ba9e31df9ed8a5cf3c013fc2075d32a93cea648b553deb5206b38,cumulative-db-semantic-v1,review_required,metadata_only_limitation
fragment:signal:956c67ac22ee057736c811dd0cf9b527c35f99525fb916770ce753b41835cd51:H3:9996427488fc,H3,MARINE vs OCEANIC Differential Coverage,H3,signal:956c67ac22ee057736c811dd0cf9b527c35f99525fb916770ce753b41835cd51,evidence:doi:10.1007/s40152-024-00385-x,30178365958-1,living_res,OCEANIC,O,governance_skill,governance,marine,,marine_ecological,governance,title+subject,title+subject,679b711ca974f85418d0aa4a7b40aab38a54c9b91fe55b0081f9e3370735bb9a,cumulative-db-semantic-v1,review_required,metadata_only_limitation
fragment:signal:9578ce94105f2c968cdc7b50132a72b26a78f2795481bbda01322bb287540925:H3:4a2df6849de6,H3,MARINE vs OCEANIC Differential Coverage,H3,signal:9578ce94105f2c968cdc7b50132a72b26a78f2795481bbda01322bb287540925,evidence:doi:10.1088/1755-1315/1618/1/012011,30178365958-1,coastal_tourism,OCEANIC,O,social_science_skill,community,marine,,marine_ecological,community,title+subject,title+subject,cdcf3e43cc51c95de8ec68779a002c5391d722a7103b0f6dee1692ff39ea1206,cumulative-db-semantic-v1,review_required,metadata_only_limitation
fragment:signal:957d06608cd65fb62e7c38dcae373b4585c35cc8fbae2820bc84665b9dc5524a:H3:08d46b2e20f2,H3,MARINE vs OCEANIC Differential Coverage,H3,signal:957d06608cd65fb62e7c38dcae373b4585c35cc8fbae2820bc84665b9dc5524a,evidence:doi:10.1080/18366503.2026.2687145,30178365958-1,living_res,MARINE,M,governance_skill,governance,marine,,marine_ecological,governance,title+subject,title+subject,54b8fc8a114206844c68d44abbf9419d8dab32cb37d65ba84e2fddb47d5e853f,cumulative-db-semantic-v1,review_required,metadata_only_limitation
fragment:signal:9588a8b1418018f7a613e602bbdda7977c471e1faf06c2d97489c653221c10ec:H3:e77a6e141882,H3,MARINE vs OCEANIC Differential Coverage,H3,signal:9588a8b1418018f7a613e602bbdda7977c471e1faf06c2d97489c653221c10ec,evidence:doi:10.3389/fmars.2025.1577490,30178365958-1,blue_biotech,OCEANIC,O,social_science_skill,sociology,marine,,marine_ecological,sociology,title+subject,title+subject,328b72e3efa3db19d2b6bf189594c6495056514d3847e93853012c6eca0e611b,cumulative-db-semantic-v1,review_required,metadata_only_limitation
fragment:signal:95b68d761dea6585cd87d4530e5b5c67325ab1e7d5582be710ddee9741a28162:H3:6d280e67cb7e,H3,MARINE vs OCEANIC Differential Coverage,H3,signal:95b68d761dea6585cd87d4530e5b5c67325ab1e7d5582be710ddee9741a28162,evidence:doi:10.1515/corrrev-2024-0046,30178365958-1,non_living_res,MARINE,M,digital_skill,artificial intelligence,marine,,marine_ecological,artificial intelligence,title+subject,title+subject,327fc14d9cefe627cce4985e2848e44594a9923985cd2d9e83f7e5b7a7c275fa,cumulative-db-semantic-v1,review_required,metadata_only_limitation
fragment:signal:95cb4b44544271b5a94ff9b1867223c002e48271e53201c53058469110219044:H3:224c6af31c83,H3,MARINE vs OCEANIC Differential Coverage,H3,signal:95cb4b44544271b5a94ff9b1867223c002e48271e53201c53058469110219044,evidence:doi:10.3389/fmars.2026.1817425,30178365958-1,r_i,OCEANIC,O,technical_skill,sensor,marine,,marine_ecological,sensor,title+subject,title+subject,74fac5b9336591e08f9d2a371e79d0c956a3c9b5dbf4ac39f94040490a5b4178,cumulative-db-semantic-v1,review_required,metadata_only_limitation
fragment:signal:95ccc0b79833cd9323d4513ced64147c27d83bce0744ec6642b4f799f4a1cf46:H3:95cb948124ab,H3,MARINE vs OCEANIC Differential Coverage,H3,signal:95ccc0b79833cd9323d4513ced64147c27d83bce0744ec6642b4f799f4a1cf46,evidence:doi:10.3390/su17156880,30178365958-1,non_living_res,MARINE,M,social_science_skill,social science,marine,,marine_ecological,social science,title+subject,title+subject,1ce098bc5ee1eb75db5b06be588e296dae7fd68ddeaaf9be5f75bd30a373fcb8,cumulative-db-semantic-v1,review_required,metadata_only_limitation
fragment:signal:95dbfbc42cff39f8b0e5b964d91eceffc6159a78cae0a528679b82e72eae5865:H3:2154409a19af,H3,MARINE vs OCEANIC Differential Coverage,H3,signal:95dbfbc42cff39f8b0e5b964d91eceffc6159a78cae0a528679b82e72eae5865,evidence:doi:10.21203/rs.3.rs-10217700/v1,30178365958-1,living_res,MARINE,M,social_science_skill,community,marine,,marine_ecological,community,title+subject,title+subject,475d56fded459ebfa98a1661c00b82bba53f559ad41a6eacaeb83145a45e5ee3,cumulative-db-semantic-v1,review_required,metadata_only_limitation
fragment:signal:96164497d5f3140791ce68e23fd6e9fe06f90dfe339cb7db434ce1c4e4e3a344:H3:f346a51b1913,H3,MARINE vs OCEANIC Differential Coverage,H3,signal:96164497d5f3140791ce68e23fd6e9fe06f90dfe339cb7db434ce1c4e4e3a344,evidence:doi:10.3389/focsu.2026.1769160,30178365958-1,coastal_tourism,OCEANIC,O,policy_regulation_skill,law,marine,,marine_ecological,law,title+subject,title+subject,5e7e56393899d15e8146950c8267d79479f29220171528706be153a21c3c54fe,cumulative-db-semantic-v1,review_required,metadata_only_limitation
fragment:signal:96426b5c39e69a287b1040fba0440c7b39e805b7b9ddc1725b85c0177fb612a5:H3:9294ca84d168,H3,MARINE vs OCEANIC Differential Coverage,H3,signal:96426b5c39e69a287b1040fba0440c7b39e805b7b9ddc1725b85c0177fb612a5,evidence:doi:10.71284/jmtpr.20267113,30178365958-1,coastal_tourism,OCEANIC,O,governance_skill,governance,marine,,marine_ecological,governance,title+subject,title+subject,82c0722683721a347be3c538fd527b506f8ed9223f5483b7cd4b5206c42395da,cumulative-db-semantic-v1,review_required,metadata_only_limitation
fragment:signal:965658334ec604d6a23506df2bc42a3f19976c1ec9a08ffc5d5a234a937e03b7:H3:ad9da9c61258,H3,MARINE vs OCEANIC Differential Coverage,H3,signal:965658334ec604d6a23506df2bc42a3f19976c1ec9a08ffc5d5a234a937e03b7,evidence:doi:10.5281/zenodo.21426402,30178365958-1,living_res,MARINE,M,policy_regulation_skill,law,marine,,marine_ecological,law,title+subject,title+subject,0069097d8890f49a9a84fa16579d96c89f81c3411cd670ee6c36e0d451d7fc26,cumulative-db-semantic-v1,review_required,metadata_only_limitation
fragment:signal:968080cfe724be99a628de1a9adab811f76c3a5ba4f494d8f03d32b6ea380d45:H3:4a5663ad8879,H3,MARINE vs OCEANIC Differential Coverage,H3,signal:968080cfe724be99a628de1a9adab811f76c3a5ba4f494d8f03d32b6ea380d45,evidence:doi:10.2172/2361054,30178365958-1,non_living_res,MARINE,M,technical_skill,engineering,marine,,marine_ecological,engineering,title+subject,title+subject,699ea3c098811312d9c2e57209ee18d58417fec2c6164909550ced895492e792,cumulative-db-semantic-v1,auto_accepted,metadata_only_limitation
fragment:signal:96b4d525d7109f4e794342d114460a3a3afa3e736bef4d1003c0d0e25c0adf9e:H1:23fb77af512d,H1,Maritimisation Shift,H1,signal:96b4d525d7109f4e794342d114460a3a3afa3e736bef4d1003c0d0e25c0adf9e,evidence:doi:10.1016/j.ijcip.2024.100683,30178365958-1,maritime_defence,MARITIME,T,digital_skill,cyber,maritime infrastructure,,maritime_dominance,cyber,title,title,9b889737e5fccb5e902fa3d6d412fbccb88f2e27f46d92ce39d4a13808e9703c,cumulative-db-semantic-v1,review_required,metadata_only_limitation
fragment:signal:96c72a60033b7652089794fd7bd0205cfa6ded7c846e6a4c3c3094f9be20a494:H3:913ef2915872,H3,MARINE vs OCEANIC Differential Coverage,H3,signal:96c72a60033b7652089794fd7bd0205cfa6ded7c846e6a4c3c3094f9be20a494,evidence:doi:10.29303/jppipa.v12i1.13952,30178365958-1,coastal_tourism,OCEANIC,O,social_science_skill,community,marine,,marine_ecological,community,title+subject,title+subject,731ed6199842a7d17ab0731603ce882d9ec3df8c48054c8c6630ffd61561d7c4,cumulative-db-semantic-v1,auto_accepted,metadata_only_limitation
fragment:signal:9721654b837d3f1c0889ace54d5b06991b5df7eaaeb8b588e243eebf22dc5cf1:H3:3fc3d1b4d73e,H3,MARINE vs OCEANIC Differential Coverage,H3,signal:9721654b837d3f1c0889ace54d5b06991b5df7eaaeb8b588e243eebf22dc5cf1,evidence:doi:10.3390/jmse14050518,30178365958-1,r_i,OCEANIC,O,sustainability_skill,climate,marine,,marine_ecological,climate,title,title,75f43026254a241fa0d7768589888a67a547d5d3d24d54efa8d80a3b146cf3e3,cumulative-db-semantic-v1,review_required,metadata_only_limitation
fragment:signal:97ae26e6231efb3501c8a7082d3e4ea0f21012361627ec122faf5b81ffe4add7:H3:793fc65a6e7e,H3,MARINE vs OCEANIC Differential Coverage,H3,signal:97ae26e6231efb3501c8a7082d3e4ea0f21012361627ec122faf5b81ffe4add7,evidence:doi:10.1186/s44147-026-01049-9,30178365958-1,non_living_res,MARINE,M,safety_risk_skill,risk,marine,,marine_ecological,risk,title+subject,title+subject,3d5371eb47b66a2ffaf92fc2dc2f6b34c30cd493893460a62f6b798bfd498dbd,cumulative-db-semantic-v1,auto_accepted,metadata_only_limitation
fragment:signal:984c2cfc7bacdfa7f3af6d031a8d156ee1c8fc3d00e8c64bb30b1749c527c3ff:H3:a0950fdbcfbf,H3,MARINE vs OCEANIC Differential Coverage,H3,signal:984c2cfc7bacdfa7f3af6d031a8d156ee1c8fc3d00e8c64bb30b1749c527c3ff,evidence:doi:10.3389/fevo.2026.1822223,30178365958-1,living_res,MARINE,M,sustainability_skill,sustainability,marine,,marine_ecological,sustainability,title+subject,title+subject,42d4ceaccd71565bde7c84a59d081aa419e7ecf0410a5556e8411c89a597961d,cumulative-db-semantic-v1,auto_accepted,metadata_only_limitation
fragment:signal:987389e59c161ddfbe0be525d1c5eaace4cefbb987abd6075fa22bb5adda199f:H3:be1e6f7d4306,H3,MARINE vs OCEANIC Differential Coverage,H3,signal:987389e59c161ddfbe0be525d1c5eaace4cefbb987abd6075fa22bb5adda199f,evidence:doi:10.2139/ssrn.4773753,30178365958-1,non_living_res,MARINE,M,digital_skill,artificial intelligence,marine,,marine_ecological,artificial intelligence,title+subject,title+subject,1ebce7799226ec8d25ac1c378464f6084e19b836e87f0f6d17e5e5b3ba829c30,cumulative-db-semantic-v1,review_required,metadata_only_limitation
fragment:signal:98d9dac8bd63b8848f74366a52054a07ae27c443a14b43aae0114ff574c2efac:H3:548e7ec78a74,H3,MARINE vs OCEANIC Differential Coverage,H3,signal:98d9dac8bd63b8848f74366a52054a07ae27c443a14b43aae0114ff574c2efac,evidence:doi:10.21203/rs.3.rs-9476108/v1,30178365958-1,non_living_res,MARINE,M,governance_skill,governance,marine,,marine_ecological,governance,title+subject,title+subject,89867d865148384fa5ef1731938ebbbdc110d54ff4c498d4ba0c7195b6115114,cumulative-db-semantic-v1,review_required,metadata_only_limitation
fragment:signal:98fc9af90e44537fc31d1f56c92b57b582198b5b38da49b46228e109df9d4ffd:H3:7f96d5c7f4a6,H3,MARINE vs OCEANIC Differential Coverage,H3,signal:98fc9af90e44537fc31d1f56c92b57b582198b5b38da49b46228e109df9d4ffd,evidence:doi:10.1080/15528014.2026.2702178,30178365958-1,non_living_res,MARINE,M,sustainability_skill,sustainability,marine,,marine_ecological,sustainability,title+subject,title+subject,61cf4a5bb9cc374886732424dec5b94d5989da2c4d32b697b8514d1fd436038b,cumulative-db-semantic-v1,auto_accepted,metadata_only_limitation
fragment:signal:993cb447f9b31a9d20edc58d138fdafdeb6c890920e2886faefc29b6a9db88a8:H3:d2c05a500d2a,H3,MARINE vs OCEANIC Differential Coverage,H3,signal:993cb447f9b31a9d20edc58d138fdafdeb6c890920e2886faefc29b6a9db88a8,evidence:doi:10.61090/aksujomas.10327,30178365958-1,living_res,OCEANIC,O,sustainability_skill,sustainable,marine,,marine_ecological,sustainable,title+subject,title+subject,dab0e16af4564360e8f15e37d4ec0f34f46716ec446bd977a3d8cc1c582cce03,cumulative-db-semantic-v1,review_required,metadata_only_limitation
fragment:signal:994182d6d7f1b4faa2ce0491186cc4ea163a519726d167fcc95d702f62dcfd39:H3:6171ce4e1b32,H3,MARINE vs OCEANIC Differential Coverage,H3,signal:994182d6d7f1b4faa2ce0491186cc4ea163a519726d167fcc95d702f62dcfd39,evidence:doi:10.1016/j.susgeo.2026.100013,30178365958-1,port_activities,OCEANIC,O,sustainability_skill,adaptation,ecological,,marine_ecological,adaptation,title,title,5bc0fde08cd79e4e71cdae314362e90c285a801b15f6b9cec37525f285ed9cc7,cumulative-db-semantic-v1,review_required,metadata_only_limitation
fragment:signal:996018f8d98c3120e6e6d6e1420d27ae7fe93531d9943270280baba36764e71d:H3:9d5a64b46c54,H3,MARINE vs OCEANIC Differential Coverage,H3,signal:996018f8d98c3120e6e6d6e1420d27ae7fe93531d9943270280baba36764e71d,evidence:doi:10.3390/su12020611,30178365958-1,coastal_tourism,OCEANIC,O,sustainability_skill,sustainability,marine,,marine_ecological,sustainability,title+subject,title+subject,4aae6fca625a9a7ea82f03913a1885f8e23d800ee2dfa1da5eea579dfc702ebd,cumulative-db-semantic-v1,auto_accepted,metadata_only_limitation
fragment:signal:99966e8dda0df7292d2e2a20e09deeddf3c916ddf717ba7c85050ed48d468214:H3:324f3f7fb8da,H3,MARINE vs OCEANIC Differential Coverage,H3,signal:99966e8dda0df7292d2e2a20e09deeddf3c916ddf717ba7c85050ed48d468214,evidence:doi:10.21079/11681/50315,30178365958-1,living_res,MARINE,M,technical_skill,engineering,marine,,marine_ecological,engineering,title+subject,title+subject,2a74a359a8b6745833e73b2f8f9c9e34cd064a206dd1adc431dac59b10d2d19c,cumulative-db-semantic-v1,auto_accepted,metadata_only_limitation
fragment:signal:99b0d539b83461f8d37dbd756dc379b5a886b9af194635f748b7d8f4a3904a83:H3:c4c72988db45,H3,MARINE vs OCEANIC Differential Coverage,H3,signal:99b0d539b83461f8d37dbd756dc379b5a886b9af194635f748b7d8f4a3904a83,evidence:doi:10.22437/up.v7i2.54076,30178365958-1,coastal_tourism,OCEANIC,O,policy_regulation_skill,law,marine,,marine_ecological,law,title+subject,title+subject,9396c1c29b992b000e6cb9f9703d4e31be994db9e2f46c1ae7b0c41e403333bd,cumulative-db-semantic-v1,review_required,metadata_only_limitation
fragment:signal:99d6ccf1e5f7fcc5761cc6c226f1f9966ccce7282097c87fa49fc4da6d04ca33:H3:b41b5a90fb93,H3,MARINE vs OCEANIC Differential Coverage,H3,signal:99d6ccf1e5f7fcc5761cc6c226f1f9966ccce7282097c87fa49fc4da6d04ca33,evidence:doi:10.1088/2976-601x/ae8bb4,30178365958-1,living_res,MARINE,M,sustainability_skill,resilience,marine,,marine_ecological,resilience,title+subject,title+subject,d1d0457377db9d0683c0af5b962c686f44dcdee030d43b0e4c99f20631750c9d,cumulative-db-semantic-v1,auto_accepted,metadata_only_limitation
fragment:signal:9a17c3b6f79a42e5fbc95a0aa05d2a0e96ee87cec9e36682e212a0be953cdf02:H3:0685a08b2f55,H3,MARINE vs OCEANIC Differential Coverage,H3,signal:9a17c3b6f79a42e5fbc95a0aa05d2a0e96ee87cec9e36682e212a0be953cdf02,evidence:doi:10.1007/s43615-026-01050-7,30178365958-1,non_living_res,OCEANIC,O,governance_skill,governance,planetary,,oceanic_planetary,governance,title+subject,title+subject,202843507b4294d6670b66481b1e762cbf5654965d5288a53639affce3a5c941,cumulative-db-semantic-v1,review_required,metadata_only_limitation
fragment:signal:9a40b3fbac7532cc866c969100cdd2bf87121824ad97372096d3f769e8ca0c4a:H3:707233db91e7,H3,MARINE vs OCEANIC Differential Coverage,H3,signal:9a40b3fbac7532cc866c969100cdd2bf87121824ad97372096d3f769e8ca0c4a,evidence:doi:10.5281/zenodo.20759412,30178365958-1,non_living_res,MARINE,M,sustainability_skill,sustainability,planetary,,oceanic_planetary,sustainability,title+subject,title+subject,ba12e5f3339d5479d181e77ec6790309f9a3cda5271e47f6a56952e48bcd7835,cumulative-db-semantic-v1,review_required,metadata_only_limitation
fragment:signal:9a5c4b65af7187fba491cacc3686ed19a72368b4b2dbb12159c4362b67804a43:H1:a1970e85c954,H1,Maritimisation Shift,H1,signal:9a5c4b65af7187fba491cacc3686ed19a72368b4b2dbb12159c4362b67804a43,evidence:doi:10.48336/368,30178365958-1,coastal_tourism,OCEANIC,O,sustainability_skill,climate,ocean governance,,oceanic_governance,climate,title+subject,title+subject,84aa25cb7a76715f246458441a19e67f3cf53f685a4cc72d9cbe99faf769d1f3,cumulative-db-semantic-v1,review_required,metadata_only_limitation
fragment:signal:9a5c4b65af7187fba491cacc3686ed19a72368b4b2dbb12159c4362b67804a43:H3:31262e3ce229,H3,MARINE vs OCEANIC Differential Coverage,H3,signal:9a5c4b65af7187fba491cacc3686ed19a72368b4b2dbb12159c4362b67804a43,evidence:doi:10.48336/368,30178365958-1,coastal_tourism,OCEANIC,O,sustainability_skill,climate,marine,,marine_ecological,climate,title+subject,title+subject,84aa25cb7a76715f246458441a19e67f3cf53f685a4cc72d9cbe99faf769d1f3,cumulative-db-semantic-v1,review_required,metadata_only_limitation
fragment:signal:9a78f12190507d17e0f46462fa8bf0b170dd55d86a60d7212c2182941164dc5b:H3:0df3ce416fb7,H3,MARINE vs OCEANIC Differential Coverage,H3,signal:9a78f12190507d17e0f46462fa8bf0b170dd55d86a60d7212c2182941164dc5b,evidence:doi:10.3389/fmars.2025.1593179,30178365958-1,non_living_res,MARINE,M,policy_regulation_skill,law,marine,,marine_ecological,law,title+subject,title+subject,24f31704e5c795d27fba290ec398d39b99d6bb80533a896d7acf4c241abaa1ad,cumulative-db-semantic-v1,review_required,metadata_only_limitation
fragment:signal:9a95c0b967723b959b708d4182db9b16d338fdc6807a6ae996e1ecaba935acb0:H3:25d1c9a73a4b,H3,MARINE vs OCEANIC Differential Coverage,H3,signal:9a95c0b967723b959b708d4182db9b16d338fdc6807a6ae996e1ecaba935acb0,evidence:doi:10.3329/bimradj.v6i1.87345,30178365958-1,blue_biotech,OCEANIC,O,safety_risk_skill,safety,marine,,marine_ecological,safety,title+subject,title+subject,b2dd4620a2ee7d51ffdbf4c7b6c71e09e8903492c6fc20849b998495a672a0f7,cumulative-db-semantic-v1,review_required,metadata_only_limitation
fragment:signal:9aa0297fd64b30e94e18556d3f01829b76d2b851b383a2a683eaf1ad9a75021f:H3:2d27093dec82,H3,MARINE vs OCEANIC Differential Coverage,H3,signal:9aa0297fd64b30e94e18556d3f01829b76d2b851b383a2a683eaf1ad9a75021f,evidence:doi:10.1038/s44183-026-00220-2,30178365958-1,living_res,MARINE,M,sustainability_skill,sustainability,marine,,marine_ecological,sustainability,title+subject,title+subject,340f0d27a589bb43f4720009b0cdd2a0853c5f5901692ab5f1bebafed93973f6,cumulative-db-semantic-v1,auto_accepted,metadata_only_limitation
fragment:signal:9ab284636ef015be4ca43379298d7487076f1a4ee55063bcfa892c42f4ba0a3a:H3:08a01327f1d0,H3,MARINE vs OCEANIC Differential Coverage,H3,signal:9ab284636ef015be4ca43379298d7487076f1a4ee55063bcfa892c42f4ba0a3a,evidence:doi:10.3390/systems14060707,30178365958-1,living_res,MARINE,M,governance_skill,governance,marine,,marine_ecological,governance,title+subject,title+subject,cc04c3eb31d30ff5102f60e263b46c43ccfcd2aa0b09767e6e25aac714be628c,cumulative-db-semantic-v1,review_required,metadata_only_limitation
fragment:signal:9aca15ec0324b0028afc6f4d3e4f2edefdcae7f4ed4c5fb2caf0625df60241fe:H3:4f6528807034,H3,MARINE vs OCEANIC Differential Coverage,H3,signal:9aca15ec0324b0028afc6f4d3e4f2edefdcae7f4ed4c5fb2caf0625df60241fe,evidence:doi:10.29303/jppipa.v12i5.14673,30178365958-1,coastal_tourism,OCEANIC,O,social_science_skill,community,marine,,marine_ecological,community,title+subject,title+subject,8c70fe8f27cdd752b5fca73673f7efcb65af33b1810ad7f54a45d33c7d2f8b3a,cumulative-db-semantic-v1,review_required,metadata_only_limitation
fragment:signal:9b0749b86f6c336fc14e1d5be765f6b5f4c534a509feb19c9c32c2140f05d5c7:H3:2fa278f2f12d,H3,MARINE vs OCEANIC Differential Coverage,H3,signal:9b0749b86f6c336fc14e1d5be765f6b5f4c534a509feb19c9c32c2140f05d5c7,evidence:doi:10.53541/2410-1079.1354,30178365958-1,coastal_tourism,OCEANIC,O,sustainability_skill,sustainability,marine,,marine_ecological,sustainability,title+subject,title+subject,c485c8e28b2fc42339d2065ba29d87e69104fc3f2d63052fdfb06fb442dafc69,cumulative-db-semantic-v1,review_required,metadata_only_limitation
fragment:signal:9b0c97e414e13c3e99649562ec8b025527e10e57f0dfa0c6d980f8923db3b60e:H3:dc2d4e6e7011,H3,MARINE vs OCEANIC Differential Coverage,H3,signal:9b0c97e414e13c3e99649562ec8b025527e10e57f0dfa0c6d980f8923db3b60e,evidence:doi:10.62311/nesx/rp5-30032026,30178365958-1,r_i,OCEANIC,O,technical_skill,engineering,planetary,,oceanic_planetary,engineering,title+subject,title+subject,f2524f5ea8bf0de3e6f1e055e992ae3f417a2bc0a9890fab8041813b595fc56f,cumulative-db-semantic-v1,review_required,metadata_only_limitation
fragment:signal:9b0fd519dab1b0bdbe537b10eb48497d62070ec70082b5b922fed23d9c525838:H3:0bdb5b34c004,H3,MARINE vs OCEANIC Differential Coverage,H3,signal:9b0fd519dab1b0bdbe537b10eb48497d62070ec70082b5b922fed23d9c525838,evidence:doi:10.5194/egusphere-2026-4239,30178365958-1,r_i,OCEANIC,O,sustainability_skill,climate,marine,,marine_ecological,climate,title+subject,title+subject,1f6d51d5c89f15e91be60573747d49ff4bc6a07eb34ddd5790a49b7dc8ffd69c,cumulative-db-semantic-v1,review_required,metadata_only_limitation
fragment:signal:9b1ab3b3150e7cf1fbcefe23214340b4acd3121c87ef5a64c7feead7987235c9:H3:78bf531ec26c,H3,MARINE vs OCEANIC Differential Coverage,H3,signal:9b1ab3b3150e7cf1fbcefe23214340b4acd3121c87ef5a64c7feead7987235c9,evidence:doi:10.63313/ebm.9145,30178365958-1,coastal_tourism,OCEANIC,O,workforce_skill,workforce,marine,,marine_ecological,workforce,title+subject,title+subject,fa0e3b9ee1dcf970803d88644486f99ca12b3122da31b2a78527dde0c772fa36,cumulative-db-semantic-v1,review_required,metadata_only_limitation
fragment:signal:9b1abb2c96c52955fd3dc206430e4ce53b56674476a0fbb6faa1d640c9b8adf5:H3:26257d779c7e,H3,MARINE vs OCEANIC Differential Coverage,H3,signal:9b1abb2c96c52955fd3dc206430e4ce53b56674476a0fbb6faa1d640c9b8adf5,evidence:doi:10.3390/systems14070798,30178365958-1,coastal_tourism,OCEANIC,O,sustainability_skill,sustainability,marine,,marine_ecological,sustainability,title+subject,title+subject,68ccef0013a35fc7f1c7a0003c02d61c9812512f1f0cc27b813f0088f5ab2da9,cumulative-db-semantic-v1,auto_accepted,metadata_only_limitation
fragment:signal:9b3cbdbd7eb1ddd2203fc8f20b19efd1bd0790a3f5473b46646a32330576a338:H3:33d17febeeec,H3,MARINE vs OCEANIC Differential Coverage,H3,signal:9b3cbdbd7eb1ddd2203fc8f20b19efd1bd0790a3f5473b46646a32330576a338,evidence:doi:10.26533/eksis.v21i1.1673,30178365958-1,living_res,MARINE,M,sustainability_skill,sustainability,marine,,marine_ecological,sustainability,title+subject,title+subject,71b0c8efe776975d6add90919b0100a92e5263387c6844ce5685d4f40577fbf5,cumulative-db-semantic-v1,auto_accepted,metadata_only_limitation
fragment:signal:9b76ebd557fbadc2d0ba6ccc748fd9cb767fbe629c01d3585e6590a4e1916460:H3:e8abc89f318a,H3,MARINE vs OCEANIC Differential Coverage,H3,signal:9b76ebd557fbadc2d0ba6ccc748fd9cb767fbe629c01d3585e6590a4e1916460,evidence:doi:10.1007/s10346-026-02815-9,30178365958-1,r_i,OCEANIC,O,safety_risk_skill,hazard,marine,,marine_ecological,hazard,title+subject,title+subject,e135e444d53716382bdf153a80566e98eb764015be92de314ce265d65cd12298,cumulative-db-semantic-v1,auto_accepted,metadata_only_limitation
fragment:signal:9b86814771aff4fbd1d0beaf5a764bbb9a1bb40171b562b7478d34e96bf1d126:H3:5c3db5846a56,H3,MARINE vs OCEANIC Differential Coverage,H3,signal:9b86814771aff4fbd1d0beaf5a764bbb9a1bb40171b562b7478d34e96bf1d126,evidence:doi:10.3389/fevo.2026.1825243,30178365958-1,living_res,MARINE,M,governance_skill,governance,marine,,marine_ecological,governance,title+subject,title+subject,e93685be92fbfa08c23de9f72a221ab92f74d36db3612c61a5759ce3d6608807,cumulative-db-semantic-v1,review_required,metadata_only_limitation
fragment:signal:9b9c76a6d5b1721d3ccb3f72478640a5cbd1cb01178bbf0e7794f32fbfe6a08e:H1:b134809ff7dd,H1,Maritimisation Shift,H1,signal:9b9c76a6d5b1721d3ccb3f72478640a5cbd1cb01178bbf0e7794f32fbfe6a08e,evidence:doi:10.33545/26649845.2026.v8.i7a.750,30178365958-1,coastal_tourism,OCEANIC,O,sustainability_skill,climate,ocean governance,,oceanic_governance,climate,title+subject,title+subject,69a47cd6f27f2e4bdaf129414176781f8ab3f8df758474c292b630050e9243c4,cumulative-db-semantic-v1,auto_accepted,metadata_only_limitation
fragment:signal:9b9c76a6d5b1721d3ccb3f72478640a5cbd1cb01178bbf0e7794f32fbfe6a08e:H3:3aae70d825b5,H3,MARINE vs OCEANIC Differential Coverage,H3,signal:9b9c76a6d5b1721d3ccb3f72478640a5cbd1cb01178bbf0e7794f32fbfe6a08e,evidence:doi:10.33545/26649845.2026.v8.i7a.750,30178365958-1,coastal_tourism,OCEANIC,O,sustainability_skill,climate,marine,,marine_ecological,climate,title+subject,title+subject,69a47cd6f27f2e4bdaf129414176781f8ab3f8df758474c292b630050e9243c4,cumulative-db-semantic-v1,auto_accepted,metadata_only_limitation
fragment:signal:9bd792bc7b8b8a14ab7743fcb73fff57a08e1078683b9fe2ca65f6437d328609:H3:9453a3f3a338,H3,MARINE vs OCEANIC Differential Coverage,H3,signal:9bd792bc7b8b8a14ab7743fcb73fff57a08e1078683b9fe2ca65f6437d328609,evidence:doi:10.1007/978-3-031-71322-4,30178365958-1,non_living_res,MARINE,M,policy_regulation_skill,law,marine,,marine_ecological,law,title+subject,title+subject,8188f0a380f0ac434483d06a5af23707c1d19445edc82228a49807ef3837bf41,cumulative-db-semantic-v1,review_required,metadata_only_limitation
fragment:signal:9bfbe92171d67aa6f80943144a7e145ce70975e6649c7c3d26d7ae33ef21a55d:H3:55f62026e9f5,H3,MARINE vs OCEANIC Differential Coverage,H3,signal:9bfbe92171d67aa6f80943144a7e145ce70975e6649c7c3d26d7ae33ef21a55d,evidence:doi:10.20944/preprints202603.1156.v1,30178365958-1,living_res,MARINE,M,sustainability_skill,sustainability,marine,,marine_ecological,sustainability,title+subject,title+subject,acf182d9e044aae860d74729033eb77a1658d93f2c956237ddad6a3ec34aa8a8,cumulative-db-semantic-v1,auto_accepted,metadata_only_limitation
fragment:signal:9bfc59f96eaea95fa2b760b0ebb26625fab2d0af7bbc4812609ba98530f01406:H3:d5c430df200f,H3,MARINE vs OCEANIC Differential Coverage,H3,signal:9bfc59f96eaea95fa2b760b0ebb26625fab2d0af7bbc4812609ba98530f01406,evidence:doi:10.3390/agriculture16121326,30178365958-1,non_living_res,MARINE,M,sustainability_skill,sustainability,marine,,marine_ecological,sustainability,title+subject,title+subject,b881bc972c2c0565bb32318a96642b454812d2ac79f2a1aab139bcd49fa536fd,cumulative-db-semantic-v1,review_required,metadata_only_limitation
fragment:signal:9c4646d52b170f2b97aa1ec1281ce61a9c1bdef3fd88e2c78fcfda2e559140b8:H3:d9977b422187,H3,MARINE vs OCEANIC Differential Coverage,H3,signal:9c4646d52b170f2b97aa1ec1281ce61a9c1bdef3fd88e2c78fcfda2e559140b8,evidence:doi:10.5194/essd-18-4915-2026,30178365958-1,r_i,OCEANIC,O,learning_outcome_signal,ects,marine,,marine_ecological,ects,title+subject,title+subject,30ebfcfefa986593dcee6c33df989ae652d7e96556ffa8ec28b64b68130f7d5e,cumulative-db-semantic-v1,review_required,metadata_only_limitation
fragment:signal:9c7354c1bdbce4ef37e7098d5c68c84672df3e2dd14ec7918611a021956592b2:H3:f8d663048a15,H3,MARINE vs OCEANIC Differential Coverage,H3,signal:9c7354c1bdbce4ef37e7098d5c68c84672df3e2dd14ec7918611a021956592b2,evidence:doi:10.1007/s12665-026-13019-8,30178365958-1,living_res,MARINE,M,technical_skill,engineering,ecological,,marine_ecological,engineering,title+subject,title+subject,2063f5b3dd85ce07491d59cc0a701091281f4929b1aaad12c843aeb3dd146e86,cumulative-db-semantic-v1,review_required,metadata_only_limitation
fragment:signal:9caabc87c092c463e14c230e23f3c891eb132d0d5af75b782715035b6e0f48fe:H1:045815bf6071,H1,Maritimisation Shift,H1,signal:9caabc87c092c463e14c230e23f3c891eb132d0d5af75b782715035b6e0f48fe,evidence:doi:10.1088/1755-1315/1559/1/012039,30178365958-1,port_activities,MARITIME,T,governance_skill,policy,maritime infrastructure,,maritime_dominance,policy,title,title,27552add92babaaff1c64697bd7c55b492da9f170f6f20ebcd930b7d1127133d,cumulative-db-semantic-v1,review_required,metadata_only_limitation
fragment:signal:9cd6822d79c46e1b1a706e33730638c741038fc0967ee371ec76547d99066a01:H3:faf28d331d3a,H3,MARINE vs OCEANIC Differential Coverage,H3,signal:9cd6822d79c46e1b1a706e33730638c741038fc0967ee371ec76547d99066a01,evidence:doi:10.22437/up.v7i2.54076,30178365958-1,coastal_tourism,OCEANIC,O,governance_skill,policy,marine,,marine_ecological,policy,title+subject,title+subject,9396c1c29b992b000e6cb9f9703d4e31be994db9e2f46c1ae7b0c41e403333bd,cumulative-db-semantic-v1,review_required,metadata_only_limitation
fragment:signal:9cebadfda08378a29634b1429556b42ec6b24293fad9f2af6f26496f71ba2936:H3:6bd090bc2aac,H3,MARINE vs OCEANIC Differential Coverage,H3,signal:9cebadfda08378a29634b1429556b42ec6b24293fad9f2af6f26496f71ba2936,evidence:doi:10.1038/s44183-025-00171-0,30178365958-1,blue_biotech,OCEANIC,O,safety_risk_skill,risk,marine,,marine_ecological,risk,title+subject,title+subject,754d97b94a64f65880267174b3a77b69d558ebb2c85eb6f390d93f2fd4a3d78c,cumulative-db-semantic-v1,review_required,metadata_only_limitation
fragment:signal:9cffd2e1de45df147083b015511e8759e8b0253ea331fd2bab02849dcb84279e:H3:07502b339527,H3,MARINE vs OCEANIC Differential Coverage,H3,signal:9cffd2e1de45df147083b015511e8759e8b0253ea331fd2bab02849dcb84279e,evidence:doi:10.66793/intraders2bookchapter,30178365958-1,blue_biotech,MARINE,M,policy_regulation_skill,law,marine,,marine_ecological,law,title+subject,title+subject,66c85ca3df05aaf20a8daf1c71169dda9a13e76d9598b434d5ba0acbfe2a0914,cumulative-db-semantic-v1,review_required,metadata_only_limitation
fragment:signal:9d1b738a9cf28fa898228c46f16cf2d82f9bfbbb72ad5163e9a70b4e12241060:H3:f2103b04014d,H3,MARINE vs OCEANIC Differential Coverage,H3,signal:9d1b738a9cf28fa898228c46f16cf2d82f9bfbbb72ad5163e9a70b4e12241060,evidence:doi:10.55583/jtisi.v4i1.2232,30178365958-1,coastal_tourism,OCEANIC,O,learning_outcome_signal,ects,marine,,marine_ecological,ects,title+subject,title+subject,60e6a00c5f12e769fd7d113aecc50a75afc980b4e486a311c84f6d667b5d2688,cumulative-db-semantic-v1,review_required,metadata_only_limitation
fragment:signal:9d5755b9a13560170784140b018f895fd742878c5724cc02cb0677e274ff13d2:H3:b8e2bc57cb2b,H3,MARINE vs OCEANIC Differential Coverage,H3,signal:9d5755b9a13560170784140b018f895fd742878c5724cc02cb0677e274ff13d2,evidence:doi:10.1038/s41598-026-47109-1,30178365958-1,non_living_res,MARINE,M,technical_skill,engineering,marine,,marine_ecological,engineering,title+subject,title+subject,eda69791f1593951c9cd6fdacac1c1d9310615885b55dee09bd46de0dad1fa33,cumulative-db-semantic-v1,auto_accepted,metadata_only_limitation
fragment:signal:9d9342cc16d1a1698c3a3e983a60cbf8c7d65ec4e24858a03853b629f9f92f7b:H3:ce792d55c310,H3,MARINE vs OCEANIC Differential Coverage,H3,signal:9d9342cc16d1a1698c3a3e983a60cbf8c7d65ec4e24858a03853b629f9f92f7b,evidence:doi:10.1016/j.ecoinf.2025.103483,30178365958-1,r_i,OCEANIC,O,digital_skill,digital,marine,,marine_ecological,digital,title,title,bfb1df0441a431487e7519cbd75c9b80fe31eb8ae71d9fa47774960081468791,cumulative-db-semantic-v1,review_required,metadata_only_limitation
fragment:signal:9d9b41ecc0636f98bcef7067158ec880f6703f7b983d2f81ba65e469191efbc0:H3:1aeb1e9aa43a,H3,MARINE vs OCEANIC Differential Coverage,H3,signal:9d9b41ecc0636f98bcef7067158ec880f6703f7b983d2f81ba65e469191efbc0,evidence:doi:10.1038/s44183-026-00208-y,30178365958-1,coastal_tourism,OCEANIC,O,sustainability_skill,sustainability,marine,,marine_ecological,sustainability,title+subject,title+subject,366ae78ae791d8c4c92551f2183ff383bd39138e38a4a426607606d0999c8be2,cumulative-db-semantic-v1,auto_accepted,metadata_only_limitation
fragment:signal:9e28b30d642dcb135f6c46c888d4fff9210447b844bce6464f5c2bc58bdf870c:H3:09575728d7ca,H3,MARINE vs OCEANIC Differential Coverage,H3,signal:9e28b30d642dcb135f6c46c888d4fff9210447b844bce6464f5c2bc58bdf870c,evidence:doi:10.1016/j.ocecoaman.2026.108290,30178365958-1,coastal_tourism,OCEANIC,O,governance_skill,stakeholder,marine,,marine_ecological,stakeholder,title,title,e3ec8fffc139bb7f0bd4ec8834c043b47561b65a39896edb57e84e350e2a6864,cumulative-db-semantic-v1,review_required,metadata_only_limitation
fragment:signal:9e7886d8b093fc3eafa5ea2d79bed49ef03b0b15d95103a42d64d94e4629131f:H3:2460ede033e8,H3,MARINE vs OCEANIC Differential Coverage,H3,signal:9e7886d8b093fc3eafa5ea2d79bed49ef03b0b15d95103a42d64d94e4629131f,evidence:doi:10.11594/ijmaber.04.07.25,30178365958-1,non_living_res,MARINE,M,social_science_skill,sociology,marine,,marine_ecological,sociology,title+subject,title+subject,4ffafc501f2fbe3828306342fa94d40b8a613d5fcd69f2a4560b154f283a6cad,cumulative-db-semantic-v1,review_required,metadata_only_limitation
fragment:signal:9e95ae75efedd3f491e99e29274ebf095723e2d9dfe631347eb203a3288190bf:H3:31e07d30f1bd,H3,MARINE vs OCEANIC Differential Coverage,H3,signal:9e95ae75efedd3f491e99e29274ebf095723e2d9dfe631347eb203a3288190bf,evidence:doi:10.21203/rs.3.rs-9580292/v1,30178365958-1,non_living_res,MARINE,M,sustainability_skill,climate,marine,,marine_ecological,climate,title+subject,title+subject,894fe5e8a25c553bdbf609a8ba76bef50469e011e42d7c8b09b8faa540d05710,cumulative-db-semantic-v1,review_required,metadata_only_limitation
fragment:signal:9eb6d6dc764b6e62bef452e22f5e42e931f0498bec0e4aaa9103f4d9bb74a022:H3:8ccafb3a40d6,H3,MARINE vs OCEANIC Differential Coverage,H3,signal:9eb6d6dc764b6e62bef452e22f5e42e931f0498bec0e4aaa9103f4d9bb74a022,evidence:doi:10.71222/za237024,30178365958-1,coastal_tourism,OCEANIC,O,sustainability_skill,sustainability,marine,,marine_ecological,sustainability,title+subject,title+subject,063921fb3ca24aa60a75dde03a52165e7c7827bdf374f7d1b57e2d560d7eaffa,cumulative-db-semantic-v1,review_required,metadata_only_limitation
fragment:signal:9ed0e41cba7c144cb28d384c0d05c5b17a27fbd787c7e155b759f67183722cad:H3:49c166f1b6f4,H3,MARINE vs OCEANIC Differential Coverage,H3,signal:9ed0e41cba7c144cb28d384c0d05c5b17a27fbd787c7e155b759f67183722cad,evidence:doi:10.1109/oceanse.2019.8867042,30178365958-1,r_i,OCEANIC,O,sustainability_skill,sustainable,marine,,marine_ecological,sustainable,title,title,39b48f64adbb89e890f0440dee48a9172ab1a41cde2a617d600b62f00c515381,cumulative-db-semantic-v1,review_required,metadata_only_limitation
fragment:signal:9ede21361a131c6af22ffdcf7fee0d0f538853c79d58689ebc3321aac22ac8f5:H3:837ac89566e5,H3,MARINE vs OCEANIC Differential Coverage,H3,signal:9ede21361a131c6af22ffdcf7fee0d0f538853c79d58689ebc3321aac22ac8f5,evidence:doi:10.3390/su18126059,30178365958-1,non_living_res,MARINE,M,safety_risk_skill,risk,ecological,,marine_ecological,risk,title+subject,title+subject,95731a67f7f48d1cc3473b5b251b644edf26c1af1bf9261c71c78a3b5317c3e4,cumulative-db-semantic-v1,auto_accepted,metadata_only_limitation
fragment:signal:9ef195ec33ea18621f9dc67fd094ed7dc3cbc5d0dcdc015581fba484c06068d5:H3:521557b9d1dd,H3,MARINE vs OCEANIC Differential Coverage,H3,signal:9ef195ec33ea18621f9dc67fd094ed7dc3cbc5d0dcdc015581fba484c06068d5,evidence:doi:10.1002/pan3.70044,30178365958-1,non_living_res,MARINE,M,social_science_skill,sociology,marine,,marine_ecological,sociology,title+subject,title+subject,04fd2cbea91da614f478347529a7e8c7c9d2bc35e9df2fcbd6f92a67fe363b40,cumulative-db-semantic-v1,review_required,metadata_only_limitation
fragment:signal:9f173cd3fa7e26d1c5223c421e4a554e2ebe1ea2c71206f96df99ee9dfa9a56c:H3:b83d404f0cf1,H3,MARINE vs OCEANIC Differential Coverage,H3,signal:9f173cd3fa7e26d1c5223c421e4a554e2ebe1ea2c71206f96df99ee9dfa9a56c,evidence:doi:10.1016/j.nbsj.2026.100357,30178365958-1,port_activities,OCEANIC,O,sustainability_skill,sustainable,marine,,marine_ecological,sustainable,title,title,ab4b085d0465ccef6f6f93e976d6135039919d2fc3af20d2439e4075f27c553e,cumulative-db-semantic-v1,review_required,metadata_only_limitation
fragment:signal:9f1ed7debd27e7362f43dcdf2c751b256c4cf1c68adbf4b249ee8a73892ca4da:H1:4dac9f872924,H1,Maritimisation Shift,H1,signal:9f1ed7debd27e7362f43dcdf2c751b256c4cf1c68adbf4b249ee8a73892ca4da,evidence:doi:10.33545/26649845.2026.v8.i7a.750,30178365958-1,coastal_tourism,OCEANIC,O,policy_regulation_skill,law,ocean governance,,oceanic_governance,law,title+subject,title+subject,69a47cd6f27f2e4bdaf129414176781f8ab3f8df758474c292b630050e9243c4,cumulative-db-semantic-v1,review_required,metadata_only_limitation
fragment:signal:9f1ed7debd27e7362f43dcdf2c751b256c4cf1c68adbf4b249ee8a73892ca4da:H3:1083e9ed2c13,H3,MARINE vs OCEANIC Differential Coverage,H3,signal:9f1ed7debd27e7362f43dcdf2c751b256c4cf1c68adbf4b249ee8a73892ca4da,evidence:doi:10.33545/26649845.2026.v8.i7a.750,30178365958-1,coastal_tourism,OCEANIC,O,policy_regulation_skill,law,marine,,marine_ecological,law,title+subject,title+subject,69a47cd6f27f2e4bdaf129414176781f8ab3f8df758474c292b630050e9243c4,cumulative-db-semantic-v1,review_required,metadata_only_limitation
fragment:signal:9f2a59630905c86138eac32ee0fe4ef8e2bc6261441244ab88c3ba0c974d0b04:H3:e0e5ba3b30c7,H3,MARINE vs OCEANIC Differential Coverage,H3,signal:9f2a59630905c86138eac32ee0fe4ef8e2bc6261441244ab88c3ba0c974d0b04,evidence:doi:10.69937/pf.por.3.1.45,30178365958-1,blue_biotech,OCEANIC,O,sustainability_skill,adaptation,marine,,marine_ecological,adaptation,title+subject,title+subject,cc5c2f25dd4f24f8b542f6e399ed5fc525ed8cb68a8c428bb4bbd4657ffe5df6,cumulative-db-semantic-v1,auto_accepted,metadata_only_limitation
fragment:signal:9f3f2d4482089acc06ebb017f8aa2a6e554a6e659d2813b290931c59636147a6:H3:fd38140ed48c,H3,MARINE vs OCEANIC Differential Coverage,H3,signal:9f3f2d4482089acc06ebb017f8aa2a6e554a6e659d2813b290931c59636147a6,evidence:doi:10.3390/cli14020061,30178365958-1,blue_biotech,OCEANIC,O,governance_skill,governance,ecological,,marine_ecological,governance,title+subject,title+subject,fedec2f1aa86f0731b1868d409fce57f20e15c0e7a573a662c72b9606a7e0bb0,cumulative-db-semantic-v1,review_required,metadata_only_limitation
fragment:signal:9f4dc9a724e2dd9e50adcded0d0bd02de26f15755cb35a494a63a7a07f2e2bc9:H3:879f389254e8,H3,MARINE vs OCEANIC Differential Coverage,H3,signal:9f4dc9a724e2dd9e50adcded0d0bd02de26f15755cb35a494a63a7a07f2e2bc9,evidence:doi:10.1093/icesjms/fsaf165,30178365958-1,non_living_res,MARINE,M,education_training_signal,training,marine,,marine_ecological,training,title+subject,title+subject,324c9bcc16ef6628729f0af8354c508299ee18249d56f7d814c8df5d151124e9,cumulative-db-semantic-v1,auto_accepted,metadata_only_limitation
fragment:signal:9f53d8732f5ae135a16ff093bedabb573c257f2bc4dce1f898899da97d675826:H1:da1bc03aca14,H1,Maritimisation Shift,H1,signal:9f53d8732f5ae135a16ff093bedabb573c257f2bc4dce1f898899da97d675826,evidence:doi:10.59110/aplikatif.948,30178365958-1,coastal_tourism,OCEANIC,O,sustainability_skill,sustainability,ocean governance,,oceanic_governance,sustainability,title+subject,title+subject,c88b9d25e1568dcc978df6cf3478f27a26b20f2c8663184e8eee66c02f1c0d80,cumulative-db-semantic-v1,auto_accepted,metadata_only_limitation
fragment:signal:9f53d8732f5ae135a16ff093bedabb573c257f2bc4dce1f898899da97d675826:H3:d96c7756046e,H3,MARINE vs OCEANIC Differential Coverage,H3,signal:9f53d8732f5ae135a16ff093bedabb573c257f2bc4dce1f898899da97d675826,evidence:doi:10.59110/aplikatif.948,30178365958-1,coastal_tourism,OCEANIC,O,sustainability_skill,sustainability,marine,,marine_ecological,sustainability,title+subject,title+subject,c88b9d25e1568dcc978df6cf3478f27a26b20f2c8663184e8eee66c02f1c0d80,cumulative-db-semantic-v1,auto_accepted,metadata_only_limitation
fragment:signal:9fdbfbf68ac14488594d1869afee3592373662362ed4dccbe3b7b697d7b1162b:H3:21ea56138f49,H3,MARINE vs OCEANIC Differential Coverage,H3,signal:9fdbfbf68ac14488594d1869afee3592373662362ed4dccbe3b7b697d7b1162b,evidence:doi:10.1016/j.watres.2026.126488,30178365958-1,living_res,OCEANIC,O,social_science_skill,community,marine,,marine_ecological,community,title,title,89a5295543bd67956e45bafdb9a62e12060ab48fa0e05fbe77e0669f91962db1,cumulative-db-semantic-v1,review_required,metadata_only_limitation
fragment:signal:9fe31f436985dbadfdb99b5886519a543c56b64cfcb29500ff56c292ff8297a0:H3:34534679719e,H3,MARINE vs OCEANIC Differential Coverage,H3,signal:9fe31f436985dbadfdb99b5886519a543c56b64cfcb29500ff56c292ff8297a0,evidence:doi:10.3390/futuretransp5040139,30178365958-1,coastal_tourism,OCEANIC,O,safety_risk_skill,safety,marine,,marine_ecological,safety,title+subject,title+subject,9892b2a546e70ffb9e2dbc5a5a2a635f614780bbc5fc0a55726a3ec51c03394b,cumulative-db-semantic-v1,review_required,metadata_only_limitation
fragment:signal:9febad1ac203a0611d6f0397ba94885895c4de3a41c1673c203f047d18a6c77c:H3:72767446c122,H3,MARINE vs OCEANIC Differential Coverage,H3,signal:9febad1ac203a0611d6f0397ba94885895c4de3a41c1673c203f047d18a6c77c,evidence:doi:10.3389/fmars.2026.1769853,30178365958-1,living_res,MARINE,M,sustainability_skill,sustainable,ecological,,marine_ecological,sustainable,title,title,609110d110f77a977f7294ece299c76f89a01d85e8ac114c470cb2cc0a03492e,cumulative-db-semantic-v1,review_required,metadata_only_limitation
fragment:signal:a0076796c73bc3b12ce8e860a3f71cf97a481f929556a34edf201ce72c647883:H3:7c85ab1cf4fd,H3,MARINE vs OCEANIC Differential Coverage,H3,signal:a0076796c73bc3b12ce8e860a3f71cf97a481f929556a34edf201ce72c647883,evidence:doi:10.1575/1912/72780,30178365958-1,blue_biotech,MARINE,M,social_science_skill,community,oceanic,,oceanic_planetary,community,title+subject,title+subject,3e9470bbb08f67d44d5536de122169f617d198acd0c8649cd10c3d2e3526be08,cumulative-db-semantic-v1,review_required,metadata_only_limitation
fragment:signal:a0192aa19c9a1333f6516b4d839c58303a72d6021cc66b5890f7d85bd9fe3093:H3:af526e18e62c,H3,MARINE vs OCEANIC Differential Coverage,H3,signal:a0192aa19c9a1333f6516b4d839c58303a72d6021cc66b5890f7d85bd9fe3093,evidence:doi:10.31230/osf.io/n3ms9,30178365958-1,blue_biotech,MARINE,M,workforce_skill,workforce,marine,,marine_ecological,workforce,title+subject,title+subject,630d0b96874d6f67da17fb53234cc6b1765e5293f92872e11f1f27e57b5c32a4,cumulative-db-semantic-v1,auto_accepted,metadata_only_limitation
fragment:signal:a0335cd68b6d44dcd7e6da1342a3a1113a1f85186cd9e2b45f813fb8af6e3fe1:H3:3bf501a28487,H3,MARINE vs OCEANIC Differential Coverage,H3,signal:a0335cd68b6d44dcd7e6da1342a3a1113a1f85186cd9e2b45f813fb8af6e3fe1,evidence:doi:10.3389/focsu.2026.1751387,30178365958-1,blue_biotech,MARINE,M,policy_regulation_skill,law,marine,,marine_ecological,law,title+subject,title+subject,2c68d8971635cb1974b3917580a9fe8667bf466f805e2c50a00a984970018ab1,cumulative-db-semantic-v1,review_required,metadata_only_limitation
fragment:signal:a07e0d5a41ffb3f74df36b4dc64eaa3da9e5a229a3ebc8fa4a82d71e03eed048:H3:43f7f09f2a4a,H3,MARINE vs OCEANIC Differential Coverage,H3,signal:a07e0d5a41ffb3f74df36b4dc64eaa3da9e5a229a3ebc8fa4a82d71e03eed048,evidence:doi:10.1016/j.scitotenv.2025.179959,30178365958-1,non_living_res,MARINE,M,policy_regulation_skill,regulation,planetary,,oceanic_planetary,regulation,title+subject,title+subject,9f0b2e5b169003b13011c9192588083b5aac2694ca7713c22ae559a7614badac,cumulative-db-semantic-v1,review_required,metadata_only_limitation
fragment:signal:a0cdfeb294c5971116ab85f437bc2c8e91547315038efe53817e98eedb98ef70:H3:a17e261609fe,H3,MARINE vs OCEANIC Differential Coverage,H3,signal:a0cdfeb294c5971116ab85f437bc2c8e91547315038efe53817e98eedb98ef70,evidence:doi:10.3390/jrfm19050335,30178365958-1,living_res,MARINE,M,sustainability_skill,sustainability,marine,,marine_ecological,sustainability,title+subject,title+subject,59047c4b306dab33deb9e1797bc0313804e34a83dc8a3117d5cf70d7b7a8ffd4,cumulative-db-semantic-v1,review_required,metadata_only_limitation
fragment:signal:a0f469c5e4197c08e5c809c38e5aa11c8973486d4a9df752e286669b1c8d63c6:H1:ec19036c9e0f,H1,Maritimisation Shift,H1,signal:a0f469c5e4197c08e5c809c38e5aa11c8973486d4a9df752e286669b1c8d63c6,evidence:doi:10.48336/368,30178365958-1,coastal_tourism,OCEANIC,O,safety_risk_skill,risk,ocean governance,,oceanic_governance,risk,title+subject,title+subject,84aa25cb7a76715f246458441a19e67f3cf53f685a4cc72d9cbe99faf769d1f3,cumulative-db-semantic-v1,review_required,metadata_only_limitation
fragment:signal:a0f469c5e4197c08e5c809c38e5aa11c8973486d4a9df752e286669b1c8d63c6:H3:360eafee4b57,H3,MARINE vs OCEANIC Differential Coverage,H3,signal:a0f469c5e4197c08e5c809c38e5aa11c8973486d4a9df752e286669b1c8d63c6,evidence:doi:10.48336/368,30178365958-1,coastal_tourism,OCEANIC,O,safety_risk_skill,risk,marine,,marine_ecological,risk,title+subject,title+subject,84aa25cb7a76715f246458441a19e67f3cf53f685a4cc72d9cbe99faf769d1f3,cumulative-db-semantic-v1,review_required,metadata_only_limitation
fragment:signal:a0f81193f51a0622e2c7b588bcc265a4e2849b5964672e0cee3874589b681c6f:H3:bffca847b93d,H3,MARINE vs OCEANIC Differential Coverage,H3,signal:a0f81193f51a0622e2c7b588bcc265a4e2849b5964672e0cee3874589b681c6f,evidence:doi:10.33175/mtr.2026.287112,30178365958-1,coastal_tourism,OCEANIC,O,safety_risk_skill,safety,marine,,marine_ecological,safety,title+subject,title+subject,5a62a28e1381d1c9a40ff1546002b05e7219e2ea643a63b361df6111a7ac5172,cumulative-db-semantic-v1,review_required,metadata_only_limitation
fragment:signal:a121d582bb1f9dbeb3e74d6e59d880a04050ffab06ef215c854bf6a4109aea5b:H3:35a7dd094515,H3,MARINE vs OCEANIC Differential Coverage,H3,signal:a121d582bb1f9dbeb3e74d6e59d880a04050ffab06ef215c854bf6a4109aea5b,evidence:doi:10.3389/fmars.2026.1840407,30178365958-1,coastal_tourism,OCEANIC,O,sustainability_skill,sustainability,marine,,marine_ecological,sustainability,title+subject,title+subject,d1008ace6e681d542c04edc9938fe589ff5ee6c1bf612ab198084d7f66891663,cumulative-db-semantic-v1,auto_accepted,metadata_only_limitation
fragment:signal:a151664bcc6a077f7e0e48d5ae38f9db0af1f546bc28254dee12484427bafe6b:H3:816983b79f57,H3,MARINE vs OCEANIC Differential Coverage,H3,signal:a151664bcc6a077f7e0e48d5ae38f9db0af1f546bc28254dee12484427bafe6b,evidence:doi:10.1007/s11852-026-01216-3,30178365958-1,living_res,MARINE,M,policy_regulation_skill,regulatory,marine,,marine_ecological,regulatory,title,title,a600cf897cd5250fffb2680f123b7ac9199bedbbd35f63daae3412f743173830,cumulative-db-semantic-v1,review_required,metadata_only_limitation
fragment:signal:a2246a6388203edae2fda2b3aa441065cb22d8d15e3c2a422fc02b887e87abd3:H3:36fffa44b321,H3,MARINE vs OCEANIC Differential Coverage,H3,signal:a2246a6388203edae2fda2b3aa441065cb22d8d15e3c2a422fc02b887e87abd3,evidence:doi:10.21203/rs.3.rs-9526838/v1,30178365958-1,coastal_tourism,OCEANIC,O,sustainability_skill,resilience,marine,,marine_ecological,resilience,title+subject,title+subject,cdfadd8cfe1706d5c31fd2b9e09eff5ac573d057ef9166d5b88d281dbab3e412,cumulative-db-semantic-v1,review_required,metadata_only_limitation
fragment:signal:a258551f5894528ad1cb0f7457159463ed88a9a4cc1b895fefabcb32f796c392:H3:bc6065c4c056,H3,MARINE vs OCEANIC Differential Coverage,H3,signal:a258551f5894528ad1cb0f7457159463ed88a9a4cc1b895fefabcb32f796c392,evidence:doi:10.21203/rs.3.rs-10416755/v1,30178365958-1,living_res,MARINE,M,governance_skill,governance,marine,,marine_ecological,governance,title+subject,title+subject,109844a4aa2bbe9640103a30467ccd3fbb0cd87fac81b0ad06ba7d2f5183818d,cumulative-db-semantic-v1,auto_accepted,metadata_only_limitation
fragment:signal:a2b8b072dafb12508ded78e126509844e856f1060978482333bd6e5de56e03fc:H3:2be4cc11c0d2,H3,MARINE vs OCEANIC Differential Coverage,H3,signal:a2b8b072dafb12508ded78e126509844e856f1060978482333bd6e5de56e03fc,evidence:doi:10.1016/j.ocecoaman.2026.108302,30178365958-1,coastal_tourism,OCEANIC,O,sustainability_skill,climate,marine,,marine_ecological,climate,title+subject,title+subject,94558a4b42782369736c756f475851a346b24d01f1157da4bf55aff6f8009f75,cumulative-db-semantic-v1,review_required,metadata_only_limitation
fragment:signal:a2d229d39e9064cb71c591ef67bd6386426a75810fb1df4fc215ada2797061ad:H1:689e9baacf40,H1,Maritimisation Shift,H1,signal:a2d229d39e9064cb71c591ef67bd6386426a75810fb1df4fc215ada2797061ad,evidence:doi:10.1016/j.marpolbul.2026.120063,30178365958-1,r_i,OCEANIC,O,learning_outcome_signal,ects,oceanic,,oceanic_governance,ects,title,title,9d2acbff0954d39c64390de2e0899eba9ff8388f2caa365238fdeacd49c43658,cumulative-db-semantic-v1,review_required,metadata_only_limitation
fragment:signal:a2d229d39e9064cb71c591ef67bd6386426a75810fb1df4fc215ada2797061ad:H3:cf8bd3d2a552,H3,MARINE vs OCEANIC Differential Coverage,H3,signal:a2d229d39e9064cb71c591ef67bd6386426a75810fb1df4fc215ada2797061ad,evidence:doi:10.1016/j.marpolbul.2026.120063,30178365958-1,r_i,OCEANIC,O,learning_outcome_signal,ects,oceanic,,oceanic_planetary,ects,title,title,9d2acbff0954d39c64390de2e0899eba9ff8388f2caa365238fdeacd49c43658,cumulative-db-semantic-v1,review_required,metadata_only_limitation
fragment:signal:a3213eaf14c913de16a41bd99be0128acbf13d9950f5f3c2360e49b3897657ae:H3:35fb43d0e97e,H3,MARINE vs OCEANIC Differential Coverage,H3,signal:a3213eaf14c913de16a41bd99be0128acbf13d9950f5f3c2360e49b3897657ae,evidence:doi:10.61511/jek.v3i2.2026.2301,30178365958-1,renewable_energy,OCEANIC,O,sustainability_skill,sustainability,marine,,marine_ecological,sustainability,title+subject,title+subject,9feec401410ae01377939ade2221456054b304f199c01734f63ff803f97d1795,cumulative-db-semantic-v1,auto_accepted,metadata_only_limitation
fragment:signal:a332ab1291b1aa9968e8d1462f9b48af8f03d6228b6590be60b1545513cd4a12:H3:0780d1a336d8,H3,MARINE vs OCEANIC Differential Coverage,H3,signal:a332ab1291b1aa9968e8d1462f9b48af8f03d6228b6590be60b1545513cd4a12,evidence:doi:10.1098/rstb.2024.0142,30178365958-1,non_living_res,MARINE,M,technical_skill,engineering,marine,,marine_ecological,engineering,title+subject,title+subject,b825a94df4a5571cb0ed6d1612538f4a8a323a0f87ce7c71c80c149e073ecf6e,cumulative-db-semantic-v1,review_required,metadata_only_limitation
fragment:signal:a33884dbf014e33c35afb888b0e93ba97d3212307d558fc055d78199aef8a2d4:H3:f0c225a7f0c8,H3,MARINE vs OCEANIC Differential Coverage,H3,signal:a33884dbf014e33c35afb888b0e93ba97d3212307d558fc055d78199aef8a2d4,evidence:doi:10.58526/jsret.v5i2.1145,30178365958-1,non_living_res,MARINE,M,governance_skill,governance,marine,,marine_ecological,governance,title+subject,title+subject,ad7aa1219064e727aca522b8fc83a5019c61420e18dab86b76b10f35df1d4864,cumulative-db-semantic-v1,auto_accepted,metadata_only_limitation
fragment:signal:a362e172f9f2587b1614c03b1d87383813aa993469440936e3b6b31654c47947:H3:2c7696c180ca,H3,MARINE vs OCEANIC Differential Coverage,H3,signal:a362e172f9f2587b1614c03b1d87383813aa993469440936e3b6b31654c47947,evidence:doi:10.1007/978-3-032-26565-4_1,30178365958-1,blue_biotech,OCEANIC,O,technical_skill,technology,marine,,marine_ecological,technology,title,title,9545d84c6d986eecb4261c03c0d4e42b8e767c1a684351310890737cfade5232,cumulative-db-semantic-v1,review_required,metadata_only_limitation
fragment:signal:a38002b1c1299ac917850f36934296ecde2fc2d330d834cd2599c73e0cd1e0d1:H3:70c041f84325,H3,MARINE vs OCEANIC Differential Coverage,H3,signal:a38002b1c1299ac917850f36934296ecde2fc2d330d834cd2599c73e0cd1e0d1,evidence:doi:10.1016/j.pmatsci.2026.101740,30178365958-1,living_res,OCEANIC,O,digital_skill,artificial intelligence,marine,,marine_ecological,artificial intelligence,title,title,1451dd8db8d1c2c1182cf3dd1684e03dd6654a5b9113e005ea320f3ca9189673,cumulative-db-semantic-v1,review_required,metadata_only_limitation
fragment:signal:a3c3e12fcfbce12447e75cda53ce34af696d5909b0eb611138dc1904f9c87bc2:H3:4ed9fd4cfd05,H3,MARINE vs OCEANIC Differential Coverage,H3,signal:a3c3e12fcfbce12447e75cda53ce34af696d5909b0eb611138dc1904f9c87bc2,evidence:doi:10.1016/j.jenvman.2026.129802,30178365958-1,living_res,MARINE,M,governance_skill,governance,marine,,marine_ecological,governance,title+subject,title+subject,ddc2f16f7dbe74c27c5466e484129312d25ca6610f1dd6102212baad96cfacc4,cumulative-db-semantic-v1,review_required,metadata_only_limitation
fragment:signal:a417a31a2d73b434418eb866356e844680bb1a579e5b7ab147cd388f096aaa1d:H3:ea4591c984af,H3,MARINE vs OCEANIC Differential Coverage,H3,signal:a417a31a2d73b434418eb866356e844680bb1a579e5b7ab147cd388f096aaa1d,evidence:doi:10.21203/rs.3.rs-10320287/v1,30178365958-1,living_res,MARINE,M,sustainability_skill,sustainability,marine,,marine_ecological,sustainability,title+subject,title+subject,e8a5f2cc059282c66bd9edb6885576f263c8bdcbd9ddbabc4aea2d11b4fa250b,cumulative-db-semantic-v1,review_required,metadata_only_limitation
fragment:signal:a41efa6f065c7077c4084080292b00fe18ab35c9a08c861e8f111dcc76c9bd9b:H3:1970e029735c,H3,MARINE vs OCEANIC Differential Coverage,H3,signal:a41efa6f065c7077c4084080292b00fe18ab35c9a08c861e8f111dcc76c9bd9b,evidence:doi:10.3390/jmse13010051,30178365958-1,non_living_res,MARINE,M,technical_skill,engineering,marine,,marine_ecological,engineering,title+subject,title+subject,11b51eb611f0b247c9155a06cdd298fc80686d1cbe9037355cdf5f713ec209e0,cumulative-db-semantic-v1,review_required,metadata_only_limitation
fragment:signal:a42a3fa89478ee7539f03f7646e045851b1bbe38ee928121edd23705514c1ef7:H3:1752af98b538,H3,MARINE vs OCEANIC Differential Coverage,H3,signal:a42a3fa89478ee7539f03f7646e045851b1bbe38ee928121edd23705514c1ef7,evidence:doi:10.12688/f1000research.181928.1,30178365958-1,coastal_tourism,OCEANIC,O,governance_skill,governance,marine,,marine_ecological,governance,title+subject,title+subject,92cf4b92d04457c696d6b281d6eaa075f1d4ee9daf630d290aa4af5b392d7cb7,cumulative-db-semantic-v1,auto_accepted,metadata_only_limitation
fragment:signal:a446791b2cf2a2fc4e59045d08a79a332582fb8e3d1e26c6b95341fd332fefa0:H3:dd9dbf484793,H3,MARINE vs OCEANIC Differential Coverage,H3,signal:a446791b2cf2a2fc4e59045d08a79a332582fb8e3d1e26c6b95341fd332fefa0,evidence:doi:10.61538/ardj.v8i2.2026,30178365958-1,coastal_tourism,OCEANIC,O,social_science_skill,community,marine,,marine_ecological,community,title+subject,title+subject,ce2ff16244889f595786d5f9dba7005bb86636fe7c5e63c1ca3ee0f565b1e5e9,cumulative-db-semantic-v1,review_required,metadata_only_limitation
fragment:signal:a44b7d9d0b6f443cb9e842a4b33cfb301d0b99c76581361a80cb3c6fb7b8fd91:H3:477122c5baa8,H3,MARINE vs OCEANIC Differential Coverage,H3,signal:a44b7d9d0b6f443cb9e842a4b33cfb301d0b99c76581361a80cb3c6fb7b8fd91,evidence:doi:10.1016/j.compositesb.2026.114020,30178365958-1,maritime_transport,OCEANIC,O,technical_skill,engineering,marine,,marine_ecological,engineering,title,title,d4817bb78f9f0c96a5badf6e7b7f3fd3644c9197816cd08c57f57b014a46021d,cumulative-db-semantic-v1,review_required,metadata_only_limitation
fragment:signal:a45ccecdb0be5ed5d87eb652f248111aa006655dbadfcbe6593dfc002264655c:H3:8898d4784f27,H3,MARINE vs OCEANIC Differential Coverage,H3,signal:a45ccecdb0be5ed5d87eb652f248111aa006655dbadfcbe6593dfc002264655c,evidence:doi:10.1111/brv.70106,30178365958-1,blue_biotech,MARINE,M,learning_outcome_signal,ects,marine,,marine_ecological,ects,title+subject,title+subject,dace312e64fbede43b839d7f3faea2e6fdfdbf4e5b0a15c5dff3c17b52808e18,cumulative-db-semantic-v1,review_required,metadata_only_limitation
fragment:signal:a46ecf6fe02d75249af8aac9d7172882f83f33ad32ef235153b681c24b77d75e:H3:1edf5ab3ed5e,H3,MARINE vs OCEANIC Differential Coverage,H3,signal:a46ecf6fe02d75249af8aac9d7172882f83f33ad32ef235153b681c24b77d75e,evidence:doi:10.3389/fmars.2025.1648508,30178365958-1,blue_biotech,MARINE,M,social_science_skill,literacy,marine,,marine_ecological,literacy,title+subject,title+subject,0045d3b4e0daf55534c4b34c2ce2b2ead57de9717f6c674e0d65b7768d81d35c,cumulative-db-semantic-v1,auto_accepted,metadata_only_limitation
fragment:signal:a4f3f6db972ac13340e0fc029024f65272130d3e10e50f2a64e9a639852d1060:H3:de0174b5c457,H3,MARINE vs OCEANIC Differential Coverage,H3,signal:a4f3f6db972ac13340e0fc029024f65272130d3e10e50f2a64e9a639852d1060,evidence:doi:10.1016/j.geoforum.2025.104410,30178365958-1,living_res,OCEANIC,O,social_science_skill,sociology,marine,,marine_ecological,sociology,title+subject,title+subject,ea1f51762a786a2b6ddf5274d23fb140699adca1aeb06304ad4bb6c63f66efe5,cumulative-db-semantic-v1,review_required,metadata_only_limitation
fragment:signal:a51119802b6711b4e4f4eaaca7861b7cdb647d3ab9ebaebbb1a65ae535c72ef5:H3:b8f3df94bb76,H3,MARINE vs OCEANIC Differential Coverage,H3,signal:a51119802b6711b4e4f4eaaca7861b7cdb647d3ab9ebaebbb1a65ae535c72ef5,evidence:doi:10.3389/fclim.2025.1652871,30178365958-1,living_res,OCEANIC,O,sustainability_skill,climate,marine,,marine_ecological,climate,title+subject,title+subject,5b429ac88850a5f42fbffb714b6f6d2c0be46dc9fedb230d354befac3e32330c,cumulative-db-semantic-v1,auto_accepted,metadata_only_limitation
fragment:signal:a549eeeff5929ee6833968c30f95430b2be520022affc040cb28243f7554a579:H3:408e4d6aaac0,H3,MARINE vs OCEANIC Differential Coverage,H3,signal:a549eeeff5929ee6833968c30f95430b2be520022affc040cb28243f7554a579,evidence:doi:10.9734/ajee/2025/v24i8777,30178365958-1,blue_biotech,MARINE,M,technical_skill,engineering,ecological,,marine_ecological,engineering,title+subject,title+subject,0b1658ca8eefebc39ac1198ee8eb3cc3e520b9bf7620b0f8410678092c98c755,cumulative-db-semantic-v1,auto_accepted,metadata_only_limitation
fragment:signal:a58ee32257273a285edd43c4867a626c6b96f79a0f0e01fada13a821f8e0f3f9:H3:98ba3606a4d3,H3,MARINE vs OCEANIC Differential Coverage,H3,signal:a58ee32257273a285edd43c4867a626c6b96f79a0f0e01fada13a821f8e0f3f9,evidence:doi:10.3389/focsu.2026.1859998,30178365958-1,living_res,MARINE,M,governance_skill,governance,marine,,marine_ecological,governance,title+subject,title+subject,7fcfebbcb24090b76839553bf290923acb281e090ed6ff83cd112df2c92bff52,cumulative-db-semantic-v1,review_required,metadata_only_limitation
fragment:signal:a5b4d49cba71234a110c23a17af600552b2d07e8336bc59d7a6eaa8b4fb4316d:H3:afecf6f7d697,H3,MARINE vs OCEANIC Differential Coverage,H3,signal:a5b4d49cba71234a110c23a17af600552b2d07e8336bc59d7a6eaa8b4fb4316d,evidence:doi:10.1007/s40152-026-00490-z,30178365958-1,renewable_energy,OCEANIC,O,sustainability_skill,sustainability,marine,,marine_ecological,sustainability,title+subject,title+subject,34644c8d54cd5c1b3f2cb5642e6d3dd993e0d702ab0af1b747ee4ea5e9cebf03,cumulative-db-semantic-v1,review_required,metadata_only_limitation
fragment:signal:a5d5869e62d6f1f712731c27628cce562b9813246368383e0058e44246fc984c:H3:09cf7079fd0c,H3,MARINE vs OCEANIC Differential Coverage,H3,signal:a5d5869e62d6f1f712731c27628cce562b9813246368383e0058e44246fc984c,evidence:doi:10.3390/su17156880,30178365958-1,non_living_res,MARINE,M,technical_skill,engineering,marine,,marine_ecological,engineering,title+subject,title+subject,1ce098bc5ee1eb75db5b06be588e296dae7fd68ddeaaf9be5f75bd30a373fcb8,cumulative-db-semantic-v1,review_required,metadata_only_limitation
fragment:signal:a5e9df19b08415e87770e3affe50fe2574d23dff9f53fafcb7a4788369055f6b:H3:1f07cdca3c48,H3,MARINE vs OCEANIC Differential Coverage,H3,signal:a5e9df19b08415e87770e3affe50fe2574d23dff9f53fafcb7a4788369055f6b,evidence:doi:10.64388/irev9i11-1718183,30178365958-1,blue_biotech,MARINE,M,sustainability_skill,sustainability,marine,,marine_ecological,sustainability,title+subject,title+subject,67cdb4ba3700bb15c086eaf95b6ca8e772dbadd121fd67f191570c5101cdbf36,cumulative-db-semantic-v1,auto_accepted,metadata_only_limitation
fragment:signal:a5f6f4644c9ebe99b04e44c0eccdecd447af80440d39cb4f3f2dc07556508f10:H3:0577f20f68a1,H3,MARINE vs OCEANIC Differential Coverage,H3,signal:a5f6f4644c9ebe99b04e44c0eccdecd447af80440d39cb4f3f2dc07556508f10,evidence:doi:10.5751/es-17075-310212,30178365958-1,renewable_energy,OCEANIC,O,governance_skill,governance,marine,,marine_ecological,governance,title+subject,title+subject,5b307d2476cc35c5f9b21adceda3a1a8b2c4927ad9ffc308133d40b4ec0e3eac,cumulative-db-semantic-v1,auto_accepted,metadata_only_limitation
fragment:signal:a5f9a12e21d73d755cc6b13dff7a26597718775e2e0ec37f98d9a6a1fb3e2f19:H3:3f2219a240b4,H3,MARINE vs OCEANIC Differential Coverage,H3,signal:a5f9a12e21d73d755cc6b13dff7a26597718775e2e0ec37f98d9a6a1fb3e2f19,evidence:doi:10.1016/j.erss.2024.103889,30178365958-1,non_living_res,MARINE,M,sustainability_skill,sustainability,marine,,marine_ecological,sustainability,title+subject,title+subject,e75b166d79b69afdbf0f9152d2af4e05e340dde5b8b4878885baa8a5db37597c,cumulative-db-semantic-v1,review_required,metadata_only_limitation
fragment:signal:a61db9553afcc811c2116e0fc4daa7d26f1e918c1fd7273cca734986aff1658d:H3:fb1c1de1eea5,H3,MARINE vs OCEANIC Differential Coverage,H3,signal:a61db9553afcc811c2116e0fc4daa7d26f1e918c1fd7273cca734986aff1658d,evidence:doi:10.3390/su18126059,30178365958-1,non_living_res,MARINE,M,sustainability_skill,resilience,ecological,,marine_ecological,resilience,title+subject,title+subject,95731a67f7f48d1cc3473b5b251b644edf26c1af1bf9261c71c78a3b5317c3e4,cumulative-db-semantic-v1,auto_accepted,metadata_only_limitation
fragment:signal:a62081bbd834b96d6a95411ed7fc3214f084c87651572b8f6e67687cf731cf4f:H3:2069f8078143,H3,MARINE vs OCEANIC Differential Coverage,H3,signal:a62081bbd834b96d6a95411ed7fc3214f084c87651572b8f6e67687cf731cf4f,evidence:doi:10.1016/j.marpol.2026.107231,30178365958-1,living_res,OCEANIC,O,governance_skill,governance,marine,,marine_ecological,governance,title,title,80a744396730fcc6f517eb09011c2f5a89392406579d376263154de2153b86bd,cumulative-db-semantic-v1,review_required,metadata_only_limitation
fragment:signal:a6459435974c78eb9b0a322b75fcfece07d4a6c77f2edf4936257bdd052a553a:H3:697eb0cccd46,H3,MARINE vs OCEANIC Differential Coverage,H3,signal:a6459435974c78eb9b0a322b75fcfece07d4a6c77f2edf4936257bdd052a553a,evidence:doi:10.3389/fmars.2026.1842952,30178365958-1,living_res,MARINE,M,governance_skill,governance,marine,,marine_ecological,governance,title+subject,title+subject,43f442f13ebea9e8d18fc541a9899be14629be5d64da4dfb515a7de1779523a1,cumulative-db-semantic-v1,auto_accepted,metadata_only_limitation
fragment:signal:a67ea80d5864f10801e34881805f518cf222112aca5dcba4853dce2735476a78:H3:31c328b7b3cb,H3,MARINE vs OCEANIC Differential Coverage,H3,signal:a67ea80d5864f10801e34881805f518cf222112aca5dcba4853dce2735476a78,evidence:doi:10.36859/jdg.v11i1.5710,30178365958-1,living_res,MARINE,M,governance_skill,governance,marine,,marine_ecological,governance,title+subject,title+subject,646ff5d7d9e3607d3c0c4a62af8d7905e659379859612795d12fcc4e64577edc,cumulative-db-semantic-v1,auto_accepted,metadata_only_limitation
fragment:signal:a6894d206831a847cc392067ed6a6ac56b95014d01053e0bff11b9d168daf0a1:H3:90d5d0570dc6,H3,MARINE vs OCEANIC Differential Coverage,H3,signal:a6894d206831a847cc392067ed6a6ac56b95014d01053e0bff11b9d168daf0a1,evidence:doi:10.1080/18366503.2026.2672848,30178365958-1,blue_biotech,OCEANIC,O,governance_skill,governance,marine,,marine_ecological,governance,title+subject,title+subject,6b385e1da84aa4e711d7d29d5d76916b415469e8c606a2252cd1f69bff58e138,cumulative-db-semantic-v1,review_required,metadata_only_limitation
fragment:signal:a7134e5a50d205559c79d29f5ad9d8121eb43b40667d026d37fb74238ec04e81:H3:7ba0b56a44cb,H3,MARINE vs OCEANIC Differential Coverage,H3,signal:a7134e5a50d205559c79d29f5ad9d8121eb43b40667d026d37fb74238ec04e81,evidence:doi:10.3389/fmars.2026.1848506,30178365958-1,living_res,MARINE,M,sustainability_skill,sustainability,marine,,marine_ecological,sustainability,title+subject,title+subject,b0fa72ac2c00f5da502f901f0f880491538d54bd8753a13b0bd1abccce46c309,cumulative-db-semantic-v1,auto_accepted,metadata_only_limitation
fragment:signal:a76fefe57bf616d23bcb3f9caf0144f1cdd5b2ed2ee550e1148f46f42ec62310:H3:08367cece5d3,H3,MARINE vs OCEANIC Differential Coverage,H3,signal:a76fefe57bf616d23bcb3f9caf0144f1cdd5b2ed2ee550e1148f46f42ec62310,evidence:doi:10.35308/jpp.v12i1.13544,30178365958-1,living_res,OCEANIC,O,sustainability_skill,sustainability,marine,,marine_ecological,sustainability,title+subject,title+subject,e7358b76e783707c5e73e24ec79b8f749e94de3fc36af6b1f1042d2fc4ad1798,cumulative-db-semantic-v1,review_required,metadata_only_limitation
fragment:signal:a77683f0cd9eeaa539d2981baf7e57709693e1fc86b5e4aa7b3a103c35d5b59f:H3:396b1b68162b,H3,MARINE vs OCEANIC Differential Coverage,H3,signal:a77683f0cd9eeaa539d2981baf7e57709693e1fc86b5e4aa7b3a103c35d5b59f,evidence:doi:10.1038/s44183-026-00228-8,30178365958-1,coastal_tourism,OCEANIC,O,sustainability_skill,sustainability,marine,,marine_ecological,sustainability,title+subject,title+subject,15ebeb8aaa932b4ee23bce5cf73fa58eccb15df45f42509776451bc2022dd1b3,cumulative-db-semantic-v1,review_required,metadata_only_limitation
fragment:signal:a78688351cced2fa9ce853ceb80e4e9217713f6140d5f5f669400365ddee472a:H3:bccdd0f8617f,H3,MARINE vs OCEANIC Differential Coverage,H3,signal:a78688351cced2fa9ce853ceb80e4e9217713f6140d5f5f669400365ddee472a,evidence:doi:10.1088/2976-601x/ae55a4,30178365958-1,coastal_tourism,OCEANIC,O,governance_skill,stakeholder,marine,,marine_ecological,stakeholder,title+subject,title+subject,582e7f9e7ad1478fd4163aaf22b2514c8bc33c261aca4c60d95a5a6d1e7d7b59,cumulative-db-semantic-v1,auto_accepted,metadata_only_limitation
fragment:signal:a7dbd43963c90df7a29a6ecebf1c1e5a5be8ddc54bdb7e7c4a4e0d763f307da1:H3:07700618118e,H3,MARINE vs OCEANIC Differential Coverage,H3,signal:a7dbd43963c90df7a29a6ecebf1c1e5a5be8ddc54bdb7e7c4a4e0d763f307da1,evidence:doi:10.2777/87880,30178365958-1,ship_repair,OCEANIC,O,learning_outcome_signal,ects,marine,,marine_ecological,ects,title+subject,title+subject,1fcf92e00209a62d9a9bb70779c64cd3fe28a06b01004054093e07a10d57b107,cumulative-db-semantic-v1,review_required,metadata_only_limitation
fragment:signal:a8183213bff50ee3756dc1984cdd4037a699b4ffad38ba9304e47e9e8a29d9eb:H3:40d09625f73c,H3,MARINE vs OCEANIC Differential Coverage,H3,signal:a8183213bff50ee3756dc1984cdd4037a699b4ffad38ba9304e47e9e8a29d9eb,evidence:doi:10.23887/jish.v15i1.107266,30178365958-1,coastal_tourism,OCEANIC,O,digital_skill,digital,marine,,marine_ecological,digital,title+subject,title+subject,87ef48a790930b51a9e15c291eaa9c0d3c4414ab197f368afa1c0463bdf908ae,cumulative-db-semantic-v1,review_required,metadata_only_limitation
fragment:signal:a81880defaa540cf7a6ec2edc7ac33b884fdf0700c9c361899d7c07dd12c9d65:H3:4305e1c41d22,H3,MARINE vs OCEANIC Differential Coverage,H3,signal:a81880defaa540cf7a6ec2edc7ac33b884fdf0700c9c361899d7c07dd12c9d65,evidence:doi:10.57241/2805-2994.1050,30178365958-1,maritime_defence,OCEANIC,O,sustainability_skill,sustainability,marine,,marine_ecological,sustainability,title+subject,title+subject,3eba6c9b8052c315b14e659b222110038424994923d894eb49b954afbea5ec16,cumulative-db-semantic-v1,review_required,metadata_only_limitation
fragment:signal:a82eb361b50d739e4c0272c0d260af82ffcb4415a10f35d0aeca7b94571071cc:H3:bf70f24b2323,H3,MARINE vs OCEANIC Differential Coverage,H3,signal:a82eb361b50d739e4c0272c0d260af82ffcb4415a10f35d0aeca7b94571071cc,evidence:doi:10.55583/jtisi.v4i1.2232,30178365958-1,coastal_tourism,OCEANIC,O,sustainability_skill,sustainability,marine,,marine_ecological,sustainability,title+subject,title+subject,60e6a00c5f12e769fd7d113aecc50a75afc980b4e486a311c84f6d667b5d2688,cumulative-db-semantic-v1,review_required,metadata_only_limitation
fragment:signal:a84a5cb5110c1a36e43859771f98d35c1a0547e0bab40d92f073bf92512535ff:H3:5607a5a25ca7,H3,MARINE vs OCEANIC Differential Coverage,H3,signal:a84a5cb5110c1a36e43859771f98d35c1a0547e0bab40d92f073bf92512535ff,evidence:doi:10.12688/f1000research.179511.1,30178365958-1,maritime_defence,OCEANIC,O,governance_skill,governance,marine,,marine_ecological,governance,title+subject,title+subject,0cfb5752fd7a6c24e6b14e4f206ca48160fcca0c9db3ee66a989f56b1e5e4a50,cumulative-db-semantic-v1,review_required,metadata_only_limitation
fragment:signal:a852c6db4689e0ac28541edd2e2d781e5afd043e541c7e8c1ff4cc7bb54460aa:H3:8c74fa9cbc62,H3,MARINE vs OCEANIC Differential Coverage,H3,signal:a852c6db4689e0ac28541edd2e2d781e5afd043e541c7e8c1ff4cc7bb54460aa,evidence:doi:10.12957/rmi.2025.86287,30178365958-1,living_res,OCEANIC,O,learning_outcome_signal,ects,marine,,marine_ecological,ects,title+subject,title+subject,5c6a6f5e0051ea36aed6c38474ff1835db6884cebe29d0bbde19032aa621fa81,cumulative-db-semantic-v1,review_required,metadata_only_limitation
fragment:signal:a85c48a92467474a51ba39325976f16d3b57d1e563392e1d1ba77f4ee62aedcd:H3:8ea8afcbb7fa,H3,MARINE vs OCEANIC Differential Coverage,H3,signal:a85c48a92467474a51ba39325976f16d3b57d1e563392e1d1ba77f4ee62aedcd,evidence:doi:10.51903/egzvjq53,30178365958-1,r_i,OCEANIC,O,education_training_signal,education,marine,,marine_ecological,education,title+subject,title+subject,f89dfaa0442e170d925976b8222dbff94e1093e7eb5726112c07479af030af1b,cumulative-db-semantic-v1,review_required,metadata_only_limitation
fragment:signal:a86b801150543fe92ec202db2f3645a1df823dc53b2922a1118d4bb76c3988c6:H3:3e42ee537ba5,H3,MARINE vs OCEANIC Differential Coverage,H3,signal:a86b801150543fe92ec202db2f3645a1df823dc53b2922a1118d4bb76c3988c6,evidence:doi:10.47906/nd2025.172.04,30178365958-1,renewable_energy,OCEANIC,O,governance_skill,governance,marine,,marine_ecological,governance,title+subject,title+subject,52cbfa775a2a1b10bf30827be1a8da4550050365abdfe3a1f52e143f673029d7,cumulative-db-semantic-v1,review_required,metadata_only_limitation
fragment:signal:a87cd470edab57e02b681365b97b7f50707b692eb6b01cd5066d0933158da76c:H3:d1e9c50236d8,H3,MARINE vs OCEANIC Differential Coverage,H3,signal:a87cd470edab57e02b681365b97b7f50707b692eb6b01cd5066d0933158da76c,evidence:doi:10.1038/s44183-025-00132-7,30178365958-1,blue_biotech,OCEANIC,O,policy_regulation_skill,law,marine,,marine_ecological,law,title+subject,title+subject,3463fc4d9f171dcb02efe74b6b51ca9371e90b3779416d69fc3aa7146f9955f0,cumulative-db-semantic-v1,review_required,metadata_only_limitation
fragment:signal:a8ba2d9c0dfc813d73f1c511d5183720c7da166af8e1ce58f467593ee386da41:H3:2d234cc4040a,H3,MARINE vs OCEANIC Differential Coverage,H3,signal:a8ba2d9c0dfc813d73f1c511d5183720c7da166af8e1ce58f467593ee386da41,evidence:doi:10.34660/inf.2019.21.41435,30178365958-1,non_living_res,MARINE,M,technical_skill,engineering,marine,,marine_ecological,engineering,title+subject,title+subject,c93503304c88543c877f9ea96be8ded739273782c25941642106a4a1cb018a80,cumulative-db-semantic-v1,review_required,metadata_only_limitation
fragment:signal:a8ec5cf719cd05b522fd7528665af11106d18c3e7f583cd7600029072490fdbd:H3:48f70a3984b0,H3,MARINE vs OCEANIC Differential Coverage,H3,signal:a8ec5cf719cd05b522fd7528665af11106d18c3e7f583cd7600029072490fdbd,evidence:doi:10.3389/feart.2025.1457489,30178365958-1,non_living_res,MARINE,M,technical_skill,engineering,marine,,marine_ecological,engineering,title+subject,title+subject,8efe6a61f640043d23a1fc030df71dfa0ceb6b9663521181d60c703acbf63cdd,cumulative-db-semantic-v1,review_required,metadata_only_limitation
fragment:signal:a8f9444cf92af3ac9d51c2a21f939585065221e7be85d7df6d95ece8e092ed0d:H3:31de616a274a,H3,MARINE vs OCEANIC Differential Coverage,H3,signal:a8f9444cf92af3ac9d51c2a21f939585065221e7be85d7df6d95ece8e092ed0d,evidence:doi:10.3390/su18020874,30178365958-1,non_living_res,MARINE,M,sustainability_skill,sustainability,marine,,marine_ecological,sustainability,title+subject,title+subject,cb08af74306a0ed0a080b190ca87c9b178ebbbcbf5a0376c5fa5f9c5d2581af6,cumulative-db-semantic-v1,review_required,metadata_only_limitation
fragment:signal:a8fd8cae5df3ca9990396dcf1cbdbbd1bfd14bd792f3a46002e3f21ab962170e:H3:852a0a755f8c,H3,MARINE vs OCEANIC Differential Coverage,H3,signal:a8fd8cae5df3ca9990396dcf1cbdbbd1bfd14bd792f3a46002e3f21ab962170e,evidence:doi:10.1007/s10784-026-09725-0,30178365958-1,living_res,MARINE,M,sustainability_skill,sustainability,marine,,marine_ecological,sustainability,title+subject,title+subject,a9c3894faf02bf804564399c3614e39127cf26ff21fc931c028bf79e99de7273,cumulative-db-semantic-v1,auto_accepted,metadata_only_limitation
fragment:signal:a90720cb74bac01054a849c72f40e9baf6c6aa10afdfd9c23ddd62956fdbaa90:H3:7904c8fa8988,H3,MARINE vs OCEANIC Differential Coverage,H3,signal:a90720cb74bac01054a849c72f40e9baf6c6aa10afdfd9c23ddd62956fdbaa90,evidence:doi:10.24294/jipd0006,30178365958-1,maritime_defence,OCEANIC,O,safety_risk_skill,risk,marine,,marine_ecological,risk,title+subject,title+subject,1d442de40c89c266937de1552de8ab9cca3e1aed153212ef4c2328e5e360f0dc,cumulative-db-semantic-v1,auto_accepted,metadata_only_limitation
fragment:signal:a90ad6c60d2825957093ac3e5bbd34d542b3e7fdda1034b208fa664aefc5cfdb:H3:4f13d7030420,H3,MARINE vs OCEANIC Differential Coverage,H3,signal:a90ad6c60d2825957093ac3e5bbd34d542b3e7fdda1034b208fa664aefc5cfdb,evidence:doi:10.1016/j.marpolbul.2026.119982,30178365958-1,living_res,OCEANIC,O,learning_outcome_signal,ects,marine,,marine_ecological,ects,title,title,4da5f4c81208c7023504093e75c8892fe09aa788669d1c5a249761a74a6dda8e,cumulative-db-semantic-v1,review_required,metadata_only_limitation
fragment:signal:a952fc03741c8a78982506c86a5c21978c01eb42905a3615c45fab3307967739:H3:866fc9786e04,H3,MARINE vs OCEANIC Differential Coverage,H3,signal:a952fc03741c8a78982506c86a5c21978c01eb42905a3615c45fab3307967739,evidence:doi:10.61336/jeeh/26-1-11,30178365958-1,living_res,MARINE,M,sustainability_skill,sustainability,marine,,marine_ecological,sustainability,title+subject,title+subject,4483fa24b6c6d13c986415a5f84f9ccafc8c78b462391bb8794a84d218509158,cumulative-db-semantic-v1,review_required,metadata_only_limitation
fragment:signal:a956309795cf8104ca3792533cb51d3ce83bcabe37e3204ce933c2049b54b9cf:H3:3f656da424ab,H3,MARINE vs OCEANIC Differential Coverage,H3,signal:a956309795cf8104ca3792533cb51d3ce83bcabe37e3204ce933c2049b54b9cf,evidence:doi:10.1038/s44183-025-00132-7,30178365958-1,blue_biotech,OCEANIC,O,digital_skill,ai,marine,,marine_ecological,ai,title+subject,title+subject,3463fc4d9f171dcb02efe74b6b51ca9371e90b3779416d69fc3aa7146f9955f0,cumulative-db-semantic-v1,auto_accepted,metadata_only_limitation
fragment:signal:aa1095221f1c059798c555103b61b4b7d9d241dff09727d7efa87eb1ab0bcaf7:H3:af99c8513d0a,H3,MARINE vs OCEANIC Differential Coverage,H3,signal:aa1095221f1c059798c555103b61b4b7d9d241dff09727d7efa87eb1ab0bcaf7,evidence:doi:10.63330/sasciencesv6n2-044,30178365958-1,coastal_tourism,OCEANIC,O,sustainability_skill,sustainability,marine,,marine_ecological,sustainability,title+subject,title+subject,5426c81481f8f73806aa19a8a874e5c41650de416a62bceef375e79fca8b3391,cumulative-db-semantic-v1,review_required,metadata_only_limitation
fragment:signal:aa817b3a3a3829ce71a943c6c14780de4dab3a583c8ebffd6925f89c3f98a3d5:H3:01a3c3fba7fd,H3,MARINE vs OCEANIC Differential Coverage,H3,signal:aa817b3a3a3829ce71a943c6c14780de4dab3a583c8ebffd6925f89c3f98a3d5,evidence:doi:10.1016/j.ijnaoe.2026.100785,30178365958-1,renewable_energy,OCEANIC,O,safety_risk_skill,safety,marine,,marine_ecological,safety,title+subject,title+subject,0295288090d4f9fddabd74e3ec1906baea3e6bbd1e4a3d25214e61be78fd91b5,cumulative-db-semantic-v1,review_required,metadata_only_limitation
fragment:signal:aaa3bb821edbbe99a6869281341bd0a21f28e058d12ae804444d0a9722a35da4:H3:b7f8747335ea,H3,MARINE vs OCEANIC Differential Coverage,H3,signal:aaa3bb821edbbe99a6869281341bd0a21f28e058d12ae804444d0a9722a35da4,evidence:doi:10.1111/1468-2230.12923,30178365958-1,non_living_res,MARINE,M,governance_skill,policies,marine,,marine_ecological,policies,title+subject,title+subject,32bfb29588b483cc12109d2108ab6bdbaf77c0d24f0c221b025a47cecd2c3112,cumulative-db-semantic-v1,review_required,metadata_only_limitation
fragment:signal:aada5b9818e0a5116a7dc1cfbe038d461b726992cddf78eacd23f12029995e65:H3:833418e08fa6,H3,MARINE vs OCEANIC Differential Coverage,H3,signal:aada5b9818e0a5116a7dc1cfbe038d461b726992cddf78eacd23f12029995e65,evidence:doi:10.14505/jemt.v17.2(82).04,30178365958-1,non_living_res,MARINE,M,digital_skill,cyber,marine,,marine_ecological,cyber,title+subject,title+subject,8fc9595bb3e70bab06887f11d6606e5687376e59244d20f5d54e10057ee39b65,cumulative-db-semantic-v1,review_required,metadata_only_limitation
fragment:signal:aae8c147f9e9867dab0b384f9e9df72a3a73cb4017c84b882575e8035c5c4bdd:H1:ead23c6c595c,H1,Maritimisation Shift,H1,signal:aae8c147f9e9867dab0b384f9e9df72a3a73cb4017c84b882575e8035c5c4bdd,evidence:doi:10.3389/focsu.2026.1820278,30178365958-1,coastal_tourism,OCEANIC,O,sustainability_skill,sustainability,ocean governance,,oceanic_governance,sustainability,title+subject,title+subject,3844953e7aeaf22008246e1d04516b5653a72e3ac80ef47383d1a5d6970a12ea,cumulative-db-semantic-v1,auto_accepted,metadata_only_limitation
fragment:signal:aae8c147f9e9867dab0b384f9e9df72a3a73cb4017c84b882575e8035c5c4bdd:H3:500e4138fc9d,H3,MARINE vs OCEANIC Differential Coverage,H3,signal:aae8c147f9e9867dab0b384f9e9df72a3a73cb4017c84b882575e8035c5c4bdd,evidence:doi:10.3389/focsu.2026.1820278,30178365958-1,coastal_tourism,OCEANIC,O,sustainability_skill,sustainability,marine,,marine_ecological,sustainability,title+subject,title+subject,3844953e7aeaf22008246e1d04516b5653a72e3ac80ef47383d1a5d6970a12ea,cumulative-db-semantic-v1,auto_accepted,metadata_only_limitation
fragment:signal:ab2339e300d6952bd684e34dd996d0977469edfee2dfbd37b5cf90a9f550fa68:H3:4c8a6e9317c9,H3,MARINE vs OCEANIC Differential Coverage,H3,signal:ab2339e300d6952bd684e34dd996d0977469edfee2dfbd37b5cf90a9f550fa68,evidence:doi:10.3389/fenvs.2026.1853979,30178365958-1,r_i,OCEANIC,O,social_science_skill,community,ecological,,marine_ecological,community,title+subject,title+subject,6a11c4381f02b24b1f1a6f1639124358b9fe02daf7c47d8c711a96fbe57264a7,cumulative-db-semantic-v1,review_required,metadata_only_limitation
fragment:signal:ab259b38895b0923a2bc7ff317db59ec18700237469ecda5151fca09c3337e34:H3:70f46e685e6e,H3,MARINE vs OCEANIC Differential Coverage,H3,signal:ab259b38895b0923a2bc7ff317db59ec18700237469ecda5151fca09c3337e34,evidence:doi:10.3389/fmars.2025.1617277,30178365958-1,non_living_res,MARINE,M,technical_skill,engineering,marine,,marine_ecological,engineering,title+subject,title+subject,a82fa9e96423a10c35e43abff9353ba22f5774d06287beb6f81b8bc81d12db3f,cumulative-db-semantic-v1,review_required,metadata_only_limitation
fragment:signal:ab41069a5cd0f79de0a9ccae53c2c2e0542b37ca59e2a0813a534d431392a84f:H3:435048301428,H3,MARINE vs OCEANIC Differential Coverage,H3,signal:ab41069a5cd0f79de0a9ccae53c2c2e0542b37ca59e2a0813a534d431392a84f,evidence:doi:10.51244/ijrsi.2026.1306000119,30178365958-1,coastal_tourism,OCEANIC,O,explicit_competence_demand,competency,marine,,marine_ecological,competency,title+subject,title+subject,6ba12fd21c347cc3d5904b766a17e8a38dcee14b1cf28a65e729834f7a95d15e,cumulative-db-semantic-v1,auto_accepted,metadata_only_limitation
fragment:signal:ab520c2cfc517c3a7fe12666fabd4ef2ae3965d01e955cbc0d0bafa38db801a8:H3:18e0cf800ecd,H3,MARINE vs OCEANIC Differential Coverage,H3,signal:ab520c2cfc517c3a7fe12666fabd4ef2ae3965d01e955cbc0d0bafa38db801a8,evidence:doi:10.69937/pf.rs.2.2.82,30178365958-1,blue_biotech,OCEANIC,O,sustainability_skill,resilient,marine,,marine_ecological,resilient,title+subject,title+subject,66419b61a483b71a04140a9f3f7001e91fd03d842f1a1d60b76166717a0ff99e,cumulative-db-semantic-v1,review_required,metadata_only_limitation
fragment:signal:ab623541881e16d21247731f3a05a04f9c5f33e7fef6b8fae330ebaedfd88bcd:H3:d3fb038bdb87,H3,MARINE vs OCEANIC Differential Coverage,H3,signal:ab623541881e16d21247731f3a05a04f9c5f33e7fef6b8fae330ebaedfd88bcd,evidence:doi:10.51415/10321/5082,30178365958-1,coastal_tourism,OCEANIC,O,learning_outcome_signal,ects,marine,,marine_ecological,ects,title+subject,title+subject,36b63598c367679873812ba0dde81a7ba4fea1639d7cbdc693c48d15b7b27b55,cumulative-db-semantic-v1,review_required,metadata_only_limitation
fragment:signal:ab7ad6940670ba7926bf5fb5dc644c9de3ecb9e7ad72b393151449dd9350a018:H3:5793a95792d9,H3,MARINE vs OCEANIC Differential Coverage,H3,signal:ab7ad6940670ba7926bf5fb5dc644c9de3ecb9e7ad72b393151449dd9350a018,evidence:doi:10.66314/ijepp.v4i1.205,30178365958-1,blue_biotech,MARINE,M,technical_skill,technology,marine,,marine_ecological,technology,title+subject,title+subject,c6bb1600fbf6d792521d3302aac7ecc81766df8c05b3e9af97ba62b4a596b527,cumulative-db-semantic-v1,auto_accepted,metadata_only_limitation
fragment:signal:abee14008642d8284067c57aa2a05585f59763e82f23c6405ffa44de22e260fe:H3:0a4897f4a4d5,H3,MARINE vs OCEANIC Differential Coverage,H3,signal:abee14008642d8284067c57aa2a05585f59763e82f23c6405ffa44de22e260fe,evidence:doi:10.3390/land15071283,30178365958-1,living_res,MARINE,M,governance_skill,governance,marine,,marine_ecological,governance,title+subject,title+subject,a4c8c1eb55cdd14a9a353d8c6c4990cdd95b0308119b230145a00b8de7581a4c,cumulative-db-semantic-v1,auto_accepted,metadata_only_limitation
fragment:signal:ac079b34f9265c028011c86abb527537162b11714dea96ffe7cbc26ed0befd32:H3:2400ccf13e18,H3,MARINE vs OCEANIC Differential Coverage,H3,signal:ac079b34f9265c028011c86abb527537162b11714dea96ffe7cbc26ed0befd32,evidence:doi:10.3389/fmars.2025.1679193,30178365958-1,living_res,MARINE,M,governance_skill,governance,marine,,marine_ecological,governance,title,title,cb5c7a85ded79cca8f37b615d9331a7e0fac11f07f0dc9e325475ee6ad4d8321,cumulative-db-semantic-v1,review_required,metadata_only_limitation
fragment:signal:ac2131cb2143061513a85e2a1990280b14b105f318b7b47f0c0443d9e3e1f217:H3:19b345ff6742,H3,MARINE vs OCEANIC Differential Coverage,H3,signal:ac2131cb2143061513a85e2a1990280b14b105f318b7b47f0c0443d9e3e1f217,evidence:doi:10.21203/rs.3.rs-9175073/v1,30178365958-1,living_res,OCEANIC,O,sustainability_skill,adaptation,marine,,marine_ecological,adaptation,title+subject,title+subject,b74d0f690950304513013fb9c1150af4694e95eecf310877b2becc49808d5587,cumulative-db-semantic-v1,review_required,metadata_only_limitation
fragment:signal:ac87d06888a15ce5d8effbe6b7c15840194e9201a53c42cca74f7be753c11725:H3:a968af6b1159,H3,MARINE vs OCEANIC Differential Coverage,H3,signal:ac87d06888a15ce5d8effbe6b7c15840194e9201a53c42cca74f7be753c11725,evidence:doi:10.52403/ijrr.20260461,30178365958-1,coastal_tourism,OCEANIC,O,sustainability_skill,adaptation,marine,,marine_ecological,adaptation,title+subject,title+subject,f29f66c78ac5f790df9cc034256d94fc17a7d88b6b1aa696fe612b05ef88b62e,cumulative-db-semantic-v1,auto_accepted,metadata_only_limitation
fragment:signal:ac930ec58fc5853446d485596cd15b442354fd1398e9ed0f54b4311f62689ccf:H3:3ed53105d665,H3,MARINE vs OCEANIC Differential Coverage,H3,signal:ac930ec58fc5853446d485596cd15b442354fd1398e9ed0f54b4311f62689ccf,evidence:doi:10.70882/josrar.2026.v3i2.162,30178365958-1,living_res,MARINE,M,governance_skill,governance,marine,,marine_ecological,governance,title+subject,title+subject,eda07de54a25c408ea6a5fa1e4883bcac3826ff7eb562d22bb51d0ed65b9cf3d,cumulative-db-semantic-v1,review_required,metadata_only_limitation
fragment:signal:acac73ad4d40177721df50699930af9fb92561f4bdfa20b517e6571237df50f0:H1:b85ba4347320,H1,Maritimisation Shift,H1,signal:acac73ad4d40177721df50699930af9fb92561f4bdfa20b517e6571237df50f0,evidence:doi:10.1021/acs.est.5c14041,30178365958-1,maritime_transport,MARITIME,T,sustainability_skill,adaptation,techno-economic,,maritime_dominance,adaptation,title+subject,title+subject,f8e1d2a0557649a14b26c4a42cbce1fca0cb78a2da3c1903834d61ad62c8badd,cumulative-db-semantic-v1,review_required,metadata_only_limitation
fragment:signal:acb6fb2b22f2a2b7d89a1789fc6a0b9925353196d5d9fb8729d84d2088724a34:H3:4a8bd4fa34c1,H3,MARINE vs OCEANIC Differential Coverage,H3,signal:acb6fb2b22f2a2b7d89a1789fc6a0b9925353196d5d9fb8729d84d2088724a34,evidence:doi:10.1007/s11625-026-01820-0,30178365958-1,blue_biotech,MARINE,M,governance_skill,governance,marine,,marine_ecological,governance,title+subject,title+subject,45d08968a1414e2f2a088d02e0d4042e4496ed6d5f8226eec1050b9021f1ac79,cumulative-db-semantic-v1,review_required,metadata_only_limitation
fragment:signal:acc7e144ee9d0134ee20e06575eec269b0c31337f914a4ed1cdab5276d94d1d4:H3:54f6d5621ec6,H3,MARINE vs OCEANIC Differential Coverage,H3,signal:acc7e144ee9d0134ee20e06575eec269b0c31337f914a4ed1cdab5276d94d1d4,evidence:doi:10.1016/j.cbpc.2026.110558,30178365958-1,non_living_res,OCEANIC,O,learning_outcome_signal,ects,marine,,marine_ecological,ects,title,title,149639eca457fee3cd219450a98f0c75b9ba0ea1232f13969564ddab849ff96f,cumulative-db-semantic-v1,review_required,metadata_only_limitation
fragment:signal:acca61b8edf9bc62abf66983dc9639fd57ed1ff6033503511ab1bccce151109d:H3:8527fc20b55b,H3,MARINE vs OCEANIC Differential Coverage,H3,signal:acca61b8edf9bc62abf66983dc9639fd57ed1ff6033503511ab1bccce151109d,evidence:doi:10.1038/s41598-026-35642-y,30178365958-1,maritime_defence,OCEANIC,O,sustainability_skill,sustainability,ecological,,marine_ecological,sustainability,title+subject,title+subject,f895ae517894c2a9d6d6eeb5101d6a4d954e387657154c9ab58cd33b0842f436,cumulative-db-semantic-v1,review_required,metadata_only_limitation
fragment:signal:ad01df1663234e7303f5e10f9f6de8baf4f411bcce62b66b99a917c4ee33337c:H3:a59fc59c681e,H3,MARINE vs OCEANIC Differential Coverage,H3,signal:ad01df1663234e7303f5e10f9f6de8baf4f411bcce62b66b99a917c4ee33337c,evidence:doi:10.1017/9781009651110,30178365958-1,non_living_res,MARINE,M,digital_skill,cyber,marine,,marine_ecological,cyber,title+subject,title+subject,ccaca05325bc7f1b1dec9e5914386bb7048005bde5a760d883ef2797a181d8c4,cumulative-db-semantic-v1,review_required,metadata_only_limitation
fragment:signal:ad0f5b6f3c322da9496273dd266ebc773acb3658a20c250022fe319ad8e3b188:H3:9bda7eb49158,H3,MARINE vs OCEANIC Differential Coverage,H3,signal:ad0f5b6f3c322da9496273dd266ebc773acb3658a20c250022fe319ad8e3b188,evidence:doi:10.3897/oneeco.11.e186107,30178365958-1,r_i,OCEANIC,O,sustainability_skill,climate,marine,,marine_ecological,climate,title+subject,title+subject,809c08624a1e4f011a2159af4e7717e70e90348037c620234f548bfc08f66195,cumulative-db-semantic-v1,review_required,metadata_only_limitation
fragment:signal:ad546bcfd81698413730ad11e77ecd6595402702a67b777084b14cc979b29f8e:H3:f1b3cce49942,H3,MARINE vs OCEANIC Differential Coverage,H3,signal:ad546bcfd81698413730ad11e77ecd6595402702a67b777084b14cc979b29f8e,evidence:doi:10.3390/su18126059,30178365958-1,non_living_res,MARINE,M,governance_skill,governance,ecological,,marine_ecological,governance,title+subject,title+subject,95731a67f7f48d1cc3473b5b251b644edf26c1af1bf9261c71c78a3b5317c3e4,cumulative-db-semantic-v1,review_required,metadata_only_limitation
fragment:signal:ad651aff64480da89f126466d1bc034e4d56c0d25ceb251686ee8e4929d7f9de:H3:260d34ecb720,H3,MARINE vs OCEANIC Differential Coverage,H3,signal:ad651aff64480da89f126466d1bc034e4d56c0d25ceb251686ee8e4929d7f9de,evidence:doi:10.14419/11549z12,30178365958-1,r_i,OCEANIC,O,technical_skill,technology,ecological,,marine_ecological,technology,title+subject,title+subject,26e73ac458613a2c9edad4fa2158e93fe9ed926de99b49aa6bbc8bf8ba65590c,cumulative-db-semantic-v1,auto_accepted,metadata_only_limitation
fragment:signal:adb83fff3e011139b91886a9485803f76fe5f9c7fb8d70153cc411f26f537398:H3:53fa693eb25e,H3,MARINE vs OCEANIC Differential Coverage,H3,signal:adb83fff3e011139b91886a9485803f76fe5f9c7fb8d70153cc411f26f537398,evidence:doi:10.3390/su17219733,30178365958-1,ship_repair,OCEANIC,O,sustainability_skill,adaptation,marine,,marine_ecological,adaptation,title+subject,title+subject,5b985e62b9e2fc0653099d8da2e96889d85a5b49d0f9597e7f0f8fa4c94ffd24,cumulative-db-semantic-v1,review_required,metadata_only_limitation
fragment:signal:adf4b2c7adfe98f1ac76d1770c4a0f32b2efc6f933ec5c8b14b15d6718d0a558:H3:e2fc3534d5ac,H3,MARINE vs OCEANIC Differential Coverage,H3,signal:adf4b2c7adfe98f1ac76d1770c4a0f32b2efc6f933ec5c8b14b15d6718d0a558,evidence:doi:10.3390/app16136557,30178365958-1,non_living_res,MARINE,M,governance_skill,governance,marine,,marine_ecological,governance,title+subject,title+subject,b61df53bd86ff060bbf594835fcd1dc293b39b46afff1ccae11918f5e1df538b,cumulative-db-semantic-v1,auto_accepted,metadata_only_limitation
fragment:signal:ae0a8892cf745ff94f68cb182a02f5556b4106773f0b7951b9e8a7d5690a022b:H3:b7ec87c734b9,H3,MARINE vs OCEANIC Differential Coverage,H3,signal:ae0a8892cf745ff94f68cb182a02f5556b4106773f0b7951b9e8a7d5690a022b,evidence:doi:10.1007/s40152-026-00501-z,30178365958-1,desalination,OCEANIC,O,governance_skill,governance,marine,,marine_ecological,governance,title,title,a65e45e05b68ae93ead57350a391574ca6bccf8d3144f70ad01c6719b98dcb89,cumulative-db-semantic-v1,review_required,metadata_only_limitation
fragment:signal:ae0dece289dc7f440f21e25d8f05dfa0f9839ab06c332a71207b646799776da8:H3:cac54b4a3a2b,H3,MARINE vs OCEANIC Differential Coverage,H3,signal:ae0dece289dc7f440f21e25d8f05dfa0f9839ab06c332a71207b646799776da8,evidence:doi:10.3390/su18010002,30178365958-1,r_i,OCEANIC,O,sustainability_skill,sustainability,marine,,marine_ecological,sustainability,title+subject,title+subject,e276e8bffe65cfae9b1841f756ed2105f47bfa87e00296ca0635359ee86548c4,cumulative-db-semantic-v1,auto_accepted,metadata_only_limitation
fragment:signal:ae9d4a0a877df3fdb5bbe1c11d46e0e2444859b4fee9e7d18e026dc5f33b3bfe:H3:8c9064f49262,H3,MARINE vs OCEANIC Differential Coverage,H3,signal:ae9d4a0a877df3fdb5bbe1c11d46e0e2444859b4fee9e7d18e026dc5f33b3bfe,evidence:doi:10.3390/su172210136,30178365958-1,living_res,OCEANIC,O,social_science_skill,community,marine,,marine_ecological,community,title+subject,title+subject,63a15f4ed44f6aaa9e211ed86b20d3a3f77101427f9e396ec81e18ac76030437,cumulative-db-semantic-v1,review_required,metadata_only_limitation
fragment:signal:ae9eea11f1bb4af77aba38c49c404e6cd216cf200fb606a15b46bf88e3f3eb7c:H3:c07632c3dcb3,H3,MARINE vs OCEANIC Differential Coverage,H3,signal:ae9eea11f1bb4af77aba38c49c404e6cd216cf200fb606a15b46bf88e3f3eb7c,evidence:doi:10.1016/j.jag.2026.105462,30178365958-1,blue_biotech,OCEANIC,O,digital_skill,autonomous,marine,,marine_ecological,autonomous,title,title,1e111610a3915b1877d71b6f605b26c81247daffc0a243f8768bbc499b76955b,cumulative-db-semantic-v1,review_required,metadata_only_limitation
fragment:signal:aeb14713d855b93cc0458430092939a527666962f5b09340f0cf867d7c283fe9:H3:282576926bd4,H3,MARINE vs OCEANIC Differential Coverage,H3,signal:aeb14713d855b93cc0458430092939a527666962f5b09340f0cf867d7c283fe9,evidence:doi:10.3390/app16042032,30178365958-1,living_res,MARINE,M,safety_risk_skill,safety,marine,,marine_ecological,safety,title+subject,title+subject,cf990f1d1ce126ede83f833e236557432923b9f463b728ff9552ca9a62c1ebaf,cumulative-db-semantic-v1,auto_accepted,metadata_only_limitation
fragment:signal:aeb60d529ba64b8ca912ab29e9ba5bea281529311815705f89ae99d2c30e3489:H3:d4afba91ee56,H3,MARINE vs OCEANIC Differential Coverage,H3,signal:aeb60d529ba64b8ca912ab29e9ba5bea281529311815705f89ae99d2c30e3489,evidence:doi:10.3389/focsu.2026.1751387,30178365958-1,blue_biotech,MARINE,M,governance_skill,governance,marine,,marine_ecological,governance,title+subject,title+subject,2c68d8971635cb1974b3917580a9fe8667bf466f805e2c50a00a984970018ab1,cumulative-db-semantic-v1,review_required,metadata_only_limitation
fragment:signal:af393b5b7a27b3b0e9304d9158e5ca1de80e5414fabec9d5bf750c9b3f7faf04:H3:f752245b086f,H3,MARINE vs OCEANIC Differential Coverage,H3,signal:af393b5b7a27b3b0e9304d9158e5ca1de80e5414fabec9d5bf750c9b3f7faf04,evidence:doi:10.48336/236,30178365958-1,living_res,MARINE,M,sustainability_skill,sustainability,marine,,marine_ecological,sustainability,title+subject,title+subject,2bc738463268e8a04278a3705de5553f5cfce476f2382e34b5f44c717ab5a2d7,cumulative-db-semantic-v1,auto_accepted,metadata_only_limitation
fragment:signal:af63a545d4ee7737ed0ee199ff36a1dfeb4d4d228dc74ea58b91792c935fe408:H3:4a71cbc81dc7,H3,MARINE vs OCEANIC Differential Coverage,H3,signal:af63a545d4ee7737ed0ee199ff36a1dfeb4d4d228dc74ea58b91792c935fe408,evidence:doi:10.56578/cis140309,30178365958-1,non_living_res,MARINE,M,credential_translation_signal,rpl,marine,,marine_ecological,rpl,title+subject,title+subject,6c254fc942cfd83fedafe01e8f66421d8454ff0239a012d6190968ffd0030f92,cumulative-db-semantic-v1,review_required,metadata_only_limitation
fragment:signal:af94cc9b0a5d4af0f8c2464d49f319466aa46ee3744d029f63d4dad40710b329:H3:a0f971d1f0c1,H3,MARINE vs OCEANIC Differential Coverage,H3,signal:af94cc9b0a5d4af0f8c2464d49f319466aa46ee3744d029f63d4dad40710b329,evidence:doi:10.55324/enrichment.v4i2.667,30178365958-1,coastal_tourism,OCEANIC,O,social_science_skill,community,marine,,marine_ecological,community,title+subject,title+subject,5631328b30051ac7504e417b557d738bb80ecfeb085da2589c618190241f7340,cumulative-db-semantic-v1,review_required,metadata_only_limitation
fragment:signal:afa8da6168f43f0bd679e961c344d2108d95c81beb8f4a4c6ed6d3cdc3648c03:H3:2460b4e484e2,H3,MARINE vs OCEANIC Differential Coverage,H3,signal:afa8da6168f43f0bd679e961c344d2108d95c81beb8f4a4c6ed6d3cdc3648c03,evidence:doi:10.1007/978-3-031-16277-0_13,30178365958-1,maritime_transport,OCEANIC,O,policy_regulation_skill,law,marine,,marine_ecological,law,title+subject,title+subject,bcf52963fcc6dfb58bb5a6002c9f3639ed25829abeea6bd404edb6e00d660ee8,cumulative-db-semantic-v1,review_required,metadata_only_limitation
fragment:signal:afc0d0a8cbfcd6d3394751296539eaea401184e698aeeb97d9bbaeaac6424668:H3:47f30630d69c,H3,MARINE vs OCEANIC Differential Coverage,H3,signal:afc0d0a8cbfcd6d3394751296539eaea401184e698aeeb97d9bbaeaac6424668,evidence:doi:10.12688/f1000research.179511.1,30178365958-1,maritime_defence,OCEANIC,O,policy_regulation_skill,law,marine,,marine_ecological,law,title+subject,title+subject,0cfb5752fd7a6c24e6b14e4f206ca48160fcca0c9db3ee66a989f56b1e5e4a50,cumulative-db-semantic-v1,auto_accepted,metadata_only_limitation
fragment:signal:afc121b24409ccc62b023adbcccfb5dc3adc29e8e1045ac2f4e1a8d70bd24072:H3:db1dc345e9f7,H3,MARINE vs OCEANIC Differential Coverage,H3,signal:afc121b24409ccc62b023adbcccfb5dc3adc29e8e1045ac2f4e1a8d70bd24072,evidence:doi:10.1038/s44183-026-00191-4,30178365958-1,blue_biotech,MARINE,M,policy_regulation_skill,law,marine,,marine_ecological,law,title+subject,title+subject,7f4f91cf4ba4749cae409f88ca28facfc576a39518a3c7ed11cfc60d17783521,cumulative-db-semantic-v1,review_required,metadata_only_limitation
fragment:signal:b008ccbda159e8f5d00dcc3787f1a6924f1b51f682a6630526f0e80e343970aa:H3:6a2724b59284,H3,MARINE vs OCEANIC Differential Coverage,H3,signal:b008ccbda159e8f5d00dcc3787f1a6924f1b51f682a6630526f0e80e343970aa,evidence:doi:10.1016/j.marpol.2022.105335,30178365958-1,maritime_transport,OCEANIC,O,policy_regulation_skill,law,marine,,marine_ecological,law,title+subject,title+subject,9feb8a9babe48b06c958a56b8bdb33084a88ed85810aac76cd82c99d1288c124,cumulative-db-semantic-v1,review_required,metadata_only_limitation
fragment:signal:b00d05774605348437b5adf9c4b8a4ccdae007bc70e838f04c8810db217fde64:H3:a141704687b9,H3,MARINE vs OCEANIC Differential Coverage,H3,signal:b00d05774605348437b5adf9c4b8a4ccdae007bc70e838f04c8810db217fde64,evidence:doi:10.1093/icesjms/fsag076,30178365958-1,non_living_res,MARINE,M,sustainability_skill,climate,marine,,marine_ecological,climate,title+subject,title+subject,3a5cfa611fd1477aa6cb3aa986a3656bcfc9d785680a20d1477070a7e93f11c2,cumulative-db-semantic-v1,review_required,metadata_only_limitation
fragment:signal:b0211e3a4c2b56177f251b36cd80d63b29f1e7af2a082d1cee05319b0468a31b:H3:b6e6c943c22a,H3,MARINE vs OCEANIC Differential Coverage,H3,signal:b0211e3a4c2b56177f251b36cd80d63b29f1e7af2a082d1cee05319b0468a31b,evidence:doi:10.3390/su17020587,30178365958-1,living_res,OCEANIC,O,sustainability_skill,sustainability,marine,,marine_ecological,sustainability,title+subject,title+subject,5da6ec9ca8cef73bc25a060e892e115e1e2ef10e6f6f7dbf3d0dabf519eddba4,cumulative-db-semantic-v1,auto_accepted,metadata_only_limitation
fragment:signal:b03d5c0117132dee60b8099f5571df153b76384551ff7f059968bc0045a79360:H3:3fbbc1e7f191,H3,MARINE vs OCEANIC Differential Coverage,H3,signal:b03d5c0117132dee60b8099f5571df153b76384551ff7f059968bc0045a79360,evidence:doi:10.22541/essoar.176401886.60047293/v1,30178365958-1,non_living_res,MARINE,M,learning_outcome_signal,ects,marine,,marine_ecological,ects,title+subject,title+subject,1ace4f860b2158420114de3649014add5a68174c99595894b78aef8c37b63dcf,cumulative-db-semantic-v1,review_required,metadata_only_limitation
fragment:signal:b0403c35054f42d233cd0a51747c12eb162f029c460911efb9fe339b66187495:H3:432cf97af773,H3,MARINE vs OCEANIC Differential Coverage,H3,signal:b0403c35054f42d233cd0a51747c12eb162f029c460911efb9fe339b66187495,evidence:doi:10.3390/su18136780,30178365958-1,coastal_tourism,OCEANIC,O,digital_skill,digital,planetary,,oceanic_planetary,digital,title+subject,title+subject,89bdce7cf5c6acd2c8ff893fa546278b33876355fd2ea7d6e9c69ffa8872e34a,cumulative-db-semantic-v1,review_required,metadata_only_limitation
fragment:signal:b06c5a360bf36d4651e6dffd7420d0a45c3258c9b149297058d1fd584c153fe1:H3:faf50ee9429e,H3,MARINE vs OCEANIC Differential Coverage,H3,signal:b06c5a360bf36d4651e6dffd7420d0a45c3258c9b149297058d1fd584c153fe1,evidence:doi:10.26877/asset.v8i2.2059,30178365958-1,coastal_tourism,OCEANIC,O,sustainability_skill,sustainability,marine,,marine_ecological,sustainability,title+subject,title+subject,07e21bfa9091b96923e090fcdb006a4e05cd2f36d1de03391dbbdab65e86da51,cumulative-db-semantic-v1,auto_accepted,metadata_only_limitation
fragment:signal:b0b8074e64b4991ddd0c949b8829c0ec72fea77068585fe75c9f97d5991e60a5:H3:dc09d7cdd8c5,H3,MARINE vs OCEANIC Differential Coverage,H3,signal:b0b8074e64b4991ddd0c949b8829c0ec72fea77068585fe75c9f97d5991e60a5,evidence:doi:10.1097/mop.0000000000001442,30178365958-1,blue_biotech,OCEANIC,O,policy_regulation_skill,law,planetary,,oceanic_planetary,law,title+subject,title+subject,a04373435f3140fd2cd9dab44d34400f60e2aa479dc60ac0fb76ad998aa09923,cumulative-db-semantic-v1,review_required,metadata_only_limitation
fragment:signal:b0c9b27fe2c636ea671fc58d002ce16ab7746c3d61c5e089b2315a1f004cd533:H3:9e9b925dd4b5,H3,MARINE vs OCEANIC Differential Coverage,H3,signal:b0c9b27fe2c636ea671fc58d002ce16ab7746c3d61c5e089b2315a1f004cd533,evidence:doi:10.1016/j.cscm.2026.e06283,30178365958-1,non_living_res,OCEANIC,O,sustainability_skill,circular economy,ecological,,marine_ecological,circular economy,title,title,71080c0c835bf29245e1c8021a18a3f63d72256df6a95f1b0e1b9023380d4271,cumulative-db-semantic-v1,review_required,metadata_only_limitation
fragment:signal:b0ef7129d441bd5d3caa1ddc488ead84e5273f45ea2d0371cd5059d2cc486dd9:H3:740096f6b6cd,H3,MARINE vs OCEANIC Differential Coverage,H3,signal:b0ef7129d441bd5d3caa1ddc488ead84e5273f45ea2d0371cd5059d2cc486dd9,evidence:doi:10.1016/j.marpolbul.2026.119809,30178365958-1,blue_biotech,MARINE,M,policy_regulation_skill,directive,marine,,marine_ecological,directive,title+subject,title+subject,3460f021cdec825a1162de8e9ee7e84ab1f287cc8ebb1ae2f0bb0548415a1ec0,cumulative-db-semantic-v1,review_required,metadata_only_limitation
fragment:signal:b15829592351c48e0c0d26b8bef1ff7bab2cdf44c7276a5ddf9b3d337888032d:H3:8bac0efd2545,H3,MARINE vs OCEANIC Differential Coverage,H3,signal:b15829592351c48e0c0d26b8bef1ff7bab2cdf44c7276a5ddf9b3d337888032d,evidence:doi:10.21203/rs.3.rs-9404342/v1,30178365958-1,maritime_defence,OCEANIC,O,sustainability_skill,climate,marine,,marine_ecological,climate,title+subject,title+subject,5f43ecf15f96e0a8e9a1fff0ce5fea4eac168cea26bac825f467d6ca6b445b75,cumulative-db-semantic-v1,review_required,metadata_only_limitation
fragment:signal:b177ca07382f9b8113d4330842272659368ffb0fa47a4a9e174521304f6d769c:H3:c4177581dda9,H3,MARINE vs OCEANIC Differential Coverage,H3,signal:b177ca07382f9b8113d4330842272659368ffb0fa47a4a9e174521304f6d769c,evidence:doi:10.1057/978-1-349-96110-8_5436,30178365958-1,living_res,MARINE,M,policy_regulation_skill,law,marine,,marine_ecological,law,title+subject,title+subject,a46f306e20ab943e124ca6c2ffa71c8a47f30f7a6618e2f41c744510788aec1e,cumulative-db-semantic-v1,review_required,metadata_only_limitation
fragment:signal:b1cec0d9cee8113e422701abab5a45512ebfb7d9917f4870aea5f39c26e37eb4:H3:6a6eae78bda4,H3,MARINE vs OCEANIC Differential Coverage,H3,signal:b1cec0d9cee8113e422701abab5a45512ebfb7d9917f4870aea5f39c26e37eb4,evidence:doi:10.3390/philosophies11040129,30178365958-1,coastal_tourism,OCEANIC,O,sustainability_skill,sustainability,ecological,,marine_ecological,sustainability,title+subject,title+subject,dc1e1bd3802bf1bd17d7e19f863e1b4b0fcdcb927ad15c7463e2b9eb8720a6e7,cumulative-db-semantic-v1,review_required,metadata_only_limitation
fragment:signal:b243ca95fd063f369afd1f46c96ca103b1b33ef06444b66bdcd39241dfe4e110:H3:537b5bebe7c4,H3,MARINE vs OCEANIC Differential Coverage,H3,signal:b243ca95fd063f369afd1f46c96ca103b1b33ef06444b66bdcd39241dfe4e110,evidence:doi:10.20944/preprints202603.1156.v1,30178365958-1,living_res,MARINE,M,governance_skill,governance,marine,,marine_ecological,governance,title+subject,title+subject,acf182d9e044aae860d74729033eb77a1658d93f2c956237ddad6a3ec34aa8a8,cumulative-db-semantic-v1,review_required,metadata_only_limitation
fragment:signal:b27cf5cee46a75e98ef7cc5ce4b84fa33e894bb73315f53dc4969e5e9843c889:H3:ed6b4a7e249e,H3,MARINE vs OCEANIC Differential Coverage,H3,signal:b27cf5cee46a75e98ef7cc5ce4b84fa33e894bb73315f53dc4969e5e9843c889,evidence:doi:10.5281/zenodo.20728590,30178365958-1,blue_biotech,MARINE,M,governance_skill,governance,marine,,marine_ecological,governance,title+subject,title+subject,1b3a7ba076a40a7160aaf67343571e31ebecf3d2d8342d45d10cb966e3260b85,cumulative-db-semantic-v1,auto_accepted,metadata_only_limitation
fragment:signal:b2980d78bd8863d722fcf727ba6e44d6ce2bbb7542eb34f6cb251555f1d5fc69:H3:c9e76fa9c6f6,H3,MARINE vs OCEANIC Differential Coverage,H3,signal:b2980d78bd8863d722fcf727ba6e44d6ce2bbb7542eb34f6cb251555f1d5fc69,evidence:doi:10.21203/rs.3.rs-10398664/v1,30178365958-1,coastal_tourism,OCEANIC,O,sustainability_skill,sustainability,marine,,marine_ecological,sustainability,title+subject,title+subject,d70c12f87569051baef69f51702c6a263e1797b8f292c033e9b0f52aacfc8ab0,cumulative-db-semantic-v1,auto_accepted,metadata_only_limitation
fragment:signal:b29ff87c1dbf05aaa4593e15a3ba234720db895ecc0a5f72bf1c8bd8ded29492:H3:f1738178c902,H3,MARINE vs OCEANIC Differential Coverage,H3,signal:b29ff87c1dbf05aaa4593e15a3ba234720db895ecc0a5f72bf1c8bd8ded29492,evidence:doi:10.62311/nesx/rp5-30032026,30178365958-1,r_i,OCEANIC,O,sustainability_skill,climate,planetary,,oceanic_planetary,climate,title+subject,title+subject,f2524f5ea8bf0de3e6f1e055e992ae3f417a2bc0a9890fab8041813b595fc56f,cumulative-db-semantic-v1,auto_accepted,metadata_only_limitation
fragment:signal:b2a11065023887b0f70be21ad4d71420d0cade43ac9e7915849c4b66fb743ca8:H3:f58762fe3387,H3,MARINE vs OCEANIC Differential Coverage,H3,signal:b2a11065023887b0f70be21ad4d71420d0cade43ac9e7915849c4b66fb743ca8,evidence:doi:10.32424/icsema.1.1.170,30178365958-1,blue_biotech,OCEANIC,O,sustainability_skill,sustainable,marine,,marine_ecological,sustainable,title+subject,title+subject,da1378f99e579660b53b361a2a5d3816a8a0ebd40e0a6b5097f612ae605a6bb9,cumulative-db-semantic-v1,review_required,metadata_only_limitation
fragment:signal:b2d142fd4b0333432f355448c0df07802e1473b70d9bb3eeb55c686c438e5298:H3:f2edfa7d4ab9,H3,MARINE vs OCEANIC Differential Coverage,H3,signal:b2d142fd4b0333432f355448c0df07802e1473b70d9bb3eeb55c686c438e5298,evidence:doi:10.70088/x9yymd52,30178365958-1,living_res,MARINE,M,policy_regulation_skill,regulatory,marine,,marine_ecological,regulatory,title+subject,title+subject,57e7d63585fca50990c835afef2c72c8cd6423829e2b98929e5d9839c704ae48,cumulative-db-semantic-v1,auto_accepted,metadata_only_limitation
fragment:signal:b2ea061acc288f2d1fa6eaf01e1316f3701692f3108b28c36c9fb01e1fb51678:H3:7ab4cfa07690,H3,MARINE vs OCEANIC Differential Coverage,H3,signal:b2ea061acc288f2d1fa6eaf01e1316f3701692f3108b28c36c9fb01e1fb51678,evidence:doi:10.30958/ajt.13-1-1,30178365958-1,coastal_tourism,OCEANIC,O,sustainability_skill,sustainability,marine,,marine_ecological,sustainability,title+subject,title+subject,f5d7b2e5af3a6be979e110c4669706b4f546121384cb3084c9606ba2d239dae5,cumulative-db-semantic-v1,auto_accepted,metadata_only_limitation
fragment:signal:b31de31a93afc03506cc41735cade4f60f2ecee304e29f141e894ba48d460775:H3:b314287ec39a,H3,MARINE vs OCEANIC Differential Coverage,H3,signal:b31de31a93afc03506cc41735cade4f60f2ecee304e29f141e894ba48d460775,evidence:doi:10.63654/icms.2026.03070,30178365958-1,blue_biotech,MARINE,M,sustainability_skill,sustainability,marine,,marine_ecological,sustainability,title+subject,title+subject,f71d4b7d611a331f9078033bcc932cabb6b094704441f902ee7f216d3fcb43d2,cumulative-db-semantic-v1,auto_accepted,metadata_only_limitation
fragment:signal:b33cd2326541508fcd6e6a5e18e8d2df22d35bec62877031282781f3edd351e5:H3:173632154fe3,H3,MARINE vs OCEANIC Differential Coverage,H3,signal:b33cd2326541508fcd6e6a5e18e8d2df22d35bec62877031282781f3edd351e5,evidence:doi:10.3389/fmars.2026.1837112,30178365958-1,blue_biotech,MARINE,M,sustainability_skill,sustainable,marine,,marine_ecological,sustainable,title+subject,title+subject,d1c9a1e383ef4f5a073080b0770485203747efcd6e6546084619946a8a4dc5a1,cumulative-db-semantic-v1,review_required,metadata_only_limitation
fragment:signal:b35e91b1476e843f86a40df30b475244eb3821a5a50c0446a22a77719958a9dd:H3:e0688b50e844,H3,MARINE vs OCEANIC Differential Coverage,H3,signal:b35e91b1476e843f86a40df30b475244eb3821a5a50c0446a22a77719958a9dd,evidence:doi:10.36128/dcwr6y22,30178365958-1,maritime_defence,OCEANIC,O,sustainability_skill,sustainable,marine,,marine_ecological,sustainable,title+subject,title+subject,3e94469ca6a6621f0d77fa63b04531452ef20c441bee7839924cbe99d91c7ec7,cumulative-db-semantic-v1,review_required,metadata_only_limitation
fragment:signal:b362b3ed7900dec84a508d87aca30a65571c581a2f2fa84f68b76dee4d8955e4:H3:c2ffb48e9df0,H3,MARINE vs OCEANIC Differential Coverage,H3,signal:b362b3ed7900dec84a508d87aca30a65571c581a2f2fa84f68b76dee4d8955e4,evidence:doi:10.3390/su18010002,30178365958-1,r_i,OCEANIC,O,digital_skill,autonomous,marine,,marine_ecological,autonomous,title+subject,title+subject,e276e8bffe65cfae9b1841f756ed2105f47bfa87e00296ca0635359ee86548c4,cumulative-db-semantic-v1,review_required,metadata_only_limitation
fragment:signal:b371ca0e1f531b7713773c59654838983e16761cd726f88ac22ff580d855bc27:H3:1413bfd8b310,H3,MARINE vs OCEANIC Differential Coverage,H3,signal:b371ca0e1f531b7713773c59654838983e16761cd726f88ac22ff580d855bc27,evidence:doi:10.3389/fmars.2026.1723529,30178365958-1,blue_biotech,MARINE,M,social_science_skill,literacy,marine,,marine_ecological,literacy,title+subject,title+subject,f2611985f3d2283b098b7188cad15c077e386bd5852a821cc15aa70caa6005a5,cumulative-db-semantic-v1,review_required,metadata_only_limitation
fragment:signal:b374b1b9c394f4a175600e5666e29517136f6e44baf7aabddc92bd11053f2e6a:H3:6554435a0500,H3,MARINE vs OCEANIC Differential Coverage,H3,signal:b374b1b9c394f4a175600e5666e29517136f6e44baf7aabddc92bd11053f2e6a,evidence:doi:10.1007/s10499-026-02604-0,30178365958-1,blue_biotech,MARINE,M,sustainability_skill,sustainability,marine,,marine_ecological,sustainability,title+subject,title+subject,6e4c29a603be52388c681635c3ca90e894611a4e2648b4f39a120bcef90c4c59,cumulative-db-semantic-v1,auto_accepted,metadata_only_limitation
fragment:signal:b391fbca26987ca07fe0720bfbc92c02ca3802ebc771b75294da8dfd245c9a78:H3:d6a28943a036,H3,MARINE vs OCEANIC Differential Coverage,H3,signal:b391fbca26987ca07fe0720bfbc92c02ca3802ebc771b75294da8dfd245c9a78,evidence:doi:10.20900/jsr20260034,30178365958-1,renewable_energy,OCEANIC,O,sustainability_skill,sustainability,ecological,,marine_ecological,sustainability,title+subject,title+subject,3618e36b4a9cf53620e3a3678a87251ba25f07ae620709310f331b2cf29a0e0d,cumulative-db-semantic-v1,auto_accepted,metadata_only_limitation
fragment:signal:b39ad8cd7d042f371b9a932a24260d94a990629f316525586115e6a8a23c9cb9:H3:4a128bb31bc2,H3,MARINE vs OCEANIC Differential Coverage,H3,signal:b39ad8cd7d042f371b9a932a24260d94a990629f316525586115e6a8a23c9cb9,evidence:doi:10.1017/cft.2026.10042,30178365958-1,living_res,MARINE,M,social_science_skill,literacy,marine,,marine_ecological,literacy,title+subject,title+subject,4c45a119b253369962cb4e51dfa89254b0aa1e064c424fe7a724467791ae5554,cumulative-db-semantic-v1,auto_accepted,metadata_only_limitation
fragment:signal:b39fe5c22df3d43bd5718cda5fbd402d7a18754cf1e33abde07394a3b8316920:H1:f63cd8f4565c,H1,Maritimisation Shift,H1,signal:b39fe5c22df3d43bd5718cda5fbd402d7a18754cf1e33abde07394a3b8316920,evidence:doi:10.3390/su18084038,30178365958-1,maritime_transport,MARITIME,T,governance_skill,policy,maritime infrastructure,,maritime_dominance,policy,title,title,fe44d2f1d6d0b94e1ccea0a89609f9c82f4234d760892c1cbbf040fa22ae6387,cumulative-db-semantic-v1,review_required,metadata_only_limitation
fragment:signal:b3abae55621d61800d3a1e4eb5e2e689a672c4eb6cfad9966d5f82582b54517b:H3:e542117d32ba,H3,MARINE vs OCEANIC Differential Coverage,H3,signal:b3abae55621d61800d3a1e4eb5e2e689a672c4eb6cfad9966d5f82582b54517b,evidence:doi:10.69902/332b8e08,30178365958-1,ship_repair,OCEANIC,O,sustainability_skill,sustainable,marine,,marine_ecological,sustainable,title+subject,title+subject,2cc44ea4dd09e961654fc21f564454e60840dd3193f81cfed6527e9eff2eb45c,cumulative-db-semantic-v1,auto_accepted,metadata_only_limitation
fragment:signal:b3c645dc974f364da7005a835372bfd1ad3d9c7cc7f17dda49831315b2a96d4a:H1:9cde54d0b80f,H1,Maritimisation Shift,H1,signal:b3c645dc974f364da7005a835372bfd1ad3d9c7cc7f17dda49831315b2a96d4a,evidence:doi:10.1088/1755-1315/1618/1/012005,30178365958-1,living_res,OCEANIC,O,governance_skill,governance,ocean governance,,oceanic_governance,governance,title+subject,title+subject,42b2520f42d8f4c81392101e43b980337570b851011e66db5403d740680617d6,cumulative-db-semantic-v1,auto_accepted,metadata_only_limitation
fragment:signal:b3c645dc974f364da7005a835372bfd1ad3d9c7cc7f17dda49831315b2a96d4a:H3:acdb67044cb9,H3,MARINE vs OCEANIC Differential Coverage,H3,signal:b3c645dc974f364da7005a835372bfd1ad3d9c7cc7f17dda49831315b2a96d4a,evidence:doi:10.1088/1755-1315/1618/1/012005,30178365958-1,living_res,OCEANIC,O,governance_skill,governance,marine,,marine_ecological,governance,title+subject,title+subject,42b2520f42d8f4c81392101e43b980337570b851011e66db5403d740680617d6,cumulative-db-semantic-v1,auto_accepted,metadata_only_limitation
fragment:signal:b40f64a9cff5c5144848af36656089e3054398d730a7a25bf35e4bd489c34e5d:H3:2d5a9df297b7,H3,MARINE vs OCEANIC Differential Coverage,H3,signal:b40f64a9cff5c5144848af36656089e3054398d730a7a25bf35e4bd489c34e5d,evidence:doi:10.21203/rs.3.rs-4294060/v1,30178365958-1,non_living_res,MARINE,M,technical_skill,engineering,marine,,marine_ecological,engineering,title+subject,title+subject,da15d044d28f7d9b99c78123945fab70f18c3ad082c9ebb8b6356e112c896db4,cumulative-db-semantic-v1,review_required,metadata_only_limitation
fragment:signal:b42b56b7d3830c29607960a433b2fce23ba4d977bb67401b42a47f7d03ab4928:H3:6844721a6d60,H3,MARINE vs OCEANIC Differential Coverage,H3,signal:b42b56b7d3830c29607960a433b2fce23ba4d977bb67401b42a47f7d03ab4928,evidence:doi:10.59065/jissr.v6i1.258,30178365958-1,living_res,MARINE,M,safety_risk_skill,safety,marine,,marine_ecological,safety,title+subject,title+subject,64faccd3383cf0ca7be84b9d5e943d7a76c93f9c2a357d3ef943c096a51673bd,cumulative-db-semantic-v1,auto_accepted,metadata_only_limitation
fragment:signal:b436f45554918ba094f997d3dcc5d91a087c16ca358e805a991285795195af8f:H3:113beb64cde8,H3,MARINE vs OCEANIC Differential Coverage,H3,signal:b436f45554918ba094f997d3dcc5d91a087c16ca358e805a991285795195af8f,evidence:doi:10.1111/faf.70023,30178365958-1,living_res,OCEANIC,O,policy_regulation_skill,law,marine,,marine_ecological,law,title+subject,title+subject,608b18d77cc509317491b1e66f125fa900500fa0d307fbe0c0551c042e974e3b,cumulative-db-semantic-v1,review_required,metadata_only_limitation
fragment:signal:b4375d8d4ae33b634d1c66c2ba3ca2c1fa55cafc89946a428f19e42b18289d15:H3:d5f99f3166a0,H3,MARINE vs OCEANIC Differential Coverage,H3,signal:b4375d8d4ae33b634d1c66c2ba3ca2c1fa55cafc89946a428f19e42b18289d15,evidence:doi:10.2478/ebtj-2026-0009,30178365958-1,blue_biotech,MARINE,M,sustainability_skill,sustainability,planetary,,oceanic_planetary,sustainability,title+subject,title+subject,29d166ce9437c8393b173cdb098a6028983bee74ae5e91285069974f497a083f,cumulative-db-semantic-v1,review_required,metadata_only_limitation
fragment:signal:b44565ea1e06115704db497dd5e57099687115a178d46be865b967552b55f599:H1:9ab3ac25621f,H1,Maritimisation Shift,H1,signal:b44565ea1e06115704db497dd5e57099687115a178d46be865b967552b55f599,evidence:doi:10.1057/s41254-025-00417-1,30178365958-1,maritime_defence,MARITIME,T,governance_skill,governance,ocean governance,,oceanic_governance,governance,title,title,eca5fd138d9225b34e881e2fb9c617aee8745cf701a934e71e9d2aeb9fe02827,cumulative-db-semantic-v1,review_required,metadata_only_limitation
fragment:signal:b454e016a0749a25b6c3d8eb88ec3849e344914f6d7f87fe4d9fdcf980744eb8:H3:c50353f4fd33,H3,MARINE vs OCEANIC Differential Coverage,H3,signal:b454e016a0749a25b6c3d8eb88ec3849e344914f6d7f87fe4d9fdcf980744eb8,evidence:doi:10.4038/vingnanam.v20i1.4249,30178365958-1,living_res,OCEANIC,O,sustainability_skill,sustainability,marine,,marine_ecological,sustainability,title+subject,title+subject,c275eba1aa59c9663f54cd594fdfba8d44932e34e41d764ee4864755a04d0dfb,cumulative-db-semantic-v1,auto_accepted,metadata_only_limitation
fragment:signal:b45a1e57a600b019928c997fae21b3bc0bff5bfc30f4e4f0455bbef63671fabb:H3:928d6f4d0124,H3,MARINE vs OCEANIC Differential Coverage,H3,signal:b45a1e57a600b019928c997fae21b3bc0bff5bfc30f4e4f0455bbef63671fabb,evidence:doi:10.5281/zenodo.21319055,30178365958-1,r_i,OCEANIC,O,digital_skill,ai,marine,,marine_ecological,ai,title+subject,title+subject,e540f1932a505f8e9cd2a102af9090d1e992059f648e656d97e19682caca5e0f,cumulative-db-semantic-v1,review_required,metadata_only_limitation
fragment:signal:b48b6bbb7ab0cfb8eab02e09f5970ceef713004b11af62c0daaab7298999cc88:H3:5ba9a2866181,H3,MARINE vs OCEANIC Differential Coverage,H3,signal:b48b6bbb7ab0cfb8eab02e09f5970ceef713004b11af62c0daaab7298999cc88,evidence:doi:10.1016/j.matcom.2026.07.015,30178365958-1,living_res,MARINE,M,social_science_skill,community,marine,,marine_ecological,community,title+subject,title+subject,a61d0778bda5d7da19a124a187f2b5b31821585d09dbdf8c05618d02531603d6,cumulative-db-semantic-v1,review_required,metadata_only_limitation
fragment:signal:b4929ff97786a026210539ac5765eaf1097aa9f22749d2b7de6993bdc05d60e1:H3:81c21319d839,H3,MARINE vs OCEANIC Differential Coverage,H3,signal:b4929ff97786a026210539ac5765eaf1097aa9f22749d2b7de6993bdc05d60e1,evidence:doi:10.52214/cblr.v2026i1.14954,30178365958-1,living_res,MARINE,M,digital_skill,cyber,marine,,marine_ecological,cyber,title+subject,title+subject,04780551a1379c50d69be9a395baad50e108664dabe7a63506e784892690cc2e,cumulative-db-semantic-v1,review_required,metadata_only_limitation
fragment:signal:b4adfafa73a7c95b9bc60250421b7b56a1e58657a4593588637d034537cecf62:H3:9f5df00d2105,H3,MARINE vs OCEANIC Differential Coverage,H3,signal:b4adfafa73a7c95b9bc60250421b7b56a1e58657a4593588637d034537cecf62,evidence:doi:10.12688/f1000research.181928.1,30178365958-1,coastal_tourism,OCEANIC,O,social_science_skill,community,marine,,marine_ecological,community,title+subject,title+subject,92cf4b92d04457c696d6b281d6eaa075f1d4ee9daf630d290aa4af5b392d7cb7,cumulative-db-semantic-v1,review_required,metadata_only_limitation
fragment:signal:b500954f696890575bed6a5346f5f2b713068c1bce2f29298f4435c6483e8732:H3:05477fb43933,H3,MARINE vs OCEANIC Differential Coverage,H3,signal:b500954f696890575bed6a5346f5f2b713068c1bce2f29298f4435c6483e8732,evidence:doi:10.1002/aff2.70118,30178365958-1,non_living_res,OCEANIC,O,learning_outcome_signal,ects,marine,,marine_ecological,ects,title+subject,title+subject,b2206bf16c3463f36d51e306d3b8ace358e5ce498d6b5f9b9b9ce39078497188,cumulative-db-semantic-v1,review_required,metadata_only_limitation
fragment:signal:b5370ce5b2248a88d5ae19090d887372d1ef270793c417a078cff641ca94bae4:H3:55177a51521e,H3,MARINE vs OCEANIC Differential Coverage,H3,signal:b5370ce5b2248a88d5ae19090d887372d1ef270793c417a078cff641ca94bae4,evidence:doi:10.1007/s00267-026-02553-7,30178365958-1,living_res,MARINE,M,sustainability_skill,sustainability,ecological,,marine_ecological,sustainability,title+subject,title+subject,10982d772df5cc9056516fdaa3aa0c241c71d14daae41723a884b77c588e23f8,cumulative-db-semantic-v1,auto_accepted,metadata_only_limitation
fragment:signal:b564d945e6bb661f8fdc4affa0244b1e0ecfed3377f4b4e3121cfa570fcce2ff:H3:bfbb953eda27,H3,MARINE vs OCEANIC Differential Coverage,H3,signal:b564d945e6bb661f8fdc4affa0244b1e0ecfed3377f4b4e3121cfa570fcce2ff,evidence:doi:10.1016/j.ancene.2026.100561,30178365958-1,non_living_res,MARINE,M,safety_risk_skill,risk,marine,,marine_ecological,risk,title+subject,title+subject,a4d11e408d6487ba18e4cb1007a196ecdefc70419776913c7f91838ac5dfd033,cumulative-db-semantic-v1,review_required,metadata_only_limitation
fragment:signal:b59f3cab5b2f45963c787b303b80f5cbc085211fe442a59379463bf1a4907961:H3:353c58ddc819,H3,MARINE vs OCEANIC Differential Coverage,H3,signal:b59f3cab5b2f45963c787b303b80f5cbc085211fe442a59379463bf1a4907961,evidence:doi:10.65826/jsai.1.1.2026.69,30178365958-1,maritime_defence,OCEANIC,O,sustainability_skill,sustainability,marine,,marine_ecological,sustainability,title+subject,title+subject,52887e3474cbfb6a8bcd9dc409192be6fa9f1c34a6760dde198cf89c2196705b,cumulative-db-semantic-v1,auto_accepted,metadata_only_limitation
fragment:signal:b5e7527716ddcde29982782242c4f233b3ee93e8d2978b8a4817ec9b64b31377:H3:ac73716355c1,H3,MARINE vs OCEANIC Differential Coverage,H3,signal:b5e7527716ddcde29982782242c4f233b3ee93e8d2978b8a4817ec9b64b31377,evidence:doi:10.62225/2583049x.2024.4.4.4853,30178365958-1,living_res,OCEANIC,O,sustainability_skill,sustainability,marine,,marine_ecological,sustainability,title+subject,title+subject,ba6c3e97312a15e58abd2ab9acc0cc25d36b807be36cc0fdf3cc7ba19888865f,cumulative-db-semantic-v1,auto_accepted,metadata_only_limitation
fragment:signal:b5ed00a918eb6268ce9d8cc7ea0b9d42efeec0b113c179f21b8d5ff8058f7123:H3:afdfcf2bca33,H3,MARINE vs OCEANIC Differential Coverage,H3,signal:b5ed00a918eb6268ce9d8cc7ea0b9d42efeec0b113c179f21b8d5ff8058f7123,evidence:doi:10.61194/ijmb.v2i3.196,30178365958-1,blue_biotech,MARINE,M,education_training_signal,training,marine,,marine_ecological,training,title+subject,title+subject,f517d5f57b0fedccdcfa0e7848eeb6f9040cc10850cd8e9c0bc3224b520f7522,cumulative-db-semantic-v1,auto_accepted,metadata_only_limitation
fragment:signal:b5f16ea2ce281f4d6ea8cee3239e015f0645fdc2a6eaa0585025b13ef7c58554:H3:d42a7848fec7,H3,MARINE vs OCEANIC Differential Coverage,H3,signal:b5f16ea2ce281f4d6ea8cee3239e015f0645fdc2a6eaa0585025b13ef7c58554,evidence:doi:10.1093/icesjms/fsaf165,30178365958-1,non_living_res,MARINE,M,governance_skill,policy,marine,,marine_ecological,policy,title+subject,title+subject,324c9bcc16ef6628729f0af8354c508299ee18249d56f7d814c8df5d151124e9,cumulative-db-semantic-v1,review_required,metadata_only_limitation
fragment:signal:b6384bd90319d4bc40fd63d8ff7ee1d2c5015b8330a542597aa2bd59a1f46109:H3:167c2228479d,H3,MARINE vs OCEANIC Differential Coverage,H3,signal:b6384bd90319d4bc40fd63d8ff7ee1d2c5015b8330a542597aa2bd59a1f46109,evidence:doi:10.1097/mop.0000000000001442,30178365958-1,blue_biotech,OCEANIC,O,sustainability_skill,sustainable,planetary,,oceanic_planetary,sustainable,title+subject,title+subject,a04373435f3140fd2cd9dab44d34400f60e2aa479dc60ac0fb76ad998aa09923,cumulative-db-semantic-v1,review_required,metadata_only_limitation
fragment:signal:b644e89064609bf878b016ed09e36933bb4715f902781319f7d32ea71f7622cb:H1:784994817388,H1,Maritimisation Shift,H1,signal:b644e89064609bf878b016ed09e36933bb4715f902781319f7d32ea71f7622cb,evidence:doi:10.5281/zenodo.20810240,30178365958-1,ship_repair,MARITIME,T,sustainability_skill,resilience,maritime infrastructure,,maritime_dominance,resilience,title+subject,title+subject,795d207588e7ee3b6e4b24264d40160b36c6167eb685a65e8730984f10d6dc8b,cumulative-db-semantic-v1,auto_accepted,metadata_only_limitation
fragment:signal:b6716ba13a23df41dc2404238b1b4154774ff30f61dfc59cee92556cdb672d1d:H3:81afd69565aa,H3,MARINE vs OCEANIC Differential Coverage,H3,signal:b6716ba13a23df41dc2404238b1b4154774ff30f61dfc59cee92556cdb672d1d,evidence:doi:10.1051/bioconf/202622005002/pdf,30178365958-1,coastal_tourism,OCEANIC,O,sustainability_skill,sustainable,marine,,marine_ecological,sustainable,title+subject,title+subject,02855eb570ceafb309743d5db842ba62ada74334de270b37e88bad1f71db52e1,cumulative-db-semantic-v1,auto_accepted,metadata_only_limitation
fragment:signal:b67c70524b8a4fb650c63337e75635839aac7b60574f88ad959707b3ddb4bd87:H3:efffd7fb928e,H3,MARINE vs OCEANIC Differential Coverage,H3,signal:b67c70524b8a4fb650c63337e75635839aac7b60574f88ad959707b3ddb4bd87,evidence:doi:10.3390/su18052337,30178365958-1,non_living_res,MARINE,M,safety_risk_skill,safety,marine,,marine_ecological,safety,title+subject,title+subject,93004684e906b58c5bfe6d5323d639e47b7574675faa3c3fd68d1e088d6a64f6,cumulative-db-semantic-v1,review_required,metadata_only_limitation
fragment:signal:b68f6e4fc7def4a0f5ebaf09a1a374f3ac6aecd7744842649b0963e717bf789a:H3:fb201f2e45e4,H3,MARINE vs OCEANIC Differential Coverage,H3,signal:b68f6e4fc7def4a0f5ebaf09a1a374f3ac6aecd7744842649b0963e717bf789a,evidence:doi:10.1080/29931282.2026.2701530,30178365958-1,living_res,MARINE,M,governance_skill,governance,ecological,,marine_ecological,governance,title+subject,title+subject,90100c61277cb0e908edbc1958efa855c548b9c52c0f9b86bfc4c516386ba36c,cumulative-db-semantic-v1,review_required,metadata_only_limitation
fragment:signal:b699a3d169424876865e9b0c60cb6b51a7cfb4dbfe3a14bcd636f6cf2308db96:H3:f3ddebd32ecb,H3,MARINE vs OCEANIC Differential Coverage,H3,signal:b699a3d169424876865e9b0c60cb6b51a7cfb4dbfe3a14bcd636f6cf2308db96,evidence:doi:10.30958/ajt.13-1-1,30178365958-1,coastal_tourism,OCEANIC,O,governance_skill,governance,marine,,marine_ecological,governance,title+subject,title+subject,f5d7b2e5af3a6be979e110c4669706b4f546121384cb3084c9606ba2d239dae5,cumulative-db-semantic-v1,auto_accepted,metadata_only_limitation
fragment:signal:b6eba1c009e1a169e729b1ed77e1d848a0f5059914eb20fae1b9fe47fc9393d2:H3:855c5fcf9300,H3,MARINE vs OCEANIC Differential Coverage,H3,signal:b6eba1c009e1a169e729b1ed77e1d848a0f5059914eb20fae1b9fe47fc9393d2,evidence:doi:10.1111/tran.70040,30178365958-1,living_res,OCEANIC,O,governance_skill,governance,marine,,marine_ecological,governance,title+subject,title+subject,98b69adbdc3291dff4c7cdf76c277c3df0f77e50085c09d4991e14a09aac76b9,cumulative-db-semantic-v1,review_required,metadata_only_limitation
fragment:signal:b6f37589b4a2614ef303e1accfaabab476dd1557dc081f94ba4d8bdced92c327:H3:0e59a38f361e,H3,MARINE vs OCEANIC Differential Coverage,H3,signal:b6f37589b4a2614ef303e1accfaabab476dd1557dc081f94ba4d8bdced92c327,evidence:doi:10.1007/978-3-031-16277-0_13,30178365958-1,maritime_transport,OCEANIC,O,governance_skill,policy,marine,,marine_ecological,policy,title+subject,title+subject,bcf52963fcc6dfb58bb5a6002c9f3639ed25829abeea6bd404edb6e00d660ee8,cumulative-db-semantic-v1,review_required,metadata_only_limitation
fragment:signal:b72cdf312e1961bf513f76dd574c12933824247a5947e4785529ebb483f24be2:H3:26703183d032,H3,MARINE vs OCEANIC Differential Coverage,H3,signal:b72cdf312e1961bf513f76dd574c12933824247a5947e4785529ebb483f24be2,evidence:doi:10.5194/essd-18-5303-2026,30178365958-1,r_i,OCEANIC,O,sustainability_skill,climate,marine,,marine_ecological,climate,title+subject,title+subject,390a3d90af65849fe3998e6538d2c5c4be416f4f03840de32b0daa4d1e6aeb6c,cumulative-db-semantic-v1,review_required,metadata_only_limitation
fragment:signal:b76cc13b8da826a4d74e17b9327826f51c27ce08455ef836421832779245adb3:H3:5734ff32b432,H3,MARINE vs OCEANIC Differential Coverage,H3,signal:b76cc13b8da826a4d74e17b9327826f51c27ce08455ef836421832779245adb3,evidence:doi:10.62567/micjo.v3i3.2666,30178365958-1,living_res,MARINE,M,sustainability_skill,sustainable,marine,,marine_ecological,sustainable,title+subject,title+subject,d3f4a8a502ec2e13e68c64abda7723b92c9288f8fe8a07346bd5d7243747223a,cumulative-db-semantic-v1,review_required,metadata_only_limitation
fragment:signal:b803743309c1c0e2c986dde62534265881695ebbdd999e2d9908a4cca9b640fd:H3:b893d626fd8e,H3,MARINE vs OCEANIC Differential Coverage,H3,signal:b803743309c1c0e2c986dde62534265881695ebbdd999e2d9908a4cca9b640fd,evidence:doi:10.37899/journal-la-sociale.v6i6.3149,30178365958-1,living_res,MARINE,M,digital_skill,autonomy,marine,,marine_ecological,autonomy,title+subject,title+subject,61f8bad1f77bf7cdb0698e4248bcf689b50e7cb5fd285e853d70b8c431a74233,cumulative-db-semantic-v1,auto_accepted,metadata_only_limitation
fragment:signal:b813442f2c97962bfa9bb3d27fa305b6f36c15af938bffa588a5e4f0e193980d:H3:8aa86b66afe4,H3,MARINE vs OCEANIC Differential Coverage,H3,signal:b813442f2c97962bfa9bb3d27fa305b6f36c15af938bffa588a5e4f0e193980d,evidence:doi:10.3389/fmars.2025.1683006,30178365958-1,r_i,OCEANIC,O,governance_skill,governance,marine,,marine_ecological,governance,title,title,bdb6ad6096e0956cc454e0f9ab2fb2b47b78dbaad40455e81e923edb50ef408a,cumulative-db-semantic-v1,review_required,metadata_only_limitation
fragment:signal:b851a515224ff82c3cdda4794d9d053f50bc986da35bc9eff72bc03db25443ca:H3:76069618d35f,H3,MARINE vs OCEANIC Differential Coverage,H3,signal:b851a515224ff82c3cdda4794d9d053f50bc986da35bc9eff72bc03db25443ca,evidence:doi:10.1016/j.ocecoaman.2026.108309,30178365958-1,living_res,MARINE,M,sustainability_skill,sustainability,marine,,marine_ecological,sustainability,title+subject,title+subject,1aa8428925af1cc4e8b63ccf09a66d96cb5d65c69b7fafa4bcc74486c1982e5c,cumulative-db-semantic-v1,review_required,metadata_only_limitation
fragment:signal:b8dd7ef1fdec141df0a15a6ee03ba77f802b331a17f87184ec5e8e727e87c3c2:H3:23440252a3d9,H3,MARINE vs OCEANIC Differential Coverage,H3,signal:b8dd7ef1fdec141df0a15a6ee03ba77f802b331a17f87184ec5e8e727e87c3c2,evidence:doi:10.37899/journal-la-sociale.v6i6.3149,30178365958-1,living_res,MARINE,M,governance_skill,governance,marine,,marine_ecological,governance,title+subject,title+subject,61f8bad1f77bf7cdb0698e4248bcf689b50e7cb5fd285e853d70b8c431a74233,cumulative-db-semantic-v1,review_required,metadata_only_limitation
fragment:signal:b94e00d319cc2c2163533fc0802dfd873d21c94b53da216568d0ac9505fdcdf2:H3:43169ed1ddde,H3,MARINE vs OCEANIC Differential Coverage,H3,signal:b94e00d319cc2c2163533fc0802dfd873d21c94b53da216568d0ac9505fdcdf2,evidence:doi:10.1007/s44289-024-00038-1,30178365958-1,living_res,OCEANIC,O,sustainability_skill,adaptation,marine,,marine_ecological,adaptation,title+subject,title+subject,94801200bf5addbc7dd398fbc07c78c3bbbaeab139a0b3e3c83f4e552f151ee5,cumulative-db-semantic-v1,auto_accepted,metadata_only_limitation
fragment:signal:b9550a93f00aba7f2f71944a9bf54338352ec892b39e0991d775be5039f3204f:H3:9a414db1ddde,H3,MARINE vs OCEANIC Differential Coverage,H3,signal:b9550a93f00aba7f2f71944a9bf54338352ec892b39e0991d775be5039f3204f,evidence:doi:10.1038/s44183-025-00166-x,30178365958-1,blue_biotech,OCEANIC,O,sustainability_skill,sustainability,marine,,marine_ecological,sustainability,title+subject,title+subject,f83175f3a2e8bcbb065742cf9134973ca1863e3b0c1d99c5002e99ea5e90f69d,cumulative-db-semantic-v1,review_required,metadata_only_limitation
fragment:signal:b9862966003b65b96d81fc393632c0b4d7ca9343cd80c6ac29ee084c98620b98:H3:392ceec8656c,H3,MARINE vs OCEANIC Differential Coverage,H3,signal:b9862966003b65b96d81fc393632c0b4d7ca9343cd80c6ac29ee084c98620b98,evidence:doi:10.1007/s43621-024-00551-5,30178365958-1,non_living_res,MARINE,M,sustainability_skill,sustainable,marine,,marine_ecological,sustainable,title+subject,title+subject,a68317ac63b6d40eff125fc7d225188ffe899b3d04d868acc85c50e9d57941b7,cumulative-db-semantic-v1,auto_accepted,metadata_only_limitation
fragment:signal:b987cf71cef8e0b5c5b87c6623578380fe3bc0218091997c3e280ac8de920219:H3:2f5692568385,H3,MARINE vs OCEANIC Differential Coverage,H3,signal:b987cf71cef8e0b5c5b87c6623578380fe3bc0218091997c3e280ac8de920219,evidence:doi:10.3390/w18020206,30178365958-1,r_i,OCEANIC,O,technical_skill,engineering,marine,,marine_ecological,engineering,title+subject,title+subject,0807e125b01d665356582e4c0104ca56a5f218f91fe78426589a93226e5b525e,cumulative-db-semantic-v1,auto_accepted,metadata_only_limitation
fragment:signal:b98859cb6d0864e844c1656a43d05c3aaa74b42d2b678c706c0d9ac3855614fe:H3:e335303223a4,H3,MARINE vs OCEANIC Differential Coverage,H3,signal:b98859cb6d0864e844c1656a43d05c3aaa74b42d2b678c706c0d9ac3855614fe,evidence:doi:10.21203/rs.3.rs-9404342/v1,30178365958-1,maritime_defence,OCEANIC,O,safety_risk_skill,risk,marine,,marine_ecological,risk,title+subject,title+subject,5f43ecf15f96e0a8e9a1fff0ce5fea4eac168cea26bac825f467d6ca6b445b75,cumulative-db-semantic-v1,review_required,metadata_only_limitation
fragment:signal:b9b376c391a4bd896707cf2a51bd2b18d02f2d10ee3a18a438066112a6118574:H3:7d1d0b3af4b4,H3,MARINE vs OCEANIC Differential Coverage,H3,signal:b9b376c391a4bd896707cf2a51bd2b18d02f2d10ee3a18a438066112a6118574,evidence:doi:10.3390/su18052337,30178365958-1,non_living_res,MARINE,M,sustainability_skill,sustainability,marine,,marine_ecological,sustainability,title+subject,title+subject,93004684e906b58c5bfe6d5323d639e47b7574675faa3c3fd68d1e088d6a64f6,cumulative-db-semantic-v1,review_required,metadata_only_limitation
fragment:signal:b9cc1c2b1066b873da358097d57a01e7b885e30c23cbc2c3785d60004809ca8a:H3:ed4906324a2f,H3,MARINE vs OCEANIC Differential Coverage,H3,signal:b9cc1c2b1066b873da358097d57a01e7b885e30c23cbc2c3785d60004809ca8a,evidence:doi:10.1007/s44218-026-00147-8,30178365958-1,living_res,MARINE,M,sustainability_skill,climate,marine,,marine_ecological,climate,title+subject,title+subject,090224d906a39d4b5f87df11f4ea4bbfd9f221d6bfb0ddc26a338e51e404633e,cumulative-db-semantic-v1,review_required,metadata_only_limitation
fragment:signal:b9ce3a081a92534c7e88ae9f9b9467ca8487b22a3139f356bb18f52ce6c4da6e:H3:28e559273118,H3,MARINE vs OCEANIC Differential Coverage,H3,signal:b9ce3a081a92534c7e88ae9f9b9467ca8487b22a3139f356bb18f52ce6c4da6e,evidence:doi:10.20944/preprints202410.1422.v2,30178365958-1,non_living_res,MARINE,M,sustainability_skill,sustainable,marine,,marine_ecological,sustainable,title+subject,title+subject,6a0a1ec84d8fbbb47d0895090978c5f1a26e1f092da46f08fc0518dba204dc57,cumulative-db-semantic-v1,review_required,metadata_only_limitation
fragment:signal:b9e2ae25b9007613c9d3dc31b5dd6400e1f93bc0a1a3a4c3d7101738f0b2a584:H3:472de77402b5,H3,MARINE vs OCEANIC Differential Coverage,H3,signal:b9e2ae25b9007613c9d3dc31b5dd6400e1f93bc0a1a3a4c3d7101738f0b2a584,evidence:doi:10.25077/josi.v25.n1.p133-151.2026,30178365958-1,living_res,MARINE,M,digital_skill,machine learning,marine,,marine_ecological,machine learning,title+subject,title+subject,7f6ebcc53f6752abc9444534d5ceaf2f8ae70b54b4c46418aadb6800ac92171f,cumulative-db-semantic-v1,review_required,metadata_only_limitation
fragment:signal:b9e8406f5c8962d43dd2111b760d3136144f8d959b98e77dafff9e5d8423b705:H3:d6c8ba04a95d,H3,MARINE vs OCEANIC Differential Coverage,H3,signal:b9e8406f5c8962d43dd2111b760d3136144f8d959b98e77dafff9e5d8423b705,evidence:doi:10.3389/focsu.2026.1769160,30178365958-1,coastal_tourism,OCEANIC,O,governance_skill,governance,marine,,marine_ecological,governance,title+subject,title+subject,5e7e56393899d15e8146950c8267d79479f29220171528706be153a21c3c54fe,cumulative-db-semantic-v1,auto_accepted,metadata_only_limitation
fragment:signal:b9f3b44f57d96bc1844430d5deba0deb2af1ba7c65f3fa8da1b63ef4c8ce55dc:H3:edc0ab17872e,H3,MARINE vs OCEANIC Differential Coverage,H3,signal:b9f3b44f57d96bc1844430d5deba0deb2af1ba7c65f3fa8da1b63ef4c8ce55dc,evidence:doi:10.24857/rgsa.v20n7-009,30178365958-1,r_i,OCEANIC,O,governance_skill,governance,marine,,marine_ecological,governance,title+subject,title+subject,9afea77ab211b89aee6fffed01f0eecf27f885fa1b76cdb98a2a513900d783f4,cumulative-db-semantic-v1,auto_accepted,metadata_only_limitation
fragment:signal:baae79b780a47aac0c1630dda1cc623de686ed3d77560c6d5cca68ed9e6d6ea7:H3:b099673f467d,H3,MARINE vs OCEANIC Differential Coverage,H3,signal:baae79b780a47aac0c1630dda1cc623de686ed3d77560c6d5cca68ed9e6d6ea7,evidence:doi:10.1017/wat.2026.10027,30178365958-1,living_res,MARINE,M,policy_regulation_skill,law,ecological,,marine_ecological,law,title+subject,title+subject,b02692bf4c0d50dd06fb44d639f5e2393e20db91917fc207d2f0a237062bea26,cumulative-db-semantic-v1,review_required,metadata_only_limitation
fragment:signal:bb0ea2458f714af57ecaaba8a8dd9ca3f36fabb5b33ba160c5cd2b33a992e017:H3:0b4246f6f7ae,H3,MARINE vs OCEANIC Differential Coverage,H3,signal:bb0ea2458f714af57ecaaba8a8dd9ca3f36fabb5b33ba160c5cd2b33a992e017,evidence:doi:10.1575/1912/72780,30178365958-1,blue_biotech,MARINE,M,technical_skill,engineering,oceanic,,oceanic_planetary,engineering,title+subject,title+subject,3e9470bbb08f67d44d5536de122169f617d198acd0c8649cd10c3d2e3526be08,cumulative-db-semantic-v1,review_required,metadata_only_limitation
fragment:signal:bb2644344d09a418b43cab1ba5ade04de71f5b3fcfb8e07a05f5427ed8e0567a:H3:6bed02dbf63d,H3,MARINE vs OCEANIC Differential Coverage,H3,signal:bb2644344d09a418b43cab1ba5ade04de71f5b3fcfb8e07a05f5427ed8e0567a,evidence:doi:10.1007/s10784-026-09725-0,30178365958-1,living_res,MARINE,M,governance_skill,stakeholder,marine,,marine_ecological,stakeholder,title+subject,title+subject,a9c3894faf02bf804564399c3614e39127cf26ff21fc931c028bf79e99de7273,cumulative-db-semantic-v1,review_required,metadata_only_limitation
fragment:signal:bb3cce2a4d4b012d9fccc3d8d8e028eab74901d62a6449568854267a1f4497b5:H3:12bab911ea2a,H3,MARINE vs OCEANIC Differential Coverage,H3,signal:bb3cce2a4d4b012d9fccc3d8d8e028eab74901d62a6449568854267a1f4497b5,evidence:doi:10.12928/fokus.v16i1.15285,30178365958-1,coastal_tourism,OCEANIC,O,governance_skill,stakeholder,marine,,marine_ecological,stakeholder,title+subject,title+subject,f4ffdcda00f64f153646bcbbe71bcf58c9b853674d0cd16e8e8a734ab1fe0e14,cumulative-db-semantic-v1,review_required,metadata_only_limitation
fragment:signal:bbd42592f66ad17ad589bd42a187d9a50ab5f80f3242649b3c18f034ce5f43d7:H3:1389bd365877,H3,MARINE vs OCEANIC Differential Coverage,H3,signal:bbd42592f66ad17ad589bd42a187d9a50ab5f80f3242649b3c18f034ce5f43d7,evidence:doi:10.3389/fmars.2025.1593179,30178365958-1,non_living_res,MARINE,M,governance_skill,policies,marine,,marine_ecological,policies,title+subject,title+subject,24f31704e5c795d27fba290ec398d39b99d6bb80533a896d7acf4c241abaa1ad,cumulative-db-semantic-v1,review_required,metadata_only_limitation
fragment:signal:bc68c053401ffca8ca5176d594596e53c99ca64b6b4ecf8fe4c3a33f72c9afd6:H3:ebef2e0e6a15,H3,MARINE vs OCEANIC Differential Coverage,H3,signal:bc68c053401ffca8ca5176d594596e53c99ca64b6b4ecf8fe4c3a33f72c9afd6,evidence:doi:10.1186/s41072-026-00245-3,30178365958-1,coastal_tourism,OCEANIC,O,technical_skill,engineering,marine,,marine_ecological,engineering,title+subject,title+subject,bc9db1cdfa9658b53275323ee07433a72a1ffa177cb4441a3bbf151e1f364d5c,cumulative-db-semantic-v1,review_required,metadata_only_limitation
fragment:signal:bc697c9a81566a5f8cc9541f6828380a32f71ce1e513f411f52182884254df9d:H3:9c11c2713f67,H3,MARINE vs OCEANIC Differential Coverage,H3,signal:bc697c9a81566a5f8cc9541f6828380a32f71ce1e513f411f52182884254df9d,evidence:doi:10.3390/architecture6020095,30178365958-1,coastal_tourism,OCEANIC,O,sustainability_skill,resilience,marine,,marine_ecological,resilience,title+subject,title+subject,a17db162dd8efc7968ac12260fc12b77f33ba0b9529d1eb193ffca4de1cfb1bc,cumulative-db-semantic-v1,auto_accepted,metadata_only_limitation
fragment:signal:bc9575f1358029cc4c1679ba6eb45717d120098b8f3f76b07959a8cc35954892:H3:2fcbbfa2f89d,H3,MARINE vs OCEANIC Differential Coverage,H3,signal:bc9575f1358029cc4c1679ba6eb45717d120098b8f3f76b07959a8cc35954892,evidence:doi:10.12688/f1000research.181928.1,30178365958-1,coastal_tourism,OCEANIC,O,sustainability_skill,sustainability,marine,,marine_ecological,sustainability,title+subject,title+subject,92cf4b92d04457c696d6b281d6eaa075f1d4ee9daf630d290aa4af5b392d7cb7,cumulative-db-semantic-v1,auto_accepted,metadata_only_limitation
fragment:signal:bc9fcd4d8e34407dc11621b43e389fa8458c314943b70dd15a6c9ed9cc5a1fa4:H3:09fb914770ac,H3,MARINE vs OCEANIC Differential Coverage,H3,signal:bc9fcd4d8e34407dc11621b43e389fa8458c314943b70dd15a6c9ed9cc5a1fa4,evidence:doi:10.1080/26895293.2026.2698912,30178365958-1,blue_biotech,MARINE,M,governance_skill,policy,marine,,marine_ecological,policy,title+subject,title+subject,c76af63442a88ee92dbd5007ae6ef5cb3ba2d5ef58a4455de5d3399fa4327f99,cumulative-db-semantic-v1,review_required,metadata_only_limitation
fragment:signal:bcbbe612ea2f9359a9ab13511102b839898b727530ce893af06e9b0de332c802:H3:de9a1aba05b2,H3,MARINE vs OCEANIC Differential Coverage,H3,signal:bcbbe612ea2f9359a9ab13511102b839898b727530ce893af06e9b0de332c802,evidence:doi:10.1007/s10499-026-02604-0,30178365958-1,blue_biotech,MARINE,M,digital_skill,digital,marine,,marine_ecological,digital,title+subject,title+subject,6e4c29a603be52388c681635c3ca90e894611a4e2648b4f39a120bcef90c4c59,cumulative-db-semantic-v1,review_required,metadata_only_limitation
fragment:signal:bcdfec6c5d9ff2dc3371a8e4ce9f7f381df2e4ada0d8ec3a2a1767b287e1c73f:H3:ee381416764a,H3,MARINE vs OCEANIC Differential Coverage,H3,signal:bcdfec6c5d9ff2dc3371a8e4ce9f7f381df2e4ada0d8ec3a2a1767b287e1c73f,evidence:doi:10.3389/fmars.2026.1835277,30178365958-1,maritime_defence,OCEANIC,O,governance_skill,governance,marine,,marine_ecological,governance,title+subject,title+subject,f32ac229aee2d4dd4879e82b69b6542e663a074d56ae34583982931fe973a750,cumulative-db-semantic-v1,auto_accepted,metadata_only_limitation
fragment:signal:bce193c29266088c9dacc74b2d5a29267226821de0f9c88719c26f9d7b948235:H3:0c989808c819,H3,MARINE vs OCEANIC Differential Coverage,H3,signal:bce193c29266088c9dacc74b2d5a29267226821de0f9c88719c26f9d7b948235,evidence:doi:10.18174/714649,30178365958-1,non_living_res,MARINE,M,digital_skill,digital,marine,,marine_ecological,digital,title+subject,title+subject,1492d4e6be4ffbe2a5254cd046ddbd052f74d2922e3c8512dc7e89816ac6a91b,cumulative-db-semantic-v1,auto_accepted,metadata_only_limitation
fragment:signal:bd1c104741da8ca10ac2b4315a51b45de5817b3cbc71a83531a15ddcfc674884:H3:b204e0edce1d,H3,MARINE vs OCEANIC Differential Coverage,H3,signal:bd1c104741da8ca10ac2b4315a51b45de5817b3cbc71a83531a15ddcfc674884,evidence:doi:10.1051/bioconf/202622104005/pdf,30178365958-1,blue_biotech,MARINE,M,sustainability_skill,sustainability,marine,,marine_ecological,sustainability,title+subject,title+subject,a476f00be7d4b4d3980dd85096e39e051473f0e6654971a002a0c4fa7e2ddd0f,cumulative-db-semantic-v1,review_required,metadata_only_limitation
fragment:signal:bd2afb93fbdd40fec912d08609c7418339915524efb09af9de1659bbdb06df68:H3:75c49154d3b2,H3,MARINE vs OCEANIC Differential Coverage,H3,signal:bd2afb93fbdd40fec912d08609c7418339915524efb09af9de1659bbdb06df68,evidence:doi:10.24135/ijara.v24i24.838,30178365958-1,non_living_res,OCEANIC,O,sustainability_skill,adaptation,marine,,marine_ecological,adaptation,title+subject,title+subject,c83ab5ed5e08a9f2d30bac03cdc71cd8cba1d8d2274de06662dca60e25181bf3,cumulative-db-semantic-v1,review_required,metadata_only_limitation
fragment:signal:bd4e060ffd69658e163b88a2f5424b04221b98d5e7b0a67923c6ffacfa648883:H3:94d6238a94ef,H3,MARINE vs OCEANIC Differential Coverage,H3,signal:bd4e060ffd69658e163b88a2f5424b04221b98d5e7b0a67923c6ffacfa648883,evidence:doi:10.20944/preprints202512.0060.v1,30178365958-1,living_res,OCEANIC,O,sustainability_skill,sustainability,marine,,marine_ecological,sustainability,title+subject,title+subject,3b0e7655f7425a578ce7f5b39711bf17dc5393c76ad640fa4bddacc3ee9f35bf,cumulative-db-semantic-v1,review_required,metadata_only_limitation
fragment:signal:bd669507fb65190bede93bd61a1796aae2fba5c2a568e101001dfd6ce22e36b9:H3:b460f11ee3c1,H3,MARINE vs OCEANIC Differential Coverage,H3,signal:bd669507fb65190bede93bd61a1796aae2fba5c2a568e101001dfd6ce22e36b9,evidence:doi:10.1016/j.marpolbul.2026.119971,30178365958-1,coastal_tourism,OCEANIC,O,safety_risk_skill,risk,ecological,,marine_ecological,risk,title,title,c74a7bf07345a069894ffff8ca66edcb09c84ce1ff2b83a5dfc5ecbcaa0fcd9c,cumulative-db-semantic-v1,review_required,metadata_only_limitation
fragment:signal:bd7665ea85d15488c532c7f5690f8fcc58d9c2c390a6510a69b7530f641555da:H3:c23d46cf7c88,H3,MARINE vs OCEANIC Differential Coverage,H3,signal:bd7665ea85d15488c532c7f5690f8fcc58d9c2c390a6510a69b7530f641555da,evidence:doi:10.3390/systems14070798,30178365958-1,coastal_tourism,OCEANIC,O,governance_skill,governance,marine,,marine_ecological,governance,title+subject,title+subject,68ccef0013a35fc7f1c7a0003c02d61c9812512f1f0cc27b813f0088f5ab2da9,cumulative-db-semantic-v1,review_required,metadata_only_limitation
fragment:signal:bd8c9e6f661b50780ff40394003650a724584f97dfa1a97e5507618f8fddcc69:H3:bc9354bd9331,H3,MARINE vs OCEANIC Differential Coverage,H3,signal:bd8c9e6f661b50780ff40394003650a724584f97dfa1a97e5507618f8fddcc69,evidence:doi:10.3389/fmars.2024.1347494,30178365958-1,living_res,OCEANIC,O,policy_regulation_skill,law,marine,,marine_ecological,law,title+subject,title+subject,a6cd3523c92d394067b4b9c99af3298d87968b67c9e721882fb1d61d908f200b,cumulative-db-semantic-v1,review_required,metadata_only_limitation
fragment:signal:bdf6d62087afb08021f8b54068c28fa24ffa15f3298599b57adeea8b6f5de9d3:H3:f540f26658f5,H3,MARINE vs OCEANIC Differential Coverage,H3,signal:bdf6d62087afb08021f8b54068c28fa24ffa15f3298599b57adeea8b6f5de9d3,evidence:doi:10.3389/fmars.2026.1791375,30178365958-1,blue_biotech,MARINE,M,sustainability_skill,sustainability,marine,,marine_ecological,sustainability,title+subject,title+subject,f5f2b3cc62c9c0e4d13c8a5623143c65087e5faa652e0f8d057c583dcede6e22,cumulative-db-semantic-v1,auto_accepted,metadata_only_limitation
fragment:signal:bdfa542f16ea00132b81e32fa0c39dcfdd507d7d38d643f6b94ff0550516762f:H3:801069f3851d,H3,MARINE vs OCEANIC Differential Coverage,H3,signal:bdfa542f16ea00132b81e32fa0c39dcfdd507d7d38d643f6b94ff0550516762f,evidence:doi:10.1007/978-3-032-07112-5_20,30178365958-1,blue_biotech,MARINE,M,sustainability_skill,sustainability,marine,,marine_ecological,sustainability,title+subject,title+subject,b1cefffe4286f6193006d6fe718194c52d267101f885075c656c88439c82f13c,cumulative-db-semantic-v1,review_required,metadata_only_limitation
fragment:signal:be0ea3af142ce8c86864a33c3fba9f32668312a7728eb347e562cbbc4109bc28:H3:28ed1aa00162,H3,MARINE vs OCEANIC Differential Coverage,H3,signal:be0ea3af142ce8c86864a33c3fba9f32668312a7728eb347e562cbbc4109bc28,evidence:doi:10.3389/fmicb.2026.1875044,30178365958-1,blue_biotech,MARINE,M,social_science_skill,community,ecological,,marine_ecological,community,title+subject,title+subject,dc088518cae8a0f3715702f09e34df64b7f19b97b9e7c327b940cfc7d3359283,cumulative-db-semantic-v1,review_required,metadata_only_limitation
fragment:signal:be29e6c74339ac645d9f37593e61238f9da437702f99c2f37a2191bd6981f1e0:H3:b5903610ee89,H3,MARINE vs OCEANIC Differential Coverage,H3,signal:be29e6c74339ac645d9f37593e61238f9da437702f99c2f37a2191bd6981f1e0,evidence:doi:10.5194/wes-2023-143,30178365958-1,non_living_res,MARINE,M,technical_skill,engineering,marine,,marine_ecological,engineering,title+subject,title+subject,de43c2244e113bbba854a22f534d2166eff15fdb0e7829fbee79ccc071832291,cumulative-db-semantic-v1,review_required,metadata_only_limitation
fragment:signal:be57bb1d1ae148bd9bbc0ef8acc82bc948d74241f50e71c0d8745bf1456a926c:H3:2813428238a8,H3,MARINE vs OCEANIC Differential Coverage,H3,signal:be57bb1d1ae148bd9bbc0ef8acc82bc948d74241f50e71c0d8745bf1456a926c,evidence:doi:10.53461/jujbr.v24i02.70,30178365958-1,blue_biotech,MARINE,M,learning_outcome_signal,ects,marine,,marine_ecological,ects,title+subject,title+subject,52fa59eefd377295e77caa1e2b24ae1ff3c5d690dc22d251a4b0af034bd21c50,cumulative-db-semantic-v1,review_required,metadata_only_limitation
fragment:signal:be65733e897cb51c25705e605ee3a99d64369f51d60c9476bdf64eec741b0203:H3:a567c3141016,H3,MARINE vs OCEANIC Differential Coverage,H3,signal:be65733e897cb51c25705e605ee3a99d64369f51d60c9476bdf64eec741b0203,evidence:doi:10.1007/978-3-032-26565-4_1,30178365958-1,blue_biotech,OCEANIC,O,learning_outcome_signal,ects,marine,,marine_ecological,ects,title,title,9545d84c6d986eecb4261c03c0d4e42b8e767c1a684351310890737cfade5232,cumulative-db-semantic-v1,review_required,metadata_only_limitation
fragment:signal:beb865cd837b0ffb3ced70f0c55f533439a53f17670ea05b8ffd22a6b1a055f5:H3:099f12777205,H3,MARINE vs OCEANIC Differential Coverage,H3,signal:beb865cd837b0ffb3ced70f0c55f533439a53f17670ea05b8ffd22a6b1a055f5,evidence:doi:10.3389/fmars.2026.1839386,30178365958-1,blue_biotech,MARINE,M,sustainability_skill,climate,marine,,marine_ecological,climate,title+subject,title+subject,9d4f6760a1f04678ae2ad34f04a1c492729a35760c349cab82d69646b54448e4,cumulative-db-semantic-v1,review_required,metadata_only_limitation
fragment:signal:bec6efc7b204455b6f53afabc6277c2dd035ff7b752e409c397cb3c67dd9d779:H3:d782d9c725ef,H3,MARINE vs OCEANIC Differential Coverage,H3,signal:bec6efc7b204455b6f53afabc6277c2dd035ff7b752e409c397cb3c67dd9d779,evidence:doi:10.62311/nesx/rp5-30032026,30178365958-1,r_i,OCEANIC,O,digital_skill,artificial intelligence,planetary,,oceanic_planetary,artificial intelligence,title+subject,title+subject,f2524f5ea8bf0de3e6f1e055e992ae3f417a2bc0a9890fab8041813b595fc56f,cumulative-db-semantic-v1,review_required,metadata_only_limitation
fragment:signal:beca534ff53958942f29b2cc37d39c71c2292f0bc4742f963877d77862661fd3:H3:ee8b75b20020,H3,MARINE vs OCEANIC Differential Coverage,H3,signal:beca534ff53958942f29b2cc37d39c71c2292f0bc4742f963877d77862661fd3,evidence:doi:10.59711/jims.12.110020,30178365958-1,non_living_res,MARINE,M,sustainability_skill,sustainability,marine,,marine_ecological,sustainability,title+subject,title+subject,98abf8ec43b5670bdf0d410abe0b93cffcc9a7029b70ef0bd43c706d30c41dfe,cumulative-db-semantic-v1,review_required,metadata_only_limitation
fragment:signal:bedddf136baa8e4c2d791566353d30a2aa2c3ef8afd82f74b239dea21dad41a3:H3:b733461eef6c,H3,MARINE vs OCEANIC Differential Coverage,H3,signal:bedddf136baa8e4c2d791566353d30a2aa2c3ef8afd82f74b239dea21dad41a3,evidence:doi:10.30574/ijsra.2026.19.3.1389,30178365958-1,living_res,MARINE,M,sustainability_skill,sustainability,marine,,marine_ecological,sustainability,title+subject,title+subject,16b1ffe718cb96d7b2123bd2ec4c09dc620cf08bbdabc41f2488f1e507572a6d,cumulative-db-semantic-v1,review_required,metadata_only_limitation
fragment:signal:bf28e13a32e77938ef8b51e7c3bb68c8bf9095850e54b9dc9936e2b1b6a1de24:H3:29a640973ef8,H3,MARINE vs OCEANIC Differential Coverage,H3,signal:bf28e13a32e77938ef8b51e7c3bb68c8bf9095850e54b9dc9936e2b1b6a1de24,evidence:doi:10.1051/bioconf/202622705004/pdf,30178365958-1,coastal_tourism,OCEANIC,O,governance_skill,governance,marine,,marine_ecological,governance,title+subject,title+subject,f93df51ea304235d201fe3898f15e5d06877a0a9d8def8d4e24c1f6764fd41b1,cumulative-db-semantic-v1,review_required,metadata_only_limitation
fragment:signal:bf7ecfb1324641ff00f963e30d72dc4c3f07623d4f6ce4ec02f8f7a2d873651c:H3:b1985db61822,H3,MARINE vs OCEANIC Differential Coverage,H3,signal:bf7ecfb1324641ff00f963e30d72dc4c3f07623d4f6ce4ec02f8f7a2d873651c,evidence:doi:10.70619/vol6iss2pp30-48-862,30178365958-1,coastal_tourism,OCEANIC,O,sustainability_skill,sustainability,marine,,marine_ecological,sustainability,title+subject,title+subject,274d48a7ecfce650e18472731b41ea59d50da3c585c7463afba8f7b4b2215751,cumulative-db-semantic-v1,auto_accepted,metadata_only_limitation
fragment:signal:bf83007907394bd98e09a4f116a43970c0e1ac4c53662f119a24ca4049c88fae:H3:e1ed61207d39,H3,MARINE vs OCEANIC Differential Coverage,H3,signal:bf83007907394bd98e09a4f116a43970c0e1ac4c53662f119a24ca4049c88fae,evidence:doi:10.55942/pssj.v6i4.1475,30178365958-1,coastal_tourism,OCEANIC,O,policy_regulation_skill,regulatory,marine,,marine_ecological,regulatory,title+subject,title+subject,d7f473c8db874b40bf225ac814473358636947ab643a4900fe8b6052223ca6cd,cumulative-db-semantic-v1,auto_accepted,metadata_only_limitation
fragment:signal:bfbc7cc7350a0f311fdab293641f267ea991a096b618df91855ceceea9501d2b:H3:5bf8e41ceabc,H3,MARINE vs OCEANIC Differential Coverage,H3,signal:bfbc7cc7350a0f311fdab293641f267ea991a096b618df91855ceceea9501d2b,evidence:doi:10.1051/bioconf/202624503001,30178365958-1,maritime_defence,OCEANIC,O,sustainability_skill,resilience,marine,,marine_ecological,resilience,title+subject,title+subject,4c19bd5790e6dd05bcf8d62338a70f37905cf2003000c728f818f649cd7b0b28,cumulative-db-semantic-v1,auto_accepted,metadata_only_limitation
fragment:signal:bffee2c557f0774e5d4e478e31cb1d8b73a25f5faf943d5cab8837c910ed28cf:H3:977a838c682b,H3,MARINE vs OCEANIC Differential Coverage,H3,signal:bffee2c557f0774e5d4e478e31cb1d8b73a25f5faf943d5cab8837c910ed28cf,evidence:doi:10.34104/cjbis.026.06840695,30178365958-1,coastal_tourism,OCEANIC,O,learning_outcome_signal,ects,marine,,marine_ecological,ects,title+subject,title+subject,ae1a9037cfbd7f9b76d5dcf99feb67b390968b57f2436cb531d43773f16886d7,cumulative-db-semantic-v1,review_required,metadata_only_limitation
fragment:signal:c00c40d5f3ab9e018e5528393e6bb09d378a01e4f79687eea106552945585a3f:H3:625c173c03ed,H3,MARINE vs OCEANIC Differential Coverage,H3,signal:c00c40d5f3ab9e018e5528393e6bb09d378a01e4f79687eea106552945585a3f,evidence:doi:10.3390/biomimetics10120842,30178365958-1,blue_biotech,OCEANIC,O,governance_skill,policy,ecological,,marine_ecological,policy,title+subject,title+subject,2093d7503379e2b08481f815a633c210a4666856aac3c11ed5dc3aa23dba4a3c,cumulative-db-semantic-v1,review_required,metadata_only_limitation
fragment:signal:c0344cd99b16eed961dcbad43796d0f09b5cc4e0c001aeb9dfdab157342a9ad2:H3:14febc6e16ad,H3,MARINE vs OCEANIC Differential Coverage,H3,signal:c0344cd99b16eed961dcbad43796d0f09b5cc4e0c001aeb9dfdab157342a9ad2,evidence:doi:10.3389/fmars.2026.1839386,30178365958-1,blue_biotech,MARINE,M,governance_skill,policies,marine,,marine_ecological,policies,title+subject,title+subject,9d4f6760a1f04678ae2ad34f04a1c492729a35760c349cab82d69646b54448e4,cumulative-db-semantic-v1,review_required,metadata_only_limitation
fragment:signal:c03e6bea085bc143bbac7505ba8ed1aac7a7cedc421bd90921771efe9b78004b:H3:65baaf70a97c,H3,MARINE vs OCEANIC Differential Coverage,H3,signal:c03e6bea085bc143bbac7505ba8ed1aac7a7cedc421bd90921771efe9b78004b,evidence:doi:10.1016/j.envsci.2026.104348,30178365958-1,blue_biotech,MARINE,M,sustainability_skill,sustainability,marine,,marine_ecological,sustainability,title+subject,title+subject,470e13fed9ad8bbac7f35e74d0400426beed693e9908bf07589c889a5ccf0b28,cumulative-db-semantic-v1,review_required,metadata_only_limitation
fragment:signal:c058a06b6c9a4debb5c4a34523a9a0e35f65b4b572a2a9cb49ae9d27a956e649:H3:5aa294aa832b,H3,MARINE vs OCEANIC Differential Coverage,H3,signal:c058a06b6c9a4debb5c4a34523a9a0e35f65b4b572a2a9cb49ae9d27a956e649,evidence:doi:10.1002/nzm2.70005,30178365958-1,blue_biotech,MARINE,M,sustainability_skill,sustainability,marine,,marine_ecological,sustainability,title+subject,title+subject,6e410ff26a1f22b751590e5e206819a69e06f19a94fa72a4e4eca319df6301c5,cumulative-db-semantic-v1,review_required,metadata_only_limitation
fragment:signal:c08fdfdbacc3a2a5aabbc9009c4524a0995a6a671e8fd5ad250818c5380ec8eb:H3:baf096c07675,H3,MARINE vs OCEANIC Differential Coverage,H3,signal:c08fdfdbacc3a2a5aabbc9009c4524a0995a6a671e8fd5ad250818c5380ec8eb,evidence:doi:10.1088/2515-7620/ae78b5,30178365958-1,coastal_tourism,OCEANIC,O,sustainability_skill,climate,marine,,marine_ecological,climate,title+subject,title+subject,0d7be14e894718f95a85f5784693f3183488402012585dc962f7e799aafd0bbf,cumulative-db-semantic-v1,review_required,metadata_only_limitation
fragment:signal:c0cb0559b0414eccba1f49837924d3cc2445da591375fb6038adb3669eb99737:H3:65441d6a7157,H3,MARINE vs OCEANIC Differential Coverage,H3,signal:c0cb0559b0414eccba1f49837924d3cc2445da591375fb6038adb3669eb99737,evidence:doi:10.1111/jfb.70444,30178365958-1,coastal_tourism,OCEANIC,O,sustainability_skill,climate,marine,,marine_ecological,climate,title+subject,title+subject,16155bc61225d3d271acaa4fadc5792182eb1ada959e0d275681323a340e1923,cumulative-db-semantic-v1,review_required,metadata_only_limitation
fragment:signal:c11449c7a95e20418879f8953c59580fd2f0ea92eb9701d9049989164d4c7c55:H3:06019a53c6ad,H3,MARINE vs OCEANIC Differential Coverage,H3,signal:c11449c7a95e20418879f8953c59580fd2f0ea92eb9701d9049989164d4c7c55,evidence:doi:10.47747/fmiic.v1i3.3575,30178365958-1,living_res,MARINE,M,sustainability_skill,sustainability,marine,,marine_ecological,sustainability,title+subject,title+subject,1ad85e762c3c00bc1839af261c97099e9ce15bd624a51df7038424259af58bc5,cumulative-db-semantic-v1,auto_accepted,metadata_only_limitation
fragment:signal:c146988355ed6e3f0a22cb91ef52f144242a2d93f1da5f549e5970745a2e0634:H1:375c1199c4d5,H1,Maritimisation Shift,H1,signal:c146988355ed6e3f0a22cb91ef52f144242a2d93f1da5f549e5970745a2e0634,evidence:doi:10.3390/su18084038,30178365958-1,maritime_transport,MARITIME,T,sustainability_skill,sustainable,maritime infrastructure,,maritime_dominance,sustainable,title,title,fe44d2f1d6d0b94e1ccea0a89609f9c82f4234d760892c1cbbf040fa22ae6387,cumulative-db-semantic-v1,review_required,metadata_only_limitation
fragment:signal:c16ce3d9bd6b5eac76c646ea84dd391df8bb9b7a3fdda1f5ef56a3bcbcf011bf:H3:8de687e21f99,H3,MARINE vs OCEANIC Differential Coverage,H3,signal:c16ce3d9bd6b5eac76c646ea84dd391df8bb9b7a3fdda1f5ef56a3bcbcf011bf,evidence:doi:10.3389/focsu.2025.1697910,30178365958-1,living_res,MARINE,M,governance_skill,governance,marine,,marine_ecological,governance,title+subject,title+subject,9a8aa9004c61117ba4a07b40007d580a1e82b91509e53cd345734087388ef0fb,cumulative-db-semantic-v1,review_required,metadata_only_limitation
fragment:signal:c1788daf21b84023352e49b39102b71517ade5412d644045d68f7bf013caa2ab:H3:0d32d413e03b,H3,MARINE vs OCEANIC Differential Coverage,H3,signal:c1788daf21b84023352e49b39102b71517ade5412d644045d68f7bf013caa2ab,evidence:doi:10.1057/s41599-026-07727-6,30178365958-1,non_living_res,MARINE,M,governance_skill,policy,planetary,,oceanic_planetary,policy,title+subject,title+subject,745fdcd5797dc7ba0ea64f730fba88009edf036154368c3af0c4b235c896eb3a,cumulative-db-semantic-v1,review_required,metadata_only_limitation
fragment:signal:c20e9122eda08d95bfc3e1b9a34ec5f1c906c7a04f7c702ad441aeec4995bc3a:H3:187cea267604,H3,MARINE vs OCEANIC Differential Coverage,H3,signal:c20e9122eda08d95bfc3e1b9a34ec5f1c906c7a04f7c702ad441aeec4995bc3a,evidence:doi:10.1016/j.eist.2026.101138,30178365958-1,living_res,OCEANIC,O,sustainability_skill,sustainability,marine,,marine_ecological,sustainability,title+subject,title+subject,d970f77647581666bfe32f9b53b390973577f438e1c9dff2f85d2cda20d32cf2,cumulative-db-semantic-v1,review_required,metadata_only_limitation
fragment:signal:c23827ca01388b8b613911d330e268805a64f288c8b7cbd7385e67a0c07cf7f7:H3:cfbb68f07c24,H3,MARINE vs OCEANIC Differential Coverage,H3,signal:c23827ca01388b8b613911d330e268805a64f288c8b7cbd7385e67a0c07cf7f7,evidence:doi:10.3389/fmicb.2026.1875044,30178365958-1,blue_biotech,MARINE,M,technical_skill,engineering,ecological,,marine_ecological,engineering,title+subject,title+subject,dc088518cae8a0f3715702f09e34df64b7f19b97b9e7c327b940cfc7d3359283,cumulative-db-semantic-v1,review_required,metadata_only_limitation
fragment:signal:c2702bb809cd115a6bf64467f62a8a1786b30cc5c74c3d840c32cf12a11f1cd5:H3:62e76cb85e6c,H3,MARINE vs OCEANIC Differential Coverage,H3,signal:c2702bb809cd115a6bf64467f62a8a1786b30cc5c74c3d840c32cf12a11f1cd5,evidence:doi:10.3390/biomass6010001,30178365958-1,blue_biotech,MARINE,M,digital_skill,digital,ecological,,marine_ecological,digital,title+subject,title+subject,5987ca833916246d32e07bebba8c4a3472500994e9e8cb436ccc587c61e70a9c,cumulative-db-semantic-v1,review_required,metadata_only_limitation
fragment:signal:c27a4819b6d68eb88068184b0180a0e4e4341363e51205890f09bc0300ac6b4d:H3:064a74ccd021,H3,MARINE vs OCEANIC Differential Coverage,H3,signal:c27a4819b6d68eb88068184b0180a0e4e4341363e51205890f09bc0300ac6b4d,evidence:doi:10.1007/s12665-026-13019-8,30178365958-1,living_res,MARINE,M,sustainability_skill,climate,ecological,,marine_ecological,climate,title+subject,title+subject,2063f5b3dd85ce07491d59cc0a701091281f4929b1aaad12c843aeb3dd146e86,cumulative-db-semantic-v1,review_required,metadata_only_limitation
fragment:signal:c2bfdd7a0255d75f3b0411dee8ee959d35824df6ee1384ba03d57ff6d7f78a0d:H3:ccbdf499d5b8,H3,MARINE vs OCEANIC Differential Coverage,H3,signal:c2bfdd7a0255d75f3b0411dee8ee959d35824df6ee1384ba03d57ff6d7f78a0d,evidence:doi:10.58830/ozgur.pub1213,30178365958-1,living_res,MARINE,M,governance_skill,governance,marine,,marine_ecological,governance,title+subject,title+subject,00ab42b7455f5b2baa3cbeec270f00111ba1f1057c2ff99ce934017e22dbc74b,cumulative-db-semantic-v1,review_required,metadata_only_limitation
fragment:signal:c33841c31108a31b4853ae7f5e809aba72a3c1a10d990034d55291afa852ff0d:H3:23480f9f4051,H3,MARINE vs OCEANIC Differential Coverage,H3,signal:c33841c31108a31b4853ae7f5e809aba72a3c1a10d990034d55291afa852ff0d,evidence:doi:10.1186/s40693-026-00143-9,30178365958-1,blue_biotech,MARINE,M,sustainability_skill,sustainability,marine,,marine_ecological,sustainability,title+subject,title+subject,cb0fbbe225b60aeca79150a56c90765c3f3338e90f73b9e390732cd1ef1fbcb1,cumulative-db-semantic-v1,review_required,metadata_only_limitation
fragment:signal:c34093cadc3d34b66cf7228e9705f74a80d43079a466babfb2d13f509b4a8ad3:H3:82610dcb245a,H3,MARINE vs OCEANIC Differential Coverage,H3,signal:c34093cadc3d34b66cf7228e9705f74a80d43079a466babfb2d13f509b4a8ad3,evidence:doi:10.36859/jdg.v11i1.5710,30178365958-1,living_res,MARINE,M,policy_regulation_skill,law,marine,,marine_ecological,law,title+subject,title+subject,646ff5d7d9e3607d3c0c4a62af8d7905e659379859612795d12fcc4e64577edc,cumulative-db-semantic-v1,review_required,metadata_only_limitation
fragment:signal:c386ca2ff3df9d1d190c7faa6e5f7133a04e05986df7fd0d8dcd2afa91322b9c:H3:a3e31a37ef9b,H3,MARINE vs OCEANIC Differential Coverage,H3,signal:c386ca2ff3df9d1d190c7faa6e5f7133a04e05986df7fd0d8dcd2afa91322b9c,evidence:doi:10.65150/ep-jsshrs/v2e6/2026-14,30178365958-1,coastal_tourism,OCEANIC,O,learning_outcome_signal,ects,ecological,,marine_ecological,ects,title+subject,title+subject,dd3e0ce0a1c2a82a320bfcf5ef0a9f1d003905668b5ee9861b58d2ba239d9f6f,cumulative-db-semantic-v1,review_required,metadata_only_limitation
fragment:signal:c3972b23a23dcc6fd2753e0f4f96110c1f46d60e2c65f5d9502f66ccc8cd6062:H3:e42eecea0226,H3,MARINE vs OCEANIC Differential Coverage,H3,signal:c3972b23a23dcc6fd2753e0f4f96110c1f46d60e2c65f5d9502f66ccc8cd6062,evidence:doi:10.1051/bioconf/202624505001/pdf,30178365958-1,living_res,MARINE,M,sustainability_skill,resilience,marine,,marine_ecological,resilience,title+subject,title+subject,77c84724213584c2b74c418db4b7730ca73b57e23fb3f658d458737d55d54cec,cumulative-db-semantic-v1,auto_accepted,metadata_only_limitation
fragment:signal:c3a70898f51602447b7211ba77c048027bc05465c964e1d046fb046bb89566fc:H3:f32c621ad523,H3,MARINE vs OCEANIC Differential Coverage,H3,signal:c3a70898f51602447b7211ba77c048027bc05465c964e1d046fb046bb89566fc,evidence:doi:10.69517/aier.2026.03.01.0005,30178365958-1,blue_biotech,MARINE,M,sustainability_skill,sustainability,marine,,marine_ecological,sustainability,title+subject,title+subject,8bb99ebfc1c5362f21def9bc0c2c8915a37cad800d133e201976dd02f27f19cb,cumulative-db-semantic-v1,review_required,metadata_only_limitation
fragment:signal:c3eedfd04e34205edd712cab4b110f016139d9ba7464b294346b7003e8cf8fe7:H3:393fbf84b2cd,H3,MARINE vs OCEANIC Differential Coverage,H3,signal:c3eedfd04e34205edd712cab4b110f016139d9ba7464b294346b7003e8cf8fe7,evidence:doi:10.1016/j.marpolbul.2026.120097,30178365958-1,living_res,OCEANIC,O,learning_outcome_signal,ects,marine,,marine_ecological,ects,title,title,cee4dfee767b223719e1187979a4d22a10ab4e877322831b3a593651a8a3610d,cumulative-db-semantic-v1,review_required,metadata_only_limitation
fragment:signal:c40a8ae6c40169eb186c21f6c9b991c8b8ae8270a0ef196529c9de00c3bb78ab:H3:42cd27918501,H3,MARINE vs OCEANIC Differential Coverage,H3,signal:c40a8ae6c40169eb186c21f6c9b991c8b8ae8270a0ef196529c9de00c3bb78ab,evidence:doi:10.1007/s11160-026-10055-2,30178365958-1,living_res,MARINE,M,sustainability_skill,adaptation,marine,,marine_ecological,adaptation,title+subject,title+subject,975de3916df1e97a7d50d9126f3651c51d6ee5fd0b1d0bb853f84afadc188c0b,cumulative-db-semantic-v1,auto_accepted,metadata_only_limitation
fragment:signal:c4152d824093303fd70f9f589e3473a324527a310ec0343d9cce236fdf161f34:H3:385151e0e346,H3,MARINE vs OCEANIC Differential Coverage,H3,signal:c4152d824093303fd70f9f589e3473a324527a310ec0343d9cce236fdf161f34,evidence:doi:10.69517/aier.2026.03.01.0005,30178365958-1,blue_biotech,MARINE,M,policy_regulation_skill,law,marine,,marine_ecological,law,title+subject,title+subject,8bb99ebfc1c5362f21def9bc0c2c8915a37cad800d133e201976dd02f27f19cb,cumulative-db-semantic-v1,review_required,metadata_only_limitation
fragment:signal:c444321e140c713bdf3c7a4fd25e6b053b30f1e13aac943c677e907eeba5402b:H3:b381e94abc3d,H3,MARINE vs OCEANIC Differential Coverage,H3,signal:c444321e140c713bdf3c7a4fd25e6b053b30f1e13aac943c677e907eeba5402b,evidence:doi:10.1038/s41598-026-45750-4,30178365958-1,maritime_defence,OCEANIC,O,sustainability_skill,sustainability,marine,,marine_ecological,sustainability,title+subject,title+subject,a516e1f588cc6e1d9a53e277b376c1855f0dc1db45a5d037927b74899eb61d50,cumulative-db-semantic-v1,review_required,metadata_only_limitation
fragment:signal:c449a7d666fdd6fa89b66204baf85a429d88f6d34b70df0504b1333361645c2e:H3:da10bad45bb9,H3,MARINE vs OCEANIC Differential Coverage,H3,signal:c449a7d666fdd6fa89b66204baf85a429d88f6d34b70df0504b1333361645c2e,evidence:doi:10.3289/eurosea_d1.9,30178365958-1,non_living_res,MARINE,M,digital_skill,data science,marine,,marine_ecological,data science,title+subject,title+subject,721643598471dbb70adb671b5929d1bfa0e378093ea7c299db037fc2d9cf031a,cumulative-db-semantic-v1,review_required,metadata_only_limitation
fragment:signal:c451f4bf6a4cc81f10246c0d0a77b4167231e1a219434467e578f1ef2f9f3a33:H3:8e07c7269d66,H3,MARINE vs OCEANIC Differential Coverage,H3,signal:c451f4bf6a4cc81f10246c0d0a77b4167231e1a219434467e578f1ef2f9f3a33,evidence:doi:10.14710/lr.v22i1.76139,30178365958-1,maritime_defence,OCEANIC,O,sustainability_skill,sustainability,marine,,marine_ecological,sustainability,title+subject,title+subject,339e4c19591aaac954a12c42bc62c82bf06d171983a76f325fa0429c1303afcb,cumulative-db-semantic-v1,review_required,metadata_only_limitation
fragment:signal:c4732cf82df57d52da89da2d59f1e933b3be5e6f78d093547351ec97a30dbc1c:H3:ef622586abab,H3,MARINE vs OCEANIC Differential Coverage,H3,signal:c4732cf82df57d52da89da2d59f1e933b3be5e6f78d093547351ec97a30dbc1c,evidence:doi:10.22500/13202567248,30178365958-1,renewable_energy,OCEANIC,O,sustainability_skill,sustainability,marine,,marine_ecological,sustainability,title+subject,title+subject,7da17f1359542b89a9e67fffce89b1b18f5ca327357f16ddb0f0644f04f7ad46,cumulative-db-semantic-v1,review_required,metadata_only_limitation
fragment:signal:c4a3d2dba25670ae3295ca0113f41ec834557665910f82caac8b361e46b6439f:H3:e347ffb21ee6,H3,MARINE vs OCEANIC Differential Coverage,H3,signal:c4a3d2dba25670ae3295ca0113f41ec834557665910f82caac8b361e46b6439f,evidence:doi:10.26858/xts2c454,30178365958-1,living_res,MARINE,M,explicit_competence_demand,competency,marine,,marine_ecological,competency,title+subject,title+subject,f48cc61246d70d3a26cbc3948d407695c4c00043d18c9ec07552113c32b1cc8e,cumulative-db-semantic-v1,review_required,metadata_only_limitation
fragment:signal:c4a7ee0935962abd81aa2c9e172d5ecd2a73410586889f4eb771e5988492c64f:H3:bb37c84b1418,H3,MARINE vs OCEANIC Differential Coverage,H3,signal:c4a7ee0935962abd81aa2c9e172d5ecd2a73410586889f4eb771e5988492c64f,evidence:doi:10.1051/bioconf/202622104005,30178365958-1,blue_biotech,MARINE,M,sustainability_skill,sustainability,marine,,marine_ecological,sustainability,title+subject,title+subject,a476f00be7d4b4d3980dd85096e39e051473f0e6654971a002a0c4fa7e2ddd0f,cumulative-db-semantic-v1,review_required,metadata_only_limitation
fragment:signal:c4e505e2e68594dfebc9826e34a47def8544cd3f8d961c4fb7427e78cd80356f:H3:9b854c85a00c,H3,MARINE vs OCEANIC Differential Coverage,H3,signal:c4e505e2e68594dfebc9826e34a47def8544cd3f8d961c4fb7427e78cd80356f,evidence:doi:10.47172/2965-730x.sdgsreview.v4.n02.pe01770,30178365958-1,living_res,OCEANIC,O,sustainability_skill,sustainable,marine,,marine_ecological,sustainable,title+subject,title+subject,9bced617ce91fbb61e0c65d95a4e87937c9674f19d9c8153ecffe73d62e733ca,cumulative-db-semantic-v1,auto_accepted,metadata_only_limitation
fragment:signal:c4f237e44434a985c82905c4303cad3fb9244b24d8e65e223dab705def6c5567:H3:c3b4362be244,H3,MARINE vs OCEANIC Differential Coverage,H3,signal:c4f237e44434a985c82905c4303cad3fb9244b24d8e65e223dab705def6c5567,evidence:doi:10.1007/s11852-026-01208-3,30178365958-1,coastal_tourism,OCEANIC,O,sustainability_skill,climate,marine,,marine_ecological,climate,title+subject,title+subject,91f09e60022c535c17c31a515bbd155f5d61e94a3f682e21e639b72224c88750,cumulative-db-semantic-v1,review_required,metadata_only_limitation
fragment:signal:c4fc32306cc3a5a1c2c369d5ca88fbc90fa880c18e4889441befca96958dede6:H3:e4f08ba0eade,H3,MARINE vs OCEANIC Differential Coverage,H3,signal:c4fc32306cc3a5a1c2c369d5ca88fbc90fa880c18e4889441befca96958dede6,evidence:doi:10.1016/j.ecoser.2025.101800,30178365958-1,blue_biotech,MARINE,M,governance_skill,stakeholder,marine,,marine_ecological,stakeholder,title+subject,title+subject,98273c50dcb2cb1a639331d98547956775cc38f50d1189b42bd2bca8ce910843,cumulative-db-semantic-v1,review_required,metadata_only_limitation
fragment:signal:c517df6b4d8984d4e41c8b85bad6399c874a6e96024ce3af636de380b18a3ce0:H3:4aa6fda39cc7,H3,MARINE vs OCEANIC Differential Coverage,H3,signal:c517df6b4d8984d4e41c8b85bad6399c874a6e96024ce3af636de380b18a3ce0,evidence:doi:10.46754/jml.2025.12.003,30178365958-1,non_living_res,MARINE,M,governance_skill,governance,marine,,marine_ecological,governance,title+subject,title+subject,5c54d98ef8b079de6ad60ee3ea1469afe3a6c895d3b72a708e714467c0771e82,cumulative-db-semantic-v1,auto_accepted,metadata_only_limitation
fragment:signal:c51ad06ae2f9a529720ad60f30cde6090a4ec133c4a7aa6c551ffd718163f382:H3:b462cc7e0836,H3,MARINE vs OCEANIC Differential Coverage,H3,signal:c51ad06ae2f9a529720ad60f30cde6090a4ec133c4a7aa6c551ffd718163f382,evidence:doi:10.3389/focsu.2026.1752532,30178365958-1,coastal_tourism,OCEANIC,O,policy_regulation_skill,law,marine,,marine_ecological,law,title+subject,title+subject,2082202ebab4910420bc56df46990580cd8723709f6bb637f40b4ff0cb786017,cumulative-db-semantic-v1,review_required,metadata_only_limitation
fragment:signal:c51bf23e40517b214c7403c9862ddd51ee6bd90b7135aaf2fb0d8d3059598070:H3:e159ad718b9d,H3,MARINE vs OCEANIC Differential Coverage,H3,signal:c51bf23e40517b214c7403c9862ddd51ee6bd90b7135aaf2fb0d8d3059598070,evidence:doi:10.37251/jouabe.v3i1.3382,30178365958-1,coastal_tourism,OCEANIC,O,social_science_skill,community,marine,,marine_ecological,community,title+subject,title+subject,55f94a3cc707542475eb4ea20299f5490a29389bc7d8e7a9238071cfb724db08,cumulative-db-semantic-v1,review_required,metadata_only_limitation
fragment:signal:c53fc1a41195144bee5e16668a7556c032cab831aaf75bb10e8dd66c7a37a489:H3:69bc8ac79f24,H3,MARINE vs OCEANIC Differential Coverage,H3,signal:c53fc1a41195144bee5e16668a7556c032cab831aaf75bb10e8dd66c7a37a489,evidence:doi:10.1108/978-1-80592-212-420261002,30178365958-1,r_i,OCEANIC,O,sustainability_skill,sustainable,marine,,marine_ecological,sustainable,title,title,abc480641cd2de1c1eea0876d9971218792d85fe77583a5773ad7f72fc5d1b4f,cumulative-db-semantic-v1,review_required,metadata_only_limitation
fragment:signal:c59452e6822b6ba89434eb0ed252031898db7e14723b8a584c017565a9de7058:H3:08812196035e,H3,MARINE vs OCEANIC Differential Coverage,H3,signal:c59452e6822b6ba89434eb0ed252031898db7e14723b8a584c017565a9de7058,evidence:doi:10.1177/25148486261446443,30178365958-1,coastal_tourism,OCEANIC,O,governance_skill,governance,ecological,,marine_ecological,governance,title+subject,title+subject,076d39147e46b631cba30edd4dfca70e0600a8c7484df27533fed57ba9957bd6,cumulative-db-semantic-v1,review_required,metadata_only_limitation
fragment:signal:c5bd79fcd36942dae8c24b524c8dc156b5c88f996f955796312743120b5db557:H3:a3f4ec4d0057,H3,MARINE vs OCEANIC Differential Coverage,H3,signal:c5bd79fcd36942dae8c24b524c8dc156b5c88f996f955796312743120b5db557,evidence:doi:10.3389/fmars.2025.1734688,30178365958-1,blue_biotech,MARINE,M,safety_risk_skill,risk,marine,,marine_ecological,risk,title+subject,title+subject,5d7e7926188241f659cb4b96549094c2f1d04608396d9776a497e6a9151482bc,cumulative-db-semantic-v1,review_required,metadata_only_limitation
fragment:signal:c61749a1e57c67be886023b5ddc5348357c9bf147075e6dcb7c962d10fd5b0fb:H3:5f33e8364c11,H3,MARINE vs OCEANIC Differential Coverage,H3,signal:c61749a1e57c67be886023b5ddc5348357c9bf147075e6dcb7c962d10fd5b0fb,evidence:doi:10.1007/s13280-025-02289-4,30178365958-1,non_living_res,MARINE,M,learning_outcome_signal,ects,marine,,marine_ecological,ects,title+subject,title+subject,103d671b6d68bd4803bb780390c7730c2a24ade58a5dcc85a99e6b2f5f0a1ed0,cumulative-db-semantic-v1,review_required,metadata_only_limitation
fragment:signal:c61f4b43a355a9a1f885cf45bdbf1f503b5c217fa27b5551c2471aa952dd7852:H3:cb0c28ec6a0c,H3,MARINE vs OCEANIC Differential Coverage,H3,signal:c61f4b43a355a9a1f885cf45bdbf1f503b5c217fa27b5551c2471aa952dd7852,evidence:doi:10.1016/j.horiz.2026.100198,30178365958-1,r_i,OCEANIC,O,governance_skill,governance,ecological,,marine_ecological,governance,title,title,e013cadcc32a205d0cb4d859732b665b0bc49fab389e5f9073cd8bab5d7678bc,cumulative-db-semantic-v1,review_required,metadata_only_limitation
fragment:signal:c6222ae46640f090f7da2dd967e5085b3221f1774095ef408e19d801b6191011:H3:65678febccb6,H3,MARINE vs OCEANIC Differential Coverage,H3,signal:c6222ae46640f090f7da2dd967e5085b3221f1774095ef408e19d801b6191011,evidence:doi:10.1079/9781836995340.0000,30178365958-1,coastal_tourism,OCEANIC,O,social_science_skill,community,marine,,marine_ecological,community,title,title,d7c7f561d48712b331501585fe23b3304d61a0b1f1f45c226b0e9156c86b6f99,cumulative-db-semantic-v1,review_required,metadata_only_limitation
fragment:signal:c64b90aba5f455faea6a99cea03ae887055042a94055053ff2a2a40785935762:H3:a14d5a18511c,H3,MARINE vs OCEANIC Differential Coverage,H3,signal:c64b90aba5f455faea6a99cea03ae887055042a94055053ff2a2a40785935762,evidence:doi:10.3389/fmars.2025.1683372,30178365958-1,ship_repair,OCEANIC,O,policy_regulation_skill,law,marine,,marine_ecological,law,title+subject,title+subject,ff363eb4eb0dc533526cc8be3a67cd562526532f42c406d092e1ae54372fe115,cumulative-db-semantic-v1,auto_accepted,metadata_only_limitation
fragment:signal:c6a978d500793fbd6bb5fbc06a2927fe6328e43b84f28e666ad04119d3b40ee6:H3:3984f4a1f495,H3,MARINE vs OCEANIC Differential Coverage,H3,signal:c6a978d500793fbd6bb5fbc06a2927fe6328e43b84f28e666ad04119d3b40ee6,evidence:doi:10.24294/jipd0006,30178365958-1,maritime_defence,OCEANIC,O,sustainability_skill,resilience,marine,,marine_ecological,resilience,title+subject,title+subject,1d442de40c89c266937de1552de8ab9cca3e1aed153212ef4c2328e5e360f0dc,cumulative-db-semantic-v1,review_required,metadata_only_limitation
fragment:signal:c6b748efd90ff5d6d416da9eb7b686241aafd0352f833be9ee35582f79dcbeee:H3:99c35399a3ac,H3,MARINE vs OCEANIC Differential Coverage,H3,signal:c6b748efd90ff5d6d416da9eb7b686241aafd0352f833be9ee35582f79dcbeee,evidence:doi:10.30892/gtg.662spl04-1765,30178365958-1,coastal_tourism,OCEANIC,O,governance_skill,governance,marine,,marine_ecological,governance,title+subject,title+subject,bebea2bf0ac40b23bbea8174763f6c454e2a5fc02c7d04d500bd79fffe5fd3e4,cumulative-db-semantic-v1,review_required,metadata_only_limitation
fragment:signal:c6bd4570c582d9022ad21656529ea265d6b66e76c49f7256212a413b2e3d4eca:H3:101cc4801fee,H3,MARINE vs OCEANIC Differential Coverage,H3,signal:c6bd4570c582d9022ad21656529ea265d6b66e76c49f7256212a413b2e3d4eca,evidence:doi:10.54518/rh.6.2.2026.1040,30178365958-1,coastal_tourism,OCEANIC,O,governance_skill,governance,marine,,marine_ecological,governance,title+subject,title+subject,465a8c70fbbf0a7d95366677b6372b137429cab4e217771c4afba6e8b4e30de1,cumulative-db-semantic-v1,auto_accepted,metadata_only_limitation
fragment:signal:c6ed128b5bdacd86809095fb2afe71577deef86a25dd8aa3249344fec9762a3e:H3:31bbb28d823f,H3,MARINE vs OCEANIC Differential Coverage,H3,signal:c6ed128b5bdacd86809095fb2afe71577deef86a25dd8aa3249344fec9762a3e,evidence:doi:10.26127/btuopen-5455,30178365958-1,ship_repair,OCEANIC,O,social_science_skill,community,marine,,marine_ecological,community,title+subject,title+subject,d03ffe0c897d31c6ad3e72350815442da2cb37464e66031a086403fb5ff00512,cumulative-db-semantic-v1,review_required,metadata_only_limitation
fragment:signal:c6ed7ac6882b686666a42ca5266f994c55b4f6edeb7855864e6d6b54c1c51b6d:H3:e4e84a6cc46f,H3,MARINE vs OCEANIC Differential Coverage,H3,signal:c6ed7ac6882b686666a42ca5266f994c55b4f6edeb7855864e6d6b54c1c51b6d,evidence:doi:10.2478/ebtj-2026-0009,30178365958-1,blue_biotech,MARINE,M,technical_skill,engineering,planetary,,oceanic_planetary,engineering,title+subject,title+subject,29d166ce9437c8393b173cdb098a6028983bee74ae5e91285069974f497a083f,cumulative-db-semantic-v1,review_required,metadata_only_limitation
fragment:signal:c79e567fbd0ee1acc8252189a9ac142b6e2d097112fa98058146cec0e99420b3:H1:795c728a3402,H1,Maritimisation Shift,H1,signal:c79e567fbd0ee1acc8252189a9ac142b6e2d097112fa98058146cec0e99420b3,evidence:doi:10.1016/j.marpol.2026.107151,30178365958-1,blue_biotech,OCEANIC,O,governance_skill,governance,ocean governance,,oceanic_governance,governance,title,title,928e9a79041ce43d75de12ccd96fbb8437f5c71384b85ddd03c12d571ff32b68,cumulative-db-semantic-v1,review_required,metadata_only_limitation
fragment:signal:c7d666ae1c2b8ae4d0ffac237cee023577a701ec84ac46a56e8ff9c2cc80cf3f:H3:1108c57c2cb3,H3,MARINE vs OCEANIC Differential Coverage,H3,signal:c7d666ae1c2b8ae4d0ffac237cee023577a701ec84ac46a56e8ff9c2cc80cf3f,evidence:doi:10.48112/bms.v3i2.1302,30178365958-1,living_res,MARINE,M,governance_skill,governance,marine,,marine_ecological,governance,title+subject,title+subject,cca36bd32b0d7a2f7080e7235599059e5d3c93e2702631d1f0b6f64c62d25837,cumulative-db-semantic-v1,review_required,metadata_only_limitation
fragment:signal:c7e78fa07d3076f0237db5103a3ccf55db825325b5d15f534f34573875df8558:H3:519aa647f5a3,H3,MARINE vs OCEANIC Differential Coverage,H3,signal:c7e78fa07d3076f0237db5103a3ccf55db825325b5d15f534f34573875df8558,evidence:doi:10.1007/s11998-026-01329-2,30178365958-1,living_res,MARINE,M,learning_outcome_signal,ects,marine,,marine_ecological,ects,title+subject,title+subject,a01051fff174b4061db0a7533b3563a2f2f1a5cee344677685bd61dce33ad86d,cumulative-db-semantic-v1,review_required,metadata_only_limitation
fragment:signal:c8043962a6024970a0bcaf29ee7049deff69a501c8ac82d4442715f051d7ade0:H3:fbfde48c2d89,H3,MARINE vs OCEANIC Differential Coverage,H3,signal:c8043962a6024970a0bcaf29ee7049deff69a501c8ac82d4442715f051d7ade0,evidence:doi:10.64403/a58mpr23,30178365958-1,coastal_tourism,OCEANIC,O,governance_skill,governance,marine,,marine_ecological,governance,title+subject,title+subject,b15dea944e32911b416adfc6b81f5127b36cc432a92affd45cff9cdcdd47295a,cumulative-db-semantic-v1,review_required,metadata_only_limitation
fragment:signal:c8642bed60552995daef0a0a547c7bfd93abd4f758f704293efa3a92596fe215:H1:9d110192e16c,H1,Maritimisation Shift,H1,signal:c8642bed60552995daef0a0a547c7bfd93abd4f758f704293efa3a92596fe215,evidence:doi:10.1088/1755-1315/1559/1/012039,30178365958-1,port_activities,MARITIME,T,sustainability_skill,sustainable,maritime infrastructure,,maritime_dominance,sustainable,title,title,27552add92babaaff1c64697bd7c55b492da9f170f6f20ebcd930b7d1127133d,cumulative-db-semantic-v1,review_required,metadata_only_limitation
fragment:signal:c87403c1f5c1baef040082ce97cd106cf865a7bdcf0ec3ce3dbcd3c9eeba2ae8:H3:c7bc4a3f73a4,H3,MARINE vs OCEANIC Differential Coverage,H3,signal:c87403c1f5c1baef040082ce97cd106cf865a7bdcf0ec3ce3dbcd3c9eeba2ae8,evidence:doi:10.5194/wes-9-533-2024,30178365958-1,non_living_res,MARINE,M,technical_skill,engineering,marine,,marine_ecological,engineering,title+subject,title+subject,012ae876d18f0fb24e2b68967c311d948ed93a22b2739b4676e7bb6c862c6809,cumulative-db-semantic-v1,review_required,metadata_only_limitation
fragment:signal:c8892b55d2e60c40e53e8d091d985423720ce90c84d8f645f49985ff383ca843:H3:6b2e00578310,H3,MARINE vs OCEANIC Differential Coverage,H3,signal:c8892b55d2e60c40e53e8d091d985423720ce90c84d8f645f49985ff383ca843,evidence:doi:10.5751/es-17105-310305,30178365958-1,renewable_energy,OCEANIC,O,sustainability_skill,resilience,marine,,marine_ecological,resilience,title+subject,title+subject,d4bbcb22eb0a5322668103522ee20e47283461e79f2aa5ff20fc78a10cdd9fde,cumulative-db-semantic-v1,auto_accepted,metadata_only_limitation
fragment:signal:c8e11c9341900ce11dd76cc7050c42442a7d58968da8eefcd65d97826daa1323:H3:6a8007074d6f,H3,MARINE vs OCEANIC Differential Coverage,H3,signal:c8e11c9341900ce11dd76cc7050c42442a7d58968da8eefcd65d97826daa1323,evidence:doi:10.36904/tsm/202311031,30178365958-1,living_res,MARINE,M,learning_outcome_signal,ects,marine,,marine_ecological,ects,title,title,82af2ccd5d3d1740b049b16e4900bbe2c9558e0088842876581db7d60edf1835,cumulative-db-semantic-v1,review_required,metadata_only_limitation
fragment:signal:c8fccb4ba9395c18081c5885d880c4371fe4f81136b41f502eced2a6a2cebce9:H3:696a73fa4128,H3,MARINE vs OCEANIC Differential Coverage,H3,signal:c8fccb4ba9395c18081c5885d880c4371fe4f81136b41f502eced2a6a2cebce9,evidence:doi:10.1111/brv.70106,30178365958-1,blue_biotech,MARINE,M,policy_regulation_skill,law,marine,,marine_ecological,law,title+subject,title+subject,dace312e64fbede43b839d7f3faea2e6fdfdbf4e5b0a15c5dff3c17b52808e18,cumulative-db-semantic-v1,review_required,metadata_only_limitation
fragment:signal:c9231796a8fbf9ddb76a1d0bb54447d8f82bbf573bcfb88c64f98523d950b871:H3:46afacdee3c6,H3,MARINE vs OCEANIC Differential Coverage,H3,signal:c9231796a8fbf9ddb76a1d0bb54447d8f82bbf573bcfb88c64f98523d950b871,evidence:doi:10.1007/s11084-026-09745-5,30178365958-1,coastal_tourism,OCEANIC,O,sustainability_skill,sustainability,marine,,marine_ecological,sustainability,title+subject,title+subject,89f7bc1c4eee16568e970356d82c6a4cba4c509a899536747b107e6686586506,cumulative-db-semantic-v1,auto_accepted,metadata_only_limitation
fragment:signal:c95467920136d5d537bd6ae0e87f8899095bdc74f7e5f7aef79ef6e4449a7a97:H3:757f65957785,H3,MARINE vs OCEANIC Differential Coverage,H3,signal:c95467920136d5d537bd6ae0e87f8899095bdc74f7e5f7aef79ef6e4449a7a97,evidence:doi:10.56093/ft.v62i3.147952,30178365958-1,living_res,OCEANIC,O,sustainability_skill,sustainability,marine,,marine_ecological,sustainability,title+subject,title+subject,5148012633036f51e695ff6fae495bb9ca60463bb1330a3f7fff9e47ba4f009f,cumulative-db-semantic-v1,review_required,metadata_only_limitation
fragment:signal:c95ba3c960b30000382b1567ebc879e32712d98e128e3527e1ae618bce245b04:H3:0513730e11c1,H3,MARINE vs OCEANIC Differential Coverage,H3,signal:c95ba3c960b30000382b1567ebc879e32712d98e128e3527e1ae618bce245b04,evidence:doi:10.1038/s44183-026-00223-z,30178365958-1,living_res,MARINE,M,governance_skill,governance,marine,,marine_ecological,governance,title+subject,title+subject,6dbe6123ac9b888bb54593f8e37fa7580d84f475fd419874b0f0c9d5c7d5cea5,cumulative-db-semantic-v1,auto_accepted,metadata_only_limitation
fragment:signal:c98a2abffd3af9a443e5bbdde434dd257782472924c4c794329cb6704fb6b37f:H3:32d1656cab77,H3,MARINE vs OCEANIC Differential Coverage,H3,signal:c98a2abffd3af9a443e5bbdde434dd257782472924c4c794329cb6704fb6b37f,evidence:doi:10.3389/fmars.2026.1842952,30178365958-1,living_res,MARINE,M,sustainability_skill,sustainability,marine,,marine_ecological,sustainability,title+subject,title+subject,43f442f13ebea9e8d18fc541a9899be14629be5d64da4dfb515a7de1779523a1,cumulative-db-semantic-v1,review_required,metadata_only_limitation
fragment:signal:c98cabc48ae0252482f3dfe67b88e6014bf5e71c95d1181397607daf3c986014:H3:f7b8674de8b4,H3,MARINE vs OCEANIC Differential Coverage,H3,signal:c98cabc48ae0252482f3dfe67b88e6014bf5e71c95d1181397607daf3c986014,evidence:doi:10.1007/s00267-025-02256-5,30178365958-1,non_living_res,MARINE,M,governance_skill,policy,marine,,marine_ecological,policy,title+subject,title+subject,e85d45c1d0cbfdffc6dd7cf6ef25c1ae503825b10e540f00424a7d7319e5f6ae,cumulative-db-semantic-v1,review_required,metadata_only_limitation
fragment:signal:c99d5f43edf3c8878a95409da998f4636f5d822b186ac5fb3fffa1deba0fe156:H3:c21edce3c97f,H3,MARINE vs OCEANIC Differential Coverage,H3,signal:c99d5f43edf3c8878a95409da998f4636f5d822b186ac5fb3fffa1deba0fe156,evidence:doi:10.1038/s41598-026-49766-8,30178365958-1,coastal_tourism,OCEANIC,O,safety_risk_skill,risk,marine,,marine_ecological,risk,title+subject,title+subject,7543c9e42a547087fc5a490fa53ca86a133277d00acd1de122ec3b91793f05c4,cumulative-db-semantic-v1,auto_accepted,metadata_only_limitation
fragment:signal:c9b6df4628aa3c8840839c169d531c290637eb474ff17a97c2a38b33b2322703:H3:cf24284ca3dd,H3,MARINE vs OCEANIC Differential Coverage,H3,signal:c9b6df4628aa3c8840839c169d531c290637eb474ff17a97c2a38b33b2322703,evidence:doi:10.5751/es-17555-310301,30178365958-1,renewable_energy,OCEANIC,O,sustainability_skill,sustainability,marine,,marine_ecological,sustainability,title+subject,title+subject,7bdfc334807e8c1bcb092231dfe4125cecd644de2e2867a8c4ef3f14e6885e4d,cumulative-db-semantic-v1,review_required,metadata_only_limitation
fragment:signal:c9b8dedadbbd4f151e785a68275b15e888ff4337c84fe49e78f84cc6a134ec72:H3:dffe7a8af24f,H3,MARINE vs OCEANIC Differential Coverage,H3,signal:c9b8dedadbbd4f151e785a68275b15e888ff4337c84fe49e78f84cc6a134ec72,evidence:doi:10.5281/zenodo.6342071,30178365958-1,non_living_res,MARINE,M,technical_skill,engineering,marine,,marine_ecological,engineering,title+subject,title+subject,eed6a968a07926cad7db7fee8476f46a1172c9b7467cbb706c675eb71a910a7a,cumulative-db-semantic-v1,review_required,metadata_only_limitation
fragment:signal:c9ce20fdedae9fbd23706646cbe02585951a1cae4f609426412e8e11ea4d50b2:H1:08db66b31ac7,H1,Maritimisation Shift,H1,signal:c9ce20fdedae9fbd23706646cbe02585951a1cae4f609426412e8e11ea4d50b2,evidence:doi:10.1016/j.ecss.2026.110117,30178365958-1,coastal_tourism,OCEANIC,O,social_science_skill,community,oceanic,,oceanic_governance,community,title,title,ad029a0121b665561e2b6b79160aa5409a1bea4148ccb8894986f2cb51625369,cumulative-db-semantic-v1,review_required,metadata_only_limitation
fragment:signal:c9ce20fdedae9fbd23706646cbe02585951a1cae4f609426412e8e11ea4d50b2:H3:80afb441d016,H3,MARINE vs OCEANIC Differential Coverage,H3,signal:c9ce20fdedae9fbd23706646cbe02585951a1cae4f609426412e8e11ea4d50b2,evidence:doi:10.1016/j.ecss.2026.110117,30178365958-1,coastal_tourism,OCEANIC,O,social_science_skill,community,oceanic,,oceanic_planetary,community,title,title,ad029a0121b665561e2b6b79160aa5409a1bea4148ccb8894986f2cb51625369,cumulative-db-semantic-v1,review_required,metadata_only_limitation
fragment:signal:c9e16dd2a53eb86a5965b48057c967deab210398dfa75f28215ab36c65ae7019:H3:7d19e69e9312,H3,MARINE vs OCEANIC Differential Coverage,H3,signal:c9e16dd2a53eb86a5965b48057c967deab210398dfa75f28215ab36c65ae7019,evidence:doi:10.1080/23311932.2025.2604872,30178365958-1,non_living_res,OCEANIC,O,sustainability_skill,sustainability,marine,,marine_ecological,sustainability,title+subject,title+subject,d3940641aec355561856385ec42594a53bbde149d07f48c2e632c0562742e61f,cumulative-db-semantic-v1,auto_accepted,metadata_only_limitation
fragment:signal:c9e4d7f7e0d15d696533589a153635c86b889d229f749f334efcfd487ae25b90:H3:0c54ff9f05de,H3,MARINE vs OCEANIC Differential Coverage,H3,signal:c9e4d7f7e0d15d696533589a153635c86b889d229f749f334efcfd487ae25b90,evidence:doi:10.3389/frsut.2026.1865712,30178365958-1,coastal_tourism,OCEANIC,O,sustainability_skill,sustainability,marine,,marine_ecological,sustainability,title+subject,title+subject,db99f0caa988b2cee94c515bc1b0cccc0dcb101b9e96d6662d2d0878e91b49d0,cumulative-db-semantic-v1,auto_accepted,metadata_only_limitation
fragment:signal:ca29b11fa46f6f56de68a22e402d1a790cab5fb0574164658a832adfac367470:H3:530fa995a4b0,H3,MARINE vs OCEANIC Differential Coverage,H3,signal:ca29b11fa46f6f56de68a22e402d1a790cab5fb0574164658a832adfac367470,evidence:doi:10.51415/10321/4878,30178365958-1,non_living_res,MARINE,M,safety_risk_skill,safety,marine,,marine_ecological,safety,title+subject,title+subject,8540e3f12d3a0fc6c04d373e5d2fbd5e63e891c5060a7aab378be6f8a33f84a8,cumulative-db-semantic-v1,review_required,metadata_only_limitation
fragment:signal:ca7a1b384e729c58019e38cb63ff78847912f930dd2185ae70bb0360202649d8:H3:ba0ab50e0496,H3,MARINE vs OCEANIC Differential Coverage,H3,signal:ca7a1b384e729c58019e38cb63ff78847912f930dd2185ae70bb0360202649d8,evidence:doi:10.1016/j.marpolbul.2026.120146,30178365958-1,coastal_tourism,OCEANIC,O,safety_risk_skill,risk,ecological,,marine_ecological,risk,title,title,f50bfac8207df3600697a916753f8f49348b674944fb997370482b9a1155a8f6,cumulative-db-semantic-v1,review_required,metadata_only_limitation
fragment:signal:ca7f37d80d3b2d17e759a1b140f96f9a5590794b9ea4cc7af0a4cdd2df002984:H3:7f47c0ad0f75,H3,MARINE vs OCEANIC Differential Coverage,H3,signal:ca7f37d80d3b2d17e759a1b140f96f9a5590794b9ea4cc7af0a4cdd2df002984,evidence:doi:10.3390/hydrogen7030094,30178365958-1,desalination,OCEANIC,O,policy_regulation_skill,regulatory,marine,,marine_ecological,regulatory,title,title,da54f2631faeda7cc845420b60dd71989c936106e6d51ca5d76f0dfdf3393134,cumulative-db-semantic-v1,review_required,metadata_only_limitation
fragment:signal:caad07355e4cbd29c8ffb3484ec0ef671152402d74816a5196f4d10c314d2eb1:H3:72b10696156e,H3,MARINE vs OCEANIC Differential Coverage,H3,signal:caad07355e4cbd29c8ffb3484ec0ef671152402d74816a5196f4d10c314d2eb1,evidence:doi:10.1007/s44327-026-00185-4,30178365958-1,renewable_energy,OCEANIC,O,sustainability_skill,sustainability,marine,,marine_ecological,sustainability,title+subject,title+subject,c482bde1be97ffa6945f3ffea07845fdd6f3d02879b09ef35f11bfacca9da331,cumulative-db-semantic-v1,auto_accepted,metadata_only_limitation
fragment:signal:cb154cd016020524278b8d1f34dc40d37fec3d4ea2033d842dc87fab5d556ce3:H3:8b0ffb4803c4,H3,MARINE vs OCEANIC Differential Coverage,H3,signal:cb154cd016020524278b8d1f34dc40d37fec3d4ea2033d842dc87fab5d556ce3,evidence:doi:10.53376/ap.2026.03,30178365958-1,renewable_energy,OCEANIC,O,governance_skill,governance,marine,,marine_ecological,governance,title+subject,title+subject,58251cce8c8f4676290a237a6445775ec2f4bf04a0251ac7cbdac56ec8382353,cumulative-db-semantic-v1,review_required,metadata_only_limitation
fragment:signal:cb62b859842d87c13d69b8c89512615a5edc0e62429081fe3ca29242de9e5477:H3:8266c636c7b7,H3,MARINE vs OCEANIC Differential Coverage,H3,signal:cb62b859842d87c13d69b8c89512615a5edc0e62429081fe3ca29242de9e5477,evidence:doi:10.1016/j.marpol.2022.105335,30178365958-1,maritime_transport,OCEANIC,O,governance_skill,policy,marine,,marine_ecological,policy,title+subject,title+subject,9feb8a9babe48b06c958a56b8bdb33084a88ed85810aac76cd82c99d1288c124,cumulative-db-semantic-v1,review_required,metadata_only_limitation
fragment:signal:cbc70484446287d2faaf7598572c4147aaeafabf94ed3b935ba6088255147907:H1:7f799d472d74,H1,Maritimisation Shift,H1,signal:cbc70484446287d2faaf7598572c4147aaeafabf94ed3b935ba6088255147907,evidence:doi:10.71317/jgst.2.7.2026.234,30178365958-1,renewable_energy,MARITIME,T,governance_skill,governance,maritime infrastructure,,maritime_dominance,governance,title+subject,title+subject,ae6e8f59aa22478d20bb5aa1ff7b51a8a82dffcebed3b05b3bdce20b44b9dcfe,cumulative-db-semantic-v1,auto_accepted,metadata_only_limitation
fragment:signal:cc37c8c990466d3648cee12910a26c0d7e640b075a0e5a38d2bf337a8a96b2de:H3:3629d22bb8d9,H3,MARINE vs OCEANIC Differential Coverage,H3,signal:cc37c8c990466d3648cee12910a26c0d7e640b075a0e5a38d2bf337a8a96b2de,evidence:doi:10.63544/jbii.v5i7.84,30178365958-1,coastal_tourism,OCEANIC,O,policy_regulation_skill,law,marine,,marine_ecological,law,title+subject,title+subject,af6475c793ea0c53fdb8debe6d8a79ae582951a3e4e92ede8fd3cf5cd2a2a55f,cumulative-db-semantic-v1,review_required,metadata_only_limitation
fragment:signal:cc9322cb516e52dad3fa4d17af1dbc9cc5a739adbceaf63d02f74ccf2ae96c72:H3:4d9fabac5376,H3,MARINE vs OCEANIC Differential Coverage,H3,signal:cc9322cb516e52dad3fa4d17af1dbc9cc5a739adbceaf63d02f74ccf2ae96c72,evidence:doi:10.22495/jgrv15i2art7,30178365958-1,coastal_tourism,OCEANIC,O,technical_skill,technology,marine,,marine_ecological,technology,title+subject,title+subject,f85adf75290ec0b365a5bb60b10d435c774377a45268628770b727d0bc4d201a,cumulative-db-semantic-v1,auto_accepted,metadata_only_limitation
fragment:signal:ccb4bb5a759a59739a0fe189531b52be8bdae9e1aaaaf3e8b625ac689474258f:H3:23b3b599488f,H3,MARINE vs OCEANIC Differential Coverage,H3,signal:ccb4bb5a759a59739a0fe189531b52be8bdae9e1aaaaf3e8b625ac689474258f,evidence:doi:10.37745/ijdes.13/vol13n1117,30178365958-1,non_living_res,MARINE,M,sustainability_skill,sustainable,marine,,marine_ecological,sustainable,title+subject,title+subject,d2e0cbc84a338207021c8ee336da4304c97ff519ed618eceac4b38b7882b329d,cumulative-db-semantic-v1,auto_accepted,metadata_only_limitation
fragment:signal:ccd95625019454cbd38b5550f9a62772cd97781b46f2bd3447ec77aaa6815e80:H3:85331da5d3eb,H3,MARINE vs OCEANIC Differential Coverage,H3,signal:ccd95625019454cbd38b5550f9a62772cd97781b46f2bd3447ec77aaa6815e80,evidence:doi:10.55737/qjss.350548481,30178365958-1,blue_biotech,MARINE,M,education_training_signal,education,marine,,marine_ecological,education,title+subject,title+subject,8ccd7efcf8c270a8f14054da334887800c9bb0c2c2d5f3b6744cac7bf09bec42,cumulative-db-semantic-v1,review_required,metadata_only_limitation
fragment:signal:ccdc90e1ca1c78c582f7aa95871ad4302cd1f55227b8b913cf8d863945759587:H3:116e379c2bfb,H3,MARINE vs OCEANIC Differential Coverage,H3,signal:ccdc90e1ca1c78c582f7aa95871ad4302cd1f55227b8b913cf8d863945759587,evidence:doi:10.51414/sei2023.014,30178365958-1,maritime_transport,OCEANIC,O,social_science_skill,sociology,marine,,marine_ecological,sociology,title+subject,title+subject,1f1b95eda167408cec32f2bb0652708897cb87d4c3d1fd1e34e5e13d1aa0d6bd,cumulative-db-semantic-v1,review_required,metadata_only_limitation
fragment:signal:cce35fbe60f85a1f6fab4076cccf3ac551ff13ad207f7d45c56fde9847c1911f:H3:646cb36627cb,H3,MARINE vs OCEANIC Differential Coverage,H3,signal:cce35fbe60f85a1f6fab4076cccf3ac551ff13ad207f7d45c56fde9847c1911f,evidence:doi:10.1371/journal.pntd.0014523,30178365958-1,living_res,MARINE,M,social_science_skill,community,ecological,,marine_ecological,community,title+subject,title+subject,91038f442f0e8243035e768d44e38b115ce1c47e93c0b46a7d5d75222c43e387,cumulative-db-semantic-v1,review_required,metadata_only_limitation
fragment:signal:cd1b155460721c1bee0ad262e7ab078d6171efa986da728529282d66d8d37b04:H3:cf046e135a58,H3,MARINE vs OCEANIC Differential Coverage,H3,signal:cd1b155460721c1bee0ad262e7ab078d6171efa986da728529282d66d8d37b04,evidence:doi:10.1002/gch2.202500581,30178365958-1,renewable_energy,OCEANIC,O,learning_outcome_signal,ects,marine,,marine_ecological,ects,title+subject,title+subject,378657c1947ecf260dbdfd168b360d4eab140454bf8b2e2180d59bd798236696,cumulative-db-semantic-v1,review_required,metadata_only_limitation
fragment:signal:cd23b9ffd52cfbee9fcf6ed7a8359a6dd2a32799155cff35f525cd09fbe98da3:H3:13555f4518eb,H3,MARINE vs OCEANIC Differential Coverage,H3,signal:cd23b9ffd52cfbee9fcf6ed7a8359a6dd2a32799155cff35f525cd09fbe98da3,evidence:doi:10.63363/aijfr.2026.v07i03.6474,30178365958-1,coastal_tourism,OCEANIC,O,learning_outcome_signal,ects,marine,,marine_ecological,ects,title+subject,title+subject,48ee9d49d00e9d8f70069b0ce485a5ceea240904aa2d21edeafdb6222d8bbacc,cumulative-db-semantic-v1,review_required,metadata_only_limitation
fragment:signal:cd31e1bcc13605e5435e127746359b79301f8a6745add17a0e8f329574261375:H1:58d91f6c1753,H1,Maritimisation Shift,H1,signal:cd31e1bcc13605e5435e127746359b79301f8a6745add17a0e8f329574261375,evidence:doi:10.1016/j.marpol.2024.106213,30178365958-1,maritime_defence,MARITIME,T,technical_skill,technology,ocean governance,,oceanic_governance,technology,title+subject,title+subject,f9dd3b63a12461b5450b6e79a7571333d352093254fee1dd570c57baed824f5f,cumulative-db-semantic-v1,review_required,metadata_only_limitation
fragment:signal:cd582b6fd6c4062159076dc20ad32a7eb12d72ac709174bb89e039b4c2d30291:H3:c199d12ad498,H3,MARINE vs OCEANIC Differential Coverage,H3,signal:cd582b6fd6c4062159076dc20ad32a7eb12d72ac709174bb89e039b4c2d30291,evidence:doi:10.62311/nesx/rb-978-81-999213-2-0,30178365958-1,r_i,OCEANIC,O,sustainability_skill,sustainability,marine,,marine_ecological,sustainability,title+subject,title+subject,03c9d612ec9d410eaf7f4825369b277e011818d384c3565f7958473275e5f962,cumulative-db-semantic-v1,auto_accepted,metadata_only_limitation
fragment:signal:cda58d53a641b9d6c27cca387bb3d186661411aae5d6f6b2aefc428d859738c8:H3:48fb4fb2c4fa,H3,MARINE vs OCEANIC Differential Coverage,H3,signal:cda58d53a641b9d6c27cca387bb3d186661411aae5d6f6b2aefc428d859738c8,evidence:doi:10.26858/xts2c454,30178365958-1,living_res,MARINE,M,policy_regulation_skill,compliance,marine,,marine_ecological,compliance,title+subject,title+subject,f48cc61246d70d3a26cbc3948d407695c4c00043d18c9ec07552113c32b1cc8e,cumulative-db-semantic-v1,review_required,metadata_only_limitation
fragment:signal:cdc10df1c44985bf808404a17899d0fe1ee1267da287393f072ef088ad8d9c88:H3:4935f3b73264,H3,MARINE vs OCEANIC Differential Coverage,H3,signal:cdc10df1c44985bf808404a17899d0fe1ee1267da287393f072ef088ad8d9c88,evidence:doi:10.3390/su17125593,30178365958-1,blue_biotech,OCEANIC,O,sustainability_skill,sustainability,marine,,marine_ecological,sustainability,title+subject,title+subject,b332d346b6d311b64fc4a217969df6f3de048482da150144d23a4e11a2b9b3ff,cumulative-db-semantic-v1,auto_accepted,metadata_only_limitation
fragment:signal:ce1b88a33f9856d7f488dff7ac469685d42f4529303b8c352d4e8ec3a66532ab:H3:a03605d09338,H3,MARINE vs OCEANIC Differential Coverage,H3,signal:ce1b88a33f9856d7f488dff7ac469685d42f4529303b8c352d4e8ec3a66532ab,evidence:doi:10.1080/18366503.2026.2672846,30178365958-1,coastal_tourism,OCEANIC,O,policy_regulation_skill,law,marine,,marine_ecological,law,title+subject,title+subject,c0f1f802ae15b63eb26bc6a01583a0f64bf886b47e04d764df910692e2811bae,cumulative-db-semantic-v1,review_required,metadata_only_limitation
fragment:signal:ce6d0445d5ee6dfaed362407a30d98b1da3a6a182c3af557ab12cc9fbae3a01b:H3:f417e15f9b9d,H3,MARINE vs OCEANIC Differential Coverage,H3,signal:ce6d0445d5ee6dfaed362407a30d98b1da3a6a182c3af557ab12cc9fbae3a01b,evidence:doi:10.3390/environments13040193,30178365958-1,non_living_res,MARINE,M,digital_skill,ai,ecological,,marine_ecological,ai,title+subject,title+subject,5d9eda5fc8f54acbe3898ff0bc74bafc75724d7b19a6e3b3c99e38f80b11fb2e,cumulative-db-semantic-v1,auto_accepted,metadata_only_limitation
fragment:signal:ce8af984920bfc8780e34b3883fd6f7d877a44cd3637a181dfc653ccd1afb1c3:H3:6801d82811cc,H3,MARINE vs OCEANIC Differential Coverage,H3,signal:ce8af984920bfc8780e34b3883fd6f7d877a44cd3637a181dfc653ccd1afb1c3,evidence:doi:10.3390/su18147383,30178365958-1,blue_biotech,MARINE,M,safety_risk_skill,risk,ecological,,marine_ecological,risk,title+subject,title+subject,aecd9cef09436cbbd85c6626cdc8ebd9b2fe76164c2cda77b6a20ae960448742,cumulative-db-semantic-v1,review_required,metadata_only_limitation
fragment:signal:cedf5506bf8f2d50b6b7d35ee4ec29ac9d0d0728a788931ce4928070ca8fead8:H3:ad7e86f199ae,H3,MARINE vs OCEANIC Differential Coverage,H3,signal:cedf5506bf8f2d50b6b7d35ee4ec29ac9d0d0728a788931ce4928070ca8fead8,evidence:doi:10.1016/j.crsus.2025.100366,30178365958-1,living_res,OCEANIC,O,governance_skill,governance,marine,,marine_ecological,governance,title+subject,title+subject,f97fcfad32ce9caaa503ae34148ab9df11bf210d9f18b033ba9ca65eeaa9df85,cumulative-db-semantic-v1,auto_accepted,metadata_only_limitation
fragment:signal:cef2a53a36f9faad6f29c2893b1f1110d937f87b408c44ae44eb42583e999177:H3:6b7753a9253d,H3,MARINE vs OCEANIC Differential Coverage,H3,signal:cef2a53a36f9faad6f29c2893b1f1110d937f87b408c44ae44eb42583e999177,evidence:doi:10.21203/rs.3.rs-10398664/v1,30178365958-1,coastal_tourism,OCEANIC,O,social_science_skill,community,marine,,marine_ecological,community,title+subject,title+subject,d70c12f87569051baef69f51702c6a263e1797b8f292c033e9b0f52aacfc8ab0,cumulative-db-semantic-v1,review_required,metadata_only_limitation
fragment:signal:cf0dd79662c84d80462648aeea0238081df082cd641ee9b300b64b1a56cb817d:H3:9f111978a44d,H3,MARINE vs OCEANIC Differential Coverage,H3,signal:cf0dd79662c84d80462648aeea0238081df082cd641ee9b300b64b1a56cb817d,evidence:doi:10.59065/jissr.v6i1.258,30178365958-1,living_res,MARINE,M,sustainability_skill,resilience,marine,,marine_ecological,resilience,title+subject,title+subject,64faccd3383cf0ca7be84b9d5e943d7a76c93f9c2a357d3ef943c096a51673bd,cumulative-db-semantic-v1,review_required,metadata_only_limitation
fragment:signal:cf1761b514873cebd17f805b8a21922ff46ebcb2ca3e68746f41b0ad7107d9d2:H3:8db0cd51d47f,H3,MARINE vs OCEANIC Differential Coverage,H3,signal:cf1761b514873cebd17f805b8a21922ff46ebcb2ca3e68746f41b0ad7107d9d2,evidence:doi:10.3390/su18020593,30178365958-1,living_res,MARINE,M,sustainability_skill,sustainability,marine,,marine_ecological,sustainability,title+subject,title+subject,ec97f4ee35a5cef67a5d52bebe7ca9b2eefb1ba2664131764d2e87774a2f8317,cumulative-db-semantic-v1,auto_accepted,metadata_only_limitation
fragment:signal:cf1e01bf79849180849bf7cdf9a9f84d2889b108433c1eddc5c40efc73977d9c:H3:5a643dd45064,H3,MARINE vs OCEANIC Differential Coverage,H3,signal:cf1e01bf79849180849bf7cdf9a9f84d2889b108433c1eddc5c40efc73977d9c,evidence:doi:10.64403/a58mpr23,30178365958-1,coastal_tourism,OCEANIC,O,policy_regulation_skill,law,marine,,marine_ecological,law,title+subject,title+subject,b15dea944e32911b416adfc6b81f5127b36cc432a92affd45cff9cdcdd47295a,cumulative-db-semantic-v1,auto_accepted,metadata_only_limitation
fragment:signal:cf31909bb0ee427b67608f4a64806bb86694918ac3c783d3793ea0b025d1acec:H3:bc24ff9718cd,H3,MARINE vs OCEANIC Differential Coverage,H3,signal:cf31909bb0ee427b67608f4a64806bb86694918ac3c783d3793ea0b025d1acec,evidence:doi:10.20956/jars.v5i1.2485,30178365958-1,ship_repair,OCEANIC,O,social_science_skill,sociology,marine,,marine_ecological,sociology,title+subject,title+subject,37997c4652f1fdbe936feb567b64093e7b903c1ef9af896b03a112f2df0d4b6d,cumulative-db-semantic-v1,review_required,metadata_only_limitation
fragment:signal:cf63c26ba852e70a14450211eac337c46d7f03660672a244d86f731969841e41:H3:e8bf45e853d7,H3,MARINE vs OCEANIC Differential Coverage,H3,signal:cf63c26ba852e70a14450211eac337c46d7f03660672a244d86f731969841e41,evidence:doi:10.1007/s13280-026-02345-7,30178365958-1,living_res,MARINE,M,governance_skill,policy,marine,,marine_ecological,policy,title+subject,title+subject,c21345cfec5dd372221b87e2f7328ab82718107030ab14f7b975dc2b6f5dbdfb,cumulative-db-semantic-v1,review_required,metadata_only_limitation
fragment:signal:cf7ecae6be3ac925269cdc6f45b7d3f3d83a25199bb04e742b3a608715e67e06:H3:459f123ae47e,H3,MARINE vs OCEANIC Differential Coverage,H3,signal:cf7ecae6be3ac925269cdc6f45b7d3f3d83a25199bb04e742b3a608715e67e06,evidence:doi:10.2861/61100qa,30178365958-1,blue_biotech,MARINE,M,technical_skill,engineering,marine,,marine_ecological,engineering,title+subject,title+subject,6849a415ef3e09c123d29470791e18206ba5bb7a371c0e662da654cba705ba4d,cumulative-db-semantic-v1,review_required,metadata_only_limitation
fragment:signal:cf9990cc37e11e67b2c0200fe0707fab599647448a4ea0bf6d715122d4d41ef3:H3:3565e4463a5d,H3,MARINE vs OCEANIC Differential Coverage,H3,signal:cf9990cc37e11e67b2c0200fe0707fab599647448a4ea0bf6d715122d4d41ef3,evidence:doi:10.3390/su18062852,30178365958-1,coastal_tourism,OCEANIC,O,sustainability_skill,sustainability,ecological,,marine_ecological,sustainability,title+subject,title+subject,395693992e30ca9e4080d22818350499180671bd1a6d7eab0183506df41f70c2,cumulative-db-semantic-v1,auto_accepted,metadata_only_limitation
fragment:signal:cfbcb72de21e483a7dfab66d11ce7c4d3f4e5c31a35a862bb156da0ffac30d2c:H3:c2533fdb2ad0,H3,MARINE vs OCEANIC Differential Coverage,H3,signal:cfbcb72de21e483a7dfab66d11ce7c4d3f4e5c31a35a862bb156da0ffac30d2c,evidence:doi:10.59890/ijasr.v4i3.207,30178365958-1,coastal_tourism,OCEANIC,O,governance_skill,governance,marine,,marine_ecological,governance,title+subject,title+subject,487ab5a114bad3e3b51a59ed2646543675cdd36e804f2a25a2f1a1428541751f,cumulative-db-semantic-v1,review_required,metadata_only_limitation
fragment:signal:cfe7f27d14c4c046e1cac6b468ba0f240b171b80ea9920d9c83e9d2457cd3f81:H3:a7a97a55272b,H3,MARINE vs OCEANIC Differential Coverage,H3,signal:cfe7f27d14c4c046e1cac6b468ba0f240b171b80ea9920d9c83e9d2457cd3f81,evidence:doi:10.1007/978-3-032-14477-5_12,30178365958-1,non_living_res,OCEANIC,O,sustainability_skill,sustainability,marine,,marine_ecological,sustainability,title+subject,title+subject,d5f9d01e76719d2d40ffd9778b816e3d59ca703cf9d2517d5e5f89ab03084564,cumulative-db-semantic-v1,auto_accepted,metadata_only_limitation
fragment:signal:cfec182c28cba78f955d20f22df669c545631baf894efb33e552a6b6def0ba99:H3:5dd0a11fabee,H3,MARINE vs OCEANIC Differential Coverage,H3,signal:cfec182c28cba78f955d20f22df669c545631baf894efb33e552a6b6def0ba99,evidence:doi:10.46830/wriwp.25.00130,30178365958-1,non_living_res,MARINE,M,policy_regulation_skill,law,marine,,marine_ecological,law,title+subject,title+subject,517b4b296714d6d044cd9d8878c32a14bee8ec1c4250d9e13e3a80088b3b1681,cumulative-db-semantic-v1,review_required,metadata_only_limitation
fragment:signal:cff38af19d62d0b531ff48b5ed31c4887b65bd529bf449df6817cc405d024c27:H3:7b0b582ea744,H3,MARINE vs OCEANIC Differential Coverage,H3,signal:cff38af19d62d0b531ff48b5ed31c4887b65bd529bf449df6817cc405d024c27,evidence:doi:10.3389/feart.2026.1750984,30178365958-1,maritime_defence,OCEANIC,O,technical_skill,technology,marine,,marine_ecological,technology,title+subject,title+subject,d3b28dc7007b8fb722619d844476ffaa8394f6125e7a1e738590466b5627d976,cumulative-db-semantic-v1,review_required,metadata_only_limitation
fragment:signal:d028d351b9cbe80894e1596a391180bb9654c390e8a2b44dd1aaa6b8c2751d52:H3:2fff7b546642,H3,MARINE vs OCEANIC Differential Coverage,H3,signal:d028d351b9cbe80894e1596a391180bb9654c390e8a2b44dd1aaa6b8c2751d52,evidence:doi:10.3897/emt.2.158168,30178365958-1,blue_biotech,OCEANIC,O,governance_skill,policy,ecological,,marine_ecological,policy,title+subject,title+subject,2c52470cada4904df1e41a4d4e30e1b4e67f858001da1096689b7d4dcd6a50e3,cumulative-db-semantic-v1,review_required,metadata_only_limitation
fragment:signal:d031cec49dff2228c8b6ae9526876cdca0f775c78322ff45b166169054e5b747:H3:5d3a56d7cd39,H3,MARINE vs OCEANIC Differential Coverage,H3,signal:d031cec49dff2228c8b6ae9526876cdca0f775c78322ff45b166169054e5b747,evidence:doi:10.1007/s44274-026-00890-2,30178365958-1,living_res,MARINE,M,learning_outcome_signal,ects,ecological,,marine_ecological,ects,title+subject,title+subject,3c60d0734ab6601edd8a002495d60a52b1462e6ca21a7c90db3c0175ca909960,cumulative-db-semantic-v1,review_required,metadata_only_limitation
fragment:signal:d09c3ca9b921423dc76c35fc219762d4864136a92bf64a606b80565838e36df3:H3:de1baff74266,H3,MARINE vs OCEANIC Differential Coverage,H3,signal:d09c3ca9b921423dc76c35fc219762d4864136a92bf64a606b80565838e36df3,evidence:doi:10.1080/09581596.2026.2629078,30178365958-1,living_res,MARINE,M,sustainability_skill,sustainability,marine,,marine_ecological,sustainability,title+subject,title+subject,979d0e479c733938875ac3fbd286e3a89afd7fa4cf746c8ec82016def8a6c1b7,cumulative-db-semantic-v1,review_required,metadata_only_limitation
fragment:signal:d0b642bbacafb7289d9bce42d4085057571edb17dcb205e0e525e3119f480d8e:H3:53c3ac9a3ef4,H3,MARINE vs OCEANIC Differential Coverage,H3,signal:d0b642bbacafb7289d9bce42d4085057571edb17dcb205e0e525e3119f480d8e,evidence:doi:10.1007/s44218-025-00111-y,30178365958-1,living_res,OCEANIC,O,sustainability_skill,resilience,marine,,marine_ecological,resilience,title+subject,title+subject,7b100793f309d22d8285f8e0d7e658bee69a6fb80e5362bf02e63be9dd353163,cumulative-db-semantic-v1,review_required,metadata_only_limitation
fragment:signal:d0baaa03d4a5c94334d8711ce8e0874f7a3ee26417b0cf24a9e92b4c0cc16f75:H3:d83d3c3f3a33,H3,MARINE vs OCEANIC Differential Coverage,H3,signal:d0baaa03d4a5c94334d8711ce8e0874f7a3ee26417b0cf24a9e92b4c0cc16f75,evidence:doi:10.59175/pijed.v5i1.710,30178365958-1,coastal_tourism,OCEANIC,O,sustainability_skill,sustainability,marine,,marine_ecological,sustainability,title+subject,title+subject,2a375059257983f66a540627d12fe2790dbf705e749146f8c695f16fd43d0498,cumulative-db-semantic-v1,review_required,metadata_only_limitation
fragment:signal:d0bd43f6d7abaf37b854749d95703bc49793a4b268b0d7faee963cdf1dde48a1:H3:91b2eeb6f951,H3,MARINE vs OCEANIC Differential Coverage,H3,signal:d0bd43f6d7abaf37b854749d95703bc49793a4b268b0d7faee963cdf1dde48a1,evidence:doi:10.3390/en16145562,30178365958-1,non_living_res,MARINE,M,technical_skill,engineering,marine,,marine_ecological,engineering,title+subject,title+subject,95c19b10159aa545e40981771a046fbcddc332759351ec15269cf93131f95418,cumulative-db-semantic-v1,auto_accepted,metadata_only_limitation
fragment:signal:d0c2c6f8808fd37c13200c11782a78dc39e379444a308a32d1ad566af8312fd5:H3:fcc1ba6d2f24,H3,MARINE vs OCEANIC Differential Coverage,H3,signal:d0c2c6f8808fd37c13200c11782a78dc39e379444a308a32d1ad566af8312fd5,evidence:doi:10.1007/s40152-026-00492-x,30178365958-1,living_res,MARINE,M,governance_skill,governance,marine,,marine_ecological,governance,title+subject,title+subject,8a3fbd4e6656a3342f5e7b7a4de028dd98166be72f71b70eca4d56cff80ae779,cumulative-db-semantic-v1,review_required,metadata_only_limitation
fragment:signal:d0e4d3083f5c0f17321f8ba8587e4f1fe2683cf19d6996ed037398fb0462a53c:H3:2107477d3478,H3,MARINE vs OCEANIC Differential Coverage,H3,signal:d0e4d3083f5c0f17321f8ba8587e4f1fe2683cf19d6996ed037398fb0462a53c,evidence:doi:10.3389/fmicb.2026.1875044,30178365958-1,blue_biotech,MARINE,M,sustainability_skill,sustainability,ecological,,marine_ecological,sustainability,title+subject,title+subject,dc088518cae8a0f3715702f09e34df64b7f19b97b9e7c327b940cfc7d3359283,cumulative-db-semantic-v1,auto_accepted,metadata_only_limitation
fragment:signal:d0e7cf656b11acb534bfe1cc609302c560fe1ef851ea66045ccfe1bcd93d5a14:H3:e2de1c6ab7f3,H3,MARINE vs OCEANIC Differential Coverage,H3,signal:d0e7cf656b11acb534bfe1cc609302c560fe1ef851ea66045ccfe1bcd93d5a14,evidence:doi:10.66793/intraders2bookchapter,30178365958-1,blue_biotech,MARINE,M,governance_skill,governance,marine,,marine_ecological,governance,title+subject,title+subject,66c85ca3df05aaf20a8daf1c71169dda9a13e76d9598b434d5ba0acbfe2a0914,cumulative-db-semantic-v1,review_required,metadata_only_limitation
fragment:signal:d173ab8dcc58d296f86811b3498b0da9ba39109e6e71cd1941ebf6ab698c1af4:H3:2fa586eba2d6,H3,MARINE vs OCEANIC Differential Coverage,H3,signal:d173ab8dcc58d296f86811b3498b0da9ba39109e6e71cd1941ebf6ab698c1af4,evidence:doi:10.3389/fenvs.2025.1627459,30178365958-1,living_res,MARINE,M,sustainability_skill,climate,marine,,marine_ecological,climate,title+subject,title+subject,16c95d4895da9abd05d6b340e3469a8b3f9c1b4730296a025290bc4d3f036f9f,cumulative-db-semantic-v1,review_required,metadata_only_limitation
fragment:signal:d1820ca1fc1dfb0d478df505c2811865de04bb5f04a2cf30fa86258052a86117:H3:f9f84e919398,H3,MARINE vs OCEANIC Differential Coverage,H3,signal:d1820ca1fc1dfb0d478df505c2811865de04bb5f04a2cf30fa86258052a86117,evidence:doi:10.1186/s44315-026-00054-0,30178365958-1,non_living_res,MARINE,M,digital_skill,artificial intelligence,marine,,marine_ecological,artificial intelligence,title+subject,title+subject,3dc50304de84b33e5613063e98cda978b1ff8415f30f19f144b085eaade3c3bf,cumulative-db-semantic-v1,review_required,metadata_only_limitation
fragment:signal:d1d0de72b8fb88b01c89db486cd79b8e326f9556d95ae48fd5ca456bb28db4e8:H3:533ecea144ba,H3,MARINE vs OCEANIC Differential Coverage,H3,signal:d1d0de72b8fb88b01c89db486cd79b8e326f9556d95ae48fd5ca456bb28db4e8,evidence:doi:10.1108/maem-02-2023-0002,30178365958-1,non_living_res,MARINE,M,safety_risk_skill,safety,marine,,marine_ecological,safety,title+subject,title+subject,138fbc5a6cc1206c0938df5b57bbf678cfdc5c3560a60dad22c269ac38f4f871,cumulative-db-semantic-v1,review_required,metadata_only_limitation
fragment:signal:d211740df95c1ada051ecd0df35ef35b9a69a5e2da12b250a089dec6e98dcb23:H3:b1b298ef4cc2,H3,MARINE vs OCEANIC Differential Coverage,H3,signal:d211740df95c1ada051ecd0df35ef35b9a69a5e2da12b250a089dec6e98dcb23,evidence:doi:10.30564/jees.v8i1.12988,30178365958-1,living_res,MARINE,M,governance_skill,governance,ecological,,marine_ecological,governance,title+subject,title+subject,e34ba35f3f4c30c9b5b012d8d0f87f0dbf0357d76cfa6b28e465c5aeba3e89ed,cumulative-db-semantic-v1,review_required,metadata_only_limitation
fragment:signal:d2366d4df326c2036829415b24d659a18f15ecc3591422bddb0b3c6611941aed:H3:c4d53a03897f,H3,MARINE vs OCEANIC Differential Coverage,H3,signal:d2366d4df326c2036829415b24d659a18f15ecc3591422bddb0b3c6611941aed,evidence:doi:10.3289/eurosea_d1.9,30178365958-1,non_living_res,MARINE,M,sustainability_skill,climate,marine,,marine_ecological,climate,title+subject,title+subject,721643598471dbb70adb671b5929d1bfa0e378093ea7c299db037fc2d9cf031a,cumulative-db-semantic-v1,review_required,metadata_only_limitation
fragment:signal:d2599566e4359d815e6b7386792c890e577ec617ae9e22e8a83b4499a76122de:H3:158727f2051c,H3,MARINE vs OCEANIC Differential Coverage,H3,signal:d2599566e4359d815e6b7386792c890e577ec617ae9e22e8a83b4499a76122de,evidence:doi:10.63313/ebm.9204,30178365958-1,living_res,MARINE,M,sustainability_skill,sustainability,marine,,marine_ecological,sustainability,title+subject,title+subject,0bd39b6307b8a0c7f780bfaafb47d09509f3db0b3ba593632a771db24fea4c5d,cumulative-db-semantic-v1,auto_accepted,metadata_only_limitation
fragment:signal:d278661e9c6e9d6ce7b92300096cf0480d198939a88915560855d15d0795f29d:H3:535edc22fc79,H3,MARINE vs OCEANIC Differential Coverage,H3,signal:d278661e9c6e9d6ce7b92300096cf0480d198939a88915560855d15d0795f29d,evidence:doi:10.33619/2414-2948/128/04,30178365958-1,r_i,OCEANIC,O,safety_risk_skill,safety,marine,,marine_ecological,safety,title+subject,title+subject,dc419e6c444cf2272c672406198e4aafc9cc5ae47fa6889e778ad68252c23887,cumulative-db-semantic-v1,review_required,metadata_only_limitation
fragment:signal:d2c0bb69fc70628b578181e8320d202c3ad6f78edeaa7accca903af680dc3675:H3:a03d5c4e7299,H3,MARINE vs OCEANIC Differential Coverage,H3,signal:d2c0bb69fc70628b578181e8320d202c3ad6f78edeaa7accca903af680dc3675,evidence:doi:10.3389/fmars.2026.1844411,30178365958-1,living_res,MARINE,M,sustainability_skill,resilience,marine,,marine_ecological,resilience,title+subject,title+subject,c16d8c5ba702cf2f8d0a247c898dae4007387201bc5248918384cd8a596feef1,cumulative-db-semantic-v1,auto_accepted,metadata_only_limitation
fragment:signal:d2cef7b0f797a437ea4ffe7a67ae8a236d6876b6982ee146c51046dc919ce43e:H3:789e0757d8cc,H3,MARINE vs OCEANIC Differential Coverage,H3,signal:d2cef7b0f797a437ea4ffe7a67ae8a236d6876b6982ee146c51046dc919ce43e,evidence:doi:10.1088/1755-1315/1618/1/012011,30178365958-1,coastal_tourism,OCEANIC,O,sustainability_skill,sustainability,marine,,marine_ecological,sustainability,title+subject,title+subject,cdcf3e43cc51c95de8ec68779a002c5391d722a7103b0f6dee1692ff39ea1206,cumulative-db-semantic-v1,review_required,metadata_only_limitation
fragment:signal:d324dfcf549a7a4bb68289b953fac9b079ada757c38e6c382a0ae538513f24d5:H3:d5664aed588d,H3,MARINE vs OCEANIC Differential Coverage,H3,signal:d324dfcf549a7a4bb68289b953fac9b079ada757c38e6c382a0ae538513f24d5,evidence:doi:10.1017/s0922156526100703,30178365958-1,blue_biotech,MARINE,M,policy_regulation_skill,law,marine,,marine_ecological,law,title+subject,title+subject,78a08ec37dafd1ff0ef518e6af63e77da31797e4bcc618e09e0c9302fb8b20d5,cumulative-db-semantic-v1,auto_accepted,metadata_only_limitation
fragment:signal:d3a1967ca2716b2dcdf380183872904152a17fe321cc774650996f7a61344dfa:H3:a5eb4cb49d67,H3,MARINE vs OCEANIC Differential Coverage,H3,signal:d3a1967ca2716b2dcdf380183872904152a17fe321cc774650996f7a61344dfa,evidence:doi:10.15625/1859-3097/22402,30178365958-1,coastal_tourism,OCEANIC,O,safety_risk_skill,safety,marine,,marine_ecological,safety,title+subject,title+subject,474855dd29ce05dc9d79556403a928dad4e521bd95b4c4ed463f94328a888cce,cumulative-db-semantic-v1,review_required,metadata_only_limitation
fragment:signal:d3abcbe8f9e82f3a78a1ea2f93c40c13fb0a5ae3b23f4241fea2b8779c01c68b:H3:7e92b6b46ea0,H3,MARINE vs OCEANIC Differential Coverage,H3,signal:d3abcbe8f9e82f3a78a1ea2f93c40c13fb0a5ae3b23f4241fea2b8779c01c68b,evidence:doi:10.2478/euco-2026-0007,30178365958-1,living_res,MARINE,M,sustainability_skill,sustainability,marine,,marine_ecological,sustainability,title+subject,title+subject,ffa5ca2059658984de50aa427ddfa2fdc4342d6d486722907e0f3d545f206d4d,cumulative-db-semantic-v1,review_required,metadata_only_limitation
fragment:signal:d3c1840c996f665de05b7bb5401a4dae97149dca5ff8b0de4dabc863978e87ce:H3:e8b266f47086,H3,MARINE vs OCEANIC Differential Coverage,H3,signal:d3c1840c996f665de05b7bb5401a4dae97149dca5ff8b0de4dabc863978e87ce,evidence:doi:10.1007/s40152-025-00416-1,30178365958-1,non_living_res,MARINE,M,social_science_skill,sociology,marine,,marine_ecological,sociology,title+subject,title+subject,4e00102387ef732bff7a1306958c0b518a38ed1bd653f8bef68c1ffea90ac62d,cumulative-db-semantic-v1,review_required,metadata_only_limitation
fragment:signal:d3fa816383fb3b0c82faf72e29e50d0147928a04590ffabcb6a2d921bab9881b:H1:161f0a6b671a,H1,Maritimisation Shift,H1,signal:d3fa816383fb3b0c82faf72e29e50d0147928a04590ffabcb6a2d921bab9881b,evidence:doi:10.1088/1755-1315/1618/1/012005,30178365958-1,living_res,OCEANIC,O,sustainability_skill,sustainability,ocean governance,,oceanic_governance,sustainability,title+subject,title+subject,42b2520f42d8f4c81392101e43b980337570b851011e66db5403d740680617d6,cumulative-db-semantic-v1,review_required,metadata_only_limitation
fragment:signal:d3fa816383fb3b0c82faf72e29e50d0147928a04590ffabcb6a2d921bab9881b:H3:31dd93da4058,H3,MARINE vs OCEANIC Differential Coverage,H3,signal:d3fa816383fb3b0c82faf72e29e50d0147928a04590ffabcb6a2d921bab9881b,evidence:doi:10.1088/1755-1315/1618/1/012005,30178365958-1,living_res,OCEANIC,O,sustainability_skill,sustainability,marine,,marine_ecological,sustainability,title+subject,title+subject,42b2520f42d8f4c81392101e43b980337570b851011e66db5403d740680617d6,cumulative-db-semantic-v1,review_required,metadata_only_limitation
fragment:signal:d40fec9aed9836471a0ed468e4aaa7b91734e2e0f519d05eb632fd8984c11549:H3:2edd109aa81e,H3,MARINE vs OCEANIC Differential Coverage,H3,signal:d40fec9aed9836471a0ed468e4aaa7b91734e2e0f519d05eb632fd8984c11549,evidence:doi:10.21203/rs.3.rs-8941489/v1,30178365958-1,living_res,MARINE,M,governance_skill,stakeholder,marine,,marine_ecological,stakeholder,title+subject,title+subject,0bf8683179a7b4a0a9fd59363ccf85864f70d4c749dff857bf7144789b201f89,cumulative-db-semantic-v1,review_required,metadata_only_limitation
fragment:signal:d45c3761efa06bc3ad5277cf4fada95aa392dd279d0e1b3fdb1f5f57e859bc8a:H3:03cfe6e4f831,H3,MARINE vs OCEANIC Differential Coverage,H3,signal:d45c3761efa06bc3ad5277cf4fada95aa392dd279d0e1b3fdb1f5f57e859bc8a,evidence:doi:10.46830/wriwp.25.00108,30178365958-1,coastal_tourism,OCEANIC,O,sustainability_skill,sustainable,marine,,marine_ecological,sustainable,title+subject,title+subject,6bbd1033fe0a2fe628f14b42bfa8317eecd6219eb2a58bf2f3c5bc14945945c5,cumulative-db-semantic-v1,review_required,metadata_only_limitation
fragment:signal:d49057c32c2fac65a2ed26b788d995be6728c82301c4be01fa7b4c26760971e8:H3:3fb1828eb97a,H3,MARINE vs OCEANIC Differential Coverage,H3,signal:d49057c32c2fac65a2ed26b788d995be6728c82301c4be01fa7b4c26760971e8,evidence:doi:10.1088/2976-601x/ae55a4,30178365958-1,coastal_tourism,OCEANIC,O,sustainability_skill,sustainability,marine,,marine_ecological,sustainability,title+subject,title+subject,582e7f9e7ad1478fd4163aaf22b2514c8bc33c261aca4c60d95a5a6d1e7d7b59,cumulative-db-semantic-v1,review_required,metadata_only_limitation
fragment:signal:d497017a21b419f80c8e108aa63ee5bee7038c014943df4b0591a2129aa910a8:H3:1c2d034a2758,H3,MARINE vs OCEANIC Differential Coverage,H3,signal:d497017a21b419f80c8e108aa63ee5bee7038c014943df4b0591a2129aa910a8,evidence:doi:10.22034/gjesm.2025.02.08,30178365958-1,living_res,MARINE,M,sustainability_skill,sustainability,marine,,marine_ecological,sustainability,title,title,87643e84eb5f9589c680c11a2584c9f35e69e92b86c5e20f9b496e81105048a0,cumulative-db-semantic-v1,review_required,metadata_only_limitation
fragment:signal:d4c7ef6aeb1f200907ea41ecc4421f1a79c5a8d1e560fcefbbdba438bdd0f16b:H3:3cb2327c441f,H3,MARINE vs OCEANIC Differential Coverage,H3,signal:d4c7ef6aeb1f200907ea41ecc4421f1a79c5a8d1e560fcefbbdba438bdd0f16b,evidence:doi:10.1007/s41748-026-01312-2,30178365958-1,living_res,MARINE,M,sustainability_skill,sustainability,marine,,marine_ecological,sustainability,title+subject,title+subject,9d63d2594369665f1f759bedfaecd7c26b381be9dbfc07088efe4e50fd33b28c,cumulative-db-semantic-v1,auto_accepted,metadata_only_limitation
fragment:signal:d4d80a359f157d4f6fc5e3334810127c85556e2fc0751d35bac8ca60283ccc32:H3:022186ceae4b,H3,MARINE vs OCEANIC Differential Coverage,H3,signal:d4d80a359f157d4f6fc5e3334810127c85556e2fc0751d35bac8ca60283ccc32,evidence:doi:10.1038/s44183-025-00171-0,30178365958-1,blue_biotech,OCEANIC,O,sustainability_skill,climate,marine,,marine_ecological,climate,title+subject,title+subject,754d97b94a64f65880267174b3a77b69d558ebb2c85eb6f390d93f2fd4a3d78c,cumulative-db-semantic-v1,review_required,metadata_only_limitation
fragment:signal:d50e466ddca6e1c5a86082ed2cfdcdf68fe2505354be44a2eceacd6ee4184a44:H3:c5f67f4bb636,H3,MARINE vs OCEANIC Differential Coverage,H3,signal:d50e466ddca6e1c5a86082ed2cfdcdf68fe2505354be44a2eceacd6ee4184a44,evidence:doi:10.70102/ijares/v5s1/5-s1-18,30178365958-1,living_res,MARINE,M,sustainability_skill,sustainability,marine,,marine_ecological,sustainability,title,title,de3efee5b3210fc9e5154e70c8a1eeaac265c573f8972f5a2302f8f01472394e,cumulative-db-semantic-v1,review_required,metadata_only_limitation
fragment:signal:d5129c1f7b56a99c582d0490255c7ff74cdfb180b27270495ebcfb8054af0ec8:H3:47d78851264c,H3,MARINE vs OCEANIC Differential Coverage,H3,signal:d5129c1f7b56a99c582d0490255c7ff74cdfb180b27270495ebcfb8054af0ec8,evidence:doi:10.1016/j.heliyon.2024.e34124,30178365958-1,living_res,MARINE,M,sustainability_skill,sustainability,marine,,marine_ecological,sustainability,title,title,1b315f215d01961950ac7ebd193eac1a31ed914345e5efc1e3f3cc084fe7d11b,cumulative-db-semantic-v1,review_required,metadata_only_limitation
fragment:signal:d519858b31327681bfd9c7b5a13fd6d24265c364e4de939970aa03b92639e131:H3:b219341a4981,H3,MARINE vs OCEANIC Differential Coverage,H3,signal:d519858b31327681bfd9c7b5a13fd6d24265c364e4de939970aa03b92639e131,evidence:doi:10.54518/rh.6.2.2026.1040,30178365958-1,coastal_tourism,OCEANIC,O,sustainability_skill,sustainable,marine,,marine_ecological,sustainable,title+subject,title+subject,465a8c70fbbf0a7d95366677b6372b137429cab4e217771c4afba6e8b4e30de1,cumulative-db-semantic-v1,auto_accepted,metadata_only_limitation
fragment:signal:d5be5ba475373c88088862196fce505471c0c79c847b8a4449f1361b74a9cfc9:H3:3b9d37bfe628,H3,MARINE vs OCEANIC Differential Coverage,H3,signal:d5be5ba475373c88088862196fce505471c0c79c847b8a4449f1361b74a9cfc9,evidence:doi:10.33422/worldcmc.v2i2.1673,30178365958-1,non_living_res,MARINE,M,sustainability_skill,sustainability,marine,,marine_ecological,sustainability,title+subject,title+subject,82c998ec3608441bbdda9f2139302042a23d36ead66fad7432af450b5e1f289b,cumulative-db-semantic-v1,review_required,metadata_only_limitation
fragment:signal:d5cc18c6746aa60cb0215869b419419eee75e5748d794b8d6067b1b3b8ee0b2f:H3:c9bce44b0195,H3,MARINE vs OCEANIC Differential Coverage,H3,signal:d5cc18c6746aa60cb0215869b419419eee75e5748d794b8d6067b1b3b8ee0b2f,evidence:doi:10.1038/s43247-026-03809-0,30178365958-1,r_i,OCEANIC,O,sustainability_skill,climate,marine,,marine_ecological,climate,title+subject,title+subject,686190237f116966a9e3dd05f4dfe81c72fc70fcd980b1f1fdb9b440617451e5,cumulative-db-semantic-v1,review_required,metadata_only_limitation
fragment:signal:d613f91ab70244b8e36125229d81ae83134d84094dc5542c87d9a5895dfc5300:H1:88f1b923aa81,H1,Maritimisation Shift,H1,signal:d613f91ab70244b8e36125229d81ae83134d84094dc5542c87d9a5895dfc5300,evidence:doi:10.1007/s41125-026-00113-y,30178365958-1,maritime_defence,MARITIME,T,governance_skill,governance,maritime infrastructure,,maritime_dominance,governance,title+subject,title+subject,57c5de2d996e403a4c9aafb122fa3dec389e00252374f67c67691b63e7e0722a,cumulative-db-semantic-v1,auto_accepted,metadata_only_limitation
fragment:signal:d69f038f85475a1d6f20c00844105b8be96b69844c7bdc4464e8adbcdeb37668:H3:a467c00ba174,H3,MARINE vs OCEANIC Differential Coverage,H3,signal:d69f038f85475a1d6f20c00844105b8be96b69844c7bdc4464e8adbcdeb37668,evidence:doi:10.3390/w17233383,30178365958-1,r_i,OCEANIC,O,sustainability_skill,resilience,marine,,marine_ecological,resilience,title+subject,title+subject,0b078883671b1bfeb0d1edbf03a308792b122eb735f55c29e5e2e11c60952692,cumulative-db-semantic-v1,auto_accepted,metadata_only_limitation
fragment:signal:d6d43e8abf1d06e31f8c6f8b35dcc9ac30baba19c0c0388ec4fabfea175026ce:H3:a778e8fc7eed,H3,MARINE vs OCEANIC Differential Coverage,H3,signal:d6d43e8abf1d06e31f8c6f8b35dcc9ac30baba19c0c0388ec4fabfea175026ce,evidence:doi:10.1017/9781047759649,30178365958-1,non_living_res,OCEANIC,O,policy_regulation_skill,law,marine,,marine_ecological,law,title+subject,title+subject,280e7b94b53752c68a3699fe217e083ad5131a3fbd23c5c58fd4bc644cc043e7,cumulative-db-semantic-v1,review_required,metadata_only_limitation
fragment:signal:d6de422e5d790b5e9f0c2f5fd34c858edcc0b2b45f2cfd5f9d1f88e49cb7073d:H3:667e25ef643c,H3,MARINE vs OCEANIC Differential Coverage,H3,signal:d6de422e5d790b5e9f0c2f5fd34c858edcc0b2b45f2cfd5f9d1f88e49cb7073d,evidence:doi:10.5281/zenodo.21426402,30178365958-1,living_res,MARINE,M,sustainability_skill,sustainable,marine,,marine_ecological,sustainable,title+subject,title+subject,0069097d8890f49a9a84fa16579d96c89f81c3411cd670ee6c36e0d451d7fc26,cumulative-db-semantic-v1,auto_accepted,metadata_only_limitation
fragment:signal:d7044ee65983d1685fef8f8cbbd6377801cecea3d08cb8f7e78852e2ad9c57eb:H3:e885cb0ed80c,H3,MARINE vs OCEANIC Differential Coverage,H3,signal:d7044ee65983d1685fef8f8cbbd6377801cecea3d08cb8f7e78852e2ad9c57eb,evidence:doi:10.1016/j.marenvres.2026.108275,30178365958-1,r_i,OCEANIC,O,learning_outcome_signal,ects,marine,,marine_ecological,ects,title+subject,title+subject,9ea157ce8ffe1d69c0b7b571f8d287e3c3f874228531550280f6a72a6a86667e,cumulative-db-semantic-v1,review_required,metadata_only_limitation
fragment:signal:d78a781eb9955741515e0111e1e49602b164a0fca248cca28a24e5530e1886de:H3:d651ebb72e94,H3,MARINE vs OCEANIC Differential Coverage,H3,signal:d78a781eb9955741515e0111e1e49602b164a0fca248cca28a24e5530e1886de,evidence:doi:10.14419/11549z12,30178365958-1,r_i,OCEANIC,O,sustainability_skill,sustainability,ecological,,marine_ecological,sustainability,title+subject,title+subject,26e73ac458613a2c9edad4fa2158e93fe9ed926de99b49aa6bbc8bf8ba65590c,cumulative-db-semantic-v1,auto_accepted,metadata_only_limitation
fragment:signal:d7df5433c982db0d20070bf89ecaada20e1c52e501181f3b300da1598600fc6d:H3:0b2bf816794b,H3,MARINE vs OCEANIC Differential Coverage,H3,signal:d7df5433c982db0d20070bf89ecaada20e1c52e501181f3b300da1598600fc6d,evidence:doi:10.35800/jip.v14i2.68304,30178365958-1,living_res,MARINE,M,governance_skill,governance,marine,,marine_ecological,governance,title+subject,title+subject,9a4fa7aac63b3e57ed8d1a44a985053ada2b522ca9b1d3971e8bebe0ad324bf3,cumulative-db-semantic-v1,review_required,metadata_only_limitation
fragment:signal:d8745aa1ca61e16c7bf41174aea73f48580ccdb1fdcb4dffcc0830983df8fd0d:H3:94e13c2c2083,H3,MARINE vs OCEANIC Differential Coverage,H3,signal:d8745aa1ca61e16c7bf41174aea73f48580ccdb1fdcb4dffcc0830983df8fd0d,evidence:doi:10.47772/ijriss.2025.91200079,30178365958-1,living_res,MARINE,M,governance_skill,governance,ecological,,marine_ecological,governance,title+subject,title+subject,0371eb1b050a636b6cccec9426874a91f1f4012f63f61247f05bf402c42f3dbd,cumulative-db-semantic-v1,review_required,metadata_only_limitation
fragment:signal:d87fd09b3c7bc846c41938ec69a812789b01be4d10e40b532df30eb832b0e182:H3:ae5a6cf817d6,H3,MARINE vs OCEANIC Differential Coverage,H3,signal:d87fd09b3c7bc846c41938ec69a812789b01be4d10e40b532df30eb832b0e182,evidence:doi:10.1007/s44289-026-00151-3,30178365958-1,living_res,MARINE,M,sustainability_skill,resilience,marine,,marine_ecological,resilience,title+subject,title+subject,5ade47fb2a480fb4d294c1295e10865f9912e8c11f310f86b346c8727b52b958,cumulative-db-semantic-v1,auto_accepted,metadata_only_limitation
fragment:signal:d89bdc30dee8947338227654e37f435ee3d83764a7a3a565a2aa29140b601f1a:H3:158c6fa503f0,H3,MARINE vs OCEANIC Differential Coverage,H3,signal:d89bdc30dee8947338227654e37f435ee3d83764a7a3a565a2aa29140b601f1a,evidence:doi:10.1057/s41599-026-07727-6,30178365958-1,non_living_res,MARINE,M,learning_outcome_signal,ects,planetary,,oceanic_planetary,ects,title+subject,title+subject,745fdcd5797dc7ba0ea64f730fba88009edf036154368c3af0c4b235c896eb3a,cumulative-db-semantic-v1,review_required,metadata_only_limitation
fragment:signal:d8fc0b915400e102d9fb27f899c00af69b9e64bc05caf3bd94407941872592aa:H3:03b55e94d63f,H3,MARINE vs OCEANIC Differential Coverage,H3,signal:d8fc0b915400e102d9fb27f899c00af69b9e64bc05caf3bd94407941872592aa,evidence:doi:10.5296/ber.v16i2.23706,30178365958-1,coastal_tourism,OCEANIC,O,governance_skill,governance,marine,,marine_ecological,governance,title+subject,title+subject,035a2954c8be91a7433f59c5a396aa5a801db97efed7fbfd1eae7abb57ad9b48,cumulative-db-semantic-v1,review_required,metadata_only_limitation
fragment:signal:d94f247d47efd46af1d9e13a6707610f6d4a032eee4ef59220b4c208e55cd201:H3:cce9e0cf2e10,H3,MARINE vs OCEANIC Differential Coverage,H3,signal:d94f247d47efd46af1d9e13a6707610f6d4a032eee4ef59220b4c208e55cd201,evidence:doi:10.1016/j.marpol.2024.106132,30178365958-1,r_i,OCEANIC,O,explicit_competence_demand,competence,marine,,marine_ecological,competence,title+subject,title+subject,71942388fad7631bae1712539ed00021bac03f4e444daf0f15cd72c5241cf805,cumulative-db-semantic-v1,review_required,metadata_only_limitation
fragment:signal:d973bfe41cba62fedaf8131a22888e5b0178ffaade44685d9e4a1e1bf074f9e6:H3:51f92be8f2ae,H3,MARINE vs OCEANIC Differential Coverage,H3,signal:d973bfe41cba62fedaf8131a22888e5b0178ffaade44685d9e4a1e1bf074f9e6,evidence:doi:10.22500/13202567248,30178365958-1,renewable_energy,OCEANIC,O,workforce_skill,human capital,marine,,marine_ecological,human capital,title+subject,title+subject,7da17f1359542b89a9e67fffce89b1b18f5ca327357f16ddb0f0644f04f7ad46,cumulative-db-semantic-v1,review_required,metadata_only_limitation
fragment:signal:d9783db2a661e13a132bccfefd608eec27ed6644eb746ee94e750637142bc12c:H3:94138f373a84,H3,MARINE vs OCEANIC Differential Coverage,H3,signal:d9783db2a661e13a132bccfefd608eec27ed6644eb746ee94e750637142bc12c,evidence:doi:10.3390/su17219526,30178365958-1,blue_biotech,MARINE,M,safety_risk_skill,safety,marine,,marine_ecological,safety,title+subject,title+subject,470485cf7c250799e9c3cbef1721c677db1b162059b3c88e246cc1aaaf87e473,cumulative-db-semantic-v1,auto_accepted,metadata_only_limitation
fragment:signal:d9a000aedbe68729a8af21b066e5cbe59b7949e8568b9c7ddf332f9373230d7a:H3:5d3149a8e58a,H3,MARINE vs OCEANIC Differential Coverage,H3,signal:d9a000aedbe68729a8af21b066e5cbe59b7949e8568b9c7ddf332f9373230d7a,evidence:doi:10.1002/pan3.10715,30178365958-1,living_res,OCEANIC,O,sustainability_skill,climate,marine,,marine_ecological,climate,title+subject,title+subject,809918d750c19909ef8ed16e58eb5b34a404aa25f76b33ff3eae22e4e66a20e3,cumulative-db-semantic-v1,review_required,metadata_only_limitation
fragment:signal:d9adc5152bb275e9042f493b07fbe7d3ea9368ac4b16d23759bb21b865659a76:H3:757307ab76ce,H3,MARINE vs OCEANIC Differential Coverage,H3,signal:d9adc5152bb275e9042f493b07fbe7d3ea9368ac4b16d23759bb21b865659a76,evidence:doi:10.4018/979-8-3373-5881-9.ch012,30178365958-1,r_i,OCEANIC,O,technical_skill,robotics,marine,,marine_ecological,robotics,title,title,88eb0b4ab079320a76cac17f0cad1af51a00fe8948552a2e214af3e84470019c,cumulative-db-semantic-v1,review_required,metadata_only_limitation
fragment:signal:d9cb4660a3eedd6ad4179549102b969110c3b7b129f032d477b6d52e4e92f496:H3:fde7bef332c6,H3,MARINE vs OCEANIC Differential Coverage,H3,signal:d9cb4660a3eedd6ad4179549102b969110c3b7b129f032d477b6d52e4e92f496,evidence:doi:10.70102/ijares/v5i2/5-2-29,30178365958-1,coastal_tourism,OCEANIC,O,sustainability_skill,resilience,marine,,marine_ecological,resilience,title,title,9b4b8f1569f0a5f7b07c0bee690e9c60c46e8d8df13d1075b049093305635095,cumulative-db-semantic-v1,review_required,metadata_only_limitation
fragment:signal:da0969f3a1012912ce32f5c38fe810c46e56d120861eb8f3468d986a3027cf85:H3:625a87cae5ae,H3,MARINE vs OCEANIC Differential Coverage,H3,signal:da0969f3a1012912ce32f5c38fe810c46e56d120861eb8f3468d986a3027cf85,evidence:doi:10.3390/w18091093,30178365958-1,blue_biotech,MARINE,M,sustainability_skill,sustainability,marine,,marine_ecological,sustainability,title+subject,title+subject,aa9d65d1c865c150c9827a09d6919725e93845349f734ffa9fd42a1c1eb1d10a,cumulative-db-semantic-v1,auto_accepted,metadata_only_limitation
fragment:signal:da1a464fd4bc3b40ec535bb3cff636b54a532a57be822fe173dfa3bd6e8f4f15:H3:5cf50158c5df,H3,MARINE vs OCEANIC Differential Coverage,H3,signal:da1a464fd4bc3b40ec535bb3cff636b54a532a57be822fe173dfa3bd6e8f4f15,evidence:doi:10.1108/cg-08-2025-0530,30178365958-1,renewable_energy,OCEANIC,O,governance_skill,governance,ecological,,marine_ecological,governance,title+subject,title+subject,a2cad6302b383d17c9ae7216bf6702f2a233d1e7bf9738c89c9a3515596de36f,cumulative-db-semantic-v1,review_required,metadata_only_limitation
fragment:signal:da4c2f7d82be04569dfe40d5e3650603630d47d11cf5a936a4d5b555ad722b8b:H3:e76529652771,H3,MARINE vs OCEANIC Differential Coverage,H3,signal:da4c2f7d82be04569dfe40d5e3650603630d47d11cf5a936a4d5b555ad722b8b,evidence:doi:10.1007/978-3-031-16277-0_13,30178365958-1,maritime_transport,OCEANIC,O,sustainability_skill,sustainability,marine,,marine_ecological,sustainability,title+subject,title+subject,bcf52963fcc6dfb58bb5a6002c9f3639ed25829abeea6bd404edb6e00d660ee8,cumulative-db-semantic-v1,review_required,metadata_only_limitation
fragment:signal:da630c260ecd90736b63ef27c7d8331563e20d11e1b93674e4622bd4b3f0888c:H3:9c228620e8ce,H3,MARINE vs OCEANIC Differential Coverage,H3,signal:da630c260ecd90736b63ef27c7d8331563e20d11e1b93674e4622bd4b3f0888c,evidence:doi:10.46799/jst.v7i7.1144,30178365958-1,living_res,MARINE,M,sustainability_skill,sustainability,ecological,,marine_ecological,sustainability,title+subject,title+subject,99a8b0dae0e79dfe30856cb638b9e91e25a3698876b8505f7b81e39f4429ca9f,cumulative-db-semantic-v1,auto_accepted,metadata_only_limitation
fragment:signal:da76a7ddbb46766ed524d96316647abd29c113e6def5e140a9eec026e35b0aa1:H3:bf438016be79,H3,MARINE vs OCEANIC Differential Coverage,H3,signal:da76a7ddbb46766ed524d96316647abd29c113e6def5e140a9eec026e35b0aa1,evidence:doi:10.1007/s40152-025-00464-7,30178365958-1,renewable_energy,OCEANIC,O,sustainability_skill,sustainability,marine,,marine_ecological,sustainability,title+subject,title+subject,bfba8838eaa1a265bf0fc35f06497e792964527e0d124ed0ac5efb70d4a82e45,cumulative-db-semantic-v1,review_required,metadata_only_limitation
fragment:signal:daa1a90d29607092535388b492e175e8dd901affc7e642c056af0c1db19d5dc7:H3:4ddc8d9b3556,H3,MARINE vs OCEANIC Differential Coverage,H3,signal:daa1a90d29607092535388b492e175e8dd901affc7e642c056af0c1db19d5dc7,evidence:doi:10.17159/1727-3781/2025/v28i0a17363,30178365958-1,non_living_res,MARINE,M,sustainability_skill,sustainability,marine,,marine_ecological,sustainability,title+subject,title+subject,447584e658746076c64101c6fd88b82689af63cc5f04d9dd5868981a49ac83d9,cumulative-db-semantic-v1,auto_accepted,metadata_only_limitation
fragment:signal:daa85217e6b0aafeb3147864e3360959ce4a79f1f05ba690e61c0bbf318df4cb:H3:e5609f6ffa3b,H3,MARINE vs OCEANIC Differential Coverage,H3,signal:daa85217e6b0aafeb3147864e3360959ce4a79f1f05ba690e61c0bbf318df4cb,evidence:doi:10.3390/su18020593,30178365958-1,living_res,MARINE,M,safety_risk_skill,safety,marine,,marine_ecological,safety,title+subject,title+subject,ec97f4ee35a5cef67a5d52bebe7ca9b2eefb1ba2664131764d2e87774a2f8317,cumulative-db-semantic-v1,review_required,metadata_only_limitation
fragment:signal:db79089cf82a31a1f4f6333711e317bbac4400a4f1d2768a0cd122f9db7459f5:H3:0ea32ab14786,H3,MARINE vs OCEANIC Differential Coverage,H3,signal:db79089cf82a31a1f4f6333711e317bbac4400a4f1d2768a0cd122f9db7459f5,evidence:doi:10.1038/s44183-026-00192-3,30178365958-1,living_res,MARINE,M,sustainability_skill,sustainability,marine,,marine_ecological,sustainability,title+subject,title+subject,8b02f1a0bdadf58cbff739ce74a687261a9e36e34758a5626810a0cc17d1ffdd,cumulative-db-semantic-v1,review_required,metadata_only_limitation
fragment:signal:db83af8a9277f23ce55611a96e3dd0ee7fc509ebac0386ba25aea25cd897970d:H3:32eeb1d8444d,H3,MARINE vs OCEANIC Differential Coverage,H3,signal:db83af8a9277f23ce55611a96e3dd0ee7fc509ebac0386ba25aea25cd897970d,evidence:doi:10.55927/mudima.v6i5.46,30178365958-1,coastal_tourism,OCEANIC,O,governance_skill,governance,marine,,marine_ecological,governance,title+subject,title+subject,aceed9e882c830d85225b47e9da926e57789ee1699ac71f2039930fa242d1cab,cumulative-db-semantic-v1,auto_accepted,metadata_only_limitation
fragment:signal:dbb2b1fc1875cd6ff1c52c3c9bf0836bba8e2263147797f2ab2b876d39cc24bf:H3:38f9bbf5b547,H3,MARINE vs OCEANIC Differential Coverage,H3,signal:dbb2b1fc1875cd6ff1c52c3c9bf0836bba8e2263147797f2ab2b876d39cc24bf,evidence:doi:10.1007/978-3-031-16277-0_19,30178365958-1,ship_repair,OCEANIC,O,sustainability_skill,sustainable,marine,,marine_ecological,sustainable,title+subject,title+subject,3eddafbc77aa7e422c710256af182d57ecc9f6c278f270c3a3592298d253769c,cumulative-db-semantic-v1,review_required,metadata_only_limitation
fragment:signal:dbb9804f46d3d78273d7fe9232f02849761fe764c924c1ecdc98555526c02abb:H3:1133ab3a03cb,H3,MARINE vs OCEANIC Differential Coverage,H3,signal:dbb9804f46d3d78273d7fe9232f02849761fe764c924c1ecdc98555526c02abb,evidence:doi:10.21203/rs.3.rs-10398664/v1,30178365958-1,coastal_tourism,OCEANIC,O,education_training_signal,education,marine,,marine_ecological,education,title+subject,title+subject,d70c12f87569051baef69f51702c6a263e1797b8f292c033e9b0f52aacfc8ab0,cumulative-db-semantic-v1,review_required,metadata_only_limitation
fragment:signal:dbcd0e0df02bf0f47298d0c114a43d55cbddb1071210262e36c7daf580bb5979:H3:93681a2f82f4,H3,MARINE vs OCEANIC Differential Coverage,H3,signal:dbcd0e0df02bf0f47298d0c114a43d55cbddb1071210262e36c7daf580bb5979,evidence:doi:10.3390/fishes10120642,30178365958-1,coastal_tourism,OCEANIC,O,sustainability_skill,sustainability,marine,,marine_ecological,sustainability,title+subject,title+subject,f2b52033e6eeec080428e33caf778c2d816edeca74685f6bd0e869270246ac94,cumulative-db-semantic-v1,auto_accepted,metadata_only_limitation
fragment:signal:dbda6be985cf49f8d81b42794679b462713ff7b67b56005c38ed8de0ce742cc9:H3:82cb100d53f5,H3,MARINE vs OCEANIC Differential Coverage,H3,signal:dbda6be985cf49f8d81b42794679b462713ff7b67b56005c38ed8de0ce742cc9,evidence:doi:10.1111/raq.70002,30178365958-1,blue_biotech,MARINE,M,technical_skill,technology,marine,,marine_ecological,technology,title+subject,title+subject,2690e8a85b36e910f39994436a8a8b037fffd9532c7ed86626194ee8b528c612,cumulative-db-semantic-v1,review_required,metadata_only_limitation
fragment:signal:dc5cdf8262bf2c27e3605dfe262fab04777b873b6ba450c11b3bc9b43925b20f:H3:bb24857aa436,H3,MARINE vs OCEANIC Differential Coverage,H3,signal:dc5cdf8262bf2c27e3605dfe262fab04777b873b6ba450c11b3bc9b43925b20f,evidence:doi:10.1007/s10712-020-09594-5,30178365958-1,r_i,OCEANIC,O,safety_risk_skill,hazard,marine,,marine_ecological,hazard,title+subject,title+subject,a8d396873a973ad6880596c1ea4b281b27edeb9cdfbc76ef4150a94f53326e0e,cumulative-db-semantic-v1,auto_accepted,metadata_only_limitation
fragment:signal:dd145d8aa6e861f4d5e8e71c670d9298edeffee3949209083a2e979ce49cce40:H3:56eb71565168,H3,MARINE vs OCEANIC Differential Coverage,H3,signal:dd145d8aa6e861f4d5e8e71c670d9298edeffee3949209083a2e979ce49cce40,evidence:doi:10.3389/fmars.2026.1844411,30178365958-1,living_res,MARINE,M,governance_skill,governance,marine,,marine_ecological,governance,title+subject,title+subject,c16d8c5ba702cf2f8d0a247c898dae4007387201bc5248918384cd8a596feef1,cumulative-db-semantic-v1,auto_accepted,metadata_only_limitation
fragment:signal:dd310367566f27e31c649fa12f6d5c196e89ee9d85ae7822b7d8bf7c61f856d2:H3:b2b065f53bd1,H3,MARINE vs OCEANIC Differential Coverage,H3,signal:dd310367566f27e31c649fa12f6d5c196e89ee9d85ae7822b7d8bf7c61f856d2,evidence:doi:10.65398/fokq9171,30178365958-1,living_res,OCEANIC,O,sustainability_skill,sustainability,ecological,,marine_ecological,sustainability,title+subject,title+subject,b8feb4774664f08a6321293c1f2d1c1ce9d24f682a826db0877043146f1983ae,cumulative-db-semantic-v1,auto_accepted,metadata_only_limitation
fragment:signal:ddc60e82cf0c8e52672720d789bb51a1d83d440681ad31b0e92e45f9817c6cc6:H3:6e5bb014b22f,H3,MARINE vs OCEANIC Differential Coverage,H3,signal:ddc60e82cf0c8e52672720d789bb51a1d83d440681ad31b0e92e45f9817c6cc6,evidence:doi:10.61650/ajfa.v2i2.870,30178365958-1,blue_biotech,OCEANIC,O,sustainability_skill,sustainable,marine,,marine_ecological,sustainable,title+subject,title+subject,f94bce85f47dfe1e8919bdd00dd6fee1fa94a5bb0162b61a1dc014bd28594aef,cumulative-db-semantic-v1,review_required,metadata_only_limitation
fragment:signal:dde0fe24b99ac0420995d673d1dc21d229bf83483e98562228b8aac7730ec79a:H3:96c8473636a5,H3,MARINE vs OCEANIC Differential Coverage,H3,signal:dde0fe24b99ac0420995d673d1dc21d229bf83483e98562228b8aac7730ec79a,evidence:doi:10.1007/s41055-026-00212-5,30178365958-1,blue_biotech,MARINE,M,governance_skill,governance,planetary,,oceanic_planetary,governance,title+subject,title+subject,a0690b641c5185c408f7c3fabe0837eeed83086cc4b339177953c7a2c06419b5,cumulative-db-semantic-v1,review_required,metadata_only_limitation
fragment:signal:ddfd4332eac1716f008b99a943349245f4da83744d70c39545715a5ded935fc0:H3:2013e98c5321,H3,MARINE vs OCEANIC Differential Coverage,H3,signal:ddfd4332eac1716f008b99a943349245f4da83744d70c39545715a5ded935fc0,evidence:doi:10.3390/jmse14080732,30178365958-1,living_res,MARINE,M,governance_skill,governance,marine,,marine_ecological,governance,title+subject,title+subject,d52fbd07d071175bd8f52de241ac9adc2f87d774a714fa53bdc26303c99f46fa,cumulative-db-semantic-v1,review_required,metadata_only_limitation
fragment:signal:de00538cbb1586745d6fd345c3931c1dbb01ac5964e738eb21c7a5c953a8799c:H3:0e43d0c07aaf,H3,MARINE vs OCEANIC Differential Coverage,H3,signal:de00538cbb1586745d6fd345c3931c1dbb01ac5964e738eb21c7a5c953a8799c,evidence:doi:10.1109/oceanse.2019.8867042,30178365958-1,r_i,OCEANIC,O,technical_skill,technology,marine,,marine_ecological,technology,title,title,39b48f64adbb89e890f0440dee48a9172ab1a41cde2a617d600b62f00c515381,cumulative-db-semantic-v1,review_required,metadata_only_limitation
fragment:signal:decd1a0f1adc2e69b6576101a74a246ad94a5b6da2520810b27b1b7b9a9975bf:H3:6f74dc47e494,H3,MARINE vs OCEANIC Differential Coverage,H3,signal:decd1a0f1adc2e69b6576101a74a246ad94a5b6da2520810b27b1b7b9a9975bf,evidence:doi:10.3390/su18020874,30178365958-1,non_living_res,MARINE,M,social_science_skill,community,marine,,marine_ecological,community,title+subject,title+subject,cb08af74306a0ed0a080b190ca87c9b178ebbbcbf5a0376c5fa5f9c5d2581af6,cumulative-db-semantic-v1,review_required,metadata_only_limitation
fragment:signal:dedf7fa804c4fa65b321c375433e828d807db8481be2e06758cf5ef84fddca8c:H3:7efefa4b9e03,H3,MARINE vs OCEANIC Differential Coverage,H3,signal:dedf7fa804c4fa65b321c375433e828d807db8481be2e06758cf5ef84fddca8c,evidence:doi:10.56028/aetr.15.1.2167.2025,30178365958-1,non_living_res,MARINE,M,technical_skill,technology,marine,,marine_ecological,technology,title+subject,title+subject,d418f45ccf73dde492ff79efa2a33ddf2ab6e15ab0e4d3c165eb8f404468d1d6,cumulative-db-semantic-v1,auto_accepted,metadata_only_limitation
fragment:signal:df04cd470cd6748e06dda6b5f4953f0290977e5b740e2cb7e7c1eebd544623bc:H3:8604a5d9df80,H3,MARINE vs OCEANIC Differential Coverage,H3,signal:df04cd470cd6748e06dda6b5f4953f0290977e5b740e2cb7e7c1eebd544623bc,evidence:doi:10.3390/su17219526,30178365958-1,blue_biotech,MARINE,M,policy_regulation_skill,law,marine,,marine_ecological,law,title+subject,title+subject,470485cf7c250799e9c3cbef1721c677db1b162059b3c88e246cc1aaaf87e473,cumulative-db-semantic-v1,auto_accepted,metadata_only_limitation
fragment:signal:df2b322836ade33a74f9e2e9e2eba57e187547e3352c2c6fba51a9083bb82999:H3:68d17f522345,H3,MARINE vs OCEANIC Differential Coverage,H3,signal:df2b322836ade33a74f9e2e9e2eba57e187547e3352c2c6fba51a9083bb82999,evidence:doi:10.3390/su17219733,30178365958-1,ship_repair,OCEANIC,O,governance_skill,policy,marine,,marine_ecological,policy,title+subject,title+subject,5b985e62b9e2fc0653099d8da2e96889d85a5b49d0f9597e7f0f8fa4c94ffd24,cumulative-db-semantic-v1,review_required,metadata_only_limitation
fragment:signal:df5db314ffa125e3e0539534e01d5f89aefa7e18e850d251ea321d6041125cb7:H3:efb36590bd9d,H3,MARINE vs OCEANIC Differential Coverage,H3,signal:df5db314ffa125e3e0539534e01d5f89aefa7e18e850d251ea321d6041125cb7,evidence:doi:10.3389/fmars.2026.1839386,30178365958-1,blue_biotech,MARINE,M,policy_regulation_skill,law,marine,,marine_ecological,law,title+subject,title+subject,9d4f6760a1f04678ae2ad34f04a1c492729a35760c349cab82d69646b54448e4,cumulative-db-semantic-v1,review_required,metadata_only_limitation
fragment:signal:e000b75523bbab637cf0b812d3cfa5da7dd0cafbb1d95887b6e81065c58ee7e9:H3:e2af1f0f5b5e,H3,MARINE vs OCEANIC Differential Coverage,H3,signal:e000b75523bbab637cf0b812d3cfa5da7dd0cafbb1d95887b6e81065c58ee7e9,evidence:doi:10.63330/sasciencesv6n2-044,30178365958-1,coastal_tourism,OCEANIC,O,education_training_signal,education,marine,,marine_ecological,education,title+subject,title+subject,5426c81481f8f73806aa19a8a874e5c41650de416a62bceef375e79fca8b3391,cumulative-db-semantic-v1,review_required,metadata_only_limitation
fragment:signal:e03785397295b80791ff51da97977c6308c76b3c233d5bcf5e76f9b0673a8b85:H3:251c88c7a360,H3,MARINE vs OCEANIC Differential Coverage,H3,signal:e03785397295b80791ff51da97977c6308c76b3c233d5bcf5e76f9b0673a8b85,evidence:doi:10.1007/s11831-024-10072-z,30178365958-1,living_res,MARINE,M,sustainability_skill,climate,marine,,marine_ecological,climate,title,title,675dc6731123ab4772519d413d06544c6a9dc0e0a94172648a31fd1f34db681e,cumulative-db-semantic-v1,review_required,metadata_only_limitation
fragment:signal:e0ebe3146490710f41ea0f10eaa6d32f0a5ab8beb4222091de8e687ed098bb3e:H3:453b5febe28f,H3,MARINE vs OCEANIC Differential Coverage,H3,signal:e0ebe3146490710f41ea0f10eaa6d32f0a5ab8beb4222091de8e687ed098bb3e,evidence:doi:10.1080/18366503.2026.2667102,30178365958-1,living_res,MARINE,M,digital_skill,digital,marine,,marine_ecological,digital,title+subject,title+subject,816e2799d318a28b9dd28490675dc87578ced2b339cbf75428c81b957ae7afbe,cumulative-db-semantic-v1,auto_accepted,metadata_only_limitation
fragment:signal:e0fefb26876e428a966236491644e9cd5fa6257726ed79fb7c3e8f73f27ea76c:H3:d3a294991075,H3,MARINE vs OCEANIC Differential Coverage,H3,signal:e0fefb26876e428a966236491644e9cd5fa6257726ed79fb7c3e8f73f27ea76c,evidence:doi:10.1007/s11196-026-10434-9,30178365958-1,living_res,MARINE,M,governance_skill,policy,marine,,marine_ecological,policy,title+subject,title+subject,2af4547ed92a44f4ceace3dba432d29c9f08371e38aac6132d03e97691a157c6,cumulative-db-semantic-v1,review_required,metadata_only_limitation
fragment:signal:e10ba2a3f18fc07287ad3c6960f446f0b55ca4c087e2ee505423b604c7f2e6e6:H3:2911fd925476,H3,MARINE vs OCEANIC Differential Coverage,H3,signal:e10ba2a3f18fc07287ad3c6960f446f0b55ca4c087e2ee505423b604c7f2e6e6,evidence:doi:10.3390/gels12030228,30178365958-1,blue_biotech,MARINE,M,technical_skill,engineering,marine,,marine_ecological,engineering,title+subject,title+subject,9fa5a4dfb9905d142b32c58cb2f3d3b3b47a4b9c983e13043f8af540dca77dbe,cumulative-db-semantic-v1,review_required,metadata_only_limitation
fragment:signal:e10f93eed2c19b968e4889bb4467516807f5c3f64cbed261e62058bab04eb2f1:H1:f48e57ee7ad1,H1,Maritimisation Shift,H1,signal:e10f93eed2c19b968e4889bb4467516807f5c3f64cbed261e62058bab04eb2f1,evidence:doi:10.48336/368,30178365958-1,coastal_tourism,OCEANIC,O,governance_skill,governance,ocean governance,,oceanic_governance,governance,title+subject,title+subject,84aa25cb7a76715f246458441a19e67f3cf53f685a4cc72d9cbe99faf769d1f3,cumulative-db-semantic-v1,auto_accepted,metadata_only_limitation
fragment:signal:e10f93eed2c19b968e4889bb4467516807f5c3f64cbed261e62058bab04eb2f1:H3:bd024ccb1699,H3,MARINE vs OCEANIC Differential Coverage,H3,signal:e10f93eed2c19b968e4889bb4467516807f5c3f64cbed261e62058bab04eb2f1,evidence:doi:10.48336/368,30178365958-1,coastal_tourism,OCEANIC,O,governance_skill,governance,marine,,marine_ecological,governance,title+subject,title+subject,84aa25cb7a76715f246458441a19e67f3cf53f685a4cc72d9cbe99faf769d1f3,cumulative-db-semantic-v1,auto_accepted,metadata_only_limitation
fragment:signal:e1127e34c64ffae79b557a68be5f5f37d728ba25625ccf0ec453f3a04d05b7f7:H1:a54802fca92a,H1,Maritimisation Shift,H1,signal:e1127e34c64ffae79b557a68be5f5f37d728ba25625ccf0ec453f3a04d05b7f7,evidence:doi:10.3389/focsu.2026.1820278,30178365958-1,coastal_tourism,OCEANIC,O,policy_regulation_skill,law,ocean governance,,oceanic_governance,law,title+subject,title+subject,3844953e7aeaf22008246e1d04516b5653a72e3ac80ef47383d1a5d6970a12ea,cumulative-db-semantic-v1,review_required,metadata_only_limitation
fragment:signal:e1127e34c64ffae79b557a68be5f5f37d728ba25625ccf0ec453f3a04d05b7f7:H3:8c268a433ce6,H3,MARINE vs OCEANIC Differential Coverage,H3,signal:e1127e34c64ffae79b557a68be5f5f37d728ba25625ccf0ec453f3a04d05b7f7,evidence:doi:10.3389/focsu.2026.1820278,30178365958-1,coastal_tourism,OCEANIC,O,policy_regulation_skill,law,marine,,marine_ecological,law,title+subject,title+subject,3844953e7aeaf22008246e1d04516b5653a72e3ac80ef47383d1a5d6970a12ea,cumulative-db-semantic-v1,review_required,metadata_only_limitation
fragment:signal:e1347fdbc1fbbe3f7e8beef89df14ae6f52c6b38d3bdb6c3aa01808362cb7b9c:H3:d50a59d6246f,H3,MARINE vs OCEANIC Differential Coverage,H3,signal:e1347fdbc1fbbe3f7e8beef89df14ae6f52c6b38d3bdb6c3aa01808362cb7b9c,evidence:doi:10.51414/sei2023.014,30178365958-1,maritime_transport,OCEANIC,O,sustainability_skill,sustainable,marine,,marine_ecological,sustainable,title+subject,title+subject,1f1b95eda167408cec32f2bb0652708897cb87d4c3d1fd1e34e5e13d1aa0d6bd,cumulative-db-semantic-v1,auto_accepted,metadata_only_limitation
fragment:signal:e161489fd4378dbb4aa540589043b524d629e513a352cd801aec7fc7ac374e8f:H3:b4456278c0c4,H3,MARINE vs OCEANIC Differential Coverage,H3,signal:e161489fd4378dbb4aa540589043b524d629e513a352cd801aec7fc7ac374e8f,evidence:doi:10.1007/s11160-026-10079-8,30178365958-1,coastal_tourism,OCEANIC,O,safety_risk_skill,risk,marine,,marine_ecological,risk,title+subject,title+subject,8cabd0bedbfa3c156202286b01496a458c077c243716c048425a82aede0affcd,cumulative-db-semantic-v1,review_required,metadata_only_limitation
fragment:signal:e178dfeaae7746a0bcab12dd8697aa977d8488b0b7e63751a8d51eea52b606a0:H3:e0eb7ed80aa9,H3,MARINE vs OCEANIC Differential Coverage,H3,signal:e178dfeaae7746a0bcab12dd8697aa977d8488b0b7e63751a8d51eea52b606a0,evidence:doi:10.1007/s44274-024-00161-y,30178365958-1,non_living_res,MARINE,M,sustainability_skill,sustainable,ecological,,marine_ecological,sustainable,title+subject,title+subject,b319a1d355ffa0f504a5d5516bebd6b267f70e67ccdb550895e2a03c6c9ee77b,cumulative-db-semantic-v1,review_required,metadata_only_limitation
fragment:signal:e18cadfd8e48246b49f767948c263a08da87ab1a952dcd342a3d6b616dc9d855:H3:66d04a84b6f1,H3,MARINE vs OCEANIC Differential Coverage,H3,signal:e18cadfd8e48246b49f767948c263a08da87ab1a952dcd342a3d6b616dc9d855,evidence:doi:10.63313/ebm.9204,30178365958-1,living_res,MARINE,M,governance_skill,governance,marine,,marine_ecological,governance,title+subject,title+subject,0bd39b6307b8a0c7f780bfaafb47d09509f3db0b3ba593632a771db24fea4c5d,cumulative-db-semantic-v1,auto_accepted,metadata_only_limitation
fragment:signal:e18d58c77e17c78d0a2ac8d9f18f29290c496ca3f8a629efbb5db6c2bfdde060:H3:78592e69cd77,H3,MARINE vs OCEANIC Differential Coverage,H3,signal:e18d58c77e17c78d0a2ac8d9f18f29290c496ca3f8a629efbb5db6c2bfdde060,evidence:doi:10.47772/ijriss.2025.910000727,30178365958-1,coastal_tourism,OCEANIC,O,social_science_skill,sociology,marine,,marine_ecological,sociology,title+subject,title+subject,fc0f929d7856d181ccb9bb46d2c8328b20f466cbdf560a7f24ae70b23655887f,cumulative-db-semantic-v1,review_required,metadata_only_limitation
fragment:signal:e1a049fd919caa5786fe778eb9464e070bc2c22b60c3abec7272020a6f476021:H3:fef15c8bdcee,H3,MARINE vs OCEANIC Differential Coverage,H3,signal:e1a049fd919caa5786fe778eb9464e070bc2c22b60c3abec7272020a6f476021,evidence:doi:10.1080/23789689.2026.2674348,30178365958-1,maritime_defence,OCEANIC,O,social_science_skill,community,marine,,marine_ecological,community,title+subject,title+subject,e860458928acb2ded21f9f0f0feaa1132664355848864eb21be0e4986a25607c,cumulative-db-semantic-v1,auto_accepted,metadata_only_limitation
fragment:signal:e1efea1f23f6dfabb0acb22cdddec0a7a6be47e170539f0a115df9b00ae1ff80:H3:bfb1465deba2,H3,MARINE vs OCEANIC Differential Coverage,H3,signal:e1efea1f23f6dfabb0acb22cdddec0a7a6be47e170539f0a115df9b00ae1ff80,evidence:doi:10.18045/zbefri.2026.1.9,30178365958-1,coastal_tourism,OCEANIC,O,learning_outcome_signal,ects,ecological,,marine_ecological,ects,title+subject,title+subject,640d133269733dfa94f90686d490c880136acce09d61ba77219c9213a5488603,cumulative-db-semantic-v1,review_required,metadata_only_limitation
fragment:signal:e20c0fe0da46188f6dfe028bd208cb04e3eba014446dde4599321d72f3699acc:H3:afc430dd74f9,H3,MARINE vs OCEANIC Differential Coverage,H3,signal:e20c0fe0da46188f6dfe028bd208cb04e3eba014446dde4599321d72f3699acc,evidence:doi:10.31230/osf.io/n3ms9,30178365958-1,blue_biotech,MARINE,M,technical_skill,engineering,marine,,marine_ecological,engineering,title+subject,title+subject,630d0b96874d6f67da17fb53234cc6b1765e5293f92872e11f1f27e57b5c32a4,cumulative-db-semantic-v1,review_required,metadata_only_limitation
fragment:signal:e20c5672c927ac6fcbe5b12dace5d6d2e623bd4b1bf8dc813430ff3dd73f8623:H3:7c925131d88e,H3,MARINE vs OCEANIC Differential Coverage,H3,signal:e20c5672c927ac6fcbe5b12dace5d6d2e623bd4b1bf8dc813430ff3dd73f8623,evidence:doi:10.47616/jamrsss.v7i1.700,30178365958-1,coastal_tourism,OCEANIC,O,learning_outcome_signal,ects,marine,,marine_ecological,ects,title+subject,title+subject,24a90e38b9f5ccdf879a43fd8a6a59e33a85440f33cd11a86937f48d0dba74e9,cumulative-db-semantic-v1,review_required,metadata_only_limitation
fragment:signal:e226494166b711e4e0ce991cee99e00e066869964ea1771a5fdd367babc41311:H3:e30316dce24a,H3,MARINE vs OCEANIC Differential Coverage,H3,signal:e226494166b711e4e0ce991cee99e00e066869964ea1771a5fdd367babc41311,evidence:doi:10.1016/j.engappai.2026.115190,30178365958-1,port_activities,OCEANIC,O,technical_skill,operations,marine,,marine_ecological,operations,title,title,8db9acbcb1966af5cbcb250e35632d0366d5e167cad81c8b2bae0ef3bd88cbc2,cumulative-db-semantic-v1,review_required,metadata_only_limitation
fragment:signal:e2675f2d3a9b4691a642beab62eddb2cdcf731a2fe6b95b31cfac5246dfeff40:H3:0c3a399e2174,H3,MARINE vs OCEANIC Differential Coverage,H3,signal:e2675f2d3a9b4691a642beab62eddb2cdcf731a2fe6b95b31cfac5246dfeff40,evidence:doi:10.55324/enrichment.v4i2.667,30178365958-1,coastal_tourism,OCEANIC,O,governance_skill,governance,marine,,marine_ecological,governance,title+subject,title+subject,5631328b30051ac7504e417b557d738bb80ecfeb085da2589c618190241f7340,cumulative-db-semantic-v1,auto_accepted,metadata_only_limitation
fragment:signal:e2c8e0cb02e4883778599af4c7afc6e120216fc43cc135bdbac69abfccc7d219:H3:b03537ceb12e,H3,MARINE vs OCEANIC Differential Coverage,H3,signal:e2c8e0cb02e4883778599af4c7afc6e120216fc43cc135bdbac69abfccc7d219,evidence:doi:10.52403/ijrr.20260513,30178365958-1,coastal_tourism,OCEANIC,O,governance_skill,governance,marine,,marine_ecological,governance,title+subject,title+subject,353257a39d32f2f8cdbf888cb407ace348c9713fe1fbeca60f6164f9e198ddc9,cumulative-db-semantic-v1,auto_accepted,metadata_only_limitation
fragment:signal:e2ea5cd08a69a5fcf5c1a7f5847d75660f9820ad2f7978e1e3d0b5b6a7a54c36:H3:0d3c793369ac,H3,MARINE vs OCEANIC Differential Coverage,H3,signal:e2ea5cd08a69a5fcf5c1a7f5847d75660f9820ad2f7978e1e3d0b5b6a7a54c36,evidence:doi:10.3390/su18126312,30178365958-1,non_living_res,MARINE,M,learning_outcome_signal,ects,marine,,marine_ecological,ects,title+subject,title+subject,5176bceca04fea5e50c07560ce27e65d98f9669bb94d0548419c3cec2173604a,cumulative-db-semantic-v1,review_required,metadata_only_limitation
fragment:signal:e33f81640b14b12056dd5182ccf64c21511fd1dbbf6c09ae6a91e6113607b351:H3:3cf42ab71e2a,H3,MARINE vs OCEANIC Differential Coverage,H3,signal:e33f81640b14b12056dd5182ccf64c21511fd1dbbf6c09ae6a91e6113607b351,evidence:doi:10.18174/714649,30178365958-1,non_living_res,MARINE,M,governance_skill,governance,marine,,marine_ecological,governance,title+subject,title+subject,1492d4e6be4ffbe2a5254cd046ddbd052f74d2922e3c8512dc7e89816ac6a91b,cumulative-db-semantic-v1,auto_accepted,metadata_only_limitation
fragment:signal:e3691b59eb724cfd7b11e84a45fe34c9ed1d23eb4a5a556d5606ebf12c0d2da2:H3:a2f3564be34d,H3,MARINE vs OCEANIC Differential Coverage,H3,signal:e3691b59eb724cfd7b11e84a45fe34c9ed1d23eb4a5a556d5606ebf12c0d2da2,evidence:doi:10.26554/ijems.2026.10.1.36-46,30178365958-1,blue_biotech,MARINE,M,sustainability_skill,sustainability,marine,,marine_ecological,sustainability,title+subject,title+subject,bbad539688b9e19e161e954401bf22d89884d07736b481a1b0214fcf2db82482,cumulative-db-semantic-v1,auto_accepted,metadata_only_limitation
fragment:signal:e38184294b7c57ca83a2620fccb5e8d5afea3b5fc728272a142402414f845d64:H3:fb442f4ca65f,H3,MARINE vs OCEANIC Differential Coverage,H3,signal:e38184294b7c57ca83a2620fccb5e8d5afea3b5fc728272a142402414f845d64,evidence:doi:10.1111/jwas.70092,30178365958-1,blue_biotech,MARINE,M,governance_skill,stakeholder,marine,,marine_ecological,stakeholder,title+subject,title+subject,0e38730241125008fc1376405d620c2f59c9c3855e0ce1823ad7fb95c3af1ec1,cumulative-db-semantic-v1,auto_accepted,metadata_only_limitation
fragment:signal:e38da9e8eff26b757787adfad306dc6eddd9042d41f358ff7b5c98e2d7e817ff:H3:0d6bedb47d1d,H3,MARINE vs OCEANIC Differential Coverage,H3,signal:e38da9e8eff26b757787adfad306dc6eddd9042d41f358ff7b5c98e2d7e817ff,evidence:doi:10.30958/ajt.13-1-1,30178365958-1,coastal_tourism,OCEANIC,O,policy_regulation_skill,law,marine,,marine_ecological,law,title+subject,title+subject,f5d7b2e5af3a6be979e110c4669706b4f546121384cb3084c9606ba2d239dae5,cumulative-db-semantic-v1,review_required,metadata_only_limitation
fragment:signal:e41881cf061e478fc65a529409314ce6d9f13a6b930a8fe72560cd0e7c65a196:H3:2ea85daaae1d,H3,MARINE vs OCEANIC Differential Coverage,H3,signal:e41881cf061e478fc65a529409314ce6d9f13a6b930a8fe72560cd0e7c65a196,evidence:doi:10.46799/jst.v7i7.1144,30178365958-1,living_res,MARINE,M,learning_outcome_signal,ects,ecological,,marine_ecological,ects,title+subject,title+subject,99a8b0dae0e79dfe30856cb638b9e91e25a3698876b8505f7b81e39f4429ca9f,cumulative-db-semantic-v1,review_required,metadata_only_limitation
fragment:signal:e44b3c16af7871aee935aa20707c4313e1f8deae26fe239b54e1fc4b7ee3fb63:H3:d1bbff011438,H3,MARINE vs OCEANIC Differential Coverage,H3,signal:e44b3c16af7871aee935aa20707c4313e1f8deae26fe239b54e1fc4b7ee3fb63,evidence:doi:10.9734/ajee/2025/v24i8777,30178365958-1,blue_biotech,MARINE,M,digital_skill,artificial intelligence,ecological,,marine_ecological,artificial intelligence,title+subject,title+subject,0b1658ca8eefebc39ac1198ee8eb3cc3e520b9bf7620b0f8410678092c98c755,cumulative-db-semantic-v1,review_required,metadata_only_limitation
fragment:signal:e461ca58b458185b37dba01ae444da499cdf255f63ccaaa4d16619d0f9818731:H3:4bd81779fd1d,H3,MARINE vs OCEANIC Differential Coverage,H3,signal:e461ca58b458185b37dba01ae444da499cdf255f63ccaaa4d16619d0f9818731,evidence:doi:10.4314/jsdlp.v17i1.8,30178365958-1,non_living_res,MARINE,M,technical_skill,engineering,marine,,marine_ecological,engineering,title+subject,title+subject,38dda831e13aa4efef3d73183b338c872228189395b2aa4eb2cdbd69eddf48b4,cumulative-db-semantic-v1,review_required,metadata_only_limitation
fragment:signal:e46ee3d74d6eb09b304900bd320002f3e7dd856883e506dfa309bda5b62e0d2c:H3:90306be61583,H3,MARINE vs OCEANIC Differential Coverage,H3,signal:e46ee3d74d6eb09b304900bd320002f3e7dd856883e506dfa309bda5b62e0d2c,evidence:doi:10.54254/2753-8818/2026.hz35519,30178365958-1,living_res,MARINE,M,learning_outcome_signal,ects,marine,,marine_ecological,ects,title+subject,title+subject,338c5abd1c19f591ed833ce451ed6561406945b5da8413e672605b82cb196299,cumulative-db-semantic-v1,review_required,metadata_only_limitation
fragment:signal:e48016f149311616da300b16f0b8f87dabd6c16ebdcaca3a0426e35ecd63b552:H3:f8466eeb8d0b,H3,MARINE vs OCEANIC Differential Coverage,H3,signal:e48016f149311616da300b16f0b8f87dabd6c16ebdcaca3a0426e35ecd63b552,evidence:doi:10.32942/x2gh38,30178365958-1,non_living_res,MARINE,M,policy_regulation_skill,law,marine,,marine_ecological,law,title+subject,title+subject,0d88f5325812122467773377e895debc8a350688ae1a53bdf2294de37fd0f684,cumulative-db-semantic-v1,review_required,metadata_only_limitation
fragment:signal:e4c741798618e2a03b40969b1cec04ca3e2d10b39c1d08135ac6a46a3fe8a67f:H3:da0b9e53ac81,H3,MARINE vs OCEANIC Differential Coverage,H3,signal:e4c741798618e2a03b40969b1cec04ca3e2d10b39c1d08135ac6a46a3fe8a67f,evidence:doi:10.1080/13642987.2026.2642180,30178365958-1,maritime_defence,OCEANIC,O,policy_regulation_skill,law,marine,,marine_ecological,law,title+subject,title+subject,2d1ebc8f6cc7e6f06f7a1beea42df37400643aa58f5077dc3d8312d91bd30043,cumulative-db-semantic-v1,review_required,metadata_only_limitation
fragment:signal:e51784183c69c49479219d802a3912b2cdb1b682935eff1c19623b1b6341f8dd:H3:3e66a3e88217,H3,MARINE vs OCEANIC Differential Coverage,H3,signal:e51784183c69c49479219d802a3912b2cdb1b682935eff1c19623b1b6341f8dd,evidence:doi:10.15576/asp.fc/2023.22.4.18,30178365958-1,non_living_res,MARINE,M,sustainability_skill,sustainability,marine,,marine_ecological,sustainability,title+subject,title+subject,9838e8004c2b977fc23d71e653d4e435e71d229a28fce35173eb5990483a73b9,cumulative-db-semantic-v1,auto_accepted,metadata_only_limitation
fragment:signal:e56e8b578189a0935a4127b8521220b3e62f5a785c3f69f05cc416934c66e2d4:H3:73eb0605c6c7,H3,MARINE vs OCEANIC Differential Coverage,H3,signal:e56e8b578189a0935a4127b8521220b3e62f5a785c3f69f05cc416934c66e2d4,evidence:doi:10.1016/j.marpolbul.2026.120093,30178365958-1,living_res,OCEANIC,O,social_science_skill,community,marine,,marine_ecological,community,title,title,a6b5d8b9dcc701caf1e607906c046a209305709504d23a53e173dccb7d7a32fa,cumulative-db-semantic-v1,review_required,metadata_only_limitation
fragment:signal:e5973369f10c219e37ba0dbd2307747162e3f7b4681ba2f0cf7f12d6f9226bb8:H3:55212c36be62,H3,MARINE vs OCEANIC Differential Coverage,H3,signal:e5973369f10c219e37ba0dbd2307747162e3f7b4681ba2f0cf7f12d6f9226bb8,evidence:doi:10.1007/s40152-026-00479-8,30178365958-1,living_res,MARINE,M,governance_skill,governance,marine,,marine_ecological,governance,title+subject,title+subject,95c0fd08793cefc5f4e1d74e10d479c8951c61d8066296a1416c6fe8a7f6b078,cumulative-db-semantic-v1,review_required,metadata_only_limitation
fragment:signal:e61c1aef0e6b90b47ae6339aa3006916cae6a82a4357dc1a79307cf47751a98f:H3:e4fece20c975,H3,MARINE vs OCEANIC Differential Coverage,H3,signal:e61c1aef0e6b90b47ae6339aa3006916cae6a82a4357dc1a79307cf47751a98f,evidence:doi:10.1016/j.mbs.2024.109220,30178365958-1,living_res,MARINE,M,sustainability_skill,sustainable,marine,,marine_ecological,sustainable,title,title,61411e4ed7d15be97035dd2611da223b285d07ea6b136b4f64f4aeabe03508e9,cumulative-db-semantic-v1,review_required,metadata_only_limitation
fragment:signal:e63ed9b4a81c1c8a7e8014315a2fb6b9893d6fa51df3098a58158383aa322633:H1:f0316f19870e,H1,Maritimisation Shift,H1,signal:e63ed9b4a81c1c8a7e8014315a2fb6b9893d6fa51df3098a58158383aa322633,evidence:doi:10.1016/j.marpol.2026.107235,30178365958-1,living_res,OCEANIC,O,governance_skill,governance,ocean governance,,oceanic_governance,governance,title,title,6a4b1ee473740735c1a818a407602267305aef865036b048f3126c6076114920,cumulative-db-semantic-v1,review_required,metadata_only_limitation
fragment:signal:e6c41e959901b7cff098a19daf173682206c80c8a1d8a9c534b72f863468a1b3:H3:f619a3834e5f,H3,MARINE vs OCEANIC Differential Coverage,H3,signal:e6c41e959901b7cff098a19daf173682206c80c8a1d8a9c534b72f863468a1b3,evidence:doi:10.3389/focsu.2026.1800336,30178365958-1,living_res,MARINE,M,learning_outcome_signal,ects,marine,,marine_ecological,ects,title+subject,title+subject,77921fc18759d58aa78b533c0a8ea17245ad1f1d2db26fcad4098de7307ee55e,cumulative-db-semantic-v1,review_required,metadata_only_limitation
fragment:signal:e6efd00cde0e217a0c53987aff9cbc4dc59ff7a6cf28be91779b8da5344da65c:H3:3eaf2d09b945,H3,MARINE vs OCEANIC Differential Coverage,H3,signal:e6efd00cde0e217a0c53987aff9cbc4dc59ff7a6cf28be91779b8da5344da65c,evidence:doi:10.3390/su18147144,30178365958-1,coastal_tourism,OCEANIC,O,policy_regulation_skill,law,marine,,marine_ecological,law,title+subject,title+subject,58c0065e4b295cb8a5caad5bfd764621b766ae367bfe4d5cca6bbd8610337e5c,cumulative-db-semantic-v1,review_required,metadata_only_limitation
fragment:signal:e70f1a39436f3ffe67dbb700ef26abac10a004838ea9b1de6f57b39320e6f25f:H3:a1e4bd12a652,H3,MARINE vs OCEANIC Differential Coverage,H3,signal:e70f1a39436f3ffe67dbb700ef26abac10a004838ea9b1de6f57b39320e6f25f,evidence:doi:10.3390/su18147144,30178365958-1,coastal_tourism,OCEANIC,O,sustainability_skill,sustainability,marine,,marine_ecological,sustainability,title+subject,title+subject,58c0065e4b295cb8a5caad5bfd764621b766ae367bfe4d5cca6bbd8610337e5c,cumulative-db-semantic-v1,review_required,metadata_only_limitation
fragment:signal:e72080241206fb901154031e1075fbb29ffda71198c6c938cada3edf8bf1e284:H3:8824feec69cb,H3,MARINE vs OCEANIC Differential Coverage,H3,signal:e72080241206fb901154031e1075fbb29ffda71198c6c938cada3edf8bf1e284,evidence:doi:10.3389/fclim.2025.1652871,30178365958-1,living_res,OCEANIC,O,learning_outcome_signal,ects,marine,,marine_ecological,ects,title+subject,title+subject,5b429ac88850a5f42fbffb714b6f6d2c0be46dc9fedb230d354befac3e32330c,cumulative-db-semantic-v1,review_required,metadata_only_limitation
fragment:signal:e74e875221e57399396c284bfb089e6278fc740712bb49651cf154bcada33b2a:H3:66cbf99f588c,H3,MARINE vs OCEANIC Differential Coverage,H3,signal:e74e875221e57399396c284bfb089e6278fc740712bb49651cf154bcada33b2a,evidence:doi:10.1186/s44147-026-01049-9,30178365958-1,non_living_res,MARINE,M,technical_skill,engineering,marine,,marine_ecological,engineering,title+subject,title+subject,3d5371eb47b66a2ffaf92fc2dc2f6b34c30cd493893460a62f6b798bfd498dbd,cumulative-db-semantic-v1,review_required,metadata_only_limitation
fragment:signal:e7504f699b54236bec465350381c3e4e8c49215c400d22e2832ce1a4af549be9:H3:1d7624d95d00,H3,MARINE vs OCEANIC Differential Coverage,H3,signal:e7504f699b54236bec465350381c3e4e8c49215c400d22e2832ce1a4af549be9,evidence:doi:10.2478/ebtj-2026-0009,30178365958-1,blue_biotech,MARINE,M,policy_regulation_skill,law,planetary,,oceanic_planetary,law,title+subject,title+subject,29d166ce9437c8393b173cdb098a6028983bee74ae5e91285069974f497a083f,cumulative-db-semantic-v1,review_required,metadata_only_limitation
fragment:signal:e7c699eac3f7053d7177eeb8da24754bbe05ad387f51c284cacd94f9fe8c8feb:H3:74544efcea87,H3,MARINE vs OCEANIC Differential Coverage,H3,signal:e7c699eac3f7053d7177eeb8da24754bbe05ad387f51c284cacd94f9fe8c8feb,evidence:doi:10.1017/s0922156526100703,30178365958-1,blue_biotech,MARINE,M,governance_skill,governance,marine,,marine_ecological,governance,title+subject,title+subject,78a08ec37dafd1ff0ef518e6af63e77da31797e4bcc618e09e0c9302fb8b20d5,cumulative-db-semantic-v1,review_required,metadata_only_limitation
fragment:signal:e86e61029116285d06b33d37c5eb0910f45b2604cf02e598365abdf9dcda5899:H3:fe3b6df2c912,H3,MARINE vs OCEANIC Differential Coverage,H3,signal:e86e61029116285d06b33d37c5eb0910f45b2604cf02e598365abdf9dcda5899,evidence:doi:10.3389/feart.2026.1750984,30178365958-1,maritime_defence,OCEANIC,O,governance_skill,governance,marine,,marine_ecological,governance,title+subject,title+subject,d3b28dc7007b8fb722619d844476ffaa8394f6125e7a1e738590466b5627d976,cumulative-db-semantic-v1,auto_accepted,metadata_only_limitation
fragment:signal:e8d5ba36f139ebc7afa8b1beee44eabec2b4ad2cfd5dab66e0c6646a8bb01eb3:H3:14a90bde3e27,H3,MARINE vs OCEANIC Differential Coverage,H3,signal:e8d5ba36f139ebc7afa8b1beee44eabec2b4ad2cfd5dab66e0c6646a8bb01eb3,evidence:doi:10.1109/oceans58557.2025.11104555,30178365958-1,r_i,OCEANIC,O,technical_skill,technology,marine,,marine_ecological,technology,title,title,f5f23a8cffae30d343155d2884606435e536e6e0b75ffb14a2604069c98fa89e,cumulative-db-semantic-v1,review_required,metadata_only_limitation
fragment:signal:e8e0ec248efd0cd4341895688b98188d80039f34a1796eafb48730bb96ebbe11:H3:89d52888c280,H3,MARINE vs OCEANIC Differential Coverage,H3,signal:e8e0ec248efd0cd4341895688b98188d80039f34a1796eafb48730bb96ebbe11,evidence:doi:10.20944/preprints202603.1156.v2,30178365958-1,living_res,MARINE,M,sustainability_skill,sustainability,marine,,marine_ecological,sustainability,title+subject,title+subject,ab3cffcb436e8d64e375c13f727e70ad5745717118a0b045722426a8e82736e4,cumulative-db-semantic-v1,auto_accepted,metadata_only_limitation
fragment:signal:e8ed62152df7efd1c3a879d00df6e23e0d00bfd2ba04ee43ad311f72ffc65210:H3:8c2e0cc3ba1e,H3,MARINE vs OCEANIC Differential Coverage,H3,signal:e8ed62152df7efd1c3a879d00df6e23e0d00bfd2ba04ee43ad311f72ffc65210,evidence:doi:10.1007/s41020-025-00263-5,30178365958-1,non_living_res,MARINE,M,policy_regulation_skill,law,marine,,marine_ecological,law,title+subject,title+subject,4abe2af0e395816efe486ce5bcc5e7b5ce333db5e50e777d9153451288093d52,cumulative-db-semantic-v1,review_required,metadata_only_limitation
fragment:signal:e938b463921f7eda122a55f95fb9c5b34795fa9617b127e9522bb0b21ee01dee:H3:d59a8b70e242,H3,MARINE vs OCEANIC Differential Coverage,H3,signal:e938b463921f7eda122a55f95fb9c5b34795fa9617b127e9522bb0b21ee01dee,evidence:doi:10.1017/9781009734820.004,30178365958-1,coastal_tourism,OCEANIC,O,policy_regulation_skill,regulation,marine,,marine_ecological,regulation,title+subject,title+subject,06ce3687960cf28464ecad01d6c70ac60987ab47684e49dea2cab11ebb23acdb,cumulative-db-semantic-v1,review_required,metadata_only_limitation
fragment:signal:e9572f51a8cb24bc43ed23358cf24ca2473e2d64bc7a3b08e28136c74afcff5a:H3:2c6efe0c48c3,H3,MARINE vs OCEANIC Differential Coverage,H3,signal:e9572f51a8cb24bc43ed23358cf24ca2473e2d64bc7a3b08e28136c74afcff5a,evidence:doi:10.1111/jwas.12946,30178365958-1,ship_repair,OCEANIC,O,sustainability_skill,sustainability,marine,,marine_ecological,sustainability,title+subject,title+subject,fc2fef688096f5da4d8bbcb2b4d8231dc959b38d206eb2468fa90170b27d91f5,cumulative-db-semantic-v1,auto_accepted,metadata_only_limitation
fragment:signal:e99190cb4b89baa4ed3fe8e4159ea830e007f825f10c045b1c27fcaa5df1eb6e:H3:af7bc91ce202,H3,MARINE vs OCEANIC Differential Coverage,H3,signal:e99190cb4b89baa4ed3fe8e4159ea830e007f825f10c045b1c27fcaa5df1eb6e,evidence:doi:10.1007/s40152-025-00416-1,30178365958-1,non_living_res,MARINE,M,governance_skill,governance,marine,,marine_ecological,governance,title+subject,title+subject,4e00102387ef732bff7a1306958c0b518a38ed1bd653f8bef68c1ffea90ac62d,cumulative-db-semantic-v1,review_required,metadata_only_limitation
fragment:signal:e9b573b06d8d45531bdc4a822c7f75c9423612b12cd1ba3a762e8b996a751f8e:H3:f6589568a8af,H3,MARINE vs OCEANIC Differential Coverage,H3,signal:e9b573b06d8d45531bdc4a822c7f75c9423612b12cd1ba3a762e8b996a751f8e,evidence:doi:10.36227/techrxiv.176650161.16409642/v1,30178365958-1,r_i,OCEANIC,O,safety_risk_skill,safety,marine,,marine_ecological,safety,title+subject,title+subject,8b7ca1ec065013883f91d2f72c020e244cb2aca85cf0cc845e04f8a2084a503b,cumulative-db-semantic-v1,review_required,metadata_only_limitation
fragment:signal:e9c2701166e0a4b8682d6eab1a10f7846842411adf6f2e1aa4265f1c41ed5c61:H3:ab81efff495a,H3,MARINE vs OCEANIC Differential Coverage,H3,signal:e9c2701166e0a4b8682d6eab1a10f7846842411adf6f2e1aa4265f1c41ed5c61,evidence:doi:10.53941/algaeenviron.2025.100006,30178365958-1,blue_biotech,MARINE,M,sustainability_skill,climate,marine,,marine_ecological,climate,title+subject,title+subject,1e9decd96cdd019d0bf293c702bb3b5bed4ffba16b3bfc3c3e4c18ddf6295aab,cumulative-db-semantic-v1,review_required,metadata_only_limitation
fragment:signal:e9e7284c49a70c6d181018fe3ff53048e341fbfaec8b53da986054f8e812c5db:H3:286bcf948e74,H3,MARINE vs OCEANIC Differential Coverage,H3,signal:e9e7284c49a70c6d181018fe3ff53048e341fbfaec8b53da986054f8e812c5db,evidence:doi:10.3390/w17233383,30178365958-1,r_i,OCEANIC,O,safety_risk_skill,risk,marine,,marine_ecological,risk,title+subject,title+subject,0b078883671b1bfeb0d1edbf03a308792b122eb735f55c29e5e2e11c60952692,cumulative-db-semantic-v1,review_required,metadata_only_limitation
fragment:signal:e9eba0c70e7a5c4bb1b36f13c2627239d3978b2b177293a7d2f37e733d9d4048:H3:2ebbc479e927,H3,MARINE vs OCEANIC Differential Coverage,H3,signal:e9eba0c70e7a5c4bb1b36f13c2627239d3978b2b177293a7d2f37e733d9d4048,evidence:doi:10.3389/fmars.2026.1723529,30178365958-1,blue_biotech,MARINE,M,sustainability_skill,sustainability,marine,,marine_ecological,sustainability,title+subject,title+subject,f2611985f3d2283b098b7188cad15c077e386bd5852a821cc15aa70caa6005a5,cumulative-db-semantic-v1,review_required,metadata_only_limitation
fragment:signal:e9eef0ab313448d37853422106218c716519a7aa16310d30462097bec72158ce:H3:8035f91915bd,H3,MARINE vs OCEANIC Differential Coverage,H3,signal:e9eef0ab313448d37853422106218c716519a7aa16310d30462097bec72158ce,evidence:doi:10.1007/s13280-026-02407-w,30178365958-1,living_res,MARINE,M,sustainability_skill,sustainability,marine,,marine_ecological,sustainability,title+subject,title+subject,d3fcc9a4eaa9fa0433d390ff4a2d3ad61ca8a1a5c8dc0bebb66b027467105574,cumulative-db-semantic-v1,review_required,metadata_only_limitation
fragment:signal:e9fecdab6483f9e259f98bbef5c6dcee53635e9c2cb1c1f96faae1712ac17633:H3:a3ef91d55cac,H3,MARINE vs OCEANIC Differential Coverage,H3,signal:e9fecdab6483f9e259f98bbef5c6dcee53635e9c2cb1c1f96faae1712ac17633,evidence:doi:10.1016/j.envc.2026.101550,30178365958-1,blue_biotech,OCEANIC,O,governance_skill,governance,marine,,marine_ecological,governance,title,title,e557afe92d274a36597d49f81b3975f6e5740960681b159442188ee6d900e373,cumulative-db-semantic-v1,review_required,metadata_only_limitation
fragment:signal:ea2325a95d797cb3244e03b958278bcee44f39d388ec3bcd338d05fa1f78b41e:H3:d66dbb469da8,H3,MARINE vs OCEANIC Differential Coverage,H3,signal:ea2325a95d797cb3244e03b958278bcee44f39d388ec3bcd338d05fa1f78b41e,evidence:doi:10.32479/irmm.23764,30178365958-1,living_res,MARINE,M,sustainability_skill,sustainability,planetary,,oceanic_planetary,sustainability,title+subject,title+subject,e646b2d7cf21d9f08a99ff34380bbc78a692b3c4428c68c308001c6e723c2355,cumulative-db-semantic-v1,auto_accepted,metadata_only_limitation
fragment:signal:ea660d3651b34f5ca6edcc0be4e5705847449559b3f8d26aaf2ab96c10304f17:H3:762e08028570,H3,MARINE vs OCEANIC Differential Coverage,H3,signal:ea660d3651b34f5ca6edcc0be4e5705847449559b3f8d26aaf2ab96c10304f17,evidence:doi:10.1080/08941920.2026.2701450,30178365958-1,living_res,MARINE,M,sustainability_skill,resilience,marine,,marine_ecological,resilience,title+subject,title+subject,f3cb02772ade8d6dd5919518a219e409283bd2414525e61bd3a33585e9bfc83f,cumulative-db-semantic-v1,auto_accepted,metadata_only_limitation
fragment:signal:ea8f0cdd635a244122f6023d552f0cdfa10dfaafd3aea84c47c662eb0e38745d:H3:8b7abab58e7d,H3,MARINE vs OCEANIC Differential Coverage,H3,signal:ea8f0cdd635a244122f6023d552f0cdfa10dfaafd3aea84c47c662eb0e38745d,evidence:doi:10.32628/ijsrst2613115,30178365958-1,blue_biotech,MARINE,M,sustainability_skill,sustainability,marine,,marine_ecological,sustainability,title+subject,title+subject,1ac28a77c52b00e50e1d122410e3037ab21e057821f19c9b8e4e24575a09c23a,cumulative-db-semantic-v1,review_required,metadata_only_limitation
fragment:signal:eaa9e1143311b73a690d013b1eff8c3f5b50feb2b40d64545559edd2749831a5:H3:c66a9bb84f08,H3,MARINE vs OCEANIC Differential Coverage,H3,signal:eaa9e1143311b73a690d013b1eff8c3f5b50feb2b40d64545559edd2749831a5,evidence:doi:10.29244/coj.v10i1.72769,30178365958-1,coastal_tourism,OCEANIC,O,safety_risk_skill,hazard,marine,,marine_ecological,hazard,title+subject,title+subject,acc2d18fa84b7efd89918be79dd59fa2ba8141939eec0ec0d2b15759fbafcc9b,cumulative-db-semantic-v1,review_required,metadata_only_limitation
fragment:signal:eacb8cc12ee9a7184eceb610e3e22ffbd30f0bd321d7788daa7806c677dfa46d:H3:357e8f4701f1,H3,MARINE vs OCEANIC Differential Coverage,H3,signal:eacb8cc12ee9a7184eceb610e3e22ffbd30f0bd321d7788daa7806c677dfa46d,evidence:doi:10.51244/ijrsi.2026.1306000119,30178365958-1,coastal_tourism,OCEANIC,O,digital_skill,digital,marine,,marine_ecological,digital,title+subject,title+subject,6ba12fd21c347cc3d5904b766a17e8a38dcee14b1cf28a65e729834f7a95d15e,cumulative-db-semantic-v1,auto_accepted,metadata_only_limitation
fragment:signal:eaef2fdb1669fe955787499cdf1e1e88049ff813f7aeb27f4365673408d3b382:H3:9983532d9f20,H3,MARINE vs OCEANIC Differential Coverage,H3,signal:eaef2fdb1669fe955787499cdf1e1e88049ff813f7aeb27f4365673408d3b382,evidence:doi:10.37933/jete/7.4.2025.2576,30178365958-1,non_living_res,MARINE,M,policy_regulation_skill,compliance,marine,,marine_ecological,compliance,title+subject,title+subject,679d2b737a66d9a1c9263ee98a0023e6be65d965e63d8c84a7013b04b485ae49,cumulative-db-semantic-v1,review_required,metadata_only_limitation
fragment:signal:eb0b12b0c22fdc64e72750d9d20a17d41537f3daa762a3660cf29991e7ab5cb5:H3:ab1039f619b5,H3,MARINE vs OCEANIC Differential Coverage,H3,signal:eb0b12b0c22fdc64e72750d9d20a17d41537f3daa762a3660cf29991e7ab5cb5,evidence:doi:10.1016/j.fufo.2026.101092,30178365958-1,non_living_res,OCEANIC,O,governance_skill,stakeholder,marine,,marine_ecological,stakeholder,title,title,21c54368c8f1bc0c01b02efbe0da0f7c4566b40dedb62b22d691dfe54d7ba402,cumulative-db-semantic-v1,review_required,metadata_only_limitation
fragment:signal:ebcf4ae6687a5fc86ecff9d2944b50590755e6e5cd9f76184941da72b29fb121:H3:1cef38494bae,H3,MARINE vs OCEANIC Differential Coverage,H3,signal:ebcf4ae6687a5fc86ecff9d2944b50590755e6e5cd9f76184941da72b29fb121,evidence:doi:10.55681/economina.v5i5.2191,30178365958-1,coastal_tourism,OCEANIC,O,sustainability_skill,sustainability,marine,,marine_ecological,sustainability,title+subject,title+subject,7223dfc5ce9f1ab4fee0427e336808ffed2997a7becd4c3f40fe8e6c66e59189,cumulative-db-semantic-v1,auto_accepted,metadata_only_limitation
fragment:signal:ebdda94e6be187af207142845e614f49af5d20815a58d4b3e2c02df5470ed97a:H3:cae55cc9a4ec,H3,MARINE vs OCEANIC Differential Coverage,H3,signal:ebdda94e6be187af207142845e614f49af5d20815a58d4b3e2c02df5470ed97a,evidence:doi:10.1016/j.jnc.2026.127366,30178365958-1,living_res,OCEANIC,O,governance_skill,governance,marine,,marine_ecological,governance,title,title,72a102a995c76298d1c7b4cd3660f9cfddfac9a5e81fd1d8d4a117e534ee0f8f,cumulative-db-semantic-v1,review_required,metadata_only_limitation
fragment:signal:ec16ad2cf6899870f2066696e7cde192a9507f92e093d141a0446dcbc3366453:H3:32276e6e5f53,H3,MARINE vs OCEANIC Differential Coverage,H3,signal:ec16ad2cf6899870f2066696e7cde192a9507f92e093d141a0446dcbc3366453,evidence:doi:10.33175/mtr.2026.287112,30178365958-1,coastal_tourism,OCEANIC,O,sustainability_skill,sustainable,marine,,marine_ecological,sustainable,title+subject,title+subject,5a62a28e1381d1c9a40ff1546002b05e7219e2ea643a63b361df6111a7ac5172,cumulative-db-semantic-v1,review_required,metadata_only_limitation
fragment:signal:ec1ea1240b29a16f0b5e7bd112ca0daac6e500b41cc3b6319a77935fb38548a4:H3:73cfa104392a,H3,MARINE vs OCEANIC Differential Coverage,H3,signal:ec1ea1240b29a16f0b5e7bd112ca0daac6e500b41cc3b6319a77935fb38548a4,evidence:doi:10.30892/gtg.662spl38-1799,30178365958-1,coastal_tourism,OCEANIC,O,social_science_skill,community,marine,,marine_ecological,community,title+subject,title+subject,158f1972e99aef57862a30ab1bc6d220723802d69d3ef199b25d28b6cc39c0a0,cumulative-db-semantic-v1,review_required,metadata_only_limitation
fragment:signal:ec453ef1b4b33d3fffe5fcb4f845d722b602399250f68238e5ce041ce00f3714:H3:997cac361fe4,H3,MARINE vs OCEANIC Differential Coverage,H3,signal:ec453ef1b4b33d3fffe5fcb4f845d722b602399250f68238e5ce041ce00f3714,evidence:doi:10.1016/j.jenvman.2026.129802,30178365958-1,living_res,MARINE,M,sustainability_skill,resilience,marine,,marine_ecological,resilience,title+subject,title+subject,ddc2f16f7dbe74c27c5466e484129312d25ca6610f1dd6102212baad96cfacc4,cumulative-db-semantic-v1,auto_accepted,metadata_only_limitation
fragment:signal:ec86415772394348dcf42cb4ce2038de9d18ccc76071c7f02fca9d4c9ade5156:H3:8c9d69c2b85b,H3,MARINE vs OCEANIC Differential Coverage,H3,signal:ec86415772394348dcf42cb4ce2038de9d18ccc76071c7f02fca9d4c9ade5156,evidence:doi:10.30892/gtg.662spl04-1765,30178365958-1,coastal_tourism,OCEANIC,O,sustainability_skill,sustainability,marine,,marine_ecological,sustainability,title+subject,title+subject,bebea2bf0ac40b23bbea8174763f6c454e2a5fc02c7d04d500bd79fffe5fd3e4,cumulative-db-semantic-v1,review_required,metadata_only_limitation
fragment:signal:ec9fed6cc142de06e169cafba950741335b59087a0415d60e981958ffe30bfc7:H3:0361529a60cb,H3,MARINE vs OCEANIC Differential Coverage,H3,signal:ec9fed6cc142de06e169cafba950741335b59087a0415d60e981958ffe30bfc7,evidence:doi:10.3390/land15020208,30178365958-1,maritime_defence,OCEANIC,O,sustainability_skill,sustainable,marine,,marine_ecological,sustainable,title+subject,title+subject,e4782ab6eb0f664c5a0e070677edc0b6e762577dd2b49bdbef42c25a6a9eb1f5,cumulative-db-semantic-v1,review_required,metadata_only_limitation
fragment:signal:ecbdd2a81def3342fe4a78f272828fc667a695404f5985b74789977391fd305f:H3:531b652352c8,H3,MARINE vs OCEANIC Differential Coverage,H3,signal:ecbdd2a81def3342fe4a78f272828fc667a695404f5985b74789977391fd305f,evidence:doi:10.59117/20.500.11822/45890,30178365958-1,non_living_res,MARINE,M,learning_outcome_signal,ects,planetary,,oceanic_planetary,ects,title+subject,title+subject,22f5a033d768b6e3d0cf6664c6ef4a865a6fe8756b6790fb2ed90e5c18522adf,cumulative-db-semantic-v1,review_required,metadata_only_limitation
fragment:signal:ecc35d554775af6d74bfbf346fa2928bbae26fa8016ddaae302f5f960c95615b:H3:8729e7c4fb92,H3,MARINE vs OCEANIC Differential Coverage,H3,signal:ecc35d554775af6d74bfbf346fa2928bbae26fa8016ddaae302f5f960c95615b,evidence:doi:10.1111/jfb.70180,30178365958-1,blue_biotech,MARINE,M,social_science_skill,sociology,marine,,marine_ecological,sociology,title+subject,title+subject,c315be92349e3f45cce24aa37be1744507de57206df0dcdfd31ca1de44a3d301,cumulative-db-semantic-v1,review_required,metadata_only_limitation
fragment:signal:ed0078c59f023ddded650e57bf7819bcdefde16901176b49bdaf23739de50dfa:H3:a9624ab3527b,H3,MARINE vs OCEANIC Differential Coverage,H3,signal:ed0078c59f023ddded650e57bf7819bcdefde16901176b49bdaf23739de50dfa,evidence:doi:10.3390/su151410921,30178365958-1,non_living_res,MARINE,M,policy_regulation_skill,law,marine,,marine_ecological,law,title+subject,title+subject,b94049fef2cdc75be903f5461bb7ec706679b74ce659dd81481ff5100b4efa0b,cumulative-db-semantic-v1,review_required,metadata_only_limitation
fragment:signal:ed0edcc6aad9c5ba181fc4a348ef09e3124fab91a0f6be3a7f7cbbfb98915a25:H3:4cec739d5456,H3,MARINE vs OCEANIC Differential Coverage,H3,signal:ed0edcc6aad9c5ba181fc4a348ef09e3124fab91a0f6be3a7f7cbbfb98915a25,evidence:doi:10.20944/preprints202602.1245.v1,30178365958-1,blue_biotech,MARINE,M,safety_risk_skill,safety,ecological,,marine_ecological,safety,title+subject,title+subject,667189f19f0a6013a8415f0e8222eb3abf64b29f748c69f50d85651f0052cd5d,cumulative-db-semantic-v1,auto_accepted,metadata_only_limitation
fragment:signal:ed28ab5c4b65d3cc6c7cf37c7a821c8905ac5d69bd8935fb8f662ac71aac2c90:H3:b57a8d567ae5,H3,MARINE vs OCEANIC Differential Coverage,H3,signal:ed28ab5c4b65d3cc6c7cf37c7a821c8905ac5d69bd8935fb8f662ac71aac2c90,evidence:doi:10.1038/s41598-026-45750-4,30178365958-1,maritime_defence,OCEANIC,O,technical_skill,engineering,marine,,marine_ecological,engineering,title+subject,title+subject,a516e1f588cc6e1d9a53e277b376c1855f0dc1db45a5d037927b74899eb61d50,cumulative-db-semantic-v1,review_required,metadata_only_limitation
fragment:signal:ed560f890d54a744296ed79b7c2155c8377d6888f78e9480fafac6aa49b04fdf:H3:996a303593f6,H3,MARINE vs OCEANIC Differential Coverage,H3,signal:ed560f890d54a744296ed79b7c2155c8377d6888f78e9480fafac6aa49b04fdf,evidence:doi:10.1038/s44183-025-00166-x,30178365958-1,blue_biotech,OCEANIC,O,governance_skill,governance,marine,,marine_ecological,governance,title+subject,title+subject,f83175f3a2e8bcbb065742cf9134973ca1863e3b0c1d99c5002e99ea5e90f69d,cumulative-db-semantic-v1,review_required,metadata_only_limitation
fragment:signal:ed5cd9f7969d7ffbef90add935cbae7417a09a4651a05153a532dbe625025cba:H3:38069f6b15d9,H3,MARINE vs OCEANIC Differential Coverage,H3,signal:ed5cd9f7969d7ffbef90add935cbae7417a09a4651a05153a532dbe625025cba,evidence:doi:10.3390/biomass6010009,30178365958-1,blue_biotech,MARINE,M,sustainability_skill,sustainability,marine,,marine_ecological,sustainability,title+subject,title+subject,a2aa0a6113c8d1b3e52b085f0517a2616ebec622623835b5a14707cac2aaa9d2,cumulative-db-semantic-v1,review_required,metadata_only_limitation
fragment:signal:ed79acab6bf02b6bcd19364a45f97d875814b73aeb89996abf074e3773744e36:H3:7bc5476ad7f2,H3,MARINE vs OCEANIC Differential Coverage,H3,signal:ed79acab6bf02b6bcd19364a45f97d875814b73aeb89996abf074e3773744e36,evidence:doi:10.1007/s40152-026-00502-y,30178365958-1,living_res,MARINE,M,policy_regulation_skill,law,marine,,marine_ecological,law,title+subject,title+subject,e8b4698e273c932f8b928fb4d54de51cf627c25c198518789cab9718711d4242,cumulative-db-semantic-v1,review_required,metadata_only_limitation
fragment:signal:ed8906dd0d5d8b688722dc571bdda8cc1f3f0ca91bcd8eaf09868736a0d11499:H3:f36a4a700540,H3,MARINE vs OCEANIC Differential Coverage,H3,signal:ed8906dd0d5d8b688722dc571bdda8cc1f3f0ca91bcd8eaf09868736a0d11499,evidence:doi:10.22429/euc2026.jmr23.1.17,30178365958-1,coastal_tourism,OCEANIC,O,policy_regulation_skill,law,marine,,marine_ecological,law,title+subject,title+subject,0efb8a33ff3353116ee38fdbd3aab5eccfdd657a8a218dd3907153ce2dbf009c,cumulative-db-semantic-v1,review_required,metadata_only_limitation
fragment:signal:ee437d9f4767b61dddffec06e45fdff15d7cf8e883b89bca0e17402b78b1c2b1:H3:e10f4758f838,H3,MARINE vs OCEANIC Differential Coverage,H3,signal:ee437d9f4767b61dddffec06e45fdff15d7cf8e883b89bca0e17402b78b1c2b1,evidence:doi:10.3390/bacteria5010012,30178365958-1,blue_biotech,MARINE,M,sustainability_skill,climate,ecological,,marine_ecological,climate,title+subject,title+subject,8de90174fcd387f5678588ecff27ab25b04f72c68cb75caf14bdb0ecd9b74380,cumulative-db-semantic-v1,review_required,metadata_only_limitation
fragment:signal:ee66c7c84ce1f320eee033e51ff79c05967b58ac084eb3290d51770c0d9fba7d:H3:32f7b4fef874,H3,MARINE vs OCEANIC Differential Coverage,H3,signal:ee66c7c84ce1f320eee033e51ff79c05967b58ac084eb3290d51770c0d9fba7d,evidence:doi:10.1016/j.icheatmasstransfer.2026.111932,30178365958-1,blue_biotech,OCEANIC,O,policy_regulation_skill,law,marine,,marine_ecological,law,title,title,ef604b62afa64c5f8dd83a05ba319a8c85386ea30911d6d98a3b47f1559e8e23,cumulative-db-semantic-v1,review_required,metadata_only_limitation
fragment:signal:ee982291880dce4118e732dec26f6e0c9f121dc6e76268e8fed2275377971e5a:H3:824dc3578f32,H3,MARINE vs OCEANIC Differential Coverage,H3,signal:ee982291880dce4118e732dec26f6e0c9f121dc6e76268e8fed2275377971e5a,evidence:doi:10.3389/fmars.2026.1716796,30178365958-1,r_i,OCEANIC,O,sustainability_skill,resilience,marine,,marine_ecological,resilience,title+subject,title+subject,60d59155f500c58606d93c5987d7273a213d06567825d7c5140df5c19e116bde,cumulative-db-semantic-v1,review_required,metadata_only_limitation
fragment:signal:eeb939e683c621e46d2fe5bef3e7589cd6eb5240cfc249e205eb5c5d222682b0:H1:2ccdeacc05d5,H1,Maritimisation Shift,H1,signal:eeb939e683c621e46d2fe5bef3e7589cd6eb5240cfc249e205eb5c5d222682b0,evidence:doi:10.1007/s41125-026-00113-y,30178365958-1,maritime_defence,MARITIME,T,policy_regulation_skill,law,maritime infrastructure,,maritime_dominance,law,title+subject,title+subject,57c5de2d996e403a4c9aafb122fa3dec389e00252374f67c67691b63e7e0722a,cumulative-db-semantic-v1,review_required,metadata_only_limitation
fragment:signal:eef7ad2d467b058822527f66c1b803324600cd1ae699af0c85400802a8d78420:H3:4c89cb58d08d,H3,MARINE vs OCEANIC Differential Coverage,H3,signal:eef7ad2d467b058822527f66c1b803324600cd1ae699af0c85400802a8d78420,evidence:doi:10.3390/su18126116,30178365958-1,coastal_tourism,OCEANIC,O,sustainability_skill,climate,marine,,marine_ecological,climate,title+subject,title+subject,1f62ab1a38e9fa2f8cbaa6dcd0ff9388d907bb28c4aba23da3aabbbd656107ff,cumulative-db-semantic-v1,review_required,metadata_only_limitation
fragment:signal:ef0497d159a21ec813403f0e21c7f5808acf0907df5ffe06fcd3294b325b98b1:H3:ec2924da6443,H3,MARINE vs OCEANIC Differential Coverage,H3,signal:ef0497d159a21ec813403f0e21c7f5808acf0907df5ffe06fcd3294b325b98b1,evidence:doi:10.55845/jos-2026-2197,30178365958-1,living_res,MARINE,M,sustainability_skill,sustainability,planetary,,oceanic_planetary,sustainability,title+subject,title+subject,452d3b40846f532a159cabbb7dff573625051464e1b136715cf2c763114f978a,cumulative-db-semantic-v1,auto_accepted,metadata_only_limitation
fragment:signal:ef771880f421c577b6740e30edda92114a1f17f8790c106c7b7f68155fb3d4a1:H3:4012dc1192c5,H3,MARINE vs OCEANIC Differential Coverage,H3,signal:ef771880f421c577b6740e30edda92114a1f17f8790c106c7b7f68155fb3d4a1,evidence:doi:10.1186/s41072-026-00245-3,30178365958-1,coastal_tourism,OCEANIC,O,sustainability_skill,sustainable,marine,,marine_ecological,sustainable,title+subject,title+subject,bc9db1cdfa9658b53275323ee07433a72a1ffa177cb4441a3bbf151e1f364d5c,cumulative-db-semantic-v1,auto_accepted,metadata_only_limitation
fragment:signal:efc56622e911df4ca1d859513d4841b5177e8c939cb2aaa6c2bcaf28df7030a7:H3:4961b86b087e,H3,MARINE vs OCEANIC Differential Coverage,H3,signal:efc56622e911df4ca1d859513d4841b5177e8c939cb2aaa6c2bcaf28df7030a7,evidence:doi:10.3389/fmars.2026.1813740,30178365958-1,blue_biotech,MARINE,M,sustainability_skill,sustainable,marine,,marine_ecological,sustainable,title+subject,title+subject,27d7c4270534b71baf1c8237f98affca24eac8852a9986d53606bb4ce54af0ec,cumulative-db-semantic-v1,auto_accepted,metadata_only_limitation
fragment:signal:effc9c6915bb389c4198b694aea49fc3d29a032c4fcb59fc9554c8a76ba5713e:H3:f14db17cfe7f,H3,MARINE vs OCEANIC Differential Coverage,H3,signal:effc9c6915bb389c4198b694aea49fc3d29a032c4fcb59fc9554c8a76ba5713e,evidence:doi:10.3389/fmars.2025.1577490,30178365958-1,blue_biotech,OCEANIC,O,governance_skill,policy,marine,,marine_ecological,policy,title+subject,title+subject,328b72e3efa3db19d2b6bf189594c6495056514d3847e93853012c6eca0e611b,cumulative-db-semantic-v1,review_required,metadata_only_limitation
fragment:signal:f0290a874482c73d999dcd44c1b6b3384c0430659d1d9b1c340e81be8082a7a0:H3:c33516907320,H3,MARINE vs OCEANIC Differential Coverage,H3,signal:f0290a874482c73d999dcd44c1b6b3384c0430659d1d9b1c340e81be8082a7a0,evidence:doi:10.3389/focsu.2026.1751387,30178365958-1,blue_biotech,MARINE,M,sustainability_skill,sustainability,marine,,marine_ecological,sustainability,title+subject,title+subject,2c68d8971635cb1974b3917580a9fe8667bf466f805e2c50a00a984970018ab1,cumulative-db-semantic-v1,review_required,metadata_only_limitation
fragment:signal:f062b152fbb575866363ed60741788b14ba37ac8cc31736f1902c5182b71aca0:H3:2fa643e90a62,H3,MARINE vs OCEANIC Differential Coverage,H3,signal:f062b152fbb575866363ed60741788b14ba37ac8cc31736f1902c5182b71aca0,evidence:doi:10.3389/fmars.2026.1873739,30178365958-1,blue_biotech,MARINE,M,policy_regulation_skill,law,marine,,marine_ecological,law,title+subject,title+subject,e94fa453c8d1419281180cee3123b12148e6afc614eeb545383522010faaa55e,cumulative-db-semantic-v1,review_required,metadata_only_limitation
fragment:signal:f0895d1fe7f326d2bf25cc41979d36284df1355f74944250a34ca8dedd11514c:H3:bc64098884f0,H3,MARINE vs OCEANIC Differential Coverage,H3,signal:f0895d1fe7f326d2bf25cc41979d36284df1355f74944250a34ca8dedd11514c,evidence:doi:10.1016/j.apgeochem.2026.106910,30178365958-1,blue_biotech,OCEANIC,O,digital_skill,ai,marine,,marine_ecological,ai,title,title,d55f3a16ba50b6743398449acf1ee3c255ba3922219be8cb505a6fa007940606,cumulative-db-semantic-v1,review_required,metadata_only_limitation
fragment:signal:f0c4efedbda170237bc4e996af2f612ef406f08618d5442402d927204e821341:H3:6f9cf417e2f8,H3,MARINE vs OCEANIC Differential Coverage,H3,signal:f0c4efedbda170237bc4e996af2f612ef406f08618d5442402d927204e821341,evidence:doi:10.1002/aqc.3182,30178365958-1,maritime_transport,OCEANIC,O,sustainability_skill,climate,marine,,marine_ecological,climate,title+subject,title+subject,e427d59e1faad4253c561f8df427066c22631c71bd2e803540a85121f4c4e50e,cumulative-db-semantic-v1,review_required,metadata_only_limitation
fragment:signal:f0cbca849d8a8068e7b82133ab9d5a499ee1ab7b3648a0cba805109f84f6a742:H3:faf7308ae3bc,H3,MARINE vs OCEANIC Differential Coverage,H3,signal:f0cbca849d8a8068e7b82133ab9d5a499ee1ab7b3648a0cba805109f84f6a742,evidence:doi:10.1016/j.scitotenv.2024.173842,30178365958-1,living_res,OCEANIC,O,sustainability_skill,sustainability,marine,,marine_ecological,sustainability,title+subject,title+subject,a4b2e65c4e63d26aae97318d6e30f3fc30ab80544c629742efc8a5f16bc5a93c,cumulative-db-semantic-v1,auto_accepted,metadata_only_limitation
fragment:signal:f0d20e6008e197507f5602d45fab09214ff3f427f09ffb8df918c4c681611721:H3:d23e7a7de40e,H3,MARINE vs OCEANIC Differential Coverage,H3,signal:f0d20e6008e197507f5602d45fab09214ff3f427f09ffb8df918c4c681611721,evidence:doi:10.1002/gch2.202500581,30178365958-1,renewable_energy,OCEANIC,O,technical_skill,engineering,marine,,marine_ecological,engineering,title+subject,title+subject,378657c1947ecf260dbdfd168b360d4eab140454bf8b2e2180d59bd798236696,cumulative-db-semantic-v1,review_required,metadata_only_limitation
fragment:signal:f0e1c5b49b89105a59119f0d8c9abfbe52245126ead61532cb896ea667bd4cfb:H3:ede77ed62d5d,H3,MARINE vs OCEANIC Differential Coverage,H3,signal:f0e1c5b49b89105a59119f0d8c9abfbe52245126ead61532cb896ea667bd4cfb,evidence:doi:10.3390/su18136767,30178365958-1,living_res,MARINE,M,governance_skill,governance,marine,,marine_ecological,governance,title+subject,title+subject,8b870fcca8643caedf8e357f663ecf3f56ab6898801e0deaa089c59cfe03499f,cumulative-db-semantic-v1,auto_accepted,metadata_only_limitation
fragment:signal:f18b95234f508817a9145f9eaab2ee0146d1a5bde74871a228278fe3c751b496:H1:39b05c881dae,H1,Maritimisation Shift,H1,signal:f18b95234f508817a9145f9eaab2ee0146d1a5bde74871a228278fe3c751b496,evidence:doi:10.1016/j.psep.2025.107421,30178365958-1,renewable_energy,MARITIME,T,sustainability_skill,sustainable,techno-economic,,maritime_dominance,sustainable,title,title,14c38441884fe0e7b362c79db1435e8da8ea83eb57c30e36eac1e3e89609cc61,cumulative-db-semantic-v1,review_required,metadata_only_limitation
fragment:signal:f19b8303afd438755d17f553f8015392afe37b67b234800520fcfea800fb968e:H3:e233cbd84816,H3,MARINE vs OCEANIC Differential Coverage,H3,signal:f19b8303afd438755d17f553f8015392afe37b67b234800520fcfea800fb968e,evidence:doi:10.1051/bioconf/202624503001,30178365958-1,maritime_defence,OCEANIC,O,governance_skill,policy,marine,,marine_ecological,policy,title+subject,title+subject,4c19bd5790e6dd05bcf8d62338a70f37905cf2003000c728f818f649cd7b0b28,cumulative-db-semantic-v1,auto_accepted,metadata_only_limitation
fragment:signal:f1a20547b281483fdd58c0e52e672ed0ea79685d68fbbf47b6197ddf031e8271:H3:3b10d685555b,H3,MARINE vs OCEANIC Differential Coverage,H3,signal:f1a20547b281483fdd58c0e52e672ed0ea79685d68fbbf47b6197ddf031e8271,evidence:doi:10.3390/su18020874,30178365958-1,non_living_res,MARINE,M,governance_skill,governance,marine,,marine_ecological,governance,title+subject,title+subject,cb08af74306a0ed0a080b190ca87c9b178ebbbcbf5a0376c5fa5f9c5d2581af6,cumulative-db-semantic-v1,review_required,metadata_only_limitation
fragment:signal:f1aa62a5bf1b6fe3b554132587af299dbd92eb83c1d4bc11ef39461cc0607d14:H3:3d33c5e0b415,H3,MARINE vs OCEANIC Differential Coverage,H3,signal:f1aa62a5bf1b6fe3b554132587af299dbd92eb83c1d4bc11ef39461cc0607d14,evidence:doi:10.31940/ijaste.v10i1.33-55,30178365958-1,r_i,OCEANIC,O,learning_outcome_signal,ects,marine,,marine_ecological,ects,title+subject,title+subject,4799eed07732bd540f0cf0c6cfff47c8947428f16345e33e96572a9996c39bcf,cumulative-db-semantic-v1,review_required,metadata_only_limitation
fragment:signal:f1b74802f7550417fe82db682051f9d3aa0e691da857cfae72e0c1e36c58c2b0:H3:e8deacb3075e,H3,MARINE vs OCEANIC Differential Coverage,H3,signal:f1b74802f7550417fe82db682051f9d3aa0e691da857cfae72e0c1e36c58c2b0,evidence:doi:10.56578/cis140309,30178365958-1,non_living_res,MARINE,M,learning_outcome_signal,ects,marine,,marine_ecological,ects,title+subject,title+subject,6c254fc942cfd83fedafe01e8f66421d8454ff0239a012d6190968ffd0030f92,cumulative-db-semantic-v1,review_required,metadata_only_limitation
fragment:signal:f204c5288968611ebcfce10032b75e7679ac6a74ae0bc53d8e8bdd58bbbde2d1:H3:bc3d8a4ef5ae,H3,MARINE vs OCEANIC Differential Coverage,H3,signal:f204c5288968611ebcfce10032b75e7679ac6a74ae0bc53d8e8bdd58bbbde2d1,evidence:doi:10.11594/ijmaber.04.07.25,30178365958-1,non_living_res,MARINE,M,education_training_signal,curriculum,marine,,marine_ecological,curriculum,title+subject,title+subject,4ffafc501f2fbe3828306342fa94d40b8a613d5fcd69f2a4560b154f283a6cad,cumulative-db-semantic-v1,review_required,metadata_only_limitation
fragment:signal:f21f8c070776f847bf589555da078227c86f5f2c62ce32e6f70a4bb83e3348d0:H3:846806f0eae1,H3,MARINE vs OCEANIC Differential Coverage,H3,signal:f21f8c070776f847bf589555da078227c86f5f2c62ce32e6f70a4bb83e3348d0,evidence:doi:10.3389/fmars.2026.1766628,30178365958-1,blue_biotech,MARINE,M,technical_skill,technology,marine,,marine_ecological,technology,title+subject,title+subject,bc8c70dd6e6b3fce18436e107c334007ceb05b74a1cfad24f78d58626e622e47,cumulative-db-semantic-v1,review_required,metadata_only_limitation
fragment:signal:f2404ea61c630cf78b2ebd393f776e050abcef368ca3338c062993c47a4785aa:H3:b44f0def0782,H3,MARINE vs OCEANIC Differential Coverage,H3,signal:f2404ea61c630cf78b2ebd393f776e050abcef368ca3338c062993c47a4785aa,evidence:doi:10.3390/environments13080415,30178365958-1,non_living_res,MARINE,M,sustainability_skill,sustainability,marine,,marine_ecological,sustainability,title+subject,title+subject,f034b15c7a2a9492884972a4bbf6e676ea63add012dfa70f6791683c09da79ba,cumulative-db-semantic-v1,review_required,metadata_only_limitation
fragment:signal:f267c78d4b5a3a789eeb656b77914f00407852008cf53842e1d6ce6198c8edd0:H3:696be82b77fd,H3,MARINE vs OCEANIC Differential Coverage,H3,signal:f267c78d4b5a3a789eeb656b77914f00407852008cf53842e1d6ce6198c8edd0,evidence:doi:10.35800/jip.v14i2.68521,30178365958-1,coastal_tourism,OCEANIC,O,sustainability_skill,sustainability,marine,,marine_ecological,sustainability,title+subject,title+subject,c6702cfe81cfcaef47dca18e1231b496144c1f478a2568a67ba0a8bb3bc240ee,cumulative-db-semantic-v1,review_required,metadata_only_limitation
fragment:signal:f2b7d2becc51eec75dc4e129f27ce906b223518fda9cf2613d7174d95b3282ac:H3:201192fb319e,H3,MARINE vs OCEANIC Differential Coverage,H3,signal:f2b7d2becc51eec75dc4e129f27ce906b223518fda9cf2613d7174d95b3282ac,evidence:doi:10.3390/systems14070880,30178365958-1,r_i,OCEANIC,O,digital_skill,digital,ecological,,marine_ecological,digital,title+subject,title+subject,8a475dc9ef0b32ee488b1838d3f1ce41eaf523c3e6acf161391a5aa2d058d071,cumulative-db-semantic-v1,review_required,metadata_only_limitation
fragment:signal:f35c8e30200415f370d85fd610c5c3e2d7b524ca1b88e9703a0e83a4ae24f7ce:H3:f9f9ad27d76a,H3,MARINE vs OCEANIC Differential Coverage,H3,signal:f35c8e30200415f370d85fd610c5c3e2d7b524ca1b88e9703a0e83a4ae24f7ce,evidence:doi:10.3389/fmars.2024.1347494,30178365958-1,living_res,OCEANIC,O,social_science_skill,social science,marine,,marine_ecological,social science,title+subject,title+subject,a6cd3523c92d394067b4b9c99af3298d87968b67c9e721882fb1d61d908f200b,cumulative-db-semantic-v1,review_required,metadata_only_limitation
fragment:signal:f3a32c698eaa0f74c566ae78cbc8ac3c89f42af289bce0d3d5d419089ee56a59:H3:35976d0b4db4,H3,MARINE vs OCEANIC Differential Coverage,H3,signal:f3a32c698eaa0f74c566ae78cbc8ac3c89f42af289bce0d3d5d419089ee56a59,evidence:doi:10.1051/bioconf/202622705004/pdf,30178365958-1,coastal_tourism,OCEANIC,O,sustainability_skill,sustainability,marine,,marine_ecological,sustainability,title+subject,title+subject,f93df51ea304235d201fe3898f15e5d06877a0a9d8def8d4e24c1f6764fd41b1,cumulative-db-semantic-v1,auto_accepted,metadata_only_limitation
fragment:signal:f3b51f35a9a8dd6522ebc585d7b2429c2430ee2ef47de489ef30634ae3573c83:H3:b3c33b07f31f,H3,MARINE vs OCEANIC Differential Coverage,H3,signal:f3b51f35a9a8dd6522ebc585d7b2429c2430ee2ef47de489ef30634ae3573c83,evidence:doi:10.1017/s2047102526100338,30178365958-1,blue_biotech,MARINE,M,governance_skill,governance,marine,,marine_ecological,governance,title+subject,title+subject,d4e282623f06b71fae25b33e29755e1986ddabc8db0a5b31adbaf0b6216e9101,cumulative-db-semantic-v1,auto_accepted,metadata_only_limitation
fragment:signal:f3d09d0494f636532c4bb9df3d89eef364402e61b1275cd98fd739b4f1de2d4c:H3:58267f5703f7,H3,MARINE vs OCEANIC Differential Coverage,H3,signal:f3d09d0494f636532c4bb9df3d89eef364402e61b1275cd98fd739b4f1de2d4c,evidence:doi:10.1007/s10499-026-02506-1,30178365958-1,blue_biotech,OCEANIC,O,sustainability_skill,sustainability,marine,,marine_ecological,sustainability,title+subject,title+subject,97ad1a0e263294fcbb63e9c0dfcbb2ba87b8a5b0dd2e70c16ae09ed385e94331,cumulative-db-semantic-v1,auto_accepted,metadata_only_limitation
fragment:signal:f3d12617389a4396bdcc74e2105292114c3910b5126f2a0457c8cee848b37f96:H3:dd54a0f3b696,H3,MARINE vs OCEANIC Differential Coverage,H3,signal:f3d12617389a4396bdcc74e2105292114c3910b5126f2a0457c8cee848b37f96,evidence:doi:10.70102/ijares/v6s3/6-s3-876,30178365958-1,living_res,MARINE,M,governance_skill,governance,marine,,marine_ecological,governance,title+subject,title+subject,e536836f82dfda2044626a3993ca529a2245b3f116475298ed365fd471446412,cumulative-db-semantic-v1,auto_accepted,metadata_only_limitation
fragment:signal:f3e1346726ec724fe005ad16bff210c62558b8d9bbbd19dd4c9404e0a4ee6bf8:H3:9c0dfc53ea83,H3,MARINE vs OCEANIC Differential Coverage,H3,signal:f3e1346726ec724fe005ad16bff210c62558b8d9bbbd19dd4c9404e0a4ee6bf8,evidence:doi:10.21203/rs.3.rs-9498967/v1,30178365958-1,living_res,OCEANIC,O,sustainability_skill,sustainability,marine,,marine_ecological,sustainability,title+subject,title+subject,84cd21da6de42f7655c3a895f6bd86a8e1a0d970437171d344c42b45b4e5084f,cumulative-db-semantic-v1,review_required,metadata_only_limitation
fragment:signal:f416c0ea08a9944e6977ce609ff54004be2aabeccb68085d16983d5028912fc2:H3:a9a0213d5065,H3,MARINE vs OCEANIC Differential Coverage,H3,signal:f416c0ea08a9944e6977ce609ff54004be2aabeccb68085d16983d5028912fc2,evidence:doi:10.18045/zbefri.2026.1.9,30178365958-1,coastal_tourism,OCEANIC,O,sustainability_skill,sustainability,ecological,,marine_ecological,sustainability,title+subject,title+subject,640d133269733dfa94f90686d490c880136acce09d61ba77219c9213a5488603,cumulative-db-semantic-v1,review_required,metadata_only_limitation
fragment:signal:f4545eb5f9f3de8b0e65ba617c5c14adae8c5ffc64a0e17061609b47b7d18c45:H3:e7c2ab94dbfd,H3,MARINE vs OCEANIC Differential Coverage,H3,signal:f4545eb5f9f3de8b0e65ba617c5c14adae8c5ffc64a0e17061609b47b7d18c45,evidence:doi:10.56578/cis140202,30178365958-1,maritime_defence,OCEANIC,O,safety_risk_skill,safety,marine,,marine_ecological,safety,title+subject,title+subject,22c0c4be1682d54fcaef2522e3cfac693b846a5bf1649422e224539077c36f19,cumulative-db-semantic-v1,auto_accepted,metadata_only_limitation
fragment:signal:f475f51ca39eed022bc5fb3c76ec19d2b1aa01542f4dfa8338af6dff602aad1f:H3:f06add757d0f,H3,MARINE vs OCEANIC Differential Coverage,H3,signal:f475f51ca39eed022bc5fb3c76ec19d2b1aa01542f4dfa8338af6dff602aad1f,evidence:doi:10.3389/fmars.2024.1347494,30178365958-1,living_res,OCEANIC,O,governance_skill,governance,marine,,marine_ecological,governance,title+subject,title+subject,a6cd3523c92d394067b4b9c99af3298d87968b67c9e721882fb1d61d908f200b,cumulative-db-semantic-v1,auto_accepted,metadata_only_limitation
fragment:signal:f47b65a6663c544136339f91697ff8e5022b1f8b818fd57552816a41cb89a5c0:H3:a4ae2209409d,H3,MARINE vs OCEANIC Differential Coverage,H3,signal:f47b65a6663c544136339f91697ff8e5022b1f8b818fd57552816a41cb89a5c0,evidence:doi:10.3390/tourhosp7020053,30178365958-1,coastal_tourism,OCEANIC,O,social_science_skill,community,marine,,marine_ecological,community,title+subject,title+subject,6459593788347d9f76ff4145cbc79670d1f2cdb4b35820cefa6daa551555d86a,cumulative-db-semantic-v1,review_required,metadata_only_limitation
fragment:signal:f47c5995f009674492fc0ebf4c7ac8fecd74e4a30bebb811555b165af8b33015:H3:bf9b9a1baa84,H3,MARINE vs OCEANIC Differential Coverage,H3,signal:f47c5995f009674492fc0ebf4c7ac8fecd74e4a30bebb811555b165af8b33015,evidence:doi:10.21203/rs.3.rs-10190204/v1,30178365958-1,coastal_tourism,OCEANIC,O,education_training_signal,education,marine,,marine_ecological,education,title+subject,title+subject,af9013b9454353ba2a98083d478fb1487dd5f1d2fd652b16999e8d46f31dc746,cumulative-db-semantic-v1,review_required,metadata_only_limitation
fragment:signal:f4bdd5d1493ddefd931c14519de4a0aae1dc60ba330c2d1e6c6bee1f0aecfd5f:H3:5c84cc6d66ec,H3,MARINE vs OCEANIC Differential Coverage,H3,signal:f4bdd5d1493ddefd931c14519de4a0aae1dc60ba330c2d1e6c6bee1f0aecfd5f,evidence:doi:10.1007/978-3-031-60053-1_4,30178365958-1,living_res,MARINE,M,policy_regulation_skill,legal,marine,,marine_ecological,legal,title,title,1a15c2e070f854cfe35ff26b501d59b6419e5ff282a88d75a6e31bd3a56e9a7b,cumulative-db-semantic-v1,review_required,metadata_only_limitation
fragment:signal:f4c4175f72df0e593c58b58cff164514c4b532fc8061b2b94c7cc73eea8f86af:H3:1fd7d2e5b656,H3,MARINE vs OCEANIC Differential Coverage,H3,signal:f4c4175f72df0e593c58b58cff164514c4b532fc8061b2b94c7cc73eea8f86af,evidence:doi:10.47278/journal.ijab/2026.134,30178365958-1,blue_biotech,MARINE,M,sustainability_skill,climate,marine,,marine_ecological,climate,title+subject,title+subject,9ee7f2119904c1df9b45f6c5f5f05f28f7846816baa9f04f878137ee3a4d0460,cumulative-db-semantic-v1,review_required,metadata_only_limitation
fragment:signal:f4f90d1c4233df816082b559098cd1a2fd2408e21f58ed7bf911ead13bf7f748:H3:010ed8cb2054,H3,MARINE vs OCEANIC Differential Coverage,H3,signal:f4f90d1c4233df816082b559098cd1a2fd2408e21f58ed7bf911ead13bf7f748,evidence:doi:10.47852/bonviewswt52026516,30178365958-1,blue_biotech,MARINE,M,governance_skill,governance,marine,,marine_ecological,governance,title+subject,title+subject,5ef6095b2fbf513a62bbaa397e053a9bae6551fbc7f63c6494db794a76bf3b82,cumulative-db-semantic-v1,auto_accepted,metadata_only_limitation
fragment:signal:f4fb481f87d55a5abaa51be38337120a1b2349b0e502573fa15d7fa6f5bd5a71:H3:552723caf15b,H3,MARINE vs OCEANIC Differential Coverage,H3,signal:f4fb481f87d55a5abaa51be38337120a1b2349b0e502573fa15d7fa6f5bd5a71,evidence:doi:10.1016/j.envsci.2023.02.019,30178365958-1,living_res,MARINE,M,governance_skill,governance,marine,,marine_ecological,governance,title+subject,title+subject,d3c25a575acc259b5f15d13c0c9b432960228eb35ee49f849331439a8ad1d659,cumulative-db-semantic-v1,review_required,metadata_only_limitation
fragment:signal:f5009df51598a9f9ae1c55dc5ac09314383a55c699ff426086db1c398d8bd780:H3:43ec592e3635,H3,MARINE vs OCEANIC Differential Coverage,H3,signal:f5009df51598a9f9ae1c55dc5ac09314383a55c699ff426086db1c398d8bd780,evidence:doi:10.1002/lob.70003,30178365958-1,blue_biotech,OCEANIC,O,policy_regulation_skill,law,marine,,marine_ecological,law,title+subject,title+subject,e18af13ca351ac12f253885bdd0dfdc99f93e5936f5a537223696830d54f5528,cumulative-db-semantic-v1,review_required,metadata_only_limitation
fragment:signal:f523f500f4b8d9498b21b58f7e117cfe66f533d8457217115167ffce46108bc9:H3:29b2caad9775,H3,MARINE vs OCEANIC Differential Coverage,H3,signal:f523f500f4b8d9498b21b58f7e117cfe66f533d8457217115167ffce46108bc9,evidence:doi:10.3389/fmars.2026.1688192,30178365958-1,maritime_defence,OCEANIC,O,governance_skill,governance,marine,,marine_ecological,governance,title+subject,title+subject,f0a0a637cccb1a28770622e4f4282625a40d112cff7b552b3665959bc5988504,cumulative-db-semantic-v1,auto_accepted,metadata_only_limitation
fragment:signal:f5304921d52b299966a463a3815c655771a6133960892fae6f3c96ed665fec8a:H3:de58828fad5d,H3,MARINE vs OCEANIC Differential Coverage,H3,signal:f5304921d52b299966a463a3815c655771a6133960892fae6f3c96ed665fec8a,evidence:doi:10.51244/ijrsi.2026.1306000119,30178365958-1,coastal_tourism,OCEANIC,O,sustainability_skill,sustainability,marine,,marine_ecological,sustainability,title+subject,title+subject,6ba12fd21c347cc3d5904b766a17e8a38dcee14b1cf28a65e729834f7a95d15e,cumulative-db-semantic-v1,review_required,metadata_only_limitation
fragment:signal:f565c53608f170de77cbc67079805b879635b580d4492096b23c8129c65f747a:H1:425504fc25ce,H1,Maritimisation Shift,H1,signal:f565c53608f170de77cbc67079805b879635b580d4492096b23c8129c65f747a,evidence:doi:10.3390/su18042071,30178365958-1,coastal_tourism,OCEANIC,O,sustainability_skill,sustainability,oceanic,,oceanic_governance,sustainability,title+subject,title+subject,109214bced9a4186f265a0c34ca47801e357082a5825b296a33de5e8d8740163,cumulative-db-semantic-v1,auto_accepted,metadata_only_limitation
fragment:signal:f565c53608f170de77cbc67079805b879635b580d4492096b23c8129c65f747a:H3:4bbe4df727b1,H3,MARINE vs OCEANIC Differential Coverage,H3,signal:f565c53608f170de77cbc67079805b879635b580d4492096b23c8129c65f747a,evidence:doi:10.3390/su18042071,30178365958-1,coastal_tourism,OCEANIC,O,sustainability_skill,sustainability,oceanic,,oceanic_planetary,sustainability,title+subject,title+subject,109214bced9a4186f265a0c34ca47801e357082a5825b296a33de5e8d8740163,cumulative-db-semantic-v1,auto_accepted,metadata_only_limitation
fragment:signal:f5a1e8826382149eb564309ff6ee5cc3ae99138bd3c64d1fd9588d2cfc2b128b:H3:7d9092fe89cf,H3,MARINE vs OCEANIC Differential Coverage,H3,signal:f5a1e8826382149eb564309ff6ee5cc3ae99138bd3c64d1fd9588d2cfc2b128b,evidence:doi:10.13057/biodiv/d270140,30178365958-1,living_res,MARINE,M,sustainability_skill,sustainability,marine,,marine_ecological,sustainability,title,title,4976ea96784162e353ce55df13565c59b41ccdbdaa4fc8baaa1c775c008c905e,cumulative-db-semantic-v1,review_required,metadata_only_limitation
fragment:signal:f5baa78107bbe3acdae11b758676a7573bde79e222a477ec905b639edf85bf3b:H3:cad316a5cf66,H3,MARINE vs OCEANIC Differential Coverage,H3,signal:f5baa78107bbe3acdae11b758676a7573bde79e222a477ec905b639edf85bf3b,evidence:doi:10.55583/jtisi.v4i1.2232,30178365958-1,coastal_tourism,OCEANIC,O,governance_skill,governance,marine,,marine_ecological,governance,title+subject,title+subject,60e6a00c5f12e769fd7d113aecc50a75afc980b4e486a311c84f6d667b5d2688,cumulative-db-semantic-v1,auto_accepted,metadata_only_limitation
fragment:signal:f6048ddf07f07c748209a222326c428542cd3e7aa065cbfb72ba97bb10754cb1:H3:8813edd6b833,H3,MARINE vs OCEANIC Differential Coverage,H3,signal:f6048ddf07f07c748209a222326c428542cd3e7aa065cbfb72ba97bb10754cb1,evidence:doi:10.52403/ijrr.20260513,30178365958-1,coastal_tourism,OCEANIC,O,sustainability_skill,adaptive,marine,,marine_ecological,adaptive,title+subject,title+subject,353257a39d32f2f8cdbf888cb407ace348c9713fe1fbeca60f6164f9e198ddc9,cumulative-db-semantic-v1,review_required,metadata_only_limitation
fragment:signal:f636bbc9da0315ff540d8dcbaa1a7e63089953cabfd220fe3c0bd185335295cc:H3:b9a9e3a0f2c8,H3,MARINE vs OCEANIC Differential Coverage,H3,signal:f636bbc9da0315ff540d8dcbaa1a7e63089953cabfd220fe3c0bd185335295cc,evidence:doi:10.1007/s13762-026-07323-w,30178365958-1,living_res,MARINE,M,sustainability_skill,sustainable,marine,,marine_ecological,sustainable,title+subject,title+subject,e85c11e8029169e495cfbe47419919a3332239130293ca790f551dfb23cc62e5,cumulative-db-semantic-v1,review_required,metadata_only_limitation
fragment:signal:f64b89f600f1143e21c6fce2c14262de6127d3622333a37636d7aa15b728bef6:H3:8652ab040771,H3,MARINE vs OCEANIC Differential Coverage,H3,signal:f64b89f600f1143e21c6fce2c14262de6127d3622333a37636d7aa15b728bef6,evidence:doi:10.1007/s43615-026-01050-7,30178365958-1,non_living_res,OCEANIC,O,implicit_competence_demand,expertise,planetary,,oceanic_planetary,expertise,title+subject,title+subject,202843507b4294d6670b66481b1e762cbf5654965d5288a53639affce3a5c941,cumulative-db-semantic-v1,review_required,metadata_only_limitation
fragment:signal:f66885660dea8dac36f1ca17de4f33a89388400ebebd68c2880ea138c86952f5:H3:0e3a6d8f1473,H3,MARINE vs OCEANIC Differential Coverage,H3,signal:f66885660dea8dac36f1ca17de4f33a89388400ebebd68c2880ea138c86952f5,evidence:doi:10.21203/rs.3.rs-10190204/v1,30178365958-1,coastal_tourism,OCEANIC,O,sustainability_skill,sustainable,marine,,marine_ecological,sustainable,title+subject,title+subject,af9013b9454353ba2a98083d478fb1487dd5f1d2fd652b16999e8d46f31dc746,cumulative-db-semantic-v1,review_required,metadata_only_limitation
fragment:signal:f6bb16968e30e92ee55ff433de98aa378f1ad417fd87a4880a78788299b854da:H3:7dcdf1d6d844,H3,MARINE vs OCEANIC Differential Coverage,H3,signal:f6bb16968e30e92ee55ff433de98aa378f1ad417fd87a4880a78788299b854da,evidence:doi:10.3390/su18031632,30178365958-1,maritime_defence,OCEANIC,O,sustainability_skill,sustainability,marine,,marine_ecological,sustainability,title+subject,title+subject,ea1aca19e78eddd1d6ca69b373635b8478c83c09541ad7716d8b6a8b368f749b,cumulative-db-semantic-v1,auto_accepted,metadata_only_limitation
fragment:signal:f6e7b0eedd3641cc5f4e5b59f80b885f83813ed9913aad8e82a3cc697769aeb2:H3:df23002558dc,H3,MARINE vs OCEANIC Differential Coverage,H3,signal:f6e7b0eedd3641cc5f4e5b59f80b885f83813ed9913aad8e82a3cc697769aeb2,evidence:doi:10.1016/j.marpol.2026.107205,30178365958-1,living_res,OCEANIC,O,governance_skill,governance,marine,,marine_ecological,governance,title,title,ec8953d67534af7422115af07dd3d50d6684a3a2ff9323100c6ae526e6941799,cumulative-db-semantic-v1,review_required,metadata_only_limitation
fragment:signal:f6f4a7ff0093323a0b72789c7faf0f4adfeeea869c204b1ad4fb0a1b849d9bf9:H3:68b90182e054,H3,MARINE vs OCEANIC Differential Coverage,H3,signal:f6f4a7ff0093323a0b72789c7faf0f4adfeeea869c204b1ad4fb0a1b849d9bf9,evidence:doi:10.1007/s44289-024-00038-1,30178365958-1,living_res,OCEANIC,O,governance_skill,governance,marine,,marine_ecological,governance,title+subject,title+subject,94801200bf5addbc7dd398fbc07c78c3bbbaeab139a0b3e3c83f4e552f151ee5,cumulative-db-semantic-v1,auto_accepted,metadata_only_limitation
fragment:signal:f7021ee13ddf4420f398e14e7132582b91c37507032e378d65eedecf309ee44b:H3:4971ef04575d,H3,MARINE vs OCEANIC Differential Coverage,H3,signal:f7021ee13ddf4420f398e14e7132582b91c37507032e378d65eedecf309ee44b,evidence:doi:10.63721/25jsea0105,30178365958-1,blue_biotech,MARINE,M,safety_risk_skill,risk,ecological,,marine_ecological,risk,title+subject,title+subject,b63db55b69acc4c5ccebbd549ac9930dcb210e2581d6cb29fffc8a42ad4ae64f,cumulative-db-semantic-v1,review_required,metadata_only_limitation
fragment:signal:f7220cb8e91014013dcfce49aaa6cce8ea9b962b946f5acff466f173331d29d1:H3:4902a5ee1884,H3,MARINE vs OCEANIC Differential Coverage,H3,signal:f7220cb8e91014013dcfce49aaa6cce8ea9b962b946f5acff466f173331d29d1,evidence:doi:10.46830/wriwp.22.00157,30178365958-1,non_living_res,MARINE,M,policy_regulation_skill,law,marine,,marine_ecological,law,title+subject,title+subject,ebe4c0664804e499991f9b90e874090a54d5eea734a6dba820000a56ac305e68,cumulative-db-semantic-v1,review_required,metadata_only_limitation
fragment:signal:f73d5ac51907a3217c9a67e613f2bfd607c6d1294f05bcb93207989bf44ae86f:H3:c98c89607812,H3,MARINE vs OCEANIC Differential Coverage,H3,signal:f73d5ac51907a3217c9a67e613f2bfd607c6d1294f05bcb93207989bf44ae86f,evidence:doi:10.61255/jeemba.v4i3.865,30178365958-1,coastal_tourism,OCEANIC,O,policy_regulation_skill,law,marine,,marine_ecological,law,title+subject,title+subject,90d17fbd79db62a5ccbc086c87ae0373aae3ba5d55340b18876cb986cec2b64b,cumulative-db-semantic-v1,review_required,metadata_only_limitation
fragment:signal:f74364f265d33e1fd4686908f701d254181b95ac8fdc71d4909cff78b99bfb87:H3:ed2ee78f8b82,H3,MARINE vs OCEANIC Differential Coverage,H3,signal:f74364f265d33e1fd4686908f701d254181b95ac8fdc71d4909cff78b99bfb87,evidence:doi:10.1016/j.crsus.2026.100709,30178365958-1,coastal_tourism,OCEANIC,O,governance_skill,policy,ecological,,marine_ecological,policy,title+subject,title+subject,aacfd2ea9b24b3c7beb4c694deb1fafdd75abe56bd285a798a4ee076955d648b,cumulative-db-semantic-v1,review_required,metadata_only_limitation
fragment:signal:f75401a16ae808ec99c50b023062699532a1c6d7358572f73b8e6a5a25a0c553:H3:109d7b43d64b,H3,MARINE vs OCEANIC Differential Coverage,H3,signal:f75401a16ae808ec99c50b023062699532a1c6d7358572f73b8e6a5a25a0c553,evidence:doi:10.46799/jst.v7i7.1144,30178365958-1,living_res,MARINE,M,governance_skill,governance,ecological,,marine_ecological,governance,title+subject,title+subject,99a8b0dae0e79dfe30856cb638b9e91e25a3698876b8505f7b81e39f4429ca9f,cumulative-db-semantic-v1,review_required,metadata_only_limitation
fragment:signal:f763b97c91fb3b66a1b9f34d730fc79eaf2ca0ccbd805cad2b1dc19cd5b5ffe9:H3:3c70d5f8c4e6,H3,MARINE vs OCEANIC Differential Coverage,H3,signal:f763b97c91fb3b66a1b9f34d730fc79eaf2ca0ccbd805cad2b1dc19cd5b5ffe9,evidence:doi:10.3389/fmars.2024.1347494,30178365958-1,living_res,OCEANIC,O,sustainability_skill,sustainability,marine,,marine_ecological,sustainability,title+subject,title+subject,a6cd3523c92d394067b4b9c99af3298d87968b67c9e721882fb1d61d908f200b,cumulative-db-semantic-v1,review_required,metadata_only_limitation
fragment:signal:f809af6bc27687cd6b5347307f6c825746eb2faf9f617e5d1cc6644badefaf65:H3:494f4609fd8c,H3,MARINE vs OCEANIC Differential Coverage,H3,signal:f809af6bc27687cd6b5347307f6c825746eb2faf9f617e5d1cc6644badefaf65,evidence:doi:10.1016/j.rsma.2026.105284,30178365958-1,port_activities,OCEANIC,O,safety_risk_skill,risk,ecological,,marine_ecological,risk,title,title,8b0f5f26a5b140119f451a8761bcc06442b28fa0b1134fc04e0b6116982e43c7,cumulative-db-semantic-v1,review_required,metadata_only_limitation
fragment:signal:f86a30948bd176f2d214ea844aa9e748deb1c0394bd03e3964bd263acc6f45ad:H3:1d367cb17aa8,H3,MARINE vs OCEANIC Differential Coverage,H3,signal:f86a30948bd176f2d214ea844aa9e748deb1c0394bd03e3964bd263acc6f45ad,evidence:doi:10.3390/land15071259,30178365958-1,non_living_res,MARINE,M,policy_regulation_skill,law,marine,,marine_ecological,law,title+subject,title+subject,239ce01d1440c1e5c7e7aabf6b9f58f2b21e4d874821b3c100dcf1fc52a80f15,cumulative-db-semantic-v1,review_required,metadata_only_limitation
fragment:signal:f8d622e75344a2f51f503334f526448f5c7bd02cffbf5c45715e8430689f11d2:H3:9411f17d86c3,H3,MARINE vs OCEANIC Differential Coverage,H3,signal:f8d622e75344a2f51f503334f526448f5c7bd02cffbf5c45715e8430689f11d2,evidence:doi:10.35308/jpp.v12i2.12431,30178365958-1,coastal_tourism,OCEANIC,O,social_science_skill,community,marine,,marine_ecological,community,title+subject,title+subject,78687b05a30d52f7bf4a39e0c53fc65a1c5c3ff6fd1471e7bf608c46407aad85,cumulative-db-semantic-v1,review_required,metadata_only_limitation
fragment:signal:f936acf801ee92271fa2039136cb722e392c65f3ba8d832bdb74de674282c158:H3:24c2c7f18022,H3,MARINE vs OCEANIC Differential Coverage,H3,signal:f936acf801ee92271fa2039136cb722e392c65f3ba8d832bdb74de674282c158,evidence:doi:10.37899/journal-la-sociale.v7i3.3035,30178365958-1,maritime_defence,OCEANIC,O,safety_risk_skill,safety,marine,,marine_ecological,safety,title+subject,title+subject,be3d7dd811cfcb264a618645590debf2c0cb76063f8287b8e7adea922f6facc8,cumulative-db-semantic-v1,auto_accepted,metadata_only_limitation
fragment:signal:f94bbf1154907c2015f6dda18b915b9c44de149053751b61a39101a9e3776334:H3:2e9be39ed4a8,H3,MARINE vs OCEANIC Differential Coverage,H3,signal:f94bbf1154907c2015f6dda18b915b9c44de149053751b61a39101a9e3776334,evidence:doi:10.51415/10321/5082,30178365958-1,coastal_tourism,OCEANIC,O,sustainability_skill,sustainability,marine,,marine_ecological,sustainability,title+subject,title+subject,36b63598c367679873812ba0dde81a7ba4fea1639d7cbdc693c48d15b7b27b55,cumulative-db-semantic-v1,auto_accepted,metadata_only_limitation
fragment:signal:f97160094c25c218d2aea4e45560418f8637f2bf3719c9025bdf0f7bffa45732:H3:3e1508ba7d15,H3,MARINE vs OCEANIC Differential Coverage,H3,signal:f97160094c25c218d2aea4e45560418f8637f2bf3719c9025bdf0f7bffa45732,evidence:doi:10.17159/prs9f481,30178365958-1,living_res,MARINE,M,governance_skill,governance,marine,,marine_ecological,governance,title+subject,title+subject,201315a30a85c5b84604c24d4bbd66a46dfdfcb1c18cddabd1359737825d6a84,cumulative-db-semantic-v1,auto_accepted,metadata_only_limitation
fragment:signal:f9847fe3b3057defa8d2ccdef1cad8a611c31c563899fe570c2e52b2f445c310:H3:b2ebd6803a63,H3,MARINE vs OCEANIC Differential Coverage,H3,signal:f9847fe3b3057defa8d2ccdef1cad8a611c31c563899fe570c2e52b2f445c310,evidence:doi:10.20381/ruor-32083,30178365958-1,r_i,OCEANIC,O,education_training_signal,education,marine,,marine_ecological,education,title+subject,title+subject,b1125a42f3d88a9ab1cc63a480129b95758a58954aa8e7171c8bdbcc58c6c2bd,cumulative-db-semantic-v1,review_required,metadata_only_limitation
fragment:signal:fa3b0cba738585112c32354bed50b898dcfcdde2412defe7d5e6c9f65498fcfd:H3:10960599eefd,H3,MARINE vs OCEANIC Differential Coverage,H3,signal:fa3b0cba738585112c32354bed50b898dcfcdde2412defe7d5e6c9f65498fcfd,evidence:doi:10.1080/29931282.2026.2701530,30178365958-1,living_res,MARINE,M,sustainability_skill,sustainability,ecological,,marine_ecological,sustainability,title+subject,title+subject,90100c61277cb0e908edbc1958efa855c548b9c52c0f9b86bfc4c516386ba36c,cumulative-db-semantic-v1,review_required,metadata_only_limitation
fragment:signal:fa74ccee8c07b0431cdba36a1d41a0a7ff7a5c5a16750caeeca77e4046c952ad:H3:0d2874ee76e4,H3,MARINE vs OCEANIC Differential Coverage,H3,signal:fa74ccee8c07b0431cdba36a1d41a0a7ff7a5c5a16750caeeca77e4046c952ad,evidence:doi:10.1016/j.crsus.2025.100366,30178365958-1,living_res,OCEANIC,O,sustainability_skill,sustainability,marine,,marine_ecological,sustainability,title+subject,title+subject,f97fcfad32ce9caaa503ae34148ab9df11bf210d9f18b033ba9ca65eeaa9df85,cumulative-db-semantic-v1,auto_accepted,metadata_only_limitation
fragment:signal:faa3cb85abab1a0b6bfeed945c6dda3fb134a6298a585e7be8ca4d920aac849a:H3:240ffe0df424,H3,MARINE vs OCEANIC Differential Coverage,H3,signal:faa3cb85abab1a0b6bfeed945c6dda3fb134a6298a585e7be8ca4d920aac849a,evidence:doi:10.35308/jpp.v12i2.12431,30178365958-1,coastal_tourism,OCEANIC,O,sustainability_skill,sustainability,marine,,marine_ecological,sustainability,title+subject,title+subject,78687b05a30d52f7bf4a39e0c53fc65a1c5c3ff6fd1471e7bf608c46407aad85,cumulative-db-semantic-v1,auto_accepted,metadata_only_limitation
fragment:signal:faeea73b6ac1390138f76c5bfa6db481cb4498122144d403c27c1edcbfc26f98:H3:1282f67169ab,H3,MARINE vs OCEANIC Differential Coverage,H3,signal:faeea73b6ac1390138f76c5bfa6db481cb4498122144d403c27c1edcbfc26f98,evidence:doi:10.1155/anu/9937988,30178365958-1,blue_biotech,MARINE,M,sustainability_skill,sustainability,marine,,marine_ecological,sustainability,title+subject,title+subject,8093bfe5bd78dbc1093a1290322606c814c12199fe9f671e125e2dbbb0d53e0a,cumulative-db-semantic-v1,auto_accepted,metadata_only_limitation
fragment:signal:faef121d64275d94d21d3758b5ae2ef1600b822f7bb6ced4daf4126b8b4e05f1:H3:13704c5fa2db,H3,MARINE vs OCEANIC Differential Coverage,H3,signal:faef121d64275d94d21d3758b5ae2ef1600b822f7bb6ced4daf4126b8b4e05f1,evidence:doi:10.1038/s44183-023-00023-9,30178365958-1,non_living_res,MARINE,M,digital_skill,digital,marine,,marine_ecological,digital,title+subject,title+subject,e0db23ff7af914454744a7b3eaab9d91314a4a4ebda4a7e50787a8f953fa7719,cumulative-db-semantic-v1,review_required,metadata_only_limitation
fragment:signal:fb02a357619ac0250de2335311c3d4844de6ff9d1dbcfdc05df99c5888b63ff3:H3:7dffc509f823,H3,MARINE vs OCEANIC Differential Coverage,H3,signal:fb02a357619ac0250de2335311c3d4844de6ff9d1dbcfdc05df99c5888b63ff3,evidence:doi:10.7225/toms.v15.n01.024,30178365958-1,coastal_tourism,OCEANIC,O,sustainability_skill,sustainability,marine,,marine_ecological,sustainability,title+subject,title+subject,bd25e8eb0e538af484549a2975f8321b1c1593fab4819f062394b40a78d68980,cumulative-db-semantic-v1,auto_accepted,metadata_only_limitation
fragment:signal:fb0f5be9648e0f797f905e9a2460863106e737f5c15835990060c384950ece90:H3:0dd5af526062,H3,MARINE vs OCEANIC Differential Coverage,H3,signal:fb0f5be9648e0f797f905e9a2460863106e737f5c15835990060c384950ece90,evidence:doi:10.1007/s13280-026-02345-7,30178365958-1,living_res,MARINE,M,sustainability_skill,sustainability,marine,,marine_ecological,sustainability,title+subject,title+subject,c21345cfec5dd372221b87e2f7328ab82718107030ab14f7b975dc2b6f5dbdfb,cumulative-db-semantic-v1,auto_accepted,metadata_only_limitation
fragment:signal:fb223b855be7c13b770c463141d3aab68300461b99549e41c3c7d6f7d3a0d69f:H3:2b720e22037e,H3,MARINE vs OCEANIC Differential Coverage,H3,signal:fb223b855be7c13b770c463141d3aab68300461b99549e41c3c7d6f7d3a0d69f,evidence:doi:10.3390/logistics10050111,30178365958-1,coastal_tourism,OCEANIC,O,digital_skill,digital,marine,,marine_ecological,digital,title+subject,title+subject,8a2be53104538507b4ea7343971e2521d90dbc59391ca9f0e5ea714a46d6a073,cumulative-db-semantic-v1,review_required,metadata_only_limitation
fragment:signal:fb59d508cb7f60fc207ffc08839cf2fce7f1ab90dedd97820a97514e8dd7fea6:H3:c31e6f61192d,H3,MARINE vs OCEANIC Differential Coverage,H3,signal:fb59d508cb7f60fc207ffc08839cf2fce7f1ab90dedd97820a97514e8dd7fea6,evidence:doi:10.30574/ijsra.2026.19.3.1389,30178365958-1,living_res,MARINE,M,technical_skill,technology,marine,,marine_ecological,technology,title+subject,title+subject,16b1ffe718cb96d7b2123bd2ec4c09dc620cf08bbdabc41f2488f1e507572a6d,cumulative-db-semantic-v1,auto_accepted,metadata_only_limitation
fragment:signal:fb685d175153bf5fb8e93d8ed7e46dd244662c5b664fcf67873ae621a9a5844b:H3:5cfb37395a4f,H3,MARINE vs OCEANIC Differential Coverage,H3,signal:fb685d175153bf5fb8e93d8ed7e46dd244662c5b664fcf67873ae621a9a5844b,evidence:doi:10.5296/ber.v16i2.23706,30178365958-1,coastal_tourism,OCEANIC,O,sustainability_skill,sustainability,marine,,marine_ecological,sustainability,title+subject,title+subject,035a2954c8be91a7433f59c5a396aa5a801db97efed7fbfd1eae7abb57ad9b48,cumulative-db-semantic-v1,review_required,metadata_only_limitation
fragment:signal:fb740ba37032d787dd30ff5fbd118b187f8575e4c43a328853a4fdec57391a37:H3:a18409d2914b,H3,MARINE vs OCEANIC Differential Coverage,H3,signal:fb740ba37032d787dd30ff5fbd118b187f8575e4c43a328853a4fdec57391a37,evidence:doi:10.28946/slrev.v10i1.5104,30178365958-1,blue_biotech,MARINE,M,governance_skill,governance,marine,,marine_ecological,governance,title+subject,title+subject,9826de8253effd0118fa0c37f8329e7616d6a30cbcde78e38158f09f8bb34903,cumulative-db-semantic-v1,auto_accepted,metadata_only_limitation
fragment:signal:fb8977bec9c193700848ac0685ab9fdbd34f7e6a9bd5b0203ff93e19fd8b7db5:H3:90596c19a810,H3,MARINE vs OCEANIC Differential Coverage,H3,signal:fb8977bec9c193700848ac0685ab9fdbd34f7e6a9bd5b0203ff93e19fd8b7db5,evidence:doi:10.1016/j.eap.2022.11.012,30178365958-1,living_res,MARINE,M,sustainability_skill,resilience,marine,,marine_ecological,resilience,title,title,289e2d06af12b90816feffb2c4d213a9e65968ab053640bb76186a2b34fe1bd5,cumulative-db-semantic-v1,review_required,metadata_only_limitation
fragment:signal:fb9313f91ec9c7d9891321b0dd38b7e05da7b594d40e5f5eb74a8ee990c8fbb6:H1:92fc9b23f291,H1,Maritimisation Shift,H1,signal:fb9313f91ec9c7d9891321b0dd38b7e05da7b594d40e5f5eb74a8ee990c8fbb6,evidence:doi:10.35718/ismatech.v3i2.8481886,30178365958-1,ship_repair,MARITIME,T,safety_risk_skill,safety,maritime infrastructure,,maritime_dominance,safety,title+subject,title+subject,a0cc6968ebfb1447980282d3bcadbe11aa11849ac70f58fca27a0522da9e801a,cumulative-db-semantic-v1,review_required,metadata_only_limitation
fragment:signal:fb9a2c4d0bb6f3417d1e5a30ba8ef9d3350412551a54e7d227000199bbea8342:H3:4da87f145362,H3,MARINE vs OCEANIC Differential Coverage,H3,signal:fb9a2c4d0bb6f3417d1e5a30ba8ef9d3350412551a54e7d227000199bbea8342,evidence:doi:10.36922/ajwep026170108,30178365958-1,coastal_tourism,OCEANIC,O,sustainability_skill,sustainability,marine,,marine_ecological,sustainability,title+subject,title+subject,e7e7f816d0409c7475cffc1b7a0bb67e4bfa2b5ff8875ee14e96cbbf7a554316,cumulative-db-semantic-v1,auto_accepted,metadata_only_limitation
fragment:signal:fbb838c73cb1847e00fd7ea6217fcd648e02f79dfbcff776caf3415cc1439462:H3:17abcb697087,H3,MARINE vs OCEANIC Differential Coverage,H3,signal:fbb838c73cb1847e00fd7ea6217fcd648e02f79dfbcff776caf3415cc1439462,evidence:doi:10.1016/j.scitotenv.2025.179959,30178365958-1,non_living_res,MARINE,M,technical_skill,engineering,planetary,,oceanic_planetary,engineering,title+subject,title+subject,9f0b2e5b169003b13011c9192588083b5aac2694ca7713c22ae559a7614badac,cumulative-db-semantic-v1,auto_accepted,metadata_only_limitation
fragment:signal:fc0ea4b48599308e8a38051bfb5edf01f7929ab14aabfe9ba281620116237728:H3:3f8c249638d3,H3,MARINE vs OCEANIC Differential Coverage,H3,signal:fc0ea4b48599308e8a38051bfb5edf01f7929ab14aabfe9ba281620116237728,evidence:doi:10.37933/jete/7.4.2025.2576,30178365958-1,non_living_res,MARINE,M,sustainability_skill,sustainability,marine,,marine_ecological,sustainability,title+subject,title+subject,679d2b737a66d9a1c9263ee98a0023e6be65d965e63d8c84a7013b04b485ae49,cumulative-db-semantic-v1,review_required,metadata_only_limitation
fragment:signal:fc3740d7d5055d48ec7ce58f9aa624d15e8cd4486a8a14aa1c6f54f3381118aa:H3:91f7708d25a9,H3,MARINE vs OCEANIC Differential Coverage,H3,signal:fc3740d7d5055d48ec7ce58f9aa624d15e8cd4486a8a14aa1c6f54f3381118aa,evidence:doi:10.21077/ijf.2026.73.2.174990-17,30178365958-1,living_res,MARINE,M,social_science_skill,community,marine,,marine_ecological,community,title+subject,title+subject,faa6ede0c1695cc99a1e4483b1eaeaf89340b3adac1c61cc189cc4578eefd1bd,cumulative-db-semantic-v1,review_required,metadata_only_limitation
fragment:signal:fc446507e37acce8e37c19428c3f8bf918ae41a995a5dde2d4d37a38220ca2a8:H3:d011a54fbd74,H3,MARINE vs OCEANIC Differential Coverage,H3,signal:fc446507e37acce8e37c19428c3f8bf918ae41a995a5dde2d4d37a38220ca2a8,evidence:doi:10.1111/raq.13003,30178365958-1,blue_biotech,MARINE,M,technical_skill,technology,marine,,marine_ecological,technology,title+subject,title+subject,5a66f4c8419470948b6de579f7152afb6ecfdac32709fbfc8bc7486f4e121817,cumulative-db-semantic-v1,review_required,metadata_only_limitation
fragment:signal:fc62000a712eabb97e0e4782a4072b019d67618b3250ea0657260485089d9336:H3:475d632810aa,H3,MARINE vs OCEANIC Differential Coverage,H3,signal:fc62000a712eabb97e0e4782a4072b019d67618b3250ea0657260485089d9336,evidence:doi:10.3390/w18020206,30178365958-1,r_i,OCEANIC,O,learning_outcome_signal,ects,marine,,marine_ecological,ects,title+subject,title+subject,0807e125b01d665356582e4c0104ca56a5f218f91fe78426589a93226e5b525e,cumulative-db-semantic-v1,review_required,metadata_only_limitation
fragment:signal:fca9263178d9607de29bc4333105e037490b0a05ebc8b606452b7f16aa551410:H3:2d6ff162565b,H3,MARINE vs OCEANIC Differential Coverage,H3,signal:fca9263178d9607de29bc4333105e037490b0a05ebc8b606452b7f16aa551410,evidence:doi:10.1111/faf.70023,30178365958-1,living_res,OCEANIC,O,sustainability_skill,sustainable,marine,,marine_ecological,sustainable,title+subject,title+subject,608b18d77cc509317491b1e66f125fa900500fa0d307fbe0c0551c042e974e3b,cumulative-db-semantic-v1,review_required,metadata_only_limitation
fragment:signal:fcb39b203b764b983cbbe756f28c5c65bc61c149a0aaaf431c2b74b8723efb17:H3:81ac27220a62,H3,MARINE vs OCEANIC Differential Coverage,H3,signal:fcb39b203b764b983cbbe756f28c5c65bc61c149a0aaaf431c2b74b8723efb17,evidence:doi:10.1007/s44187-026-00866-4,30178365958-1,living_res,MARINE,M,sustainability_skill,sustainability,marine,,marine_ecological,sustainability,title+subject,title+subject,c612de5afb3d3e2154e4ee17c878cf91dcf5768553b0a852b1bf1f4cc33f58cc,cumulative-db-semantic-v1,review_required,metadata_only_limitation
fragment:signal:fd1a4365fe166102d05b47c74aa4f1476817e19ba82f7ccc5d9f9da0f40dd10e:H3:d8129709f8fe,H3,MARINE vs OCEANIC Differential Coverage,H3,signal:fd1a4365fe166102d05b47c74aa4f1476817e19ba82f7ccc5d9f9da0f40dd10e,evidence:doi:10.1017/s0954102026100728,30178365958-1,coastal_tourism,OCEANIC,O,governance_skill,policy,marine,,marine_ecological,policy,title+subject,title+subject,1e522186cbc90eba4eff4607a12952d78a230c72f5cd2f1664add0c0ae9882b2,cumulative-db-semantic-v1,review_required,metadata_only_limitation
fragment:signal:fd36ae1ec8f02e11e6e749d21860c3518baeb9012ad5c968eb09dce16a8472d0:H3:1dcbd412d2d3,H3,MARINE vs OCEANIC Differential Coverage,H3,signal:fd36ae1ec8f02e11e6e749d21860c3518baeb9012ad5c968eb09dce16a8472d0,evidence:doi:10.3390/jmse14121128,30178365958-1,non_living_res,MARINE,M,technical_skill,engineering,marine,,marine_ecological,engineering,title+subject,title+subject,a3dd9852a5726e35aac86273f8c0584f8675509fe19d16f874ed5c53f559c463,cumulative-db-semantic-v1,review_required,metadata_only_limitation
fragment:signal:fd48228e39ef62d87970c70b683aa28366a702191ec7013bc0fc3408d102e2b5:H3:d45ba95ca13c,H3,MARINE vs OCEANIC Differential Coverage,H3,signal:fd48228e39ef62d87970c70b683aa28366a702191ec7013bc0fc3408d102e2b5,evidence:doi:10.71284/jmtpr.2026713,30178365958-1,coastal_tourism,OCEANIC,O,sustainability_skill,sustainability,marine,,marine_ecological,sustainability,title+subject,title+subject,4fea695578312358ff090d232f472855d981200664c801e622654c9f6bc7f70d,cumulative-db-semantic-v1,auto_accepted,metadata_only_limitation
fragment:signal:fd8c9964e726bbe2907f6e2e92a76505fada7e51bd241ac6f04ee1504f110a48:H3:410142f9c9f8,H3,MARINE vs OCEANIC Differential Coverage,H3,signal:fd8c9964e726bbe2907f6e2e92a76505fada7e51bd241ac6f04ee1504f110a48,evidence:doi:10.3389/fmars.2026.1840407,30178365958-1,coastal_tourism,OCEANIC,O,governance_skill,governance,marine,,marine_ecological,governance,title+subject,title+subject,d1008ace6e681d542c04edc9938fe589ff5ee6c1bf612ab198084d7f66891663,cumulative-db-semantic-v1,review_required,metadata_only_limitation
fragment:signal:fdc7ea992e61960607e95322671b037f1560bd9bb49c7ec1fdaa93b45b1d698c:H3:b94c69c2c0d5,H3,MARINE vs OCEANIC Differential Coverage,H3,signal:fdc7ea992e61960607e95322671b037f1560bd9bb49c7ec1fdaa93b45b1d698c,evidence:doi:10.3390/w17030444,30178365958-1,non_living_res,MARINE,M,governance_skill,policy,marine,,marine_ecological,policy,title+subject,title+subject,912939086c2ca4e283133a9c249f39aabae48f8c0dff91cdaa12ff44f0a97949,cumulative-db-semantic-v1,auto_accepted,metadata_only_limitation
fragment:signal:fdd27a9ba0044661116b47c5da99a0d51f52bb11a7b9e1438e872af7982416f7:H3:5949793ef32b,H3,MARINE vs OCEANIC Differential Coverage,H3,signal:fdd27a9ba0044661116b47c5da99a0d51f52bb11a7b9e1438e872af7982416f7,evidence:doi:10.1038/s41598-026-61959-9,30178365958-1,living_res,MARINE,M,sustainability_skill,climate,marine,,marine_ecological,climate,title+subject,title+subject,9d4df1506409d15bfb5dbb71f9de73c32251b0859e9eeb713f2a44530d168975,cumulative-db-semantic-v1,auto_accepted,metadata_only_limitation
fragment:signal:fe026412ea27d2c17f74931971741c11f64cc6498632918fab4f295b239d53f8:H3:ecc5d21c1449,H3,MARINE vs OCEANIC Differential Coverage,H3,signal:fe026412ea27d2c17f74931971741c11f64cc6498632918fab4f295b239d53f8,evidence:doi:10.1017/s1355770x2610045x,30178365958-1,living_res,MARINE,M,sustainability_skill,sustainability,marine,,marine_ecological,sustainability,title,title,954f0b6b5c6812902985a5f3d63a72aa08063eb4830027084a5eec9f7e99a5ec,cumulative-db-semantic-v1,review_required,metadata_only_limitation
fragment:signal:fe0b939a604ca858e0424d9ae52006c8bbe8a1518cbce137ee5040e32f5edfab:H3:bcc0738a8508,H3,MARINE vs OCEANIC Differential Coverage,H3,signal:fe0b939a604ca858e0424d9ae52006c8bbe8a1518cbce137ee5040e32f5edfab,evidence:doi:10.3390/app16031583,30178365958-1,blue_biotech,MARINE,M,sustainability_skill,sustainability,marine,,marine_ecological,sustainability,title+subject,title+subject,2a26e09b3ba982796d8e1c88633ca66a8365481d784b134f4c5923229c8d84e1,cumulative-db-semantic-v1,review_required,metadata_only_limitation
fragment:signal:fe2188a1862a7fe889dda5d7b5d031c11b7fb0966b33d093383aa89fe5321c84:H3:c1efd211d2dc,H3,MARINE vs OCEANIC Differential Coverage,H3,signal:fe2188a1862a7fe889dda5d7b5d031c11b7fb0966b33d093383aa89fe5321c84,evidence:doi:10.5897/ajbm2025.9694,30178365958-1,renewable_energy,OCEANIC,O,governance_skill,governance,marine,,marine_ecological,governance,title+subject,title+subject,f2ef72042c0d9b45bbc8859947391e1a3e5919e5be254e04f01b72c3930640e0,cumulative-db-semantic-v1,review_required,metadata_only_limitation
fragment:signal:fe268eda3a3e8847e23570453bd16790fe5c780b6d6cf8fe00e1a6d19e181eac:H3:6168d8a323ab,H3,MARINE vs OCEANIC Differential Coverage,H3,signal:fe268eda3a3e8847e23570453bd16790fe5c780b6d6cf8fe00e1a6d19e181eac,evidence:doi:10.1007/s44279-025-00228-1,30178365958-1,blue_biotech,OCEANIC,O,sustainability_skill,sustainability,ecological,,marine_ecological,sustainability,title+subject,title+subject,2ad3426c2cead0356a36cf6e2541d358afca5b041d06d2fd70b5f481988e808f,cumulative-db-semantic-v1,auto_accepted,metadata_only_limitation
fragment:signal:fe28061f60c17eccc22d74854169a37da01dd0df70f4b43e360b52cf72e48325:H3:34ea6b4840cf,H3,MARINE vs OCEANIC Differential Coverage,H3,signal:fe28061f60c17eccc22d74854169a37da01dd0df70f4b43e360b52cf72e48325,evidence:doi:10.5281/zenodo.14928917,30178365958-1,blue_biotech,OCEANIC,O,governance_skill,policy,marine,,marine_ecological,policy,title+subject,title+subject,02c5fcc0a181426ab7e074f7a3791f1af40134c22ce55503890d21d60631f6cf,cumulative-db-semantic-v1,review_required,metadata_only_limitation
fragment:signal:fe564fec2d8603bd93825fefe8ee4b6dd0b7fa2555c22206f265a12203cb8edf:H3:95c86a9806c2,H3,MARINE vs OCEANIC Differential Coverage,H3,signal:fe564fec2d8603bd93825fefe8ee4b6dd0b7fa2555c22206f265a12203cb8edf,evidence:doi:10.20944/preprints202512.0060.v1,30178365958-1,living_res,OCEANIC,O,digital_skill,digital,marine,,marine_ecological,digital,title+subject,title+subject,3b0e7655f7425a578ce7f5b39711bf17dc5393c76ad640fa4bddacc3ee9f35bf,cumulative-db-semantic-v1,review_required,metadata_only_limitation
fragment:signal:fe719992de51732da37d50659f8a9e9961118468cb520e565405c9c6fca60f8f:H3:4f7fe9bd3eab,H3,MARINE vs OCEANIC Differential Coverage,H3,signal:fe719992de51732da37d50659f8a9e9961118468cb520e565405c9c6fca60f8f,evidence:doi:10.1007/s11160-026-10044-5,30178365958-1,living_res,MARINE,M,sustainability_skill,sustainable,ecological,,marine_ecological,sustainable,title,title,7d86e688389838c469c93f362efbb3c7cdc85cb98b8757c57544f55a230cdbba,cumulative-db-semantic-v1,review_required,metadata_only_limitation
fragment:signal:fea98bbb4e96aa16359d13c9ca08f89e53570a5c2d007892fc89c1a89fd1349a:H3:373b91f313dd,H3,MARINE vs OCEANIC Differential Coverage,H3,signal:fea98bbb4e96aa16359d13c9ca08f89e53570a5c2d007892fc89c1a89fd1349a,evidence:doi:10.3390/land15071259,30178365958-1,non_living_res,MARINE,M,sustainability_skill,sustainability,marine,,marine_ecological,sustainability,title+subject,title+subject,239ce01d1440c1e5c7e7aabf6b9f58f2b21e4d874821b3c100dcf1fc52a80f15,cumulative-db-semantic-v1,review_required,metadata_only_limitation
fragment:signal:feb5ac863d1b8ac0200c3162ee2d4ee6eaa69a39f738895d08eedbb552e23c2a:H3:7ff56deb024e,H3,MARINE vs OCEANIC Differential Coverage,H3,signal:feb5ac863d1b8ac0200c3162ee2d4ee6eaa69a39f738895d08eedbb552e23c2a,evidence:doi:10.59175/pijed.v5i1.710,30178365958-1,coastal_tourism,OCEANIC,O,governance_skill,policy,marine,,marine_ecological,policy,title+subject,title+subject,2a375059257983f66a540627d12fe2790dbf705e749146f8c695f16fd43d0498,cumulative-db-semantic-v1,auto_accepted,metadata_only_limitation
fragment:signal:fedfb457f9df73006211a2a309efb7142ecdb33695ea06df7830efd432f5adb7:H3:b19f8cd02fbd,H3,MARINE vs OCEANIC Differential Coverage,H3,signal:fedfb457f9df73006211a2a309efb7142ecdb33695ea06df7830efd432f5adb7,evidence:doi:10.1007/s11273-026-10123-1,30178365958-1,coastal_tourism,OCEANIC,O,governance_skill,governance,marine,,marine_ecological,governance,title+subject,title+subject,6aa2f39e19bc0cbe31f090ef4eea1f20a051975ef8fd9533582e4ce7a5ce475e,cumulative-db-semantic-v1,review_required,metadata_only_limitation
fragment:signal:ff02bb08ba0c6ce652b15d6b49fb98a2037b2a8eb1ff6b482617b88513a96f70:H3:ac4d4dc7ec95,H3,MARINE vs OCEANIC Differential Coverage,H3,signal:ff02bb08ba0c6ce652b15d6b49fb98a2037b2a8eb1ff6b482617b88513a96f70,evidence:doi:10.5194/egusphere-2026-4239,30178365958-1,r_i,OCEANIC,O,learning_outcome_signal,ects,marine,,marine_ecological,ects,title+subject,title+subject,1f6d51d5c89f15e91be60573747d49ff4bc6a07eb34ddd5790a49b7dc8ffd69c,cumulative-db-semantic-v1,review_required,metadata_only_limitation
fragment:signal:ff0cf4b9060dddf008ab9673bf7249f5c0779c55157be494cbc965673e9a14c7:H3:21948e50e93d,H3,MARINE vs OCEANIC Differential Coverage,H3,signal:ff0cf4b9060dddf008ab9673bf7249f5c0779c55157be494cbc965673e9a14c7,evidence:doi:10.3389/fmars.2026.1813740,30178365958-1,blue_biotech,MARINE,M,policy_regulation_skill,law,marine,,marine_ecological,law,title+subject,title+subject,27d7c4270534b71baf1c8237f98affca24eac8852a9986d53606bb4ce54af0ec,cumulative-db-semantic-v1,review_required,metadata_only_limitation
fragment:signal:ff2fe6797c6b3272eb0d21e5caaeea96ef85af578925a69a24d8526a47e3de7f:H3:19b003e5dee9,H3,MARINE vs OCEANIC Differential Coverage,H3,signal:ff2fe6797c6b3272eb0d21e5caaeea96ef85af578925a69a24d8526a47e3de7f,evidence:doi:10.3390/su162411141,30178365958-1,non_living_res,MARINE,M,governance_skill,policy,marine,,marine_ecological,policy,title+subject,title+subject,e68b7f0865ac9beb991b050a815a042b91bad713291ee468e31e34c80f863d17,cumulative-db-semantic-v1,review_required,metadata_only_limitation
fragment:signal:ff5e30dafa6d6693d5425b6c8a1537ce6d64d8a5e128e422385db9bd582eb860:H3:d2a2c3b5defc,H3,MARINE vs OCEANIC Differential Coverage,H3,signal:ff5e30dafa6d6693d5425b6c8a1537ce6d64d8a5e128e422385db9bd582eb860,evidence:doi:10.1007/s44218-025-00111-y,30178365958-1,living_res,OCEANIC,O,safety_risk_skill,sar,marine,,marine_ecological,sar,title+subject,title+subject,7b100793f309d22d8285f8e0d7e658bee69a6fb80e5362bf02e63be9dd353163,cumulative-db-semantic-v1,auto_accepted,metadata_only_limitation
fragment:signal:ff66e83b8dc496fa4d45b94ffdb2526d49531a35c013f7b6a535af4fa9bee4a7:H3:b1ce86804348,H3,MARINE vs OCEANIC Differential Coverage,H3,signal:ff66e83b8dc496fa4d45b94ffdb2526d49531a35c013f7b6a535af4fa9bee4a7,evidence:doi:10.1007/s11196-026-10434-9,30178365958-1,living_res,MARINE,M,policy_regulation_skill,law,marine,,marine_ecological,law,title+subject,title+subject,2af4547ed92a44f4ceace3dba432d29c9f08371e38aac6132d03e97691a157c6,cumulative-db-semantic-v1,review_required,metadata_only_limitation
fragment:signal:ff6804556135a0246344ae8f3ab4118d2a2422e4413ef6c6533e4b1e9ae71ae2:H3:a95b23172b72,H3,MARINE vs OCEANIC Differential Coverage,H3,signal:ff6804556135a0246344ae8f3ab4118d2a2422e4413ef6c6533e4b1e9ae71ae2,evidence:doi:10.1080/13563467.2026.2693634,30178365958-1,non_living_res,MARINE,M,sustainability_skill,sustainability,marine,,marine_ecological,sustainability,title+subject,title+subject,bd9f78aa539ba6410fbefbcb36f1247a997c35b8e300ae7799a15ea148383eab,cumulative-db-semantic-v1,review_required,metadata_only_limitation
fragment:signal:ff95712fc1ebc846f0fef9c4f1c8faed5c576203b5bc851082ca1bc4afd4ad65:H3:5d4430336b2b,H3,MARINE vs OCEANIC Differential Coverage,H3,signal:ff95712fc1ebc846f0fef9c4f1c8faed5c576203b5bc851082ca1bc4afd4ad65,evidence:doi:10.9734/ajee/2025/v24i8777,30178365958-1,blue_biotech,MARINE,M,sustainability_skill,sustainability,ecological,,marine_ecological,sustainability,title+subject,title+subject,0b1658ca8eefebc39ac1198ee8eb3cc3e520b9bf7620b0f8410678092c98c755,cumulative-db-semantic-v1,auto_accepted,metadata_only_limitation
fragment:signal:ffb450aea979a82e4fe99513ef62ed484cc5a5599540969315225df4279d2de5:H3:dfbe95c2e742,H3,MARINE vs OCEANIC Differential Coverage,H3,signal:ffb450aea979a82e4fe99513ef62ed484cc5a5599540969315225df4279d2de5,evidence:doi:10.5194/essd-2026-558,30178365958-1,r_i,OCEANIC,O,sustainability_skill,climate,marine,,marine_ecological,climate,title+subject,title+subject,137008257a85ebb246c375d849a90be234833ec3eb44c9cabdfa248fceb9ae76,cumulative-db-semantic-v1,review_required,metadata_only_limitation
fragment:signal:ffbcae5a27853c551df972d00bd6bfe690bff6fe0bf39c3a4221acdd1b70bf37:H3:9ed6af966b6b,H3,MARINE vs OCEANIC Differential Coverage,H3,signal:ffbcae5a27853c551df972d00bd6bfe690bff6fe0bf39c3a4221acdd1b70bf37,evidence:doi:10.66314/ijepp.v4i1.205,30178365958-1,blue_biotech,MARINE,M,safety_risk_skill,safety,marine,,marine_ecological,safety,title+subject,title+subject,c6bb1600fbf6d792521d3302aac7ecc81766df8c05b3e9af97ba62b4a596b527,cumulative-db-semantic-v1,review_required,metadata_only_limitation
fragment:signal:ffd1befe7cf7970e4546583a6d78c300003851575a114ac39caa0c71638d96e3:H3:866c1f3c12b4,H3,MARINE vs OCEANIC Differential Coverage,H3,signal:ffd1befe7cf7970e4546583a6d78c300003851575a114ac39caa0c71638d96e3,evidence:doi:10.1007/s43621-025-02264-9,30178365958-1,non_living_res,OCEANIC,O,social_science_skill,community,marine,,marine_ecological,community,title+subject,title+subject,b08b3701508c54b336ab3a5bebc36a075c266d95705c2edea90a46ab8eb91fbb,cumulative-db-semantic-v1,auto_accepted,metadata_only_limitation
fragment:signal:ffd37fcddf21bec39d483e5cf5aebd39eee813b06c2ce4e1c14450c08f8fdd8c:H3:874fbef2bf98,H3,MARINE vs OCEANIC Differential Coverage,H3,signal:ffd37fcddf21bec39d483e5cf5aebd39eee813b06c2ce4e1c14450c08f8fdd8c,evidence:doi:10.1007/s10113-026-02572-4,30178365958-1,living_res,MARINE,M,sustainability_skill,sustainability,marine,,marine_ecological,sustainability,title+subject,title+subject,eefc2939b9a432fde5b10c675e90923f101a6428e8a09536cec9b1db22cbc618,cumulative-db-semantic-v1,auto_accepted,metadata_only_limitation
fragment:signal:ffd3ef2e5320ee3c9c53ba7f70f39a4d4c8ad3a02cac405ad1e639d06705eb2c:H3:ab778c4b19ad,H3,MARINE vs OCEANIC Differential Coverage,H3,signal:ffd3ef2e5320ee3c9c53ba7f70f39a4d4c8ad3a02cac405ad1e639d06705eb2c,evidence:doi:10.3390/su16208738,30178365958-1,living_res,MARINE,M,sustainability_skill,sustainable,ecological,,marine_ecological,sustainable,title,title,2d09b9a19c3994747610086d19e7c29c8843b536880411230a7a1830354eea80,cumulative-db-semantic-v1,review_required,metadata_only_limitation
