query_id,sector_slug,query_family,query_text,provider,provider_canonical,execution_status,returned_record_count,normalized_record_count,contributed_record_count,raw_record_count,accepted_record_count,excluded_outside_time_window_count,excluded_missing_year_count,from_year,to_year,declared_sort_strategy,sort_status,declared_sampling_mode,declared_pages,declared_rows_per_page,sampling_status,time_window_status,requested_constraint_filters,applied_constraint_filters,unsupported_constraint_filters,unapplied_constraint_filters,validity_warnings,errors,warnings
Q_BLUE_BIOTECH_COMP_001,blue_biotech,competence_demand,marine biotechnology workforce skills competences training,crossref,crossref,completed,150,19,19,150,19,131,0,2019,2026,published-desc,applied_post_fetch,stratified,3,50,applied_genuine_pagination,applied_post_fetch,sampling_strategy|sort_strategy|time_window,sampling_strategy|sort_strategy|time_window,,,,,Crossref retry search_page_2: attempt=1 http_status=429 retry_after_seconds=None backoff_seconds=1.0 jitter_seconds=0.402 wait_seconds=1.402|Crossref retry terminal_status=success attempt=2
Q_BLUE_BIOTECH_COMP_001,blue_biotech,competence_demand,marine biotechnology workforce skills competences training,openalex,openalex,completed,150,150,135,150,150,0,0,2019,2026,,not_declared_for_provider,stratified,3,50,applied_genuine_pagination,applied_post_fetch,sampling_strategy|time_window,sampling_strategy|time_window,,sort_strategy,filter_not_applied:sort_strategy,,
Q_BLUE_BIOTECH_COMP_001,blue_biotech,competence_demand,marine biotechnology workforce skills competences training,scopus,scopus,completed,0,0,0,0,0,0,0,2019,2026,date-desc,applied_post_fetch,stratified,3,50,applied_genuine_pagination,applied_post_fetch,sampling_strategy|sort_strategy|time_window,sampling_strategy|sort_strategy|time_window,,,,,"Scopus pagination: projected_query='TITLE-ABS-KEY(""marine"" AND ""biotechnology"" AND ""workforce"" AND ""skills"" AND ""competences"" AND ""training"")'; logical_pages_attempted=1"
Q_BLUE_BIOTECH_COMP_001,blue_biotech,competence_demand,marine biotechnology workforce skills competences training,wos,wos,completed,0,0,0,0,0,0,0,2019,2026,date-desc,applied_post_fetch,stratified,3,50,applied_genuine_pagination,applied_post_fetch,sampling_strategy|sort_strategy|time_window,sampling_strategy|sort_strategy|time_window,,,,,
Q_BLUE_BIOTECH_COMP_002,blue_biotech,competence_demand,blue bioeconomy education learning outcomes curriculum qualification,crossref,crossref,completed,150,0,0,150,0,150,0,2019,2026,published-desc,applied_post_fetch,stratified,3,50,applied_genuine_pagination,applied_post_fetch,sampling_strategy|sort_strategy|time_window,sampling_strategy|sort_strategy|time_window,,,,,Crossref retry search_page_3: attempt=1 http_status=429 retry_after_seconds=None backoff_seconds=1.0 jitter_seconds=0.214 wait_seconds=1.214|Crossref retry terminal_status=success attempt=2
Q_BLUE_BIOTECH_COMP_002,blue_biotech,competence_demand,blue bioeconomy education learning outcomes curriculum qualification,openalex,openalex,completed,13,13,10,13,13,0,0,2019,2026,,not_declared_for_provider,stratified,3,50,applied_genuine_pagination,applied_post_fetch,sampling_strategy|time_window,sampling_strategy|time_window,,sort_strategy,filter_not_applied:sort_strategy,,
Q_BLUE_BIOTECH_COMP_002,blue_biotech,competence_demand,blue bioeconomy education learning outcomes curriculum qualification,scopus,scopus,completed,0,0,0,0,0,0,0,2019,2026,date-desc,applied_post_fetch,stratified,3,50,applied_genuine_pagination,applied_post_fetch,sampling_strategy|sort_strategy|time_window,sampling_strategy|sort_strategy|time_window,,,,,"Scopus pagination: projected_query='TITLE-ABS-KEY(""blue"" AND ""bioeconomy"" AND ""education"" AND ""learning"" AND ""outcomes"" AND ""curriculum"" AND ""qualification"")'; logical_pages_attempted=1"
Q_BLUE_BIOTECH_COMP_002,blue_biotech,competence_demand,blue bioeconomy education learning outcomes curriculum qualification,wos,wos,completed,0,0,0,0,0,0,0,2019,2026,date-desc,applied_post_fetch,stratified,3,50,applied_genuine_pagination,applied_post_fetch,sampling_strategy|sort_strategy|time_window,sampling_strategy|sort_strategy|time_window,,,,,
Q_BLUE_BIOTECH_CORE_001,blue_biotech,core_sector,marine biotechnology blue bioeconomy innovation governance,crossref,crossref,completed,150,0,0,150,0,150,0,2019,2026,published-desc,applied_post_fetch,stratified,3,50,applied_genuine_pagination,applied_post_fetch,sampling_strategy|sort_strategy|time_window,sampling_strategy|sort_strategy|time_window,,,,,Crossref retry search_page_2: attempt=1 http_status=429 retry_after_seconds=None backoff_seconds=1.0 jitter_seconds=0.401 wait_seconds=1.401|Crossref retry terminal_status=success attempt=2|Crossref retry search_page_3: attempt=1 http_status=429 retry_after_seconds=None backoff_seconds=1.0 jitter_seconds=0.154 wait_seconds=1.154|Crossref retry terminal_status=success attempt=2
Q_BLUE_BIOTECH_CORE_001,blue_biotech,core_sector,marine biotechnology blue bioeconomy innovation governance,openalex,openalex,completed,150,150,142,150,150,0,0,2019,2026,,not_declared_for_provider,stratified,3,50,applied_genuine_pagination,applied_post_fetch,sampling_strategy|time_window,sampling_strategy|time_window,,sort_strategy,filter_not_applied:sort_strategy,,
Q_BLUE_BIOTECH_CORE_001,blue_biotech,core_sector,marine biotechnology blue bioeconomy innovation governance,scopus,scopus,completed,0,0,0,0,0,0,0,2019,2026,date-desc,applied_post_fetch,stratified,3,50,applied_genuine_pagination,applied_post_fetch,sampling_strategy|sort_strategy|time_window,sampling_strategy|sort_strategy|time_window,,,,,"Scopus pagination: projected_query='TITLE-ABS-KEY(""marine"" AND ""biotechnology"" AND ""blue"" AND ""bioeconomy"" AND ""innovation"" AND ""governance"")'; logical_pages_attempted=1"
Q_BLUE_BIOTECH_CORE_001,blue_biotech,core_sector,marine biotechnology blue bioeconomy innovation governance,wos,wos,completed,0,0,0,0,0,0,0,2019,2026,date-desc,applied_post_fetch,stratified,3,50,applied_genuine_pagination,applied_post_fetch,sampling_strategy|sort_strategy|time_window,sampling_strategy|sort_strategy|time_window,,,,,
Q_BLUE_BIOTECH_CORE_002,blue_biotech,core_sector,bioprospecting marine genetic resources benefit sharing,crossref,crossref,completed,150,0,0,150,0,150,0,2019,2026,published-desc,applied_post_fetch,stratified,3,50,applied_genuine_pagination,applied_post_fetch,sampling_strategy|sort_strategy|time_window,sampling_strategy|sort_strategy|time_window,,,,,Crossref retry search_page_2: attempt=1 http_status=429 retry_after_seconds=None backoff_seconds=1.0 jitter_seconds=0.195 wait_seconds=1.195|Crossref retry terminal_status=success attempt=2
Q_BLUE_BIOTECH_CORE_002,blue_biotech,core_sector,bioprospecting marine genetic resources benefit sharing,openalex,openalex,completed,150,150,148,150,150,0,0,2019,2026,,not_declared_for_provider,stratified,3,50,applied_genuine_pagination,applied_post_fetch,sampling_strategy|time_window,sampling_strategy|time_window,,sort_strategy,filter_not_applied:sort_strategy,,
Q_BLUE_BIOTECH_CORE_002,blue_biotech,core_sector,bioprospecting marine genetic resources benefit sharing,scopus,scopus,completed,25,14,14,25,14,11,0,2019,2026,date-desc,applied_post_fetch,stratified,3,50,applied_genuine_pagination,applied_post_fetch,sampling_strategy|sort_strategy|time_window,sampling_strategy|sort_strategy|time_window,,,,,"Scopus pagination: projected_query='TITLE-ABS-KEY(""bioprospecting"" AND ""marine"" AND ""genetic"" AND ""resources"" AND ""benefit"" AND ""sharing"")'; logical_pages_attempted=1"
Q_BLUE_BIOTECH_CORE_002,blue_biotech,core_sector,bioprospecting marine genetic resources benefit sharing,wos,wos,completed,16,8,8,16,8,8,0,2019,2026,date-desc,applied_post_fetch,stratified,3,50,applied_genuine_pagination,applied_post_fetch,sampling_strategy|sort_strategy|time_window,sampling_strategy|sort_strategy|time_window,,,,,
Q_BLUE_BIOTECH_CORE_003,blue_biotech,core_sector,marine biomaterials pharmaceuticals bioremediation sustainability,crossref,crossref,completed,150,0,0,150,0,150,0,2019,2026,published-desc,applied_post_fetch,stratified,3,50,applied_genuine_pagination,applied_post_fetch,sampling_strategy|sort_strategy|time_window,sampling_strategy|sort_strategy|time_window,,,,,Crossref retry search_page_2: attempt=1 http_status=429 retry_after_seconds=None backoff_seconds=1.0 jitter_seconds=0.024 wait_seconds=1.024|Crossref retry terminal_status=success attempt=2
Q_BLUE_BIOTECH_CORE_003,blue_biotech,core_sector,marine biomaterials pharmaceuticals bioremediation sustainability,openalex,openalex,completed,150,150,143,150,150,0,0,2019,2026,,not_declared_for_provider,stratified,3,50,applied_genuine_pagination,applied_post_fetch,sampling_strategy|time_window,sampling_strategy|time_window,,sort_strategy,filter_not_applied:sort_strategy,,
Q_BLUE_BIOTECH_CORE_003,blue_biotech,core_sector,marine biomaterials pharmaceuticals bioremediation sustainability,scopus,scopus,completed,2,2,2,2,2,0,0,2019,2026,date-desc,applied_post_fetch,stratified,3,50,applied_genuine_pagination,applied_post_fetch,sampling_strategy|sort_strategy|time_window,sampling_strategy|sort_strategy|time_window,,,,,"Scopus pagination: projected_query='TITLE-ABS-KEY(""marine"" AND ""biomaterials"" AND ""pharmaceuticals"" AND ""bioremediation"" AND ""sustainability"")'; logical_pages_attempted=1"
Q_BLUE_BIOTECH_CORE_003,blue_biotech,core_sector,marine biomaterials pharmaceuticals bioremediation sustainability,wos,wos,completed,1,1,1,1,1,0,0,2019,2026,date-desc,applied_post_fetch,stratified,3,50,applied_genuine_pagination,applied_post_fetch,sampling_strategy|sort_strategy|time_window,sampling_strategy|sort_strategy|time_window,,,,,
Q_BLUE_BIOTECH_EMRG_001,blue_biotech,emerging_demand,marine biotechnology AI digital twin sustainability just transition,crossref,crossref,completed,150,0,0,150,0,150,0,2019,2026,published-desc,applied_post_fetch,stratified,3,50,applied_genuine_pagination,applied_post_fetch,sampling_strategy|sort_strategy|time_window,sampling_strategy|sort_strategy|time_window,,,,,Crossref retry search_page_2: attempt=1 http_status=429 retry_after_seconds=None backoff_seconds=1.0 jitter_seconds=0.368 wait_seconds=1.368|Crossref retry terminal_status=success attempt=2
Q_BLUE_BIOTECH_EMRG_001,blue_biotech,emerging_demand,marine biotechnology AI digital twin sustainability just transition,openalex,openalex,completed,150,150,139,150,150,0,0,2019,2026,,not_declared_for_provider,stratified,3,50,applied_genuine_pagination,applied_post_fetch,sampling_strategy|time_window,sampling_strategy|time_window,,sort_strategy,filter_not_applied:sort_strategy,,
Q_BLUE_BIOTECH_EMRG_001,blue_biotech,emerging_demand,marine biotechnology AI digital twin sustainability just transition,scopus,scopus,completed,0,0,0,0,0,0,0,2019,2026,date-desc,applied_post_fetch,stratified,3,50,applied_genuine_pagination,applied_post_fetch,sampling_strategy|sort_strategy|time_window,sampling_strategy|sort_strategy|time_window,,,,,"Scopus pagination: projected_query='TITLE-ABS-KEY(""marine"" AND ""biotechnology"" AND ""AI"" AND ""digital"" AND ""twin"" AND ""sustainability"" AND ""just"" AND ""transition"")'; logical_pages_attempted=1"
Q_BLUE_BIOTECH_EMRG_001,blue_biotech,emerging_demand,marine biotechnology AI digital twin sustainability just transition,wos,wos,completed,0,0,0,0,0,0,0,2019,2026,date-desc,applied_post_fetch,stratified,3,50,applied_genuine_pagination,applied_post_fetch,sampling_strategy|sort_strategy|time_window,sampling_strategy|sort_strategy|time_window,,,,,
Q_BLUE_BIOTECH_EMRG_002,blue_biotech,emerging_demand,marine genetic resources ocean literacy governance climate adaptation,crossref,crossref,completed,150,0,0,150,0,150,0,2019,2026,published-desc,applied_post_fetch,stratified,3,50,applied_genuine_pagination,applied_post_fetch,sampling_strategy|sort_strategy|time_window,sampling_strategy|sort_strategy|time_window,,,,,
Q_BLUE_BIOTECH_EMRG_002,blue_biotech,emerging_demand,marine genetic resources ocean literacy governance climate adaptation,openalex,openalex,completed,150,150,136,150,150,0,0,2019,2026,,not_declared_for_provider,stratified,3,50,applied_genuine_pagination,applied_post_fetch,sampling_strategy|time_window,sampling_strategy|time_window,,sort_strategy,filter_not_applied:sort_strategy,,
Q_BLUE_BIOTECH_EMRG_002,blue_biotech,emerging_demand,marine genetic resources ocean literacy governance climate adaptation,scopus,scopus,completed,0,0,0,0,0,0,0,2019,2026,date-desc,applied_post_fetch,stratified,3,50,applied_genuine_pagination,applied_post_fetch,sampling_strategy|sort_strategy|time_window,sampling_strategy|sort_strategy|time_window,,,,,"Scopus pagination: projected_query='TITLE-ABS-KEY(""marine"" AND ""genetic"" AND ""resources"" AND ""ocean"" AND ""literacy"" AND ""governance"" AND ""climate"" AND ""adaptation"")'; logical_pages_attempted=1"
Q_BLUE_BIOTECH_EMRG_002,blue_biotech,emerging_demand,marine genetic resources ocean literacy governance climate adaptation,wos,wos,completed,0,0,0,0,0,0,0,2019,2026,date-desc,applied_post_fetch,stratified,3,50,applied_genuine_pagination,applied_post_fetch,sampling_strategy|sort_strategy|time_window,sampling_strategy|sort_strategy|time_window,,,,,
Q_BLUE_BIOTECH_HYP_001,blue_biotech,hypothesis_verification,blue biotech maritimisation marinization oceanisation hydrosocial de-base-re hypothesis verification indicators,crossref,crossref,completed,150,146,146,150,146,4,0,2019,2026,published-desc,applied_post_fetch,stratified,3,50,applied_genuine_pagination,applied_post_fetch,sampling_strategy|sort_strategy|time_window,sampling_strategy|sort_strategy|time_window,,,,,Crossref retry search_page_2: attempt=1 http_status=429 retry_after_seconds=None backoff_seconds=1.0 jitter_seconds=0.203 wait_seconds=1.203|Crossref retry terminal_status=success attempt=2
Q_BLUE_BIOTECH_HYP_001,blue_biotech,hypothesis_verification,blue biotech maritimisation marinization oceanisation hydrosocial de-base-re hypothesis verification indicators,openalex,openalex,completed,0,0,0,0,0,0,0,2019,2026,,not_declared_for_provider,stratified,3,50,applied_genuine_pagination,applied_post_fetch,sampling_strategy|time_window,sampling_strategy|time_window,,sort_strategy,filter_not_applied:sort_strategy,,
Q_BLUE_BIOTECH_HYP_001,blue_biotech,hypothesis_verification,blue biotech maritimisation marinization oceanisation hydrosocial de-base-re hypothesis verification indicators,scopus,scopus,completed,0,0,0,0,0,0,0,2019,2026,date-desc,applied_post_fetch,stratified,3,50,applied_genuine_pagination,applied_post_fetch,sampling_strategy|sort_strategy|time_window,sampling_strategy|sort_strategy|time_window,,,,,"Scopus pagination: projected_query='TITLE-ABS-KEY(""blue"" AND ""biotech"" AND ""maritimisation"" AND ""marinization"" AND ""oceanisation"" AND ""hydrosocial"" AND ""de-base-re"" AND ""hypothesis"" AND ""verification"" AND ""indicators"")'; logical_pages_attempted=1"
Q_BLUE_BIOTECH_HYP_001,blue_biotech,hypothesis_verification,blue biotech maritimisation marinization oceanisation hydrosocial de-base-re hypothesis verification indicators,wos,wos,completed,0,0,0,0,0,0,0,2019,2026,date-desc,applied_post_fetch,stratified,3,50,applied_genuine_pagination,applied_post_fetch,sampling_strategy|sort_strategy|time_window,sampling_strategy|sort_strategy|time_window,,,,,
Q_BLUE_BIOTECH_THY_001,blue_biotech,theory_translation,blue biotech qmbd axis translation marine maritime oceanic hydronization theory terms taxonomy mapping,crossref,crossref,completed,150,147,147,150,147,3,0,2019,2026,published-desc,applied_post_fetch,stratified,3,50,applied_genuine_pagination,applied_post_fetch,sampling_strategy|sort_strategy|time_window,sampling_strategy|sort_strategy|time_window,,,,,
Q_BLUE_BIOTECH_THY_001,blue_biotech,theory_translation,blue biotech qmbd axis translation marine maritime oceanic hydronization theory terms taxonomy mapping,openalex,openalex,completed,0,0,0,0,0,0,0,2019,2026,,not_declared_for_provider,stratified,3,50,applied_genuine_pagination,applied_post_fetch,sampling_strategy|time_window,sampling_strategy|time_window,,sort_strategy,filter_not_applied:sort_strategy,,
Q_BLUE_BIOTECH_THY_001,blue_biotech,theory_translation,blue biotech qmbd axis translation marine maritime oceanic hydronization theory terms taxonomy mapping,scopus,scopus,completed,0,0,0,0,0,0,0,2019,2026,date-desc,applied_post_fetch,stratified,3,50,applied_genuine_pagination,applied_post_fetch,sampling_strategy|sort_strategy|time_window,sampling_strategy|sort_strategy|time_window,,,,,"Scopus pagination: projected_query='TITLE-ABS-KEY(""blue"" AND ""biotech"" AND ""qmbd"" AND ""axis"" AND ""translation"" AND ""marine"" AND ""maritime"" AND ""oceanic"" AND ""hydronization"" AND ""theory"" AND ""terms"" AND ""taxonomy"" AND ""mapping"")'; logical_pages_attempted=1"
Q_BLUE_BIOTECH_THY_001,blue_biotech,theory_translation,blue biotech qmbd axis translation marine maritime oceanic hydronization theory terms taxonomy mapping,wos,wos,completed,0,0,0,0,0,0,0,2019,2026,date-desc,applied_post_fetch,stratified,3,50,applied_genuine_pagination,applied_post_fetch,sampling_strategy|sort_strategy|time_window,sampling_strategy|sort_strategy|time_window,,,,,
Q_BLUE_BIOTECH_VAL_001,blue_biotech,validation_eqf_translation,marine biotechnology EQF qualification framework micro-credential professional development,crossref,crossref,completed,150,0,0,150,0,150,0,2019,2026,published-desc,applied_post_fetch,stratified,3,50,applied_genuine_pagination,applied_post_fetch,sampling_strategy|sort_strategy|time_window,sampling_strategy|sort_strategy|time_window,,,,,Crossref retry search_page_2: attempt=1 http_status=429 retry_after_seconds=None backoff_seconds=1.0 jitter_seconds=0.46 wait_seconds=1.46|Crossref retry terminal_status=success attempt=2
Q_BLUE_BIOTECH_VAL_001,blue_biotech,validation_eqf_translation,marine biotechnology EQF qualification framework micro-credential professional development,openalex,openalex,completed,2,2,2,2,2,0,0,2019,2026,,not_declared_for_provider,stratified,3,50,applied_genuine_pagination,applied_post_fetch,sampling_strategy|time_window,sampling_strategy|time_window,,sort_strategy,filter_not_applied:sort_strategy,,
Q_BLUE_BIOTECH_VAL_001,blue_biotech,validation_eqf_translation,marine biotechnology EQF qualification framework micro-credential professional development,scopus,scopus,completed,0,0,0,0,0,0,0,2019,2026,date-desc,applied_post_fetch,stratified,3,50,applied_genuine_pagination,applied_post_fetch,sampling_strategy|sort_strategy|time_window,sampling_strategy|sort_strategy|time_window,,,,,"Scopus pagination: projected_query='TITLE-ABS-KEY(""marine"" AND ""biotechnology"" AND ""EQF"" AND ""qualification"" AND ""framework"" AND ""micro"" AND ""credential"" AND ""professional"" AND ""development"")'; logical_pages_attempted=1"
Q_BLUE_BIOTECH_VAL_001,blue_biotech,validation_eqf_translation,marine biotechnology EQF qualification framework micro-credential professional development,wos,wos,completed,0,0,0,0,0,0,0,2019,2026,date-desc,applied_post_fetch,stratified,3,50,applied_genuine_pagination,applied_post_fetch,sampling_strategy|sort_strategy|time_window,sampling_strategy|sort_strategy|time_window,,,,,
Q_COASTAL_TOURISM_COMP_001,coastal_tourism,competence_demand,coastal tourism workforce skills competences training professional development,crossref,crossref,completed,150,0,0,150,0,150,0,2019,2026,published-desc,applied_post_fetch,stratified,3,50,applied_genuine_pagination,applied_post_fetch,sampling_strategy|sort_strategy|time_window,sampling_strategy|sort_strategy|time_window,,,,,Crossref retry search_page_3: attempt=1 http_status=429 retry_after_seconds=None backoff_seconds=1.0 jitter_seconds=0.187 wait_seconds=1.187|Crossref retry terminal_status=success attempt=2
Q_COASTAL_TOURISM_COMP_001,coastal_tourism,competence_demand,coastal tourism workforce skills competences training professional development,openalex,openalex,completed,150,150,132,150,150,0,0,2019,2026,,not_declared_for_provider,stratified,3,50,applied_genuine_pagination,applied_post_fetch,sampling_strategy|time_window,sampling_strategy|time_window,,sort_strategy,filter_not_applied:sort_strategy,,
Q_COASTAL_TOURISM_COMP_001,coastal_tourism,competence_demand,coastal tourism workforce skills competences training professional development,scopus,scopus,completed,0,0,0,0,0,0,0,2019,2026,date-desc,applied_post_fetch,stratified,3,50,applied_genuine_pagination,applied_post_fetch,sampling_strategy|sort_strategy|time_window,sampling_strategy|sort_strategy|time_window,,,,,"Scopus pagination: projected_query='TITLE-ABS-KEY(""coastal"" AND ""tourism"" AND ""workforce"" AND ""skills"" AND ""competences"" AND ""training"" AND ""professional"" AND ""development"")'; logical_pages_attempted=1"
Q_COASTAL_TOURISM_COMP_001,coastal_tourism,competence_demand,coastal tourism workforce skills competences training professional development,wos,wos,completed,0,0,0,0,0,0,0,2019,2026,date-desc,applied_post_fetch,stratified,3,50,applied_genuine_pagination,applied_post_fetch,sampling_strategy|sort_strategy|time_window,sampling_strategy|sort_strategy|time_window,,,,,
Q_COASTAL_TOURISM_COMP_002,coastal_tourism,competence_demand,marine ecotourism education learning outcomes curriculum qualification,crossref,crossref,completed,150,0,0,150,0,150,0,2019,2026,published-desc,applied_post_fetch,stratified,3,50,applied_genuine_pagination,applied_post_fetch,sampling_strategy|sort_strategy|time_window,sampling_strategy|sort_strategy|time_window,,,,,Crossref retry search_page_2: attempt=1 http_status=429 retry_after_seconds=None backoff_seconds=1.0 jitter_seconds=0.379 wait_seconds=1.379|Crossref retry terminal_status=success attempt=2
Q_COASTAL_TOURISM_COMP_002,coastal_tourism,competence_demand,marine ecotourism education learning outcomes curriculum qualification,openalex,openalex,completed,38,38,34,38,38,0,0,2019,2026,,not_declared_for_provider,stratified,3,50,applied_genuine_pagination,applied_post_fetch,sampling_strategy|time_window,sampling_strategy|time_window,,sort_strategy,filter_not_applied:sort_strategy,,
Q_COASTAL_TOURISM_COMP_002,coastal_tourism,competence_demand,marine ecotourism education learning outcomes curriculum qualification,scopus,scopus,completed,0,0,0,0,0,0,0,2019,2026,date-desc,applied_post_fetch,stratified,3,50,applied_genuine_pagination,applied_post_fetch,sampling_strategy|sort_strategy|time_window,sampling_strategy|sort_strategy|time_window,,,,,"Scopus pagination: projected_query='TITLE-ABS-KEY(""marine"" AND ""ecotourism"" AND ""education"" AND ""learning"" AND ""outcomes"" AND ""curriculum"" AND ""qualification"")'; logical_pages_attempted=1"
Q_COASTAL_TOURISM_COMP_002,coastal_tourism,competence_demand,marine ecotourism education learning outcomes curriculum qualification,wos,wos,completed,0,0,0,0,0,0,0,2019,2026,date-desc,applied_post_fetch,stratified,3,50,applied_genuine_pagination,applied_post_fetch,sampling_strategy|sort_strategy|time_window,sampling_strategy|sort_strategy|time_window,,,,,
Q_COASTAL_TOURISM_CORE_001,coastal_tourism,core_sector,coastal tourism sustainability overtourism management,crossref,crossref,completed,150,0,0,150,0,150,0,2019,2026,published-desc,applied_post_fetch,stratified,3,50,applied_genuine_pagination,applied_post_fetch,sampling_strategy|sort_strategy|time_window,sampling_strategy|sort_strategy|time_window,,,,,Crossref retry search_page_3: attempt=1 http_status=429 retry_after_seconds=None backoff_seconds=1.0 jitter_seconds=0.297 wait_seconds=1.297|Crossref retry terminal_status=success attempt=2
Q_COASTAL_TOURISM_CORE_001,coastal_tourism,core_sector,coastal tourism sustainability overtourism management,openalex,openalex,completed,150,150,141,150,150,0,0,2019,2026,,not_declared_for_provider,stratified,3,50,applied_genuine_pagination,applied_post_fetch,sampling_strategy|time_window,sampling_strategy|time_window,,sort_strategy,filter_not_applied:sort_strategy,,
Q_COASTAL_TOURISM_CORE_001,coastal_tourism,core_sector,coastal tourism sustainability overtourism management,scopus,scopus,completed,8,8,8,8,8,0,0,2019,2026,date-desc,applied_post_fetch,stratified,3,50,applied_genuine_pagination,applied_post_fetch,sampling_strategy|sort_strategy|time_window,sampling_strategy|sort_strategy|time_window,,,,,"Scopus pagination: projected_query='TITLE-ABS-KEY(""coastal"" AND ""tourism"" AND ""sustainability"" AND ""overtourism"" AND ""management"")'; logical_pages_attempted=1"
Q_COASTAL_TOURISM_CORE_001,coastal_tourism,core_sector,coastal tourism sustainability overtourism management,wos,wos,completed,5,5,5,5,5,0,0,2019,2026,date-desc,applied_post_fetch,stratified,3,50,applied_genuine_pagination,applied_post_fetch,sampling_strategy|sort_strategy|time_window,sampling_strategy|sort_strategy|time_window,,,,,
Q_COASTAL_TOURISM_CORE_002,coastal_tourism,core_sector,marine ecotourism blue economy livelihoods governance,crossref,crossref,completed,150,62,52,150,62,88,0,2019,2026,published-desc,applied_post_fetch,stratified,3,50,applied_genuine_pagination,applied_post_fetch,sampling_strategy|sort_strategy|time_window,sampling_strategy|sort_strategy|time_window,,,,,Crossref retry search_page_3: attempt=1 http_status=429 retry_after_seconds=None backoff_seconds=1.0 jitter_seconds=0.133 wait_seconds=1.133|Crossref retry terminal_status=success attempt=2
Q_COASTAL_TOURISM_CORE_002,coastal_tourism,core_sector,marine ecotourism blue economy livelihoods governance,openalex,openalex,completed,150,150,143,150,150,0,0,2019,2026,,not_declared_for_provider,stratified,3,50,applied_genuine_pagination,applied_post_fetch,sampling_strategy|time_window,sampling_strategy|time_window,,sort_strategy,filter_not_applied:sort_strategy,,
Q_COASTAL_TOURISM_CORE_002,coastal_tourism,core_sector,marine ecotourism blue economy livelihoods governance,scopus,scopus,completed,1,1,1,1,1,0,0,2019,2026,date-desc,applied_post_fetch,stratified,3,50,applied_genuine_pagination,applied_post_fetch,sampling_strategy|sort_strategy|time_window,sampling_strategy|sort_strategy|time_window,,,,,"Scopus pagination: projected_query='TITLE-ABS-KEY(""marine"" AND ""ecotourism"" AND ""blue"" AND ""economy"" AND ""livelihoods"" AND ""governance"")'; logical_pages_attempted=1"
Q_COASTAL_TOURISM_CORE_002,coastal_tourism,core_sector,marine ecotourism blue economy livelihoods governance,wos,wos,completed,2,2,2,2,2,0,0,2019,2026,date-desc,applied_post_fetch,stratified,3,50,applied_genuine_pagination,applied_post_fetch,sampling_strategy|sort_strategy|time_window,sampling_strategy|sort_strategy|time_window,,,,,
Q_COASTAL_TOURISM_CORE_003,coastal_tourism,core_sector,cruise tourism environmental impact governance,crossref,crossref,completed,150,0,0,150,0,150,0,2019,2026,published-desc,applied_post_fetch,stratified,3,50,applied_genuine_pagination,applied_post_fetch,sampling_strategy|sort_strategy|time_window,sampling_strategy|sort_strategy|time_window,,,,,Crossref retry search_page_3: attempt=1 http_status=429 retry_after_seconds=None backoff_seconds=1.0 jitter_seconds=0.39 wait_seconds=1.39|Crossref retry terminal_status=success attempt=2
Q_COASTAL_TOURISM_CORE_003,coastal_tourism,core_sector,cruise tourism environmental impact governance,openalex,openalex,completed,150,150,142,150,150,0,0,2019,2026,,not_declared_for_provider,stratified,3,50,applied_genuine_pagination,applied_post_fetch,sampling_strategy|time_window,sampling_strategy|time_window,,sort_strategy,filter_not_applied:sort_strategy,,
Q_COASTAL_TOURISM_CORE_003,coastal_tourism,core_sector,cruise tourism environmental impact governance,scopus,scopus,completed,19,12,12,19,12,7,0,2019,2026,date-desc,applied_post_fetch,stratified,3,50,applied_genuine_pagination,applied_post_fetch,sampling_strategy|sort_strategy|time_window,sampling_strategy|sort_strategy|time_window,,,,,"Scopus pagination: projected_query='TITLE-ABS-KEY(""cruise"" AND ""tourism"" AND ""environmental"" AND ""impact"" AND ""governance"")'; logical_pages_attempted=1"
Q_COASTAL_TOURISM_CORE_003,coastal_tourism,core_sector,cruise tourism environmental impact governance,wos,wos,completed,19,13,13,19,13,6,0,2019,2026,date-desc,applied_post_fetch,stratified,3,50,applied_genuine_pagination,applied_post_fetch,sampling_strategy|sort_strategy|time_window,sampling_strategy|sort_strategy|time_window,,,,,
Q_COASTAL_TOURISM_EMRG_001,coastal_tourism,emerging_demand,coastal tourism climate adaptation resilience just transition safety,crossref,crossref,completed,150,0,0,150,0,150,0,2019,2026,published-desc,applied_post_fetch,stratified,3,50,applied_genuine_pagination,applied_post_fetch,sampling_strategy|sort_strategy|time_window,sampling_strategy|sort_strategy|time_window,,,,,Crossref retry search_page_3: attempt=1 http_status=429 retry_after_seconds=None backoff_seconds=1.0 jitter_seconds=0.383 wait_seconds=1.383|Crossref retry terminal_status=success attempt=2
Q_COASTAL_TOURISM_EMRG_001,coastal_tourism,emerging_demand,coastal tourism climate adaptation resilience just transition safety,openalex,openalex,completed,150,150,136,150,150,0,0,2019,2026,,not_declared_for_provider,stratified,3,50,applied_genuine_pagination,applied_post_fetch,sampling_strategy|time_window,sampling_strategy|time_window,,sort_strategy,filter_not_applied:sort_strategy,,
Q_COASTAL_TOURISM_EMRG_001,coastal_tourism,emerging_demand,coastal tourism climate adaptation resilience just transition safety,scopus,scopus,completed,0,0,0,0,0,0,0,2019,2026,date-desc,applied_post_fetch,stratified,3,50,applied_genuine_pagination,applied_post_fetch,sampling_strategy|sort_strategy|time_window,sampling_strategy|sort_strategy|time_window,,,,,"Scopus pagination: projected_query='TITLE-ABS-KEY(""coastal"" AND ""tourism"" AND ""climate"" AND ""adaptation"" AND ""resilience"" AND ""just"" AND ""transition"" AND ""safety"")'; logical_pages_attempted=1"
Q_COASTAL_TOURISM_EMRG_001,coastal_tourism,emerging_demand,coastal tourism climate adaptation resilience just transition safety,wos,wos,completed,0,0,0,0,0,0,0,2019,2026,date-desc,applied_post_fetch,stratified,3,50,applied_genuine_pagination,applied_post_fetch,sampling_strategy|sort_strategy|time_window,sampling_strategy|sort_strategy|time_window,,,,,
Q_COASTAL_TOURISM_EMRG_002,coastal_tourism,emerging_demand,coastal tourism AI digital twin ocean literacy hydrosocial,crossref,crossref,completed,150,0,0,150,0,150,0,2019,2026,published-desc,applied_post_fetch,stratified,3,50,applied_genuine_pagination,applied_post_fetch,sampling_strategy|sort_strategy|time_window,sampling_strategy|sort_strategy|time_window,,,,,Crossref retry search_page_3: attempt=1 http_status=429 retry_after_seconds=None backoff_seconds=1.0 jitter_seconds=0.408 wait_seconds=1.408|Crossref retry terminal_status=success attempt=2
Q_COASTAL_TOURISM_EMRG_002,coastal_tourism,emerging_demand,coastal tourism AI digital twin ocean literacy hydrosocial,openalex,openalex,completed,0,0,0,0,0,0,0,2019,2026,,not_declared_for_provider,stratified,3,50,applied_genuine_pagination,applied_post_fetch,sampling_strategy|time_window,sampling_strategy|time_window,,sort_strategy,filter_not_applied:sort_strategy,,
Q_COASTAL_TOURISM_EMRG_002,coastal_tourism,emerging_demand,coastal tourism AI digital twin ocean literacy hydrosocial,scopus,scopus,completed,0,0,0,0,0,0,0,2019,2026,date-desc,applied_post_fetch,stratified,3,50,applied_genuine_pagination,applied_post_fetch,sampling_strategy|sort_strategy|time_window,sampling_strategy|sort_strategy|time_window,,,,,"Scopus pagination: projected_query='TITLE-ABS-KEY(""coastal"" AND ""tourism"" AND ""AI"" AND ""digital"" AND ""twin"" AND ""ocean"" AND ""literacy"" AND ""hydrosocial"")'; logical_pages_attempted=1"
Q_COASTAL_TOURISM_EMRG_002,coastal_tourism,emerging_demand,coastal tourism AI digital twin ocean literacy hydrosocial,wos,wos,completed,0,0,0,0,0,0,0,2019,2026,date-desc,applied_post_fetch,stratified,3,50,applied_genuine_pagination,applied_post_fetch,sampling_strategy|sort_strategy|time_window,sampling_strategy|sort_strategy|time_window,,,,,
Q_COASTAL_TOURISM_HYP_001,coastal_tourism,hypothesis_verification,coastal tourism maritimisation marinization oceanisation hydrosocial de-base-re hypothesis verification indicators,crossref,crossref,completed,150,145,145,150,145,5,0,2019,2026,published-desc,applied_post_fetch,stratified,3,50,applied_genuine_pagination,applied_post_fetch,sampling_strategy|sort_strategy|time_window,sampling_strategy|sort_strategy|time_window,,,,,Crossref retry search_page_3: attempt=1 http_status=429 retry_after_seconds=None backoff_seconds=1.0 jitter_seconds=0.456 wait_seconds=1.456|Crossref retry terminal_status=success attempt=2
Q_COASTAL_TOURISM_HYP_001,coastal_tourism,hypothesis_verification,coastal tourism maritimisation marinization oceanisation hydrosocial de-base-re hypothesis verification indicators,openalex,openalex,completed,0,0,0,0,0,0,0,2019,2026,,not_declared_for_provider,stratified,3,50,applied_genuine_pagination,applied_post_fetch,sampling_strategy|time_window,sampling_strategy|time_window,,sort_strategy,filter_not_applied:sort_strategy,,
Q_COASTAL_TOURISM_HYP_001,coastal_tourism,hypothesis_verification,coastal tourism maritimisation marinization oceanisation hydrosocial de-base-re hypothesis verification indicators,scopus,scopus,completed,0,0,0,0,0,0,0,2019,2026,date-desc,applied_post_fetch,stratified,3,50,applied_genuine_pagination,applied_post_fetch,sampling_strategy|sort_strategy|time_window,sampling_strategy|sort_strategy|time_window,,,,,"Scopus pagination: projected_query='TITLE-ABS-KEY(""coastal"" AND ""tourism"" AND ""maritimisation"" AND ""marinization"" AND ""oceanisation"" AND ""hydrosocial"" AND ""de-base-re"" AND ""hypothesis"" AND ""verification"" AND ""indicators"")'; logical_pages_attempted=1"
Q_COASTAL_TOURISM_HYP_001,coastal_tourism,hypothesis_verification,coastal tourism maritimisation marinization oceanisation hydrosocial de-base-re hypothesis verification indicators,wos,wos,completed,0,0,0,0,0,0,0,2019,2026,date-desc,applied_post_fetch,stratified,3,50,applied_genuine_pagination,applied_post_fetch,sampling_strategy|sort_strategy|time_window,sampling_strategy|sort_strategy|time_window,,,,,
Q_COASTAL_TOURISM_THY_001,coastal_tourism,theory_translation,coastal tourism qmbd axis translation marine maritime oceanic hydronization theory terms taxonomy mapping,crossref,crossref,completed,150,146,146,150,146,4,0,2019,2026,published-desc,applied_post_fetch,stratified,3,50,applied_genuine_pagination,applied_post_fetch,sampling_strategy|sort_strategy|time_window,sampling_strategy|sort_strategy|time_window,,,,,Crossref retry search_page_2: attempt=1 http_status=429 retry_after_seconds=None backoff_seconds=1.0 jitter_seconds=0.107 wait_seconds=1.107|Crossref retry terminal_status=success attempt=2
Q_COASTAL_TOURISM_THY_001,coastal_tourism,theory_translation,coastal tourism qmbd axis translation marine maritime oceanic hydronization theory terms taxonomy mapping,openalex,openalex,completed,0,0,0,0,0,0,0,2019,2026,,not_declared_for_provider,stratified,3,50,applied_genuine_pagination,applied_post_fetch,sampling_strategy|time_window,sampling_strategy|time_window,,sort_strategy,filter_not_applied:sort_strategy,,
Q_COASTAL_TOURISM_THY_001,coastal_tourism,theory_translation,coastal tourism qmbd axis translation marine maritime oceanic hydronization theory terms taxonomy mapping,scopus,scopus,completed,0,0,0,0,0,0,0,2019,2026,date-desc,applied_post_fetch,stratified,3,50,applied_genuine_pagination,applied_post_fetch,sampling_strategy|sort_strategy|time_window,sampling_strategy|sort_strategy|time_window,,,,,"Scopus pagination: projected_query='TITLE-ABS-KEY(""coastal"" AND ""tourism"" AND ""qmbd"" AND ""axis"" AND ""translation"" AND ""marine"" AND ""maritime"" AND ""oceanic"" AND ""hydronization"" AND ""theory"" AND ""terms"" AND ""taxonomy"" AND ""mapping"")'; logical_pages_attempted=1"
Q_COASTAL_TOURISM_THY_001,coastal_tourism,theory_translation,coastal tourism qmbd axis translation marine maritime oceanic hydronization theory terms taxonomy mapping,wos,wos,completed,0,0,0,0,0,0,0,2019,2026,date-desc,applied_post_fetch,stratified,3,50,applied_genuine_pagination,applied_post_fetch,sampling_strategy|sort_strategy|time_window,sampling_strategy|sort_strategy|time_window,,,,,
Q_COASTAL_TOURISM_VAL_001,coastal_tourism,validation_eqf_translation,coastal tourism EQF qualification framework micro-credential learning outcomes,crossref,crossref,completed,150,0,0,150,0,150,0,2019,2026,published-desc,applied_post_fetch,stratified,3,50,applied_genuine_pagination,applied_post_fetch,sampling_strategy|sort_strategy|time_window,sampling_strategy|sort_strategy|time_window,,,,,
Q_COASTAL_TOURISM_VAL_001,coastal_tourism,validation_eqf_translation,coastal tourism EQF qualification framework micro-credential learning outcomes,openalex,openalex,completed,2,2,2,2,2,0,0,2019,2026,,not_declared_for_provider,stratified,3,50,applied_genuine_pagination,applied_post_fetch,sampling_strategy|time_window,sampling_strategy|time_window,,sort_strategy,filter_not_applied:sort_strategy,,
Q_COASTAL_TOURISM_VAL_001,coastal_tourism,validation_eqf_translation,coastal tourism EQF qualification framework micro-credential learning outcomes,scopus,scopus,completed,0,0,0,0,0,0,0,2019,2026,date-desc,applied_post_fetch,stratified,3,50,applied_genuine_pagination,applied_post_fetch,sampling_strategy|sort_strategy|time_window,sampling_strategy|sort_strategy|time_window,,,,,"Scopus pagination: projected_query='TITLE-ABS-KEY(""coastal"" AND ""tourism"" AND ""EQF"" AND ""qualification"" AND ""framework"" AND ""micro"" AND ""credential"" AND ""learning"" AND ""outcomes"")'; logical_pages_attempted=1"
Q_COASTAL_TOURISM_VAL_001,coastal_tourism,validation_eqf_translation,coastal tourism EQF qualification framework micro-credential learning outcomes,wos,wos,completed,0,0,0,0,0,0,0,2019,2026,date-desc,applied_post_fetch,stratified,3,50,applied_genuine_pagination,applied_post_fetch,sampling_strategy|sort_strategy|time_window,sampling_strategy|sort_strategy|time_window,,,,,
Q_DESALINATION_COMP_001,desalination,competence_demand,desalination workforce skills competences training professional development,crossref,crossref,completed,150,0,0,150,0,150,0,2019,2026,published-desc,applied_post_fetch,stratified,3,50,applied_genuine_pagination,applied_post_fetch,sampling_strategy|sort_strategy|time_window,sampling_strategy|sort_strategy|time_window,,,,,Crossref retry search_page_3: attempt=1 http_status=429 retry_after_seconds=None backoff_seconds=1.0 jitter_seconds=0.251 wait_seconds=1.251|Crossref retry terminal_status=success attempt=2
Q_DESALINATION_COMP_001,desalination,competence_demand,desalination workforce skills competences training professional development,openalex,openalex,completed,150,150,142,150,150,0,0,2019,2026,,not_declared_for_provider,stratified,3,50,applied_genuine_pagination,applied_post_fetch,sampling_strategy|time_window,sampling_strategy|time_window,,sort_strategy,filter_not_applied:sort_strategy,,
Q_DESALINATION_COMP_001,desalination,competence_demand,desalination workforce skills competences training professional development,scopus,scopus,completed,0,0,0,0,0,0,0,2019,2026,date-desc,applied_post_fetch,stratified,3,50,applied_genuine_pagination,applied_post_fetch,sampling_strategy|sort_strategy|time_window,sampling_strategy|sort_strategy|time_window,,,,,"Scopus pagination: projected_query='TITLE-ABS-KEY(""desalination"" AND ""workforce"" AND ""skills"" AND ""competences"" AND ""training"" AND ""professional"" AND ""development"")'; logical_pages_attempted=1"
Q_DESALINATION_COMP_001,desalination,competence_demand,desalination workforce skills competences training professional development,wos,wos,completed,0,0,0,0,0,0,0,2019,2026,date-desc,applied_post_fetch,stratified,3,50,applied_genuine_pagination,applied_post_fetch,sampling_strategy|sort_strategy|time_window,sampling_strategy|sort_strategy|time_window,,,,,
Q_DESALINATION_COMP_002,desalination,competence_demand,desalination operator education learning outcomes curriculum qualification,crossref,crossref,completed,150,0,0,150,0,150,0,2019,2026,published-desc,applied_post_fetch,stratified,3,50,applied_genuine_pagination,applied_post_fetch,sampling_strategy|sort_strategy|time_window,sampling_strategy|sort_strategy|time_window,,,,,Crossref retry search_page_3: attempt=1 http_status=429 retry_after_seconds=None backoff_seconds=1.0 jitter_seconds=0.139 wait_seconds=1.139|Crossref retry terminal_status=success attempt=2
Q_DESALINATION_COMP_002,desalination,competence_demand,desalination operator education learning outcomes curriculum qualification,openalex,openalex,completed,17,17,17,17,17,0,0,2019,2026,,not_declared_for_provider,stratified,3,50,applied_genuine_pagination,applied_post_fetch,sampling_strategy|time_window,sampling_strategy|time_window,,sort_strategy,filter_not_applied:sort_strategy,,
Q_DESALINATION_COMP_002,desalination,competence_demand,desalination operator education learning outcomes curriculum qualification,scopus,scopus,completed,0,0,0,0,0,0,0,2019,2026,date-desc,applied_post_fetch,stratified,3,50,applied_genuine_pagination,applied_post_fetch,sampling_strategy|sort_strategy|time_window,sampling_strategy|sort_strategy|time_window,,,,,"Scopus pagination: projected_query='TITLE-ABS-KEY(""desalination"" AND ""operator"" AND ""education"" AND ""learning"" AND ""outcomes"" AND ""curriculum"" AND ""qualification"")'; logical_pages_attempted=1"
Q_DESALINATION_COMP_002,desalination,competence_demand,desalination operator education learning outcomes curriculum qualification,wos,wos,completed,0,0,0,0,0,0,0,2019,2026,date-desc,applied_post_fetch,stratified,3,50,applied_genuine_pagination,applied_post_fetch,sampling_strategy|sort_strategy|time_window,sampling_strategy|sort_strategy|time_window,,,,,
Q_DESALINATION_CORE_001,desalination,core_sector,desalination brine management environmental impact governance,crossref,crossref,completed,150,0,0,150,0,150,0,2019,2026,published-desc,applied_post_fetch,stratified,3,50,applied_genuine_pagination,applied_post_fetch,sampling_strategy|sort_strategy|time_window,sampling_strategy|sort_strategy|time_window,,,,,
Q_DESALINATION_CORE_001,desalination,core_sector,desalination brine management environmental impact governance,openalex,openalex,completed,150,150,141,150,150,0,0,2019,2026,,not_declared_for_provider,stratified,3,50,applied_genuine_pagination,applied_post_fetch,sampling_strategy|time_window,sampling_strategy|time_window,,sort_strategy,filter_not_applied:sort_strategy,,
Q_DESALINATION_CORE_001,desalination,core_sector,desalination brine management environmental impact governance,scopus,scopus,completed,4,4,4,4,4,0,0,2019,2026,date-desc,applied_post_fetch,stratified,3,50,applied_genuine_pagination,applied_post_fetch,sampling_strategy|sort_strategy|time_window,sampling_strategy|sort_strategy|time_window,,,,,"Scopus pagination: projected_query='TITLE-ABS-KEY(""desalination"" AND ""brine"" AND ""management"" AND ""environmental"" AND ""impact"" AND ""governance"")'; logical_pages_attempted=1"
Q_DESALINATION_CORE_001,desalination,core_sector,desalination brine management environmental impact governance,wos,wos,completed,4,4,4,4,4,0,0,2019,2026,date-desc,applied_post_fetch,stratified,3,50,applied_genuine_pagination,applied_post_fetch,sampling_strategy|sort_strategy|time_window,sampling_strategy|sort_strategy|time_window,,,,,
Q_DESALINATION_CORE_002,desalination,core_sector,desalination water energy nexus sustainability,crossref,crossref,completed,150,0,0,150,0,150,0,2019,2026,published-desc,applied_post_fetch,stratified,3,50,applied_genuine_pagination,applied_post_fetch,sampling_strategy|sort_strategy|time_window,sampling_strategy|sort_strategy|time_window,,,,,
Q_DESALINATION_CORE_002,desalination,core_sector,desalination water energy nexus sustainability,openalex,openalex,completed,150,150,147,150,150,0,0,2019,2026,,not_declared_for_provider,stratified,3,50,applied_genuine_pagination,applied_post_fetch,sampling_strategy|time_window,sampling_strategy|time_window,,sort_strategy,filter_not_applied:sort_strategy,,
Q_DESALINATION_CORE_002,desalination,core_sector,desalination water energy nexus sustainability,scopus,scopus,completed,150,132,132,150,132,18,0,2019,2026,date-desc,applied_post_fetch,stratified,3,50,applied_genuine_pagination,applied_post_fetch,sampling_strategy|sort_strategy|time_window,sampling_strategy|sort_strategy|time_window,,,,,"Scopus pagination: projected_query='TITLE-ABS-KEY(""desalination"" AND ""water"" AND ""energy"" AND ""nexus"" AND ""sustainability"")'; logical_pages_attempted=3"
Q_DESALINATION_CORE_002,desalination,core_sector,desalination water energy nexus sustainability,wos,wos,completed,143,117,117,143,117,26,0,2019,2026,date-desc,applied_post_fetch,stratified,3,50,applied_genuine_pagination,applied_post_fetch,sampling_strategy|sort_strategy|time_window,sampling_strategy|sort_strategy|time_window,,,,,
Q_DESALINATION_CORE_003,desalination,core_sector,desalination hydrosocial water justice governance,crossref,crossref,completed,150,0,0,150,0,150,0,2019,2026,published-desc,applied_post_fetch,stratified,3,50,applied_genuine_pagination,applied_post_fetch,sampling_strategy|sort_strategy|time_window,sampling_strategy|sort_strategy|time_window,,,,,Crossref retry search_page_3: attempt=1 http_status=429 retry_after_seconds=None backoff_seconds=1.0 jitter_seconds=0.153 wait_seconds=1.153|Crossref retry terminal_status=success attempt=2
Q_DESALINATION_CORE_003,desalination,core_sector,desalination hydrosocial water justice governance,openalex,openalex,completed,129,129,119,129,129,0,0,2019,2026,,not_declared_for_provider,stratified,3,50,applied_genuine_pagination,applied_post_fetch,sampling_strategy|time_window,sampling_strategy|time_window,,sort_strategy,filter_not_applied:sort_strategy,,
Q_DESALINATION_CORE_003,desalination,core_sector,desalination hydrosocial water justice governance,scopus,scopus,completed,0,0,0,0,0,0,0,2019,2026,date-desc,applied_post_fetch,stratified,3,50,applied_genuine_pagination,applied_post_fetch,sampling_strategy|sort_strategy|time_window,sampling_strategy|sort_strategy|time_window,,,,,"Scopus pagination: projected_query='TITLE-ABS-KEY(""desalination"" AND ""hydrosocial"" AND ""water"" AND ""justice"" AND ""governance"")'; logical_pages_attempted=1"
Q_DESALINATION_CORE_003,desalination,core_sector,desalination hydrosocial water justice governance,wos,wos,completed,0,0,0,0,0,0,0,2019,2026,date-desc,applied_post_fetch,stratified,3,50,applied_genuine_pagination,applied_post_fetch,sampling_strategy|sort_strategy|time_window,sampling_strategy|sort_strategy|time_window,,,,,
Q_DESALINATION_EMRG_001,desalination,emerging_demand,desalination AI digital twin autonomous systems resilience,crossref,crossref,completed,150,0,0,150,0,150,0,2019,2026,published-desc,applied_post_fetch,stratified,3,50,applied_genuine_pagination,applied_post_fetch,sampling_strategy|sort_strategy|time_window,sampling_strategy|sort_strategy|time_window,,,,,Crossref retry search_page_2: attempt=1 http_status=429 retry_after_seconds=None backoff_seconds=1.0 jitter_seconds=0.236 wait_seconds=1.236|Crossref retry terminal_status=success attempt=2|Crossref retry search_page_3: attempt=1 http_status=429 retry_after_seconds=None backoff_seconds=1.0 jitter_seconds=0.479 wait_seconds=1.479|Crossref retry terminal_status=success attempt=2
Q_DESALINATION_EMRG_001,desalination,emerging_demand,desalination AI digital twin autonomous systems resilience,openalex,openalex,completed,150,150,143,150,150,0,0,2019,2026,,not_declared_for_provider,stratified,3,50,applied_genuine_pagination,applied_post_fetch,sampling_strategy|time_window,sampling_strategy|time_window,,sort_strategy,filter_not_applied:sort_strategy,,
Q_DESALINATION_EMRG_001,desalination,emerging_demand,desalination AI digital twin autonomous systems resilience,scopus,scopus,completed,0,0,0,0,0,0,0,2019,2026,date-desc,applied_post_fetch,stratified,3,50,applied_genuine_pagination,applied_post_fetch,sampling_strategy|sort_strategy|time_window,sampling_strategy|sort_strategy|time_window,,,,,"Scopus pagination: projected_query='TITLE-ABS-KEY(""desalination"" AND ""AI"" AND ""digital"" AND ""twin"" AND ""autonomous"" AND ""systems"" AND ""resilience"")'; logical_pages_attempted=1"
Q_DESALINATION_EMRG_001,desalination,emerging_demand,desalination AI digital twin autonomous systems resilience,wos,wos,completed,0,0,0,0,0,0,0,2019,2026,date-desc,applied_post_fetch,stratified,3,50,applied_genuine_pagination,applied_post_fetch,sampling_strategy|sort_strategy|time_window,sampling_strategy|sort_strategy|time_window,,,,,
Q_DESALINATION_EMRG_002,desalination,emerging_demand,desalination climate adaptation just transition hydrosocial safety,crossref,crossref,completed,150,0,0,150,0,150,0,2019,2026,published-desc,applied_post_fetch,stratified,3,50,applied_genuine_pagination,applied_post_fetch,sampling_strategy|sort_strategy|time_window,sampling_strategy|sort_strategy|time_window,,,,,Crossref retry search_page_2: attempt=1 http_status=429 retry_after_seconds=None backoff_seconds=1.0 jitter_seconds=0.085 wait_seconds=1.085|Crossref retry terminal_status=success attempt=2
Q_DESALINATION_EMRG_002,desalination,emerging_demand,desalination climate adaptation just transition hydrosocial safety,openalex,openalex,completed,33,33,31,33,33,0,0,2019,2026,,not_declared_for_provider,stratified,3,50,applied_genuine_pagination,applied_post_fetch,sampling_strategy|time_window,sampling_strategy|time_window,,sort_strategy,filter_not_applied:sort_strategy,,
Q_DESALINATION_EMRG_002,desalination,emerging_demand,desalination climate adaptation just transition hydrosocial safety,scopus,scopus,completed,0,0,0,0,0,0,0,2019,2026,date-desc,applied_post_fetch,stratified,3,50,applied_genuine_pagination,applied_post_fetch,sampling_strategy|sort_strategy|time_window,sampling_strategy|sort_strategy|time_window,,,,,"Scopus pagination: projected_query='TITLE-ABS-KEY(""desalination"" AND ""climate"" AND ""adaptation"" AND ""just"" AND ""transition"" AND ""hydrosocial"" AND ""safety"")'; logical_pages_attempted=1"
Q_DESALINATION_EMRG_002,desalination,emerging_demand,desalination climate adaptation just transition hydrosocial safety,wos,wos,completed,0,0,0,0,0,0,0,2019,2026,date-desc,applied_post_fetch,stratified,3,50,applied_genuine_pagination,applied_post_fetch,sampling_strategy|sort_strategy|time_window,sampling_strategy|sort_strategy|time_window,,,,,
Q_DESALINATION_HYP_001,desalination,hypothesis_verification,desalination maritimisation marinization oceanisation hydrosocial de-base-re hypothesis verification indicators,crossref,crossref,completed,150,146,146,150,146,4,0,2019,2026,published-desc,applied_post_fetch,stratified,3,50,applied_genuine_pagination,applied_post_fetch,sampling_strategy|sort_strategy|time_window,sampling_strategy|sort_strategy|time_window,,,,,Crossref retry search_page_3: attempt=1 http_status=429 retry_after_seconds=None backoff_seconds=1.0 jitter_seconds=0.114 wait_seconds=1.114|Crossref retry terminal_status=success attempt=2
Q_DESALINATION_HYP_001,desalination,hypothesis_verification,desalination maritimisation marinization oceanisation hydrosocial de-base-re hypothesis verification indicators,openalex,openalex,completed,0,0,0,0,0,0,0,2019,2026,,not_declared_for_provider,stratified,3,50,applied_genuine_pagination,applied_post_fetch,sampling_strategy|time_window,sampling_strategy|time_window,,sort_strategy,filter_not_applied:sort_strategy,,
Q_DESALINATION_HYP_001,desalination,hypothesis_verification,desalination maritimisation marinization oceanisation hydrosocial de-base-re hypothesis verification indicators,scopus,scopus,completed,0,0,0,0,0,0,0,2019,2026,date-desc,applied_post_fetch,stratified,3,50,applied_genuine_pagination,applied_post_fetch,sampling_strategy|sort_strategy|time_window,sampling_strategy|sort_strategy|time_window,,,,,"Scopus pagination: projected_query='TITLE-ABS-KEY(""desalination"" AND ""maritimisation"" AND ""marinization"" AND ""oceanisation"" AND ""hydrosocial"" AND ""de-base-re"" AND ""hypothesis"" AND ""verification"" AND ""indicators"")'; logical_pages_attempted=1"
Q_DESALINATION_HYP_001,desalination,hypothesis_verification,desalination maritimisation marinization oceanisation hydrosocial de-base-re hypothesis verification indicators,wos,wos,completed,0,0,0,0,0,0,0,2019,2026,date-desc,applied_post_fetch,stratified,3,50,applied_genuine_pagination,applied_post_fetch,sampling_strategy|sort_strategy|time_window,sampling_strategy|sort_strategy|time_window,,,,,
Q_DESALINATION_THY_001,desalination,theory_translation,desalination qmbd axis translation marine maritime oceanic hydronization theory terms taxonomy mapping,crossref,crossref,completed,150,147,147,150,147,3,0,2019,2026,published-desc,applied_post_fetch,stratified,3,50,applied_genuine_pagination,applied_post_fetch,sampling_strategy|sort_strategy|time_window,sampling_strategy|sort_strategy|time_window,,,,,Crossref retry search_page_3: attempt=1 http_status=429 retry_after_seconds=None backoff_seconds=1.0 jitter_seconds=0.193 wait_seconds=1.193|Crossref retry terminal_status=success attempt=2
Q_DESALINATION_THY_001,desalination,theory_translation,desalination qmbd axis translation marine maritime oceanic hydronization theory terms taxonomy mapping,openalex,openalex,completed,0,0,0,0,0,0,0,2019,2026,,not_declared_for_provider,stratified,3,50,applied_genuine_pagination,applied_post_fetch,sampling_strategy|time_window,sampling_strategy|time_window,,sort_strategy,filter_not_applied:sort_strategy,,
Q_DESALINATION_THY_001,desalination,theory_translation,desalination qmbd axis translation marine maritime oceanic hydronization theory terms taxonomy mapping,scopus,scopus,completed,0,0,0,0,0,0,0,2019,2026,date-desc,applied_post_fetch,stratified,3,50,applied_genuine_pagination,applied_post_fetch,sampling_strategy|sort_strategy|time_window,sampling_strategy|sort_strategy|time_window,,,,,"Scopus pagination: projected_query='TITLE-ABS-KEY(""desalination"" AND ""qmbd"" AND ""axis"" AND ""translation"" AND ""marine"" AND ""maritime"" AND ""oceanic"" AND ""hydronization"" AND ""theory"" AND ""terms"" AND ""taxonomy"" AND ""mapping"")'; logical_pages_attempted=1"
Q_DESALINATION_THY_001,desalination,theory_translation,desalination qmbd axis translation marine maritime oceanic hydronization theory terms taxonomy mapping,wos,wos,completed,0,0,0,0,0,0,0,2019,2026,date-desc,applied_post_fetch,stratified,3,50,applied_genuine_pagination,applied_post_fetch,sampling_strategy|sort_strategy|time_window,sampling_strategy|sort_strategy|time_window,,,,,
Q_DESALINATION_VAL_001,desalination,validation_eqf_translation,desalination EQF qualification framework micro-credential learning outcomes,crossref,crossref,completed,150,0,0,150,0,150,0,2019,2026,published-desc,applied_post_fetch,stratified,3,50,applied_genuine_pagination,applied_post_fetch,sampling_strategy|sort_strategy|time_window,sampling_strategy|sort_strategy|time_window,,,,,
Q_DESALINATION_VAL_001,desalination,validation_eqf_translation,desalination EQF qualification framework micro-credential learning outcomes,openalex,openalex,completed,0,0,0,0,0,0,0,2019,2026,,not_declared_for_provider,stratified,3,50,applied_genuine_pagination,applied_post_fetch,sampling_strategy|time_window,sampling_strategy|time_window,,sort_strategy,filter_not_applied:sort_strategy,,
Q_DESALINATION_VAL_001,desalination,validation_eqf_translation,desalination EQF qualification framework micro-credential learning outcomes,scopus,scopus,completed,0,0,0,0,0,0,0,2019,2026,date-desc,applied_post_fetch,stratified,3,50,applied_genuine_pagination,applied_post_fetch,sampling_strategy|sort_strategy|time_window,sampling_strategy|sort_strategy|time_window,,,,,"Scopus pagination: projected_query='TITLE-ABS-KEY(""desalination"" AND ""EQF"" AND ""qualification"" AND ""framework"" AND ""micro"" AND ""credential"" AND ""learning"" AND ""outcomes"")'; logical_pages_attempted=1"
Q_DESALINATION_VAL_001,desalination,validation_eqf_translation,desalination EQF qualification framework micro-credential learning outcomes,wos,wos,completed,0,0,0,0,0,0,0,2019,2026,date-desc,applied_post_fetch,stratified,3,50,applied_genuine_pagination,applied_post_fetch,sampling_strategy|sort_strategy|time_window,sampling_strategy|sort_strategy|time_window,,,,,
Q_INFRA_ROBOTICS_COMP_001,infra_robotics,competence_demand,offshore robotics workforce skills competences training professional development,crossref,crossref,completed,150,0,0,150,0,150,0,2019,2026,published-desc,applied_post_fetch,stratified,3,50,applied_genuine_pagination,applied_post_fetch,sampling_strategy|sort_strategy|time_window,sampling_strategy|sort_strategy|time_window,,,,,Crossref retry search_page_3: attempt=1 http_status=429 retry_after_seconds=None backoff_seconds=1.0 jitter_seconds=0.428 wait_seconds=1.428|Crossref retry terminal_status=success attempt=2
Q_INFRA_ROBOTICS_COMP_001,infra_robotics,competence_demand,offshore robotics workforce skills competences training professional development,openalex,openalex,completed,150,150,131,150,150,0,0,2019,2026,,not_declared_for_provider,stratified,3,50,applied_genuine_pagination,applied_post_fetch,sampling_strategy|time_window,sampling_strategy|time_window,,sort_strategy,filter_not_applied:sort_strategy,,
Q_INFRA_ROBOTICS_COMP_001,infra_robotics,competence_demand,offshore robotics workforce skills competences training professional development,scopus,scopus,completed,0,0,0,0,0,0,0,2019,2026,date-desc,applied_post_fetch,stratified,3,50,applied_genuine_pagination,applied_post_fetch,sampling_strategy|sort_strategy|time_window,sampling_strategy|sort_strategy|time_window,,,,,"Scopus pagination: projected_query='TITLE-ABS-KEY(""offshore"" AND ""robotics"" AND ""workforce"" AND ""skills"" AND ""competences"" AND ""training"" AND ""professional"" AND ""development"")'; logical_pages_attempted=1"
Q_INFRA_ROBOTICS_COMP_001,infra_robotics,competence_demand,offshore robotics workforce skills competences training professional development,wos,wos,completed,0,0,0,0,0,0,0,2019,2026,date-desc,applied_post_fetch,stratified,3,50,applied_genuine_pagination,applied_post_fetch,sampling_strategy|sort_strategy|time_window,sampling_strategy|sort_strategy|time_window,,,,,
Q_INFRA_ROBOTICS_COMP_002,infra_robotics,competence_demand,maritime robotics engineer education learning outcomes curriculum qualification,crossref,crossref,completed,150,0,0,150,0,150,0,2019,2026,published-desc,applied_post_fetch,stratified,3,50,applied_genuine_pagination,applied_post_fetch,sampling_strategy|sort_strategy|time_window,sampling_strategy|sort_strategy|time_window,,,,,Crossref retry search_page_2: attempt=1 http_status=429 retry_after_seconds=None backoff_seconds=1.0 jitter_seconds=0.187 wait_seconds=1.187|Crossref retry terminal_status=success attempt=2
Q_INFRA_ROBOTICS_COMP_002,infra_robotics,competence_demand,maritime robotics engineer education learning outcomes curriculum qualification,openalex,openalex,completed,126,126,113,126,126,0,0,2019,2026,,not_declared_for_provider,stratified,3,50,applied_genuine_pagination,applied_post_fetch,sampling_strategy|time_window,sampling_strategy|time_window,,sort_strategy,filter_not_applied:sort_strategy,,
Q_INFRA_ROBOTICS_COMP_002,infra_robotics,competence_demand,maritime robotics engineer education learning outcomes curriculum qualification,scopus,scopus,completed,0,0,0,0,0,0,0,2019,2026,date-desc,applied_post_fetch,stratified,3,50,applied_genuine_pagination,applied_post_fetch,sampling_strategy|sort_strategy|time_window,sampling_strategy|sort_strategy|time_window,,,,,"Scopus pagination: projected_query='TITLE-ABS-KEY(""maritime"" AND ""robotics"" AND ""engineer"" AND ""education"" AND ""learning"" AND ""outcomes"" AND ""curriculum"" AND ""qualification"")'; logical_pages_attempted=1"
Q_INFRA_ROBOTICS_COMP_002,infra_robotics,competence_demand,maritime robotics engineer education learning outcomes curriculum qualification,wos,wos,completed,0,0,0,0,0,0,0,2019,2026,date-desc,applied_post_fetch,stratified,3,50,applied_genuine_pagination,applied_post_fetch,sampling_strategy|sort_strategy|time_window,sampling_strategy|sort_strategy|time_window,,,,,
Q_INFRA_ROBOTICS_CORE_001,infra_robotics,core_sector,maritime infrastructure cyber physical systems digital twin,crossref,crossref,completed,150,0,0,150,0,150,0,2019,2026,published-desc,applied_post_fetch,stratified,3,50,applied_genuine_pagination,applied_post_fetch,sampling_strategy|sort_strategy|time_window,sampling_strategy|sort_strategy|time_window,,,,,Crossref retry search_page_2: attempt=1 http_status=429 retry_after_seconds=None backoff_seconds=1.0 jitter_seconds=0.377 wait_seconds=1.377|Crossref retry terminal_status=success attempt=2|Crossref retry search_page_3: attempt=1 http_status=429 retry_after_seconds=None backoff_seconds=1.0 jitter_seconds=0.221 wait_seconds=1.221|Crossref retry terminal_status=success attempt=2
Q_INFRA_ROBOTICS_CORE_001,infra_robotics,core_sector,maritime infrastructure cyber physical systems digital twin,openalex,openalex,completed,150,150,134,150,150,0,0,2019,2026,,not_declared_for_provider,stratified,3,50,applied_genuine_pagination,applied_post_fetch,sampling_strategy|time_window,sampling_strategy|time_window,,sort_strategy,filter_not_applied:sort_strategy,,
Q_INFRA_ROBOTICS_CORE_001,infra_robotics,core_sector,maritime infrastructure cyber physical systems digital twin,scopus,scopus,completed,10,10,9,10,10,0,0,2019,2026,date-desc,applied_post_fetch,stratified,3,50,applied_genuine_pagination,applied_post_fetch,sampling_strategy|sort_strategy|time_window,sampling_strategy|sort_strategy|time_window,,,,,"Scopus pagination: projected_query='TITLE-ABS-KEY(""maritime"" AND ""infrastructure"" AND ""cyber"" AND ""physical"" AND ""systems"" AND ""digital"" AND ""twin"")'; logical_pages_attempted=1"
Q_INFRA_ROBOTICS_CORE_001,infra_robotics,core_sector,maritime infrastructure cyber physical systems digital twin,wos,wos,completed,7,7,7,7,7,0,0,2019,2026,date-desc,applied_post_fetch,stratified,3,50,applied_genuine_pagination,applied_post_fetch,sampling_strategy|sort_strategy|time_window,sampling_strategy|sort_strategy|time_window,,,,,
Q_INFRA_ROBOTICS_CORE_002,infra_robotics,core_sector,offshore robotics marine monitoring autonomous systems,crossref,crossref,completed,150,0,0,150,0,150,0,2019,2026,published-desc,applied_post_fetch,stratified,3,50,applied_genuine_pagination,applied_post_fetch,sampling_strategy|sort_strategy|time_window,sampling_strategy|sort_strategy|time_window,,,,,Crossref retry search_page_2: attempt=1 http_status=429 retry_after_seconds=None backoff_seconds=1.0 jitter_seconds=0.23 wait_seconds=1.23|Crossref retry terminal_status=success attempt=2
Q_INFRA_ROBOTICS_CORE_002,infra_robotics,core_sector,offshore robotics marine monitoring autonomous systems,openalex,openalex,completed,150,150,123,150,150,0,0,2019,2026,,not_declared_for_provider,stratified,3,50,applied_genuine_pagination,applied_post_fetch,sampling_strategy|time_window,sampling_strategy|time_window,,sort_strategy,filter_not_applied:sort_strategy,,
Q_INFRA_ROBOTICS_CORE_002,infra_robotics,core_sector,offshore robotics marine monitoring autonomous systems,scopus,scopus,completed,32,21,21,32,21,11,0,2019,2026,date-desc,applied_post_fetch,stratified,3,50,applied_genuine_pagination,applied_post_fetch,sampling_strategy|sort_strategy|time_window,sampling_strategy|sort_strategy|time_window,,,,,"Scopus pagination: projected_query='TITLE-ABS-KEY(""offshore"" AND ""robotics"" AND ""marine"" AND ""monitoring"" AND ""autonomous"" AND ""systems"")'; logical_pages_attempted=1"
Q_INFRA_ROBOTICS_CORE_002,infra_robotics,core_sector,offshore robotics marine monitoring autonomous systems,wos,wos,completed,22,17,15,22,17,5,0,2019,2026,date-desc,applied_post_fetch,stratified,3,50,applied_genuine_pagination,applied_post_fetch,sampling_strategy|sort_strategy|time_window,sampling_strategy|sort_strategy|time_window,,,,,
Q_INFRA_ROBOTICS_CORE_003,infra_robotics,core_sector,smart coastal infrastructure flood risk adaptation,crossref,crossref,completed,150,0,0,150,0,150,0,2019,2026,published-desc,applied_post_fetch,stratified,3,50,applied_genuine_pagination,applied_post_fetch,sampling_strategy|sort_strategy|time_window,sampling_strategy|sort_strategy|time_window,,,,,Crossref retry search_page_2: attempt=1 http_status=429 retry_after_seconds=None backoff_seconds=1.0 jitter_seconds=0.381 wait_seconds=1.381|Crossref retry terminal_status=success attempt=2
Q_INFRA_ROBOTICS_CORE_003,infra_robotics,core_sector,smart coastal infrastructure flood risk adaptation,openalex,openalex,completed,150,150,150,150,150,0,0,2019,2026,,not_declared_for_provider,stratified,3,50,applied_genuine_pagination,applied_post_fetch,sampling_strategy|time_window,sampling_strategy|time_window,,sort_strategy,filter_not_applied:sort_strategy,,
Q_INFRA_ROBOTICS_CORE_003,infra_robotics,core_sector,smart coastal infrastructure flood risk adaptation,scopus,scopus,completed,4,4,4,4,4,0,0,2019,2026,date-desc,applied_post_fetch,stratified,3,50,applied_genuine_pagination,applied_post_fetch,sampling_strategy|sort_strategy|time_window,sampling_strategy|sort_strategy|time_window,,,,,"Scopus pagination: projected_query='TITLE-ABS-KEY(""smart"" AND ""coastal"" AND ""infrastructure"" AND ""flood"" AND ""risk"" AND ""adaptation"")'; logical_pages_attempted=1"
Q_INFRA_ROBOTICS_CORE_003,infra_robotics,core_sector,smart coastal infrastructure flood risk adaptation,wos,wos,completed,8,8,8,8,8,0,0,2019,2026,date-desc,applied_post_fetch,stratified,3,50,applied_genuine_pagination,applied_post_fetch,sampling_strategy|sort_strategy|time_window,sampling_strategy|sort_strategy|time_window,,,,,
Q_INFRA_ROBOTICS_EMRG_001,infra_robotics,emerging_demand,offshore robotics AI digital twin autonomous systems resilience,crossref,crossref,completed,150,0,0,150,0,150,0,2019,2026,published-desc,applied_post_fetch,stratified,3,50,applied_genuine_pagination,applied_post_fetch,sampling_strategy|sort_strategy|time_window,sampling_strategy|sort_strategy|time_window,,,,,
Q_INFRA_ROBOTICS_EMRG_001,infra_robotics,emerging_demand,offshore robotics AI digital twin autonomous systems resilience,openalex,openalex,completed,150,150,136,150,150,0,0,2019,2026,,not_declared_for_provider,stratified,3,50,applied_genuine_pagination,applied_post_fetch,sampling_strategy|time_window,sampling_strategy|time_window,,sort_strategy,filter_not_applied:sort_strategy,,
Q_INFRA_ROBOTICS_EMRG_001,infra_robotics,emerging_demand,offshore robotics AI digital twin autonomous systems resilience,scopus,scopus,completed,0,0,0,0,0,0,0,2019,2026,date-desc,applied_post_fetch,stratified,3,50,applied_genuine_pagination,applied_post_fetch,sampling_strategy|sort_strategy|time_window,sampling_strategy|sort_strategy|time_window,,,,,"Scopus pagination: projected_query='TITLE-ABS-KEY(""offshore"" AND ""robotics"" AND ""AI"" AND ""digital"" AND ""twin"" AND ""autonomous"" AND ""systems"" AND ""resilience"")'; logical_pages_attempted=1"
Q_INFRA_ROBOTICS_EMRG_001,infra_robotics,emerging_demand,offshore robotics AI digital twin autonomous systems resilience,wos,wos,completed,0,0,0,0,0,0,0,2019,2026,date-desc,applied_post_fetch,stratified,3,50,applied_genuine_pagination,applied_post_fetch,sampling_strategy|sort_strategy|time_window,sampling_strategy|sort_strategy|time_window,,,,,
Q_INFRA_ROBOTICS_EMRG_002,infra_robotics,emerging_demand,maritime cyber-physical systems climate adaptation safety port-city,crossref,crossref,completed,150,0,0,150,0,150,0,2019,2026,published-desc,applied_post_fetch,stratified,3,50,applied_genuine_pagination,applied_post_fetch,sampling_strategy|sort_strategy|time_window,sampling_strategy|sort_strategy|time_window,,,,,Crossref retry search_page_2: attempt=1 http_status=429 retry_after_seconds=None backoff_seconds=1.0 jitter_seconds=0.232 wait_seconds=1.232|Crossref retry terminal_status=success attempt=2
Q_INFRA_ROBOTICS_EMRG_002,infra_robotics,emerging_demand,maritime cyber-physical systems climate adaptation safety port-city,openalex,openalex,completed,150,150,135,150,150,0,0,2019,2026,,not_declared_for_provider,stratified,3,50,applied_genuine_pagination,applied_post_fetch,sampling_strategy|time_window,sampling_strategy|time_window,,sort_strategy,filter_not_applied:sort_strategy,,
Q_INFRA_ROBOTICS_EMRG_002,infra_robotics,emerging_demand,maritime cyber-physical systems climate adaptation safety port-city,scopus,scopus,completed,0,0,0,0,0,0,0,2019,2026,date-desc,applied_post_fetch,stratified,3,50,applied_genuine_pagination,applied_post_fetch,sampling_strategy|sort_strategy|time_window,sampling_strategy|sort_strategy|time_window,,,,,"Scopus pagination: projected_query='TITLE-ABS-KEY(""maritime"" AND ""cyber"" AND ""physical"" AND ""systems"" AND ""climate"" AND ""adaptation"" AND ""safety"" AND ""port-city"")'; logical_pages_attempted=1"
Q_INFRA_ROBOTICS_EMRG_002,infra_robotics,emerging_demand,maritime cyber-physical systems climate adaptation safety port-city,wos,wos,completed,0,0,0,0,0,0,0,2019,2026,date-desc,applied_post_fetch,stratified,3,50,applied_genuine_pagination,applied_post_fetch,sampling_strategy|sort_strategy|time_window,sampling_strategy|sort_strategy|time_window,,,,,
Q_INFRA_ROBOTICS_HYP_001,infra_robotics,hypothesis_verification,infra & robotics maritimisation marinization oceanisation hydrosocial de-base-re hypothesis verification indicators,crossref,crossref,completed,150,145,145,150,145,5,0,2019,2026,published-desc,applied_post_fetch,stratified,3,50,applied_genuine_pagination,applied_post_fetch,sampling_strategy|sort_strategy|time_window,sampling_strategy|sort_strategy|time_window,,,,,Crossref retry search_page_2: attempt=1 http_status=429 retry_after_seconds=None backoff_seconds=1.0 jitter_seconds=0.362 wait_seconds=1.362|Crossref retry terminal_status=success attempt=2|Crossref retry search_page_3: attempt=1 http_status=429 retry_after_seconds=None backoff_seconds=1.0 jitter_seconds=0.355 wait_seconds=1.355|Crossref retry terminal_status=success attempt=2
Q_INFRA_ROBOTICS_HYP_001,infra_robotics,hypothesis_verification,infra & robotics maritimisation marinization oceanisation hydrosocial de-base-re hypothesis verification indicators,openalex,openalex,completed,0,0,0,0,0,0,0,2019,2026,,not_declared_for_provider,stratified,3,50,applied_genuine_pagination,applied_post_fetch,sampling_strategy|time_window,sampling_strategy|time_window,,sort_strategy,filter_not_applied:sort_strategy,,
Q_INFRA_ROBOTICS_HYP_001,infra_robotics,hypothesis_verification,infra & robotics maritimisation marinization oceanisation hydrosocial de-base-re hypothesis verification indicators,scopus,scopus,completed,0,0,0,0,0,0,0,2019,2026,date-desc,applied_post_fetch,stratified,3,50,applied_genuine_pagination,applied_post_fetch,sampling_strategy|sort_strategy|time_window,sampling_strategy|sort_strategy|time_window,,,,,"Scopus pagination: projected_query='TITLE-ABS-KEY(""infra"" AND ""robotics"" AND ""maritimisation"" AND ""marinization"" AND ""oceanisation"" AND ""hydrosocial"" AND ""de-base-re"" AND ""hypothesis"" AND ""verification"" AND ""indicators"")'; logical_pages_attempted=1"
Q_INFRA_ROBOTICS_HYP_001,infra_robotics,hypothesis_verification,infra & robotics maritimisation marinization oceanisation hydrosocial de-base-re hypothesis verification indicators,wos,wos,completed,0,0,0,0,0,0,0,2019,2026,date-desc,applied_post_fetch,stratified,3,50,applied_genuine_pagination,applied_post_fetch,sampling_strategy|sort_strategy|time_window,sampling_strategy|sort_strategy|time_window,,,,,
Q_INFRA_ROBOTICS_THY_001,infra_robotics,theory_translation,infra & robotics qmbd axis translation marine maritime oceanic hydronization theory terms taxonomy mapping,crossref,crossref,completed,150,147,146,150,147,3,0,2019,2026,published-desc,applied_post_fetch,stratified,3,50,applied_genuine_pagination,applied_post_fetch,sampling_strategy|sort_strategy|time_window,sampling_strategy|sort_strategy|time_window,,,,,Crossref retry search_page_2: attempt=1 http_status=429 retry_after_seconds=None backoff_seconds=1.0 jitter_seconds=0.074 wait_seconds=1.074|Crossref retry terminal_status=success attempt=2
Q_INFRA_ROBOTICS_THY_001,infra_robotics,theory_translation,infra & robotics qmbd axis translation marine maritime oceanic hydronization theory terms taxonomy mapping,openalex,openalex,completed,0,0,0,0,0,0,0,2019,2026,,not_declared_for_provider,stratified,3,50,applied_genuine_pagination,applied_post_fetch,sampling_strategy|time_window,sampling_strategy|time_window,,sort_strategy,filter_not_applied:sort_strategy,,
Q_INFRA_ROBOTICS_THY_001,infra_robotics,theory_translation,infra & robotics qmbd axis translation marine maritime oceanic hydronization theory terms taxonomy mapping,scopus,scopus,completed,0,0,0,0,0,0,0,2019,2026,date-desc,applied_post_fetch,stratified,3,50,applied_genuine_pagination,applied_post_fetch,sampling_strategy|sort_strategy|time_window,sampling_strategy|sort_strategy|time_window,,,,,"Scopus pagination: projected_query='TITLE-ABS-KEY(""infra"" AND ""robotics"" AND ""qmbd"" AND ""axis"" AND ""translation"" AND ""marine"" AND ""maritime"" AND ""oceanic"" AND ""hydronization"" AND ""theory"" AND ""terms"" AND ""taxonomy"" AND ""mapping"")'; logical_pages_attempted=1"
Q_INFRA_ROBOTICS_THY_001,infra_robotics,theory_translation,infra & robotics qmbd axis translation marine maritime oceanic hydronization theory terms taxonomy mapping,wos,wos,completed,0,0,0,0,0,0,0,2019,2026,date-desc,applied_post_fetch,stratified,3,50,applied_genuine_pagination,applied_post_fetch,sampling_strategy|sort_strategy|time_window,sampling_strategy|sort_strategy|time_window,,,,,
Q_INFRA_ROBOTICS_VAL_001,infra_robotics,validation_eqf_translation,offshore robotics EQF qualification framework micro-credential learning outcomes,crossref,crossref,completed,150,0,0,150,0,150,0,2019,2026,published-desc,applied_post_fetch,stratified,3,50,applied_genuine_pagination,applied_post_fetch,sampling_strategy|sort_strategy|time_window,sampling_strategy|sort_strategy|time_window,,,,,Crossref retry search_page_3: attempt=1 http_status=429 retry_after_seconds=None backoff_seconds=1.0 jitter_seconds=0.366 wait_seconds=1.366|Crossref retry terminal_status=success attempt=2
Q_INFRA_ROBOTICS_VAL_001,infra_robotics,validation_eqf_translation,offshore robotics EQF qualification framework micro-credential learning outcomes,openalex,openalex,completed,2,2,2,2,2,0,0,2019,2026,,not_declared_for_provider,stratified,3,50,applied_genuine_pagination,applied_post_fetch,sampling_strategy|time_window,sampling_strategy|time_window,,sort_strategy,filter_not_applied:sort_strategy,,
Q_INFRA_ROBOTICS_VAL_001,infra_robotics,validation_eqf_translation,offshore robotics EQF qualification framework micro-credential learning outcomes,scopus,scopus,completed,0,0,0,0,0,0,0,2019,2026,date-desc,applied_post_fetch,stratified,3,50,applied_genuine_pagination,applied_post_fetch,sampling_strategy|sort_strategy|time_window,sampling_strategy|sort_strategy|time_window,,,,,"Scopus pagination: projected_query='TITLE-ABS-KEY(""offshore"" AND ""robotics"" AND ""EQF"" AND ""qualification"" AND ""framework"" AND ""micro"" AND ""credential"" AND ""learning"" AND ""outcomes"")'; logical_pages_attempted=1"
Q_INFRA_ROBOTICS_VAL_001,infra_robotics,validation_eqf_translation,offshore robotics EQF qualification framework micro-credential learning outcomes,wos,wos,completed,0,0,0,0,0,0,0,2019,2026,date-desc,applied_post_fetch,stratified,3,50,applied_genuine_pagination,applied_post_fetch,sampling_strategy|sort_strategy|time_window,sampling_strategy|sort_strategy|time_window,,,,,
Q_LIVING_RES_COMP_001,living_res,competence_demand,fisheries workforce skills competences training professional development,crossref,crossref,completed,150,0,0,150,0,150,0,2019,2026,published-desc,applied_post_fetch,stratified,3,50,applied_genuine_pagination,applied_post_fetch,sampling_strategy|sort_strategy|time_window,sampling_strategy|sort_strategy|time_window,,,,,Crossref retry search_page_2: attempt=1 http_status=429 retry_after_seconds=None backoff_seconds=1.0 jitter_seconds=0.118 wait_seconds=1.118|Crossref retry terminal_status=success attempt=2|Crossref retry search_page_3: attempt=1 http_status=429 retry_after_seconds=None backoff_seconds=1.0 jitter_seconds=0.152 wait_seconds=1.152|Crossref retry terminal_status=success attempt=2
Q_LIVING_RES_COMP_001,living_res,competence_demand,fisheries workforce skills competences training professional development,openalex,openalex,completed,150,150,141,150,150,0,0,2019,2026,,not_declared_for_provider,stratified,3,50,applied_genuine_pagination,applied_post_fetch,sampling_strategy|time_window,sampling_strategy|time_window,,sort_strategy,filter_not_applied:sort_strategy,,
Q_LIVING_RES_COMP_001,living_res,competence_demand,fisheries workforce skills competences training professional development,scopus,scopus,completed,0,0,0,0,0,0,0,2019,2026,date-desc,applied_post_fetch,stratified,3,50,applied_genuine_pagination,applied_post_fetch,sampling_strategy|sort_strategy|time_window,sampling_strategy|sort_strategy|time_window,,,,,"Scopus pagination: projected_query='TITLE-ABS-KEY(""fisheries"" AND ""workforce"" AND ""skills"" AND ""competences"" AND ""training"" AND ""professional"" AND ""development"")'; logical_pages_attempted=1"
Q_LIVING_RES_COMP_001,living_res,competence_demand,fisheries workforce skills competences training professional development,wos,wos,completed,0,0,0,0,0,0,0,2019,2026,date-desc,applied_post_fetch,stratified,3,50,applied_genuine_pagination,applied_post_fetch,sampling_strategy|sort_strategy|time_window,sampling_strategy|sort_strategy|time_window,,,,,
Q_LIVING_RES_COMP_002,living_res,competence_demand,aquaculture education learning outcomes curriculum qualification,crossref,crossref,completed,150,0,0,150,0,150,0,2019,2026,published-desc,applied_post_fetch,stratified,3,50,applied_genuine_pagination,applied_post_fetch,sampling_strategy|sort_strategy|time_window,sampling_strategy|sort_strategy|time_window,,,,,Crossref retry search_page_2: attempt=1 http_status=429 retry_after_seconds=None backoff_seconds=1.0 jitter_seconds=0.139 wait_seconds=1.139|Crossref retry terminal_status=success attempt=2
Q_LIVING_RES_COMP_002,living_res,competence_demand,aquaculture education learning outcomes curriculum qualification,openalex,openalex,completed,150,150,138,150,150,0,0,2019,2026,,not_declared_for_provider,stratified,3,50,applied_genuine_pagination,applied_post_fetch,sampling_strategy|time_window,sampling_strategy|time_window,,sort_strategy,filter_not_applied:sort_strategy,,
Q_LIVING_RES_COMP_002,living_res,competence_demand,aquaculture education learning outcomes curriculum qualification,scopus,scopus,completed,0,0,0,0,0,0,0,2019,2026,date-desc,applied_post_fetch,stratified,3,50,applied_genuine_pagination,applied_post_fetch,sampling_strategy|sort_strategy|time_window,sampling_strategy|sort_strategy|time_window,,,,,"Scopus pagination: projected_query='TITLE-ABS-KEY(""aquaculture"" AND ""education"" AND ""learning"" AND ""outcomes"" AND ""curriculum"" AND ""qualification"")'; logical_pages_attempted=1"
Q_LIVING_RES_COMP_002,living_res,competence_demand,aquaculture education learning outcomes curriculum qualification,wos,wos,completed,0,0,0,0,0,0,0,2019,2026,date-desc,applied_post_fetch,stratified,3,50,applied_genuine_pagination,applied_post_fetch,sampling_strategy|sort_strategy|time_window,sampling_strategy|sort_strategy|time_window,,,,,
Q_LIVING_RES_CORE_001,living_res,core_sector,small scale fisheries livelihoods blue economy governance,crossref,crossref,completed,150,0,0,150,0,150,0,2019,2026,published-desc,applied_post_fetch,stratified,3,50,applied_genuine_pagination,applied_post_fetch,sampling_strategy|sort_strategy|time_window,sampling_strategy|sort_strategy|time_window,,,,,
Q_LIVING_RES_CORE_001,living_res,core_sector,small scale fisheries livelihoods blue economy governance,openalex,openalex,completed,150,150,149,150,150,0,0,2019,2026,,not_declared_for_provider,stratified,3,50,applied_genuine_pagination,applied_post_fetch,sampling_strategy|time_window,sampling_strategy|time_window,,sort_strategy,filter_not_applied:sort_strategy,,
Q_LIVING_RES_CORE_001,living_res,core_sector,small scale fisheries livelihoods blue economy governance,scopus,scopus,completed,20,19,19,20,19,1,0,2019,2026,date-desc,applied_post_fetch,stratified,3,50,applied_genuine_pagination,applied_post_fetch,sampling_strategy|sort_strategy|time_window,sampling_strategy|sort_strategy|time_window,,,,,"Scopus pagination: projected_query='TITLE-ABS-KEY(""small"" AND ""scale"" AND ""fisheries"" AND ""livelihoods"" AND ""blue"" AND ""economy"" AND ""governance"")'; logical_pages_attempted=1"
Q_LIVING_RES_CORE_001,living_res,core_sector,small scale fisheries livelihoods blue economy governance,wos,wos,completed,21,20,20,21,20,1,0,2019,2026,date-desc,applied_post_fetch,stratified,3,50,applied_genuine_pagination,applied_post_fetch,sampling_strategy|sort_strategy|time_window,sampling_strategy|sort_strategy|time_window,,,,,
Q_LIVING_RES_CORE_002,living_res,core_sector,fisheries management sustainability marine protected areas,crossref,crossref,completed,150,0,0,150,0,150,0,2019,2026,published-desc,applied_post_fetch,stratified,3,50,applied_genuine_pagination,applied_post_fetch,sampling_strategy|sort_strategy|time_window,sampling_strategy|sort_strategy|time_window,,,,,Crossref retry search_page_2: attempt=1 http_status=429 retry_after_seconds=None backoff_seconds=1.0 jitter_seconds=0.313 wait_seconds=1.313|Crossref retry terminal_status=success attempt=2|Crossref retry search_page_3: attempt=1 http_status=429 retry_after_seconds=None backoff_seconds=1.0 jitter_seconds=0.037 wait_seconds=1.037|Crossref retry terminal_status=success attempt=2
Q_LIVING_RES_CORE_002,living_res,core_sector,fisheries management sustainability marine protected areas,openalex,openalex,completed,150,150,145,150,150,0,0,2019,2026,,not_declared_for_provider,stratified,3,50,applied_genuine_pagination,applied_post_fetch,sampling_strategy|time_window,sampling_strategy|time_window,,sort_strategy,filter_not_applied:sort_strategy,,
Q_LIVING_RES_CORE_002,living_res,core_sector,fisheries management sustainability marine protected areas,scopus,scopus,completed,150,150,150,150,150,0,0,2019,2026,date-desc,applied_post_fetch,stratified,3,50,applied_genuine_pagination,applied_post_fetch,sampling_strategy|sort_strategy|time_window,sampling_strategy|sort_strategy|time_window,,,,,"Scopus pagination: projected_query='TITLE-ABS-KEY(""fisheries"" AND ""management"" AND ""sustainability"" AND ""marine"" AND ""protected"" AND ""areas"")'; logical_pages_attempted=3"
Q_LIVING_RES_CORE_002,living_res,core_sector,fisheries management sustainability marine protected areas,wos,wos,completed,150,0,0,150,0,150,0,2019,2026,date-desc,applied_post_fetch,stratified,3,50,applied_genuine_pagination,applied_post_fetch,sampling_strategy|sort_strategy|time_window,sampling_strategy|sort_strategy|time_window,,,,,
Q_LIVING_RES_CORE_003,living_res,core_sector,aquaculture social licence environmental impact governance,crossref,crossref,completed,150,0,0,150,0,150,0,2019,2026,published-desc,applied_post_fetch,stratified,3,50,applied_genuine_pagination,applied_post_fetch,sampling_strategy|sort_strategy|time_window,sampling_strategy|sort_strategy|time_window,,,,,Crossref retry search_page_3: attempt=1 http_status=429 retry_after_seconds=None backoff_seconds=1.0 jitter_seconds=0.067 wait_seconds=1.067|Crossref retry terminal_status=success attempt=2
Q_LIVING_RES_CORE_003,living_res,core_sector,aquaculture social licence environmental impact governance,openalex,openalex,completed,150,150,148,150,150,0,0,2019,2026,,not_declared_for_provider,stratified,3,50,applied_genuine_pagination,applied_post_fetch,sampling_strategy|time_window,sampling_strategy|time_window,,sort_strategy,filter_not_applied:sort_strategy,,
Q_LIVING_RES_CORE_003,living_res,core_sector,aquaculture social licence environmental impact governance,scopus,scopus,completed,4,3,3,4,3,1,0,2019,2026,date-desc,applied_post_fetch,stratified,3,50,applied_genuine_pagination,applied_post_fetch,sampling_strategy|sort_strategy|time_window,sampling_strategy|sort_strategy|time_window,,,,,"Scopus pagination: projected_query='TITLE-ABS-KEY(""aquaculture"" AND ""social"" AND ""licence"" AND ""environmental"" AND ""impact"" AND ""governance"")'; logical_pages_attempted=1"
Q_LIVING_RES_CORE_003,living_res,core_sector,aquaculture social licence environmental impact governance,wos,wos,completed,15,14,14,15,14,1,0,2019,2026,date-desc,applied_post_fetch,stratified,3,50,applied_genuine_pagination,applied_post_fetch,sampling_strategy|sort_strategy|time_window,sampling_strategy|sort_strategy|time_window,,,,,
Q_LIVING_RES_EMRG_001,living_res,emerging_demand,fisheries AI digital twin resilience climate adaptation just transition,crossref,crossref,completed,150,0,0,150,0,150,0,2019,2026,published-desc,applied_post_fetch,stratified,3,50,applied_genuine_pagination,applied_post_fetch,sampling_strategy|sort_strategy|time_window,sampling_strategy|sort_strategy|time_window,,,,,Crossref retry search_page_2: attempt=1 http_status=429 retry_after_seconds=None backoff_seconds=1.0 jitter_seconds=0.308 wait_seconds=1.308|Crossref retry terminal_status=success attempt=2|Crossref retry search_page_3: attempt=1 http_status=429 retry_after_seconds=None backoff_seconds=1.0 jitter_seconds=0.424 wait_seconds=1.424|Crossref retry terminal_status=success attempt=2
Q_LIVING_RES_EMRG_001,living_res,emerging_demand,fisheries AI digital twin resilience climate adaptation just transition,openalex,openalex,completed,150,150,129,150,150,0,0,2019,2026,,not_declared_for_provider,stratified,3,50,applied_genuine_pagination,applied_post_fetch,sampling_strategy|time_window,sampling_strategy|time_window,,sort_strategy,filter_not_applied:sort_strategy,,
Q_LIVING_RES_EMRG_001,living_res,emerging_demand,fisheries AI digital twin resilience climate adaptation just transition,scopus,scopus,completed,0,0,0,0,0,0,0,2019,2026,date-desc,applied_post_fetch,stratified,3,50,applied_genuine_pagination,applied_post_fetch,sampling_strategy|sort_strategy|time_window,sampling_strategy|sort_strategy|time_window,,,,,"Scopus pagination: projected_query='TITLE-ABS-KEY(""fisheries"" AND ""AI"" AND ""digital"" AND ""twin"" AND ""resilience"" AND ""climate"" AND ""adaptation"" AND ""just"" AND ""transition"")'; logical_pages_attempted=1"
Q_LIVING_RES_EMRG_001,living_res,emerging_demand,fisheries AI digital twin resilience climate adaptation just transition,wos,wos,completed,0,0,0,0,0,0,0,2019,2026,date-desc,applied_post_fetch,stratified,3,50,applied_genuine_pagination,applied_post_fetch,sampling_strategy|sort_strategy|time_window,sampling_strategy|sort_strategy|time_window,,,,,
Q_LIVING_RES_EMRG_002,living_res,emerging_demand,small scale fisheries blue economy labour ocean literacy marine governance,crossref,crossref,completed,150,142,136,150,142,8,0,2019,2026,published-desc,applied_post_fetch,stratified,3,50,applied_genuine_pagination,applied_post_fetch,sampling_strategy|sort_strategy|time_window,sampling_strategy|sort_strategy|time_window,,,,,Crossref retry search_page_3: attempt=1 http_status=429 retry_after_seconds=None backoff_seconds=1.0 jitter_seconds=0.386 wait_seconds=1.386|Crossref retry terminal_status=success attempt=2
Q_LIVING_RES_EMRG_002,living_res,emerging_demand,small scale fisheries blue economy labour ocean literacy marine governance,openalex,openalex,completed,150,150,124,150,150,0,0,2019,2026,,not_declared_for_provider,stratified,3,50,applied_genuine_pagination,applied_post_fetch,sampling_strategy|time_window,sampling_strategy|time_window,,sort_strategy,filter_not_applied:sort_strategy,,
Q_LIVING_RES_EMRG_002,living_res,emerging_demand,small scale fisheries blue economy labour ocean literacy marine governance,scopus,scopus,completed,0,0,0,0,0,0,0,2019,2026,date-desc,applied_post_fetch,stratified,3,50,applied_genuine_pagination,applied_post_fetch,sampling_strategy|sort_strategy|time_window,sampling_strategy|sort_strategy|time_window,,,,,"Scopus pagination: projected_query='TITLE-ABS-KEY(""small"" AND ""scale"" AND ""fisheries"" AND ""blue"" AND ""economy"" AND ""labour"" AND ""ocean"" AND ""literacy"" AND ""marine"" AND ""governance"")'; logical_pages_attempted=1"
Q_LIVING_RES_EMRG_002,living_res,emerging_demand,small scale fisheries blue economy labour ocean literacy marine governance,wos,wos,completed,0,0,0,0,0,0,0,2019,2026,date-desc,applied_post_fetch,stratified,3,50,applied_genuine_pagination,applied_post_fetch,sampling_strategy|sort_strategy|time_window,sampling_strategy|sort_strategy|time_window,,,,,
Q_LIVING_RES_HYP_001,living_res,hypothesis_verification,living res. maritimisation marinization oceanisation hydrosocial de-base-re hypothesis verification indicators,crossref,crossref,completed,150,145,145,150,145,5,0,2019,2026,published-desc,applied_post_fetch,stratified,3,50,applied_genuine_pagination,applied_post_fetch,sampling_strategy|sort_strategy|time_window,sampling_strategy|sort_strategy|time_window,,,,,
Q_LIVING_RES_HYP_001,living_res,hypothesis_verification,living res. maritimisation marinization oceanisation hydrosocial de-base-re hypothesis verification indicators,openalex,openalex,completed,0,0,0,0,0,0,0,2019,2026,,not_declared_for_provider,stratified,3,50,applied_genuine_pagination,applied_post_fetch,sampling_strategy|time_window,sampling_strategy|time_window,,sort_strategy,filter_not_applied:sort_strategy,,
Q_LIVING_RES_HYP_001,living_res,hypothesis_verification,living res. maritimisation marinization oceanisation hydrosocial de-base-re hypothesis verification indicators,scopus,scopus,completed,0,0,0,0,0,0,0,2019,2026,date-desc,applied_post_fetch,stratified,3,50,applied_genuine_pagination,applied_post_fetch,sampling_strategy|sort_strategy|time_window,sampling_strategy|sort_strategy|time_window,,,,,"Scopus pagination: projected_query='TITLE-ABS-KEY(""living"" AND ""res."" AND ""maritimisation"" AND ""marinization"" AND ""oceanisation"" AND ""hydrosocial"" AND ""de-base-re"" AND ""hypothesis"" AND ""verification"" AND ""indicators"")'; logical_pages_attempted=1"
Q_LIVING_RES_HYP_001,living_res,hypothesis_verification,living res. maritimisation marinization oceanisation hydrosocial de-base-re hypothesis verification indicators,wos,wos,completed,0,0,0,0,0,0,0,2019,2026,date-desc,applied_post_fetch,stratified,3,50,applied_genuine_pagination,applied_post_fetch,sampling_strategy|sort_strategy|time_window,sampling_strategy|sort_strategy|time_window,,,,,
Q_LIVING_RES_THY_001,living_res,theory_translation,living res. qmbd axis translation marine maritime oceanic hydronization theory terms taxonomy mapping,crossref,crossref,completed,150,147,147,150,147,3,0,2019,2026,published-desc,applied_post_fetch,stratified,3,50,applied_genuine_pagination,applied_post_fetch,sampling_strategy|sort_strategy|time_window,sampling_strategy|sort_strategy|time_window,,,,,
Q_LIVING_RES_THY_001,living_res,theory_translation,living res. qmbd axis translation marine maritime oceanic hydronization theory terms taxonomy mapping,openalex,openalex,completed,0,0,0,0,0,0,0,2019,2026,,not_declared_for_provider,stratified,3,50,applied_genuine_pagination,applied_post_fetch,sampling_strategy|time_window,sampling_strategy|time_window,,sort_strategy,filter_not_applied:sort_strategy,,
Q_LIVING_RES_THY_001,living_res,theory_translation,living res. qmbd axis translation marine maritime oceanic hydronization theory terms taxonomy mapping,scopus,scopus,completed,0,0,0,0,0,0,0,2019,2026,date-desc,applied_post_fetch,stratified,3,50,applied_genuine_pagination,applied_post_fetch,sampling_strategy|sort_strategy|time_window,sampling_strategy|sort_strategy|time_window,,,,,"Scopus pagination: projected_query='TITLE-ABS-KEY(""living"" AND ""res."" AND ""qmbd"" AND ""axis"" AND ""translation"" AND ""marine"" AND ""maritime"" AND ""oceanic"" AND ""hydronization"" AND ""theory"" AND ""terms"" AND ""taxonomy"" AND ""mapping"")'; logical_pages_attempted=1"
Q_LIVING_RES_THY_001,living_res,theory_translation,living res. qmbd axis translation marine maritime oceanic hydronization theory terms taxonomy mapping,wos,wos,completed,0,0,0,0,0,0,0,2019,2026,date-desc,applied_post_fetch,stratified,3,50,applied_genuine_pagination,applied_post_fetch,sampling_strategy|sort_strategy|time_window,sampling_strategy|sort_strategy|time_window,,,,,
Q_LIVING_RES_VAL_001,living_res,validation_eqf_translation,fisheries aquaculture EQF qualification framework micro-credential learning outcomes,crossref,crossref,completed,150,0,0,150,0,150,0,2019,2026,published-desc,applied_post_fetch,stratified,3,50,applied_genuine_pagination,applied_post_fetch,sampling_strategy|sort_strategy|time_window,sampling_strategy|sort_strategy|time_window,,,,,Crossref retry search_page_3: attempt=1 http_status=429 retry_after_seconds=None backoff_seconds=1.0 jitter_seconds=0.397 wait_seconds=1.397|Crossref retry terminal_status=success attempt=2
Q_LIVING_RES_VAL_001,living_res,validation_eqf_translation,fisheries aquaculture EQF qualification framework micro-credential learning outcomes,openalex,openalex,completed,1,1,1,1,1,0,0,2019,2026,,not_declared_for_provider,stratified,3,50,applied_genuine_pagination,applied_post_fetch,sampling_strategy|time_window,sampling_strategy|time_window,,sort_strategy,filter_not_applied:sort_strategy,,
Q_LIVING_RES_VAL_001,living_res,validation_eqf_translation,fisheries aquaculture EQF qualification framework micro-credential learning outcomes,scopus,scopus,completed,0,0,0,0,0,0,0,2019,2026,date-desc,applied_post_fetch,stratified,3,50,applied_genuine_pagination,applied_post_fetch,sampling_strategy|sort_strategy|time_window,sampling_strategy|sort_strategy|time_window,,,,,"Scopus pagination: projected_query='TITLE-ABS-KEY(""fisheries"" AND ""aquaculture"" AND ""EQF"" AND ""qualification"" AND ""framework"" AND ""micro"" AND ""credential"" AND ""learning"" AND ""outcomes"")'; logical_pages_attempted=1"
Q_LIVING_RES_VAL_001,living_res,validation_eqf_translation,fisheries aquaculture EQF qualification framework micro-credential learning outcomes,wos,wos,completed,0,0,0,0,0,0,0,2019,2026,date-desc,applied_post_fetch,stratified,3,50,applied_genuine_pagination,applied_post_fetch,sampling_strategy|sort_strategy|time_window,sampling_strategy|sort_strategy|time_window,,,,,
Q_MARITIME_DEFENCE_COMP_001,maritime_defence,competence_demand,maritime security workforce skills competences training professional development,crossref,crossref,completed,150,0,0,150,0,150,0,2019,2026,published-desc,applied_post_fetch,stratified,3,50,applied_genuine_pagination,applied_post_fetch,sampling_strategy|sort_strategy|time_window,sampling_strategy|sort_strategy|time_window,,,,,Crossref retry search_page_2: attempt=1 http_status=429 retry_after_seconds=None backoff_seconds=1.0 jitter_seconds=0.294 wait_seconds=1.294|Crossref retry terminal_status=success attempt=2
Q_MARITIME_DEFENCE_COMP_001,maritime_defence,competence_demand,maritime security workforce skills competences training professional development,openalex,openalex,completed,150,150,145,150,150,0,0,2019,2026,,not_declared_for_provider,stratified,3,50,applied_genuine_pagination,applied_post_fetch,sampling_strategy|time_window,sampling_strategy|time_window,,sort_strategy,filter_not_applied:sort_strategy,,
Q_MARITIME_DEFENCE_COMP_001,maritime_defence,competence_demand,maritime security workforce skills competences training professional development,scopus,scopus,completed,1,1,1,1,1,0,0,2019,2026,date-desc,applied_post_fetch,stratified,3,50,applied_genuine_pagination,applied_post_fetch,sampling_strategy|sort_strategy|time_window,sampling_strategy|sort_strategy|time_window,,,,,"Scopus pagination: projected_query='TITLE-ABS-KEY(""maritime"" AND ""security"" AND ""workforce"" AND ""skills"" AND ""competences"" AND ""training"" AND ""professional"" AND ""development"")'; logical_pages_attempted=1"
Q_MARITIME_DEFENCE_COMP_001,maritime_defence,competence_demand,maritime security workforce skills competences training professional development,wos,wos,completed,0,0,0,0,0,0,0,2019,2026,date-desc,applied_post_fetch,stratified,3,50,applied_genuine_pagination,applied_post_fetch,sampling_strategy|sort_strategy|time_window,sampling_strategy|sort_strategy|time_window,,,,,
Q_MARITIME_DEFENCE_COMP_002,maritime_defence,competence_demand,naval operations education learning outcomes curriculum qualification,crossref,crossref,completed,150,0,0,150,0,150,0,2019,2026,published-desc,applied_post_fetch,stratified,3,50,applied_genuine_pagination,applied_post_fetch,sampling_strategy|sort_strategy|time_window,sampling_strategy|sort_strategy|time_window,,,,,Crossref retry search_page_2: attempt=1 http_status=429 retry_after_seconds=None backoff_seconds=1.0 jitter_seconds=0.408 wait_seconds=1.408|Crossref retry terminal_status=success attempt=2|Crossref retry search_page_3: attempt=1 http_status=429 retry_after_seconds=None backoff_seconds=1.0 jitter_seconds=0.093 wait_seconds=1.093|Crossref retry terminal_status=success attempt=2
Q_MARITIME_DEFENCE_COMP_002,maritime_defence,competence_demand,naval operations education learning outcomes curriculum qualification,openalex,openalex,completed,150,150,140,150,150,0,0,2019,2026,,not_declared_for_provider,stratified,3,50,applied_genuine_pagination,applied_post_fetch,sampling_strategy|time_window,sampling_strategy|time_window,,sort_strategy,filter_not_applied:sort_strategy,,
Q_MARITIME_DEFENCE_COMP_002,maritime_defence,competence_demand,naval operations education learning outcomes curriculum qualification,scopus,scopus,completed,0,0,0,0,0,0,0,2019,2026,date-desc,applied_post_fetch,stratified,3,50,applied_genuine_pagination,applied_post_fetch,sampling_strategy|sort_strategy|time_window,sampling_strategy|sort_strategy|time_window,,,,,"Scopus pagination: projected_query='TITLE-ABS-KEY(""naval"" AND ""operations"" AND ""education"" AND ""learning"" AND ""outcomes"" AND ""curriculum"" AND ""qualification"")'; logical_pages_attempted=1"
Q_MARITIME_DEFENCE_COMP_002,maritime_defence,competence_demand,naval operations education learning outcomes curriculum qualification,wos,wos,completed,0,0,0,0,0,0,0,2019,2026,date-desc,applied_post_fetch,stratified,3,50,applied_genuine_pagination,applied_post_fetch,sampling_strategy|sort_strategy|time_window,sampling_strategy|sort_strategy|time_window,,,,,
Q_MARITIME_DEFENCE_CORE_001,maritime_defence,core_sector,maritime security governance blue economy,crossref,crossref,completed,150,0,0,150,0,150,0,2019,2026,published-desc,applied_post_fetch,stratified,3,50,applied_genuine_pagination,applied_post_fetch,sampling_strategy|sort_strategy|time_window,sampling_strategy|sort_strategy|time_window,,,,,
Q_MARITIME_DEFENCE_CORE_001,maritime_defence,core_sector,maritime security governance blue economy,openalex,openalex,completed,150,150,147,150,150,0,0,2019,2026,,not_declared_for_provider,stratified,3,50,applied_genuine_pagination,applied_post_fetch,sampling_strategy|time_window,sampling_strategy|time_window,,sort_strategy,filter_not_applied:sort_strategy,,
Q_MARITIME_DEFENCE_CORE_001,maritime_defence,core_sector,maritime security governance blue economy,scopus,scopus,completed,52,46,46,52,46,6,0,2019,2026,date-desc,applied_post_fetch,stratified,3,50,applied_genuine_pagination,applied_post_fetch,sampling_strategy|sort_strategy|time_window,sampling_strategy|sort_strategy|time_window,,,,,"Scopus pagination: projected_query='TITLE-ABS-KEY(""maritime"" AND ""security"" AND ""governance"" AND ""blue"" AND ""economy"")'; logical_pages_attempted=2"
Q_MARITIME_DEFENCE_CORE_001,maritime_defence,core_sector,maritime security governance blue economy,wos,wos,completed,20,17,17,20,17,3,0,2019,2026,date-desc,applied_post_fetch,stratified,3,50,applied_genuine_pagination,applied_post_fetch,sampling_strategy|sort_strategy|time_window,sampling_strategy|sort_strategy|time_window,,,,,
Q_MARITIME_DEFENCE_CORE_002,maritime_defence,core_sector,naval operations maritime domain awareness surveillance,crossref,crossref,completed,150,19,14,150,19,131,0,2019,2026,published-desc,applied_post_fetch,stratified,3,50,applied_genuine_pagination,applied_post_fetch,sampling_strategy|sort_strategy|time_window,sampling_strategy|sort_strategy|time_window,,,,,Crossref retry search_page_2: attempt=1 http_status=429 retry_after_seconds=None backoff_seconds=1.0 jitter_seconds=0.417 wait_seconds=1.417|Crossref retry terminal_status=success attempt=2|Crossref retry search_page_3: attempt=1 http_status=429 retry_after_seconds=None backoff_seconds=1.0 jitter_seconds=0.01 wait_seconds=1.01|Crossref retry terminal_status=success attempt=2
Q_MARITIME_DEFENCE_CORE_002,maritime_defence,core_sector,naval operations maritime domain awareness surveillance,openalex,openalex,completed,150,150,131,150,150,0,0,2019,2026,,not_declared_for_provider,stratified,3,50,applied_genuine_pagination,applied_post_fetch,sampling_strategy|time_window,sampling_strategy|time_window,,sort_strategy,filter_not_applied:sort_strategy,,
Q_MARITIME_DEFENCE_CORE_002,maritime_defence,core_sector,naval operations maritime domain awareness surveillance,scopus,scopus,completed,12,8,8,12,8,4,0,2019,2026,date-desc,applied_post_fetch,stratified,3,50,applied_genuine_pagination,applied_post_fetch,sampling_strategy|sort_strategy|time_window,sampling_strategy|sort_strategy|time_window,,,,,"Scopus pagination: projected_query='TITLE-ABS-KEY(""naval"" AND ""operations"" AND ""maritime"" AND ""domain"" AND ""awareness"" AND ""surveillance"")'; logical_pages_attempted=1"
Q_MARITIME_DEFENCE_CORE_002,maritime_defence,core_sector,naval operations maritime domain awareness surveillance,wos,wos,completed,4,3,3,4,3,1,0,2019,2026,date-desc,applied_post_fetch,stratified,3,50,applied_genuine_pagination,applied_post_fetch,sampling_strategy|sort_strategy|time_window,sampling_strategy|sort_strategy|time_window,,,,,
Q_MARITIME_DEFENCE_CORE_003,maritime_defence,core_sector,critical maritime infrastructure protection governance,crossref,crossref,completed,150,0,0,150,0,150,0,2019,2026,published-desc,applied_post_fetch,stratified,3,50,applied_genuine_pagination,applied_post_fetch,sampling_strategy|sort_strategy|time_window,sampling_strategy|sort_strategy|time_window,,,,,
Q_MARITIME_DEFENCE_CORE_003,maritime_defence,core_sector,critical maritime infrastructure protection governance,openalex,openalex,completed,150,150,145,150,150,0,0,2019,2026,,not_declared_for_provider,stratified,3,50,applied_genuine_pagination,applied_post_fetch,sampling_strategy|time_window,sampling_strategy|time_window,,sort_strategy,filter_not_applied:sort_strategy,,
Q_MARITIME_DEFENCE_CORE_003,maritime_defence,core_sector,critical maritime infrastructure protection governance,scopus,scopus,completed,10,9,9,10,9,1,0,2019,2026,date-desc,applied_post_fetch,stratified,3,50,applied_genuine_pagination,applied_post_fetch,sampling_strategy|sort_strategy|time_window,sampling_strategy|sort_strategy|time_window,,,,,"Scopus pagination: projected_query='TITLE-ABS-KEY(""critical"" AND ""maritime"" AND ""infrastructure"" AND ""protection"" AND ""governance"")'; logical_pages_attempted=1"
Q_MARITIME_DEFENCE_CORE_003,maritime_defence,core_sector,critical maritime infrastructure protection governance,wos,wos,completed,9,8,8,9,8,1,0,2019,2026,date-desc,applied_post_fetch,stratified,3,50,applied_genuine_pagination,applied_post_fetch,sampling_strategy|sort_strategy|time_window,sampling_strategy|sort_strategy|time_window,,,,,
Q_MARITIME_DEFENCE_EMRG_001,maritime_defence,emerging_demand,maritime domain awareness AI autonomous systems digital twin resilience,crossref,crossref,completed,150,0,0,150,0,150,0,2019,2026,published-desc,applied_post_fetch,stratified,3,50,applied_genuine_pagination,applied_post_fetch,sampling_strategy|sort_strategy|time_window,sampling_strategy|sort_strategy|time_window,,,,,Crossref retry search_page_3: attempt=1 http_status=429 retry_after_seconds=None backoff_seconds=1.0 jitter_seconds=0.155 wait_seconds=1.155|Crossref retry terminal_status=success attempt=2
Q_MARITIME_DEFENCE_EMRG_001,maritime_defence,emerging_demand,maritime domain awareness AI autonomous systems digital twin resilience,openalex,openalex,completed,150,150,135,150,150,0,0,2019,2026,,not_declared_for_provider,stratified,3,50,applied_genuine_pagination,applied_post_fetch,sampling_strategy|time_window,sampling_strategy|time_window,,sort_strategy,filter_not_applied:sort_strategy,,
Q_MARITIME_DEFENCE_EMRG_001,maritime_defence,emerging_demand,maritime domain awareness AI autonomous systems digital twin resilience,scopus,scopus,completed,0,0,0,0,0,0,0,2019,2026,date-desc,applied_post_fetch,stratified,3,50,applied_genuine_pagination,applied_post_fetch,sampling_strategy|sort_strategy|time_window,sampling_strategy|sort_strategy|time_window,,,,,"Scopus pagination: projected_query='TITLE-ABS-KEY(""maritime"" AND ""domain"" AND ""awareness"" AND ""AI"" AND ""autonomous"" AND ""systems"" AND ""digital"" AND ""twin"" AND ""resilience"")'; logical_pages_attempted=1"
Q_MARITIME_DEFENCE_EMRG_001,maritime_defence,emerging_demand,maritime domain awareness AI autonomous systems digital twin resilience,wos,wos,completed,0,0,0,0,0,0,0,2019,2026,date-desc,applied_post_fetch,stratified,3,50,applied_genuine_pagination,applied_post_fetch,sampling_strategy|sort_strategy|time_window,sampling_strategy|sort_strategy|time_window,,,,,
Q_MARITIME_DEFENCE_EMRG_002,maritime_defence,emerging_demand,maritime security climate adaptation marine governance safety port-city,crossref,crossref,completed,150,0,0,150,0,150,0,2019,2026,published-desc,applied_post_fetch,stratified,3,50,applied_genuine_pagination,applied_post_fetch,sampling_strategy|sort_strategy|time_window,sampling_strategy|sort_strategy|time_window,,,,,Crossref retry search_page_2: attempt=1 http_status=429 retry_after_seconds=None backoff_seconds=1.0 jitter_seconds=0.081 wait_seconds=1.081|Crossref retry terminal_status=success attempt=2|Crossref retry search_page_3: attempt=1 http_status=429 retry_after_seconds=None backoff_seconds=1.0 jitter_seconds=0.37 wait_seconds=1.37|Crossref retry terminal_status=success attempt=2
Q_MARITIME_DEFENCE_EMRG_002,maritime_defence,emerging_demand,maritime security climate adaptation marine governance safety port-city,openalex,openalex,completed,150,150,137,150,150,0,0,2019,2026,,not_declared_for_provider,stratified,3,50,applied_genuine_pagination,applied_post_fetch,sampling_strategy|time_window,sampling_strategy|time_window,,sort_strategy,filter_not_applied:sort_strategy,,
Q_MARITIME_DEFENCE_EMRG_002,maritime_defence,emerging_demand,maritime security climate adaptation marine governance safety port-city,scopus,scopus,completed_with_errors,0,0,0,0,0,0,0,2019,2026,date-desc,applied_post_fetch,stratified,3,50,applied_genuine_pagination,applied_post_fetch,sampling_strategy|sort_strategy|time_window,sampling_strategy|sort_strategy|time_window,,,,Scopus page 1 physical request error: The read operation timed out,"Scopus pagination: projected_query='TITLE-ABS-KEY(""maritime"" AND ""security"" AND ""climate"" AND ""adaptation"" AND ""marine"" AND ""governance"" AND ""safety"" AND ""port-city"")'; logical_pages_attempted=1"
Q_MARITIME_DEFENCE_EMRG_002,maritime_defence,emerging_demand,maritime security climate adaptation marine governance safety port-city,wos,wos,completed,0,0,0,0,0,0,0,2019,2026,date-desc,applied_post_fetch,stratified,3,50,applied_genuine_pagination,applied_post_fetch,sampling_strategy|sort_strategy|time_window,sampling_strategy|sort_strategy|time_window,,,,,
Q_MARITIME_DEFENCE_HYP_001,maritime_defence,hypothesis_verification,maritime defence maritimisation marinization oceanisation hydrosocial de-base-re hypothesis verification indicators,crossref,crossref,completed,150,144,144,150,144,6,0,2019,2026,published-desc,applied_post_fetch,stratified,3,50,applied_genuine_pagination,applied_post_fetch,sampling_strategy|sort_strategy|time_window,sampling_strategy|sort_strategy|time_window,,,,,
Q_MARITIME_DEFENCE_HYP_001,maritime_defence,hypothesis_verification,maritime defence maritimisation marinization oceanisation hydrosocial de-base-re hypothesis verification indicators,openalex,openalex,completed,0,0,0,0,0,0,0,2019,2026,,not_declared_for_provider,stratified,3,50,applied_genuine_pagination,applied_post_fetch,sampling_strategy|time_window,sampling_strategy|time_window,,sort_strategy,filter_not_applied:sort_strategy,,
Q_MARITIME_DEFENCE_HYP_001,maritime_defence,hypothesis_verification,maritime defence maritimisation marinization oceanisation hydrosocial de-base-re hypothesis verification indicators,scopus,scopus,completed,0,0,0,0,0,0,0,2019,2026,date-desc,applied_post_fetch,stratified,3,50,applied_genuine_pagination,applied_post_fetch,sampling_strategy|sort_strategy|time_window,sampling_strategy|sort_strategy|time_window,,,,,"Scopus pagination: projected_query='TITLE-ABS-KEY(""maritime"" AND ""defence"" AND ""maritimisation"" AND ""marinization"" AND ""oceanisation"" AND ""hydrosocial"" AND ""de-base-re"" AND ""hypothesis"" AND ""verification"" AND ""indicators"")'; logical_pages_attempted=1"
Q_MARITIME_DEFENCE_HYP_001,maritime_defence,hypothesis_verification,maritime defence maritimisation marinization oceanisation hydrosocial de-base-re hypothesis verification indicators,wos,wos,completed,0,0,0,0,0,0,0,2019,2026,date-desc,applied_post_fetch,stratified,3,50,applied_genuine_pagination,applied_post_fetch,sampling_strategy|sort_strategy|time_window,sampling_strategy|sort_strategy|time_window,,,,,
Q_MARITIME_DEFENCE_THY_001,maritime_defence,theory_translation,maritime defence qmbd axis translation marine maritime oceanic hydronization theory terms taxonomy mapping,crossref,crossref,completed,150,89,78,150,89,61,0,2019,2026,published-desc,applied_post_fetch,stratified,3,50,applied_genuine_pagination,applied_post_fetch,sampling_strategy|sort_strategy|time_window,sampling_strategy|sort_strategy|time_window,,,,,Crossref retry search_page_2: attempt=1 http_status=429 retry_after_seconds=None backoff_seconds=1.0 jitter_seconds=0.118 wait_seconds=1.118|Crossref retry terminal_status=success attempt=2
Q_MARITIME_DEFENCE_THY_001,maritime_defence,theory_translation,maritime defence qmbd axis translation marine maritime oceanic hydronization theory terms taxonomy mapping,openalex,openalex,completed,0,0,0,0,0,0,0,2019,2026,,not_declared_for_provider,stratified,3,50,applied_genuine_pagination,applied_post_fetch,sampling_strategy|time_window,sampling_strategy|time_window,,sort_strategy,filter_not_applied:sort_strategy,,
Q_MARITIME_DEFENCE_THY_001,maritime_defence,theory_translation,maritime defence qmbd axis translation marine maritime oceanic hydronization theory terms taxonomy mapping,scopus,scopus,completed,0,0,0,0,0,0,0,2019,2026,date-desc,applied_post_fetch,stratified,3,50,applied_genuine_pagination,applied_post_fetch,sampling_strategy|sort_strategy|time_window,sampling_strategy|sort_strategy|time_window,,,,,"Scopus pagination: projected_query='TITLE-ABS-KEY(""maritime"" AND ""defence"" AND ""qmbd"" AND ""axis"" AND ""translation"" AND ""marine"" AND ""maritime"" AND ""oceanic"" AND ""hydronization"" AND ""theory"" AND ""terms"" AND ""taxonomy"" AND ""mapping"")'; logical_pages_attempted=1"
Q_MARITIME_DEFENCE_THY_001,maritime_defence,theory_translation,maritime defence qmbd axis translation marine maritime oceanic hydronization theory terms taxonomy mapping,wos,wos,completed,0,0,0,0,0,0,0,2019,2026,date-desc,applied_post_fetch,stratified,3,50,applied_genuine_pagination,applied_post_fetch,sampling_strategy|sort_strategy|time_window,sampling_strategy|sort_strategy|time_window,,,,,
Q_MARITIME_DEFENCE_VAL_001,maritime_defence,validation_eqf_translation,maritime defence EQF qualification framework micro-credential learning outcomes,crossref,crossref,completed,150,0,0,150,0,150,0,2019,2026,published-desc,applied_post_fetch,stratified,3,50,applied_genuine_pagination,applied_post_fetch,sampling_strategy|sort_strategy|time_window,sampling_strategy|sort_strategy|time_window,,,,,
Q_MARITIME_DEFENCE_VAL_001,maritime_defence,validation_eqf_translation,maritime defence EQF qualification framework micro-credential learning outcomes,openalex,openalex,completed,0,0,0,0,0,0,0,2019,2026,,not_declared_for_provider,stratified,3,50,applied_genuine_pagination,applied_post_fetch,sampling_strategy|time_window,sampling_strategy|time_window,,sort_strategy,filter_not_applied:sort_strategy,,
Q_MARITIME_DEFENCE_VAL_001,maritime_defence,validation_eqf_translation,maritime defence EQF qualification framework micro-credential learning outcomes,scopus,scopus,completed,0,0,0,0,0,0,0,2019,2026,date-desc,applied_post_fetch,stratified,3,50,applied_genuine_pagination,applied_post_fetch,sampling_strategy|sort_strategy|time_window,sampling_strategy|sort_strategy|time_window,,,,,"Scopus pagination: projected_query='TITLE-ABS-KEY(""maritime"" AND ""defence"" AND ""EQF"" AND ""qualification"" AND ""framework"" AND ""micro"" AND ""credential"" AND ""learning"" AND ""outcomes"")'; logical_pages_attempted=1"
Q_MARITIME_DEFENCE_VAL_001,maritime_defence,validation_eqf_translation,maritime defence EQF qualification framework micro-credential learning outcomes,wos,wos,completed,0,0,0,0,0,0,0,2019,2026,date-desc,applied_post_fetch,stratified,3,50,applied_genuine_pagination,applied_post_fetch,sampling_strategy|sort_strategy|time_window,sampling_strategy|sort_strategy|time_window,,,,,
Q_MARITIME_TRANSPORT_COMP_001,maritime_transport,competence_demand,seafarer workforce skills competences training professional development,crossref,crossref,completed,150,0,0,150,0,150,0,2019,2026,published-desc,applied_post_fetch,stratified,3,50,applied_genuine_pagination,applied_post_fetch,sampling_strategy|sort_strategy|time_window,sampling_strategy|sort_strategy|time_window,,,,,
Q_MARITIME_TRANSPORT_COMP_001,maritime_transport,competence_demand,seafarer workforce skills competences training professional development,openalex,openalex,completed,150,150,139,150,150,0,0,2019,2026,,not_declared_for_provider,stratified,3,50,applied_genuine_pagination,applied_post_fetch,sampling_strategy|time_window,sampling_strategy|time_window,,sort_strategy,filter_not_applied:sort_strategy,,
Q_MARITIME_TRANSPORT_COMP_001,maritime_transport,competence_demand,seafarer workforce skills competences training professional development,scopus,scopus,completed,1,1,1,1,1,0,0,2019,2026,date-desc,applied_post_fetch,stratified,3,50,applied_genuine_pagination,applied_post_fetch,sampling_strategy|sort_strategy|time_window,sampling_strategy|sort_strategy|time_window,,,,,"Scopus pagination: projected_query='TITLE-ABS-KEY(""seafarer"" AND ""workforce"" AND ""skills"" AND ""competences"" AND ""training"" AND ""professional"" AND ""development"")'; logical_pages_attempted=1"
Q_MARITIME_TRANSPORT_COMP_001,maritime_transport,competence_demand,seafarer workforce skills competences training professional development,wos,wos,completed,1,1,1,1,1,0,0,2019,2026,date-desc,applied_post_fetch,stratified,3,50,applied_genuine_pagination,applied_post_fetch,sampling_strategy|sort_strategy|time_window,sampling_strategy|sort_strategy|time_window,,,,,
Q_MARITIME_TRANSPORT_COMP_002,maritime_transport,competence_demand,maritime officer education learning outcomes curriculum qualification,crossref,crossref,completed,150,0,0,150,0,150,0,2019,2026,published-desc,applied_post_fetch,stratified,3,50,applied_genuine_pagination,applied_post_fetch,sampling_strategy|sort_strategy|time_window,sampling_strategy|sort_strategy|time_window,,,,,Crossref retry search_page_2: attempt=1 http_status=429 retry_after_seconds=None backoff_seconds=1.0 jitter_seconds=0.244 wait_seconds=1.244|Crossref retry terminal_status=success attempt=2
Q_MARITIME_TRANSPORT_COMP_002,maritime_transport,competence_demand,maritime officer education learning outcomes curriculum qualification,openalex,openalex,completed,150,150,140,150,150,0,0,2019,2026,,not_declared_for_provider,stratified,3,50,applied_genuine_pagination,applied_post_fetch,sampling_strategy|time_window,sampling_strategy|time_window,,sort_strategy,filter_not_applied:sort_strategy,,
Q_MARITIME_TRANSPORT_COMP_002,maritime_transport,competence_demand,maritime officer education learning outcomes curriculum qualification,scopus,scopus,completed,0,0,0,0,0,0,0,2019,2026,date-desc,applied_post_fetch,stratified,3,50,applied_genuine_pagination,applied_post_fetch,sampling_strategy|sort_strategy|time_window,sampling_strategy|sort_strategy|time_window,,,,,"Scopus pagination: projected_query='TITLE-ABS-KEY(""maritime"" AND ""officer"" AND ""education"" AND ""learning"" AND ""outcomes"" AND ""curriculum"" AND ""qualification"")'; logical_pages_attempted=1"
Q_MARITIME_TRANSPORT_COMP_002,maritime_transport,competence_demand,maritime officer education learning outcomes curriculum qualification,wos,wos,completed,0,0,0,0,0,0,0,2019,2026,date-desc,applied_post_fetch,stratified,3,50,applied_genuine_pagination,applied_post_fetch,sampling_strategy|sort_strategy|time_window,sampling_strategy|sort_strategy|time_window,,,,,
Q_MARITIME_TRANSPORT_CORE_001,maritime_transport,core_sector,maritime transport decarbonization emissions reduction,crossref,crossref,completed,150,0,0,150,0,150,0,2019,2026,published-desc,applied_post_fetch,stratified,3,50,applied_genuine_pagination,applied_post_fetch,sampling_strategy|sort_strategy|time_window,sampling_strategy|sort_strategy|time_window,,,,,Crossref retry search_page_3: attempt=1 http_status=429 retry_after_seconds=None backoff_seconds=1.0 jitter_seconds=0.331 wait_seconds=1.331|Crossref retry terminal_status=success attempt=2
Q_MARITIME_TRANSPORT_CORE_001,maritime_transport,core_sector,maritime transport decarbonization emissions reduction,openalex,openalex,completed,150,150,146,150,150,0,0,2019,2026,,not_declared_for_provider,stratified,3,50,applied_genuine_pagination,applied_post_fetch,sampling_strategy|time_window,sampling_strategy|time_window,,sort_strategy,filter_not_applied:sort_strategy,,
Q_MARITIME_TRANSPORT_CORE_001,maritime_transport,core_sector,maritime transport decarbonization emissions reduction,scopus,scopus,completed,148,144,143,148,144,4,0,2019,2026,date-desc,applied_post_fetch,stratified,3,50,applied_genuine_pagination,applied_post_fetch,sampling_strategy|sort_strategy|time_window,sampling_strategy|sort_strategy|time_window,,,,,"Scopus pagination: projected_query='TITLE-ABS-KEY(""maritime"" AND ""transport"" AND ""decarbonization"" AND ""emissions"" AND ""reduction"")'; logical_pages_attempted=3"
Q_MARITIME_TRANSPORT_CORE_001,maritime_transport,core_sector,maritime transport decarbonization emissions reduction,wos,wos,completed,150,148,147,150,148,2,0,2019,2026,date-desc,applied_post_fetch,stratified,3,50,applied_genuine_pagination,applied_post_fetch,sampling_strategy|sort_strategy|time_window,sampling_strategy|sort_strategy|time_window,,,,,
Q_MARITIME_TRANSPORT_CORE_002,maritime_transport,core_sector,shipping governance international regulations IMO,crossref,crossref,completed,150,0,0,150,0,150,0,2019,2026,published-desc,applied_post_fetch,stratified,3,50,applied_genuine_pagination,applied_post_fetch,sampling_strategy|sort_strategy|time_window,sampling_strategy|sort_strategy|time_window,,,,,Crossref retry search_page_3: attempt=1 http_status=429 retry_after_seconds=None backoff_seconds=1.0 jitter_seconds=0.411 wait_seconds=1.411|Crossref retry terminal_status=success attempt=2
Q_MARITIME_TRANSPORT_CORE_002,maritime_transport,core_sector,shipping governance international regulations IMO,openalex,openalex,completed,150,150,145,150,150,0,0,2019,2026,,not_declared_for_provider,stratified,3,50,applied_genuine_pagination,applied_post_fetch,sampling_strategy|time_window,sampling_strategy|time_window,,sort_strategy,filter_not_applied:sort_strategy,,
Q_MARITIME_TRANSPORT_CORE_002,maritime_transport,core_sector,shipping governance international regulations IMO,scopus,scopus,completed,32,29,28,32,29,3,0,2019,2026,date-desc,applied_post_fetch,stratified,3,50,applied_genuine_pagination,applied_post_fetch,sampling_strategy|sort_strategy|time_window,sampling_strategy|sort_strategy|time_window,,,,,"Scopus pagination: projected_query='TITLE-ABS-KEY(""shipping"" AND ""governance"" AND ""international"" AND ""regulations"" AND ""IMO"")'; logical_pages_attempted=1"
Q_MARITIME_TRANSPORT_CORE_002,maritime_transport,core_sector,shipping governance international regulations IMO,wos,wos,completed,29,26,26,29,26,3,0,2019,2026,date-desc,applied_post_fetch,stratified,3,50,applied_genuine_pagination,applied_post_fetch,sampling_strategy|sort_strategy|time_window,sampling_strategy|sort_strategy|time_window,,,,,
Q_MARITIME_TRANSPORT_CORE_003,maritime_transport,core_sector,maritime safety maritime labour conditions,crossref,crossref,completed,150,0,0,150,0,150,0,2019,2026,published-desc,applied_post_fetch,stratified,3,50,applied_genuine_pagination,applied_post_fetch,sampling_strategy|sort_strategy|time_window,sampling_strategy|sort_strategy|time_window,,,,,Crossref retry search_page_2: attempt=1 http_status=429 retry_after_seconds=None backoff_seconds=1.0 jitter_seconds=0.153 wait_seconds=1.153|Crossref retry terminal_status=success attempt=2
Q_MARITIME_TRANSPORT_CORE_003,maritime_transport,core_sector,maritime safety maritime labour conditions,openalex,openalex,completed,150,150,147,150,150,0,0,2019,2026,,not_declared_for_provider,stratified,3,50,applied_genuine_pagination,applied_post_fetch,sampling_strategy|time_window,sampling_strategy|time_window,,sort_strategy,filter_not_applied:sort_strategy,,
Q_MARITIME_TRANSPORT_CORE_003,maritime_transport,core_sector,maritime safety maritime labour conditions,scopus,scopus,completed,54,37,37,54,37,17,0,2019,2026,date-desc,applied_post_fetch,stratified,3,50,applied_genuine_pagination,applied_post_fetch,sampling_strategy|sort_strategy|time_window,sampling_strategy|sort_strategy|time_window,,,,,"Scopus pagination: projected_query='TITLE-ABS-KEY(""maritime"" AND ""safety"" AND ""maritime"" AND ""labour"" AND ""conditions"")'; logical_pages_attempted=2"
Q_MARITIME_TRANSPORT_CORE_003,maritime_transport,core_sector,maritime safety maritime labour conditions,wos,wos,completed,36,21,21,36,21,15,0,2019,2026,date-desc,applied_post_fetch,stratified,3,50,applied_genuine_pagination,applied_post_fetch,sampling_strategy|sort_strategy|time_window,sampling_strategy|sort_strategy|time_window,,,,,
Q_MARITIME_TRANSPORT_EMRG_001,maritime_transport,emerging_demand,shipping AI digital twin autonomous systems decarbonization resilience,crossref,crossref,completed,150,0,0,150,0,150,0,2019,2026,published-desc,applied_post_fetch,stratified,3,50,applied_genuine_pagination,applied_post_fetch,sampling_strategy|sort_strategy|time_window,sampling_strategy|sort_strategy|time_window,,,,,Crossref retry search_page_3: attempt=1 http_status=429 retry_after_seconds=None backoff_seconds=1.0 jitter_seconds=0.233 wait_seconds=1.233|Crossref retry terminal_status=success attempt=2
Q_MARITIME_TRANSPORT_EMRG_001,maritime_transport,emerging_demand,shipping AI digital twin autonomous systems decarbonization resilience,openalex,openalex,completed,150,150,140,150,150,0,0,2019,2026,,not_declared_for_provider,stratified,3,50,applied_genuine_pagination,applied_post_fetch,sampling_strategy|time_window,sampling_strategy|time_window,,sort_strategy,filter_not_applied:sort_strategy,,
Q_MARITIME_TRANSPORT_EMRG_001,maritime_transport,emerging_demand,shipping AI digital twin autonomous systems decarbonization resilience,scopus,scopus,completed,0,0,0,0,0,0,0,2019,2026,date-desc,applied_post_fetch,stratified,3,50,applied_genuine_pagination,applied_post_fetch,sampling_strategy|sort_strategy|time_window,sampling_strategy|sort_strategy|time_window,,,,,"Scopus pagination: projected_query='TITLE-ABS-KEY(""shipping"" AND ""AI"" AND ""digital"" AND ""twin"" AND ""autonomous"" AND ""systems"" AND ""decarbonization"" AND ""resilience"")'; logical_pages_attempted=1"
Q_MARITIME_TRANSPORT_EMRG_001,maritime_transport,emerging_demand,shipping AI digital twin autonomous systems decarbonization resilience,wos,wos,completed,0,0,0,0,0,0,0,2019,2026,date-desc,applied_post_fetch,stratified,3,50,applied_genuine_pagination,applied_post_fetch,sampling_strategy|sort_strategy|time_window,sampling_strategy|sort_strategy|time_window,,,,,
Q_MARITIME_TRANSPORT_EMRG_002,maritime_transport,emerging_demand,shipping just transition blue economy labour ocean literacy marine governance safety,crossref,crossref,completed,150,144,138,150,144,6,0,2019,2026,published-desc,applied_post_fetch,stratified,3,50,applied_genuine_pagination,applied_post_fetch,sampling_strategy|sort_strategy|time_window,sampling_strategy|sort_strategy|time_window,,,,,Crossref retry search_page_2: attempt=1 http_status=429 retry_after_seconds=None backoff_seconds=1.0 jitter_seconds=0.439 wait_seconds=1.439|Crossref retry terminal_status=success attempt=2
Q_MARITIME_TRANSPORT_EMRG_002,maritime_transport,emerging_demand,shipping just transition blue economy labour ocean literacy marine governance safety,openalex,openalex,completed,73,73,54,73,73,0,0,2019,2026,,not_declared_for_provider,stratified,3,50,applied_genuine_pagination,applied_post_fetch,sampling_strategy|time_window,sampling_strategy|time_window,,sort_strategy,filter_not_applied:sort_strategy,,
Q_MARITIME_TRANSPORT_EMRG_002,maritime_transport,emerging_demand,shipping just transition blue economy labour ocean literacy marine governance safety,scopus,scopus,completed,0,0,0,0,0,0,0,2019,2026,date-desc,applied_post_fetch,stratified,3,50,applied_genuine_pagination,applied_post_fetch,sampling_strategy|sort_strategy|time_window,sampling_strategy|sort_strategy|time_window,,,,,"Scopus pagination: projected_query='TITLE-ABS-KEY(""shipping"" AND ""just"" AND ""transition"" AND ""blue"" AND ""economy"" AND ""labour"" AND ""ocean"" AND ""literacy"" AND ""marine"" AND ""governance"" AND ""safety"")'; logical_pages_attempted=1"
Q_MARITIME_TRANSPORT_EMRG_002,maritime_transport,emerging_demand,shipping just transition blue economy labour ocean literacy marine governance safety,wos,wos,completed,0,0,0,0,0,0,0,2019,2026,date-desc,applied_post_fetch,stratified,3,50,applied_genuine_pagination,applied_post_fetch,sampling_strategy|sort_strategy|time_window,sampling_strategy|sort_strategy|time_window,,,,,
Q_MARITIME_TRANSPORT_HYP_001,maritime_transport,hypothesis_verification,maritime transport maritimisation marinization oceanisation hydrosocial de-base-re hypothesis verification indicators,crossref,crossref,completed,150,143,143,150,143,7,0,2019,2026,published-desc,applied_post_fetch,stratified,3,50,applied_genuine_pagination,applied_post_fetch,sampling_strategy|sort_strategy|time_window,sampling_strategy|sort_strategy|time_window,,,,,Crossref retry search_page_3: attempt=1 http_status=429 retry_after_seconds=None backoff_seconds=1.0 jitter_seconds=0.45 wait_seconds=1.45|Crossref retry terminal_status=success attempt=2
Q_MARITIME_TRANSPORT_HYP_001,maritime_transport,hypothesis_verification,maritime transport maritimisation marinization oceanisation hydrosocial de-base-re hypothesis verification indicators,openalex,openalex,completed,0,0,0,0,0,0,0,2019,2026,,not_declared_for_provider,stratified,3,50,applied_genuine_pagination,applied_post_fetch,sampling_strategy|time_window,sampling_strategy|time_window,,sort_strategy,filter_not_applied:sort_strategy,,
Q_MARITIME_TRANSPORT_HYP_001,maritime_transport,hypothesis_verification,maritime transport maritimisation marinization oceanisation hydrosocial de-base-re hypothesis verification indicators,scopus,scopus,completed,0,0,0,0,0,0,0,2019,2026,date-desc,applied_post_fetch,stratified,3,50,applied_genuine_pagination,applied_post_fetch,sampling_strategy|sort_strategy|time_window,sampling_strategy|sort_strategy|time_window,,,,,"Scopus pagination: projected_query='TITLE-ABS-KEY(""maritime"" AND ""transport"" AND ""maritimisation"" AND ""marinization"" AND ""oceanisation"" AND ""hydrosocial"" AND ""de-base-re"" AND ""hypothesis"" AND ""verification"" AND ""indicators"")'; logical_pages_attempted=1"
Q_MARITIME_TRANSPORT_HYP_001,maritime_transport,hypothesis_verification,maritime transport maritimisation marinization oceanisation hydrosocial de-base-re hypothesis verification indicators,wos,wos,completed,0,0,0,0,0,0,0,2019,2026,date-desc,applied_post_fetch,stratified,3,50,applied_genuine_pagination,applied_post_fetch,sampling_strategy|sort_strategy|time_window,sampling_strategy|sort_strategy|time_window,,,,,
Q_MARITIME_TRANSPORT_THY_001,maritime_transport,theory_translation,maritime transport qmbd axis translation marine maritime oceanic hydronization theory terms taxonomy mapping,crossref,crossref,completed,150,89,78,150,89,61,0,2019,2026,published-desc,applied_post_fetch,stratified,3,50,applied_genuine_pagination,applied_post_fetch,sampling_strategy|sort_strategy|time_window,sampling_strategy|sort_strategy|time_window,,,,,
Q_MARITIME_TRANSPORT_THY_001,maritime_transport,theory_translation,maritime transport qmbd axis translation marine maritime oceanic hydronization theory terms taxonomy mapping,openalex,openalex,completed,0,0,0,0,0,0,0,2019,2026,,not_declared_for_provider,stratified,3,50,applied_genuine_pagination,applied_post_fetch,sampling_strategy|time_window,sampling_strategy|time_window,,sort_strategy,filter_not_applied:sort_strategy,,
Q_MARITIME_TRANSPORT_THY_001,maritime_transport,theory_translation,maritime transport qmbd axis translation marine maritime oceanic hydronization theory terms taxonomy mapping,scopus,scopus,completed,0,0,0,0,0,0,0,2019,2026,date-desc,applied_post_fetch,stratified,3,50,applied_genuine_pagination,applied_post_fetch,sampling_strategy|sort_strategy|time_window,sampling_strategy|sort_strategy|time_window,,,,,"Scopus pagination: projected_query='TITLE-ABS-KEY(""maritime"" AND ""transport"" AND ""qmbd"" AND ""axis"" AND ""translation"" AND ""marine"" AND ""maritime"" AND ""oceanic"" AND ""hydronization"" AND ""theory"" AND ""terms"" AND ""taxonomy"" AND ""mapping"")'; logical_pages_attempted=1"
Q_MARITIME_TRANSPORT_THY_001,maritime_transport,theory_translation,maritime transport qmbd axis translation marine maritime oceanic hydronization theory terms taxonomy mapping,wos,wos,completed,0,0,0,0,0,0,0,2019,2026,date-desc,applied_post_fetch,stratified,3,50,applied_genuine_pagination,applied_post_fetch,sampling_strategy|sort_strategy|time_window,sampling_strategy|sort_strategy|time_window,,,,,
Q_MARITIME_TRANSPORT_VAL_001,maritime_transport,validation_eqf_translation,maritime transport EQF qualification framework micro-credential STCW learning outcomes,crossref,crossref,completed,150,87,82,150,87,63,0,2019,2026,published-desc,applied_post_fetch,stratified,3,50,applied_genuine_pagination,applied_post_fetch,sampling_strategy|sort_strategy|time_window,sampling_strategy|sort_strategy|time_window,,,,,Crossref retry search_page_3: attempt=1 http_status=429 retry_after_seconds=None backoff_seconds=1.0 jitter_seconds=0.3 wait_seconds=1.3|Crossref retry terminal_status=success attempt=2
Q_MARITIME_TRANSPORT_VAL_001,maritime_transport,validation_eqf_translation,maritime transport EQF qualification framework micro-credential STCW learning outcomes,openalex,openalex,completed,1,1,1,1,1,0,0,2019,2026,,not_declared_for_provider,stratified,3,50,applied_genuine_pagination,applied_post_fetch,sampling_strategy|time_window,sampling_strategy|time_window,,sort_strategy,filter_not_applied:sort_strategy,,
Q_MARITIME_TRANSPORT_VAL_001,maritime_transport,validation_eqf_translation,maritime transport EQF qualification framework micro-credential STCW learning outcomes,scopus,scopus,completed,0,0,0,0,0,0,0,2019,2026,date-desc,applied_post_fetch,stratified,3,50,applied_genuine_pagination,applied_post_fetch,sampling_strategy|sort_strategy|time_window,sampling_strategy|sort_strategy|time_window,,,,,"Scopus pagination: projected_query='TITLE-ABS-KEY(""maritime"" AND ""transport"" AND ""EQF"" AND ""qualification"" AND ""framework"" AND ""micro"" AND ""credential"" AND ""STCW"" AND ""learning"" AND ""outcomes"")'; logical_pages_attempted=1"
Q_MARITIME_TRANSPORT_VAL_001,maritime_transport,validation_eqf_translation,maritime transport EQF qualification framework micro-credential STCW learning outcomes,wos,wos,completed,0,0,0,0,0,0,0,2019,2026,date-desc,applied_post_fetch,stratified,3,50,applied_genuine_pagination,applied_post_fetch,sampling_strategy|sort_strategy|time_window,sampling_strategy|sort_strategy|time_window,,,,,
Q_NON_LIVING_RES_COMP_001,non_living_res,competence_demand,seabed mining workforce skills competences training professional development,crossref,crossref,completed,150,0,0,150,0,150,0,2019,2026,published-desc,applied_post_fetch,stratified,3,50,applied_genuine_pagination,applied_post_fetch,sampling_strategy|sort_strategy|time_window,sampling_strategy|sort_strategy|time_window,,,,,
Q_NON_LIVING_RES_COMP_001,non_living_res,competence_demand,seabed mining workforce skills competences training professional development,openalex,openalex,completed,61,61,55,61,61,0,0,2019,2026,,not_declared_for_provider,stratified,3,50,applied_genuine_pagination,applied_post_fetch,sampling_strategy|time_window,sampling_strategy|time_window,,sort_strategy,filter_not_applied:sort_strategy,,
Q_NON_LIVING_RES_COMP_001,non_living_res,competence_demand,seabed mining workforce skills competences training professional development,scopus,scopus,completed,0,0,0,0,0,0,0,2019,2026,date-desc,applied_post_fetch,stratified,3,50,applied_genuine_pagination,applied_post_fetch,sampling_strategy|sort_strategy|time_window,sampling_strategy|sort_strategy|time_window,,,,,"Scopus pagination: projected_query='TITLE-ABS-KEY(""seabed"" AND ""mining"" AND ""workforce"" AND ""skills"" AND ""competences"" AND ""training"" AND ""professional"" AND ""development"")'; logical_pages_attempted=1"
Q_NON_LIVING_RES_COMP_001,non_living_res,competence_demand,seabed mining workforce skills competences training professional development,wos,wos,completed,0,0,0,0,0,0,0,2019,2026,date-desc,applied_post_fetch,stratified,3,50,applied_genuine_pagination,applied_post_fetch,sampling_strategy|sort_strategy|time_window,sampling_strategy|sort_strategy|time_window,,,,,
Q_NON_LIVING_RES_COMP_002,non_living_res,competence_demand,marine aggregates education learning outcomes curriculum qualification,crossref,crossref,completed,150,0,0,150,0,150,0,2019,2026,published-desc,applied_post_fetch,stratified,3,50,applied_genuine_pagination,applied_post_fetch,sampling_strategy|sort_strategy|time_window,sampling_strategy|sort_strategy|time_window,,,,,Crossref retry search_page_2: attempt=1 http_status=429 retry_after_seconds=None backoff_seconds=1.0 jitter_seconds=0.328 wait_seconds=1.328|Crossref retry terminal_status=success attempt=2
Q_NON_LIVING_RES_COMP_002,non_living_res,competence_demand,marine aggregates education learning outcomes curriculum qualification,openalex,openalex,completed,150,150,141,150,150,0,0,2019,2026,,not_declared_for_provider,stratified,3,50,applied_genuine_pagination,applied_post_fetch,sampling_strategy|time_window,sampling_strategy|time_window,,sort_strategy,filter_not_applied:sort_strategy,,
Q_NON_LIVING_RES_COMP_002,non_living_res,competence_demand,marine aggregates education learning outcomes curriculum qualification,scopus,scopus,completed,0,0,0,0,0,0,0,2019,2026,date-desc,applied_post_fetch,stratified,3,50,applied_genuine_pagination,applied_post_fetch,sampling_strategy|sort_strategy|time_window,sampling_strategy|sort_strategy|time_window,,,,,"Scopus pagination: projected_query='TITLE-ABS-KEY(""marine"" AND ""aggregates"" AND ""education"" AND ""learning"" AND ""outcomes"" AND ""curriculum"" AND ""qualification"")'; logical_pages_attempted=1"
Q_NON_LIVING_RES_COMP_002,non_living_res,competence_demand,marine aggregates education learning outcomes curriculum qualification,wos,wos,completed,0,0,0,0,0,0,0,2019,2026,date-desc,applied_post_fetch,stratified,3,50,applied_genuine_pagination,applied_post_fetch,sampling_strategy|sort_strategy|time_window,sampling_strategy|sort_strategy|time_window,,,,,
Q_NON_LIVING_RES_CORE_001,non_living_res,core_sector,seabed mining governance environmental impact social licence,crossref,crossref,completed,150,0,0,150,0,150,0,2019,2026,published-desc,applied_post_fetch,stratified,3,50,applied_genuine_pagination,applied_post_fetch,sampling_strategy|sort_strategy|time_window,sampling_strategy|sort_strategy|time_window,,,,,Crossref retry search_page_3: attempt=1 http_status=429 retry_after_seconds=None backoff_seconds=1.0 jitter_seconds=0.176 wait_seconds=1.176|Crossref retry terminal_status=success attempt=2
Q_NON_LIVING_RES_CORE_001,non_living_res,core_sector,seabed mining governance environmental impact social licence,openalex,openalex,completed,150,150,141,150,150,0,0,2019,2026,,not_declared_for_provider,stratified,3,50,applied_genuine_pagination,applied_post_fetch,sampling_strategy|time_window,sampling_strategy|time_window,,sort_strategy,filter_not_applied:sort_strategy,,
Q_NON_LIVING_RES_CORE_001,non_living_res,core_sector,seabed mining governance environmental impact social licence,scopus,scopus,completed,1,1,1,1,1,0,0,2019,2026,date-desc,applied_post_fetch,stratified,3,50,applied_genuine_pagination,applied_post_fetch,sampling_strategy|sort_strategy|time_window,sampling_strategy|sort_strategy|time_window,,,,,"Scopus pagination: projected_query='TITLE-ABS-KEY(""seabed"" AND ""mining"" AND ""governance"" AND ""environmental"" AND ""impact"" AND ""social"" AND ""licence"")'; logical_pages_attempted=1"
Q_NON_LIVING_RES_CORE_001,non_living_res,core_sector,seabed mining governance environmental impact social licence,wos,wos,completed,2,2,2,2,2,0,0,2019,2026,date-desc,applied_post_fetch,stratified,3,50,applied_genuine_pagination,applied_post_fetch,sampling_strategy|sort_strategy|time_window,sampling_strategy|sort_strategy|time_window,,,,,
Q_NON_LIVING_RES_CORE_002,non_living_res,core_sector,marine aggregates extraction coastal governance sustainability,crossref,crossref,completed,150,4,3,150,4,146,0,2019,2026,published-desc,applied_post_fetch,stratified,3,50,applied_genuine_pagination,applied_post_fetch,sampling_strategy|sort_strategy|time_window,sampling_strategy|sort_strategy|time_window,,,,,Crossref retry search_page_2: attempt=1 http_status=429 retry_after_seconds=None backoff_seconds=1.0 jitter_seconds=0.424 wait_seconds=1.424|Crossref retry terminal_status=success attempt=2|Crossref retry search_page_3: attempt=1 http_status=429 retry_after_seconds=None backoff_seconds=1.0 jitter_seconds=0.441 wait_seconds=1.441|Crossref retry terminal_status=success attempt=2
Q_NON_LIVING_RES_CORE_002,non_living_res,core_sector,marine aggregates extraction coastal governance sustainability,openalex,openalex,completed,150,150,147,150,150,0,0,2019,2026,,not_declared_for_provider,stratified,3,50,applied_genuine_pagination,applied_post_fetch,sampling_strategy|time_window,sampling_strategy|time_window,,sort_strategy,filter_not_applied:sort_strategy,,
Q_NON_LIVING_RES_CORE_002,non_living_res,core_sector,marine aggregates extraction coastal governance sustainability,scopus,scopus,completed,0,0,0,0,0,0,0,2019,2026,date-desc,applied_post_fetch,stratified,3,50,applied_genuine_pagination,applied_post_fetch,sampling_strategy|sort_strategy|time_window,sampling_strategy|sort_strategy|time_window,,,,,"Scopus pagination: projected_query='TITLE-ABS-KEY(""marine"" AND ""aggregates"" AND ""extraction"" AND ""coastal"" AND ""governance"" AND ""sustainability"")'; logical_pages_attempted=1"
Q_NON_LIVING_RES_CORE_002,non_living_res,core_sector,marine aggregates extraction coastal governance sustainability,wos,wos,completed,0,0,0,0,0,0,0,2019,2026,date-desc,applied_post_fetch,stratified,3,50,applied_genuine_pagination,applied_post_fetch,sampling_strategy|sort_strategy|time_window,sampling_strategy|sort_strategy|time_window,,,,,
Q_NON_LIVING_RES_CORE_003,non_living_res,core_sector,critical raw materials offshore extraction governance,crossref,crossref,completed,150,0,0,150,0,150,0,2019,2026,published-desc,applied_post_fetch,stratified,3,50,applied_genuine_pagination,applied_post_fetch,sampling_strategy|sort_strategy|time_window,sampling_strategy|sort_strategy|time_window,,,,,Crossref retry search_page_2: attempt=1 http_status=429 retry_after_seconds=None backoff_seconds=1.0 jitter_seconds=0.354 wait_seconds=1.354|Crossref retry terminal_status=success attempt=2
Q_NON_LIVING_RES_CORE_003,non_living_res,core_sector,critical raw materials offshore extraction governance,openalex,openalex,completed,150,150,140,150,150,0,0,2019,2026,,not_declared_for_provider,stratified,3,50,applied_genuine_pagination,applied_post_fetch,sampling_strategy|time_window,sampling_strategy|time_window,,sort_strategy,filter_not_applied:sort_strategy,,
Q_NON_LIVING_RES_CORE_003,non_living_res,core_sector,critical raw materials offshore extraction governance,scopus,scopus,completed,0,0,0,0,0,0,0,2019,2026,date-desc,applied_post_fetch,stratified,3,50,applied_genuine_pagination,applied_post_fetch,sampling_strategy|sort_strategy|time_window,sampling_strategy|sort_strategy|time_window,,,,,"Scopus pagination: projected_query='TITLE-ABS-KEY(""critical"" AND ""raw"" AND ""materials"" AND ""offshore"" AND ""extraction"" AND ""governance"")'; logical_pages_attempted=1"
Q_NON_LIVING_RES_CORE_003,non_living_res,core_sector,critical raw materials offshore extraction governance,wos,wos,completed,0,0,0,0,0,0,0,2019,2026,date-desc,applied_post_fetch,stratified,3,50,applied_genuine_pagination,applied_post_fetch,sampling_strategy|sort_strategy|time_window,sampling_strategy|sort_strategy|time_window,,,,,
Q_NON_LIVING_RES_EMRG_001,non_living_res,emerging_demand,seabed mining AI autonomous systems safety climate adaptation,crossref,crossref,completed,150,0,0,150,0,150,0,2019,2026,published-desc,applied_post_fetch,stratified,3,50,applied_genuine_pagination,applied_post_fetch,sampling_strategy|sort_strategy|time_window,sampling_strategy|sort_strategy|time_window,,,,,
Q_NON_LIVING_RES_EMRG_001,non_living_res,emerging_demand,seabed mining AI autonomous systems safety climate adaptation,openalex,openalex,completed,150,150,135,150,150,0,0,2019,2026,,not_declared_for_provider,stratified,3,50,applied_genuine_pagination,applied_post_fetch,sampling_strategy|time_window,sampling_strategy|time_window,,sort_strategy,filter_not_applied:sort_strategy,,
Q_NON_LIVING_RES_EMRG_001,non_living_res,emerging_demand,seabed mining AI autonomous systems safety climate adaptation,scopus,scopus,completed,0,0,0,0,0,0,0,2019,2026,date-desc,applied_post_fetch,stratified,3,50,applied_genuine_pagination,applied_post_fetch,sampling_strategy|sort_strategy|time_window,sampling_strategy|sort_strategy|time_window,,,,,"Scopus pagination: projected_query='TITLE-ABS-KEY(""seabed"" AND ""mining"" AND ""AI"" AND ""autonomous"" AND ""systems"" AND ""safety"" AND ""climate"" AND ""adaptation"")'; logical_pages_attempted=1"
Q_NON_LIVING_RES_EMRG_001,non_living_res,emerging_demand,seabed mining AI autonomous systems safety climate adaptation,wos,wos,completed,0,0,0,0,0,0,0,2019,2026,date-desc,applied_post_fetch,stratified,3,50,applied_genuine_pagination,applied_post_fetch,sampling_strategy|sort_strategy|time_window,sampling_strategy|sort_strategy|time_window,,,,,
Q_NON_LIVING_RES_EMRG_002,non_living_res,emerging_demand,critical raw materials just transition marine governance blue economy labour,crossref,crossref,completed,150,130,129,150,130,20,0,2019,2026,published-desc,applied_post_fetch,stratified,3,50,applied_genuine_pagination,applied_post_fetch,sampling_strategy|sort_strategy|time_window,sampling_strategy|sort_strategy|time_window,,,,,Crossref retry search_page_2: attempt=1 http_status=429 retry_after_seconds=None backoff_seconds=1.0 jitter_seconds=0.219 wait_seconds=1.219|Crossref retry terminal_status=success attempt=2
Q_NON_LIVING_RES_EMRG_002,non_living_res,emerging_demand,critical raw materials just transition marine governance blue economy labour,openalex,openalex,completed,150,150,123,150,150,0,0,2019,2026,,not_declared_for_provider,stratified,3,50,applied_genuine_pagination,applied_post_fetch,sampling_strategy|time_window,sampling_strategy|time_window,,sort_strategy,filter_not_applied:sort_strategy,,
Q_NON_LIVING_RES_EMRG_002,non_living_res,emerging_demand,critical raw materials just transition marine governance blue economy labour,scopus,scopus,completed,0,0,0,0,0,0,0,2019,2026,date-desc,applied_post_fetch,stratified,3,50,applied_genuine_pagination,applied_post_fetch,sampling_strategy|sort_strategy|time_window,sampling_strategy|sort_strategy|time_window,,,,,"Scopus pagination: projected_query='TITLE-ABS-KEY(""critical"" AND ""raw"" AND ""materials"" AND ""just"" AND ""transition"" AND ""marine"" AND ""governance"" AND ""blue"" AND ""economy"" AND ""labour"")'; logical_pages_attempted=1"
Q_NON_LIVING_RES_EMRG_002,non_living_res,emerging_demand,critical raw materials just transition marine governance blue economy labour,wos,wos,completed,0,0,0,0,0,0,0,2019,2026,date-desc,applied_post_fetch,stratified,3,50,applied_genuine_pagination,applied_post_fetch,sampling_strategy|sort_strategy|time_window,sampling_strategy|sort_strategy|time_window,,,,,
Q_NON_LIVING_RES_HYP_001,non_living_res,hypothesis_verification,non-living res. maritimisation marinization oceanisation hydrosocial de-base-re hypothesis verification indicators,crossref,crossref,completed,150,136,136,150,136,14,0,2019,2026,published-desc,applied_post_fetch,stratified,3,50,applied_genuine_pagination,applied_post_fetch,sampling_strategy|sort_strategy|time_window,sampling_strategy|sort_strategy|time_window,,,,,Crossref retry search_page_2: attempt=1 http_status=429 retry_after_seconds=None backoff_seconds=1.0 jitter_seconds=0.311 wait_seconds=1.311|Crossref retry terminal_status=success attempt=2
Q_NON_LIVING_RES_HYP_001,non_living_res,hypothesis_verification,non-living res. maritimisation marinization oceanisation hydrosocial de-base-re hypothesis verification indicators,openalex,openalex,completed,0,0,0,0,0,0,0,2019,2026,,not_declared_for_provider,stratified,3,50,applied_genuine_pagination,applied_post_fetch,sampling_strategy|time_window,sampling_strategy|time_window,,sort_strategy,filter_not_applied:sort_strategy,,
Q_NON_LIVING_RES_HYP_001,non_living_res,hypothesis_verification,non-living res. maritimisation marinization oceanisation hydrosocial de-base-re hypothesis verification indicators,scopus,scopus,completed,0,0,0,0,0,0,0,2019,2026,date-desc,applied_post_fetch,stratified,3,50,applied_genuine_pagination,applied_post_fetch,sampling_strategy|sort_strategy|time_window,sampling_strategy|sort_strategy|time_window,,,,,"Scopus pagination: projected_query='TITLE-ABS-KEY(""non"" AND ""living"" AND ""res."" AND ""maritimisation"" AND ""marinization"" AND ""oceanisation"" AND ""hydrosocial"" AND ""de-base-re"" AND ""hypothesis"" AND ""verification"" AND ""indicators"")'; logical_pages_attempted=1"
Q_NON_LIVING_RES_HYP_001,non_living_res,hypothesis_verification,non-living res. maritimisation marinization oceanisation hydrosocial de-base-re hypothesis verification indicators,wos,wos,completed,0,0,0,0,0,0,0,2019,2026,date-desc,applied_post_fetch,stratified,3,50,applied_genuine_pagination,applied_post_fetch,sampling_strategy|sort_strategy|time_window,sampling_strategy|sort_strategy|time_window,,,,,
Q_NON_LIVING_RES_THY_001,non_living_res,theory_translation,non-living res. qmbd axis translation marine maritime oceanic hydronization theory terms taxonomy mapping,crossref,crossref,completed,150,144,141,150,144,6,0,2019,2026,published-desc,applied_post_fetch,stratified,3,50,applied_genuine_pagination,applied_post_fetch,sampling_strategy|sort_strategy|time_window,sampling_strategy|sort_strategy|time_window,,,,,
Q_NON_LIVING_RES_THY_001,non_living_res,theory_translation,non-living res. qmbd axis translation marine maritime oceanic hydronization theory terms taxonomy mapping,openalex,openalex,completed,0,0,0,0,0,0,0,2019,2026,,not_declared_for_provider,stratified,3,50,applied_genuine_pagination,applied_post_fetch,sampling_strategy|time_window,sampling_strategy|time_window,,sort_strategy,filter_not_applied:sort_strategy,,
Q_NON_LIVING_RES_THY_001,non_living_res,theory_translation,non-living res. qmbd axis translation marine maritime oceanic hydronization theory terms taxonomy mapping,scopus,scopus,completed,0,0,0,0,0,0,0,2019,2026,date-desc,applied_post_fetch,stratified,3,50,applied_genuine_pagination,applied_post_fetch,sampling_strategy|sort_strategy|time_window,sampling_strategy|sort_strategy|time_window,,,,,"Scopus pagination: projected_query='TITLE-ABS-KEY(""non"" AND ""living"" AND ""res."" AND ""qmbd"" AND ""axis"" AND ""translation"" AND ""marine"" AND ""maritime"" AND ""oceanic"" AND ""hydronization"" AND ""theory"" AND ""terms"" AND ""taxonomy"" AND ""mapping"")'; logical_pages_attempted=1"
Q_NON_LIVING_RES_THY_001,non_living_res,theory_translation,non-living res. qmbd axis translation marine maritime oceanic hydronization theory terms taxonomy mapping,wos,wos,completed,0,0,0,0,0,0,0,2019,2026,date-desc,applied_post_fetch,stratified,3,50,applied_genuine_pagination,applied_post_fetch,sampling_strategy|sort_strategy|time_window,sampling_strategy|sort_strategy|time_window,,,,,
Q_NON_LIVING_RES_VAL_001,non_living_res,validation_eqf_translation,seabed extraction EQF qualification framework micro-credential learning outcomes,crossref,crossref,completed,150,0,0,150,0,150,0,2019,2026,published-desc,applied_post_fetch,stratified,3,50,applied_genuine_pagination,applied_post_fetch,sampling_strategy|sort_strategy|time_window,sampling_strategy|sort_strategy|time_window,,,,,Crossref retry search_page_3: attempt=1 http_status=429 retry_after_seconds=None backoff_seconds=1.0 jitter_seconds=0.192 wait_seconds=1.192|Crossref retry terminal_status=success attempt=2
Q_NON_LIVING_RES_VAL_001,non_living_res,validation_eqf_translation,seabed extraction EQF qualification framework micro-credential learning outcomes,openalex,openalex,completed,0,0,0,0,0,0,0,2019,2026,,not_declared_for_provider,stratified,3,50,applied_genuine_pagination,applied_post_fetch,sampling_strategy|time_window,sampling_strategy|time_window,,sort_strategy,filter_not_applied:sort_strategy,,
Q_NON_LIVING_RES_VAL_001,non_living_res,validation_eqf_translation,seabed extraction EQF qualification framework micro-credential learning outcomes,scopus,scopus,completed,0,0,0,0,0,0,0,2019,2026,date-desc,applied_post_fetch,stratified,3,50,applied_genuine_pagination,applied_post_fetch,sampling_strategy|sort_strategy|time_window,sampling_strategy|sort_strategy|time_window,,,,,"Scopus pagination: projected_query='TITLE-ABS-KEY(""seabed"" AND ""extraction"" AND ""EQF"" AND ""qualification"" AND ""framework"" AND ""micro"" AND ""credential"" AND ""learning"" AND ""outcomes"")'; logical_pages_attempted=1"
Q_NON_LIVING_RES_VAL_001,non_living_res,validation_eqf_translation,seabed extraction EQF qualification framework micro-credential learning outcomes,wos,wos,completed,0,0,0,0,0,0,0,2019,2026,date-desc,applied_post_fetch,stratified,3,50,applied_genuine_pagination,applied_post_fetch,sampling_strategy|sort_strategy|time_window,sampling_strategy|sort_strategy|time_window,,,,,
Q_PORT_ACTIVITIES_COMP_001,port_activities,competence_demand,port worker workforce skills competences training professional development,crossref,crossref,completed,150,0,0,150,0,150,0,2019,2026,published-desc,applied_post_fetch,stratified,3,50,applied_genuine_pagination,applied_post_fetch,sampling_strategy|sort_strategy|time_window,sampling_strategy|sort_strategy|time_window,,,,,
Q_PORT_ACTIVITIES_COMP_001,port_activities,competence_demand,port worker workforce skills competences training professional development,openalex,openalex,completed,150,150,132,150,150,0,0,2019,2026,,not_declared_for_provider,stratified,3,50,applied_genuine_pagination,applied_post_fetch,sampling_strategy|time_window,sampling_strategy|time_window,,sort_strategy,filter_not_applied:sort_strategy,,
Q_PORT_ACTIVITIES_COMP_001,port_activities,competence_demand,port worker workforce skills competences training professional development,scopus,scopus,completed,0,0,0,0,0,0,0,2019,2026,date-desc,applied_post_fetch,stratified,3,50,applied_genuine_pagination,applied_post_fetch,sampling_strategy|sort_strategy|time_window,sampling_strategy|sort_strategy|time_window,,,,,"Scopus pagination: projected_query='TITLE-ABS-KEY(""port"" AND ""worker"" AND ""workforce"" AND ""skills"" AND ""competences"" AND ""training"" AND ""professional"" AND ""development"")'; logical_pages_attempted=1"
Q_PORT_ACTIVITIES_COMP_001,port_activities,competence_demand,port worker workforce skills competences training professional development,wos,wos,completed,0,0,0,0,0,0,0,2019,2026,date-desc,applied_post_fetch,stratified,3,50,applied_genuine_pagination,applied_post_fetch,sampling_strategy|sort_strategy|time_window,sampling_strategy|sort_strategy|time_window,,,,,
Q_PORT_ACTIVITIES_COMP_002,port_activities,competence_demand,port operations education learning outcomes curriculum qualification,crossref,crossref,completed,150,0,0,150,0,150,0,2019,2026,published-desc,applied_post_fetch,stratified,3,50,applied_genuine_pagination,applied_post_fetch,sampling_strategy|sort_strategy|time_window,sampling_strategy|sort_strategy|time_window,,,,,Crossref retry search_page_3: attempt=1 http_status=429 retry_after_seconds=None backoff_seconds=1.0 jitter_seconds=0.13 wait_seconds=1.13|Crossref retry terminal_status=success attempt=2
Q_PORT_ACTIVITIES_COMP_002,port_activities,competence_demand,port operations education learning outcomes curriculum qualification,openalex,openalex,completed,150,150,135,150,150,0,0,2019,2026,,not_declared_for_provider,stratified,3,50,applied_genuine_pagination,applied_post_fetch,sampling_strategy|time_window,sampling_strategy|time_window,,sort_strategy,filter_not_applied:sort_strategy,,
Q_PORT_ACTIVITIES_COMP_002,port_activities,competence_demand,port operations education learning outcomes curriculum qualification,scopus,scopus,completed,0,0,0,0,0,0,0,2019,2026,date-desc,applied_post_fetch,stratified,3,50,applied_genuine_pagination,applied_post_fetch,sampling_strategy|sort_strategy|time_window,sampling_strategy|sort_strategy|time_window,,,,,"Scopus pagination: projected_query='TITLE-ABS-KEY(""port"" AND ""operations"" AND ""education"" AND ""learning"" AND ""outcomes"" AND ""curriculum"" AND ""qualification"")'; logical_pages_attempted=1"
Q_PORT_ACTIVITIES_COMP_002,port_activities,competence_demand,port operations education learning outcomes curriculum qualification,wos,wos,completed,0,0,0,0,0,0,0,2019,2026,date-desc,applied_post_fetch,stratified,3,50,applied_genuine_pagination,applied_post_fetch,sampling_strategy|sort_strategy|time_window,sampling_strategy|sort_strategy|time_window,,,,,
Q_PORT_ACTIVITIES_CORE_001,port_activities,core_sector,port governance maritime logistics sustainability,crossref,crossref,completed,150,0,0,150,0,150,0,2019,2026,published-desc,applied_post_fetch,stratified,3,50,applied_genuine_pagination,applied_post_fetch,sampling_strategy|sort_strategy|time_window,sampling_strategy|sort_strategy|time_window,,,,,
Q_PORT_ACTIVITIES_CORE_001,port_activities,core_sector,port governance maritime logistics sustainability,openalex,openalex,completed,150,150,147,150,150,0,0,2019,2026,,not_declared_for_provider,stratified,3,50,applied_genuine_pagination,applied_post_fetch,sampling_strategy|time_window,sampling_strategy|time_window,,sort_strategy,filter_not_applied:sort_strategy,,
Q_PORT_ACTIVITIES_CORE_001,port_activities,core_sector,port governance maritime logistics sustainability,scopus,scopus,completed,29,29,29,29,29,0,0,2019,2026,date-desc,applied_post_fetch,stratified,3,50,applied_genuine_pagination,applied_post_fetch,sampling_strategy|sort_strategy|time_window,sampling_strategy|sort_strategy|time_window,,,,,"Scopus pagination: projected_query='TITLE-ABS-KEY(""port"" AND ""governance"" AND ""maritime"" AND ""logistics"" AND ""sustainability"")'; logical_pages_attempted=1"
Q_PORT_ACTIVITIES_CORE_001,port_activities,core_sector,port governance maritime logistics sustainability,wos,wos,completed,18,18,18,18,18,0,0,2019,2026,date-desc,applied_post_fetch,stratified,3,50,applied_genuine_pagination,applied_post_fetch,sampling_strategy|sort_strategy|time_window,sampling_strategy|sort_strategy|time_window,,,,,
Q_PORT_ACTIVITIES_CORE_002,port_activities,core_sector,smart ports digital transformation port operations,crossref,crossref,completed,150,0,0,150,0,150,0,2019,2026,published-desc,applied_post_fetch,stratified,3,50,applied_genuine_pagination,applied_post_fetch,sampling_strategy|sort_strategy|time_window,sampling_strategy|sort_strategy|time_window,,,,,Crossref retry search_page_3: attempt=1 http_status=429 retry_after_seconds=None backoff_seconds=1.0 jitter_seconds=0.056 wait_seconds=1.056|Crossref retry terminal_status=success attempt=2
Q_PORT_ACTIVITIES_CORE_002,port_activities,core_sector,smart ports digital transformation port operations,openalex,openalex,completed,150,150,140,150,150,0,0,2019,2026,,not_declared_for_provider,stratified,3,50,applied_genuine_pagination,applied_post_fetch,sampling_strategy|time_window,sampling_strategy|time_window,,sort_strategy,filter_not_applied:sort_strategy,,
Q_PORT_ACTIVITIES_CORE_002,port_activities,core_sector,smart ports digital transformation port operations,scopus,scopus,completed,79,77,77,79,77,2,0,2019,2026,date-desc,applied_post_fetch,stratified,3,50,applied_genuine_pagination,applied_post_fetch,sampling_strategy|sort_strategy|time_window,sampling_strategy|sort_strategy|time_window,,,,,"Scopus pagination: projected_query='TITLE-ABS-KEY(""smart"" AND ""ports"" AND ""digital"" AND ""transformation"" AND ""port"" AND ""operations"")'; logical_pages_attempted=2"
Q_PORT_ACTIVITIES_CORE_002,port_activities,core_sector,smart ports digital transformation port operations,wos,wos,completed,45,43,42,45,43,2,0,2019,2026,date-desc,applied_post_fetch,stratified,3,50,applied_genuine_pagination,applied_post_fetch,sampling_strategy|sort_strategy|time_window,sampling_strategy|sort_strategy|time_window,,,,,
Q_PORT_ACTIVITIES_CORE_003,port_activities,core_sector,port climate adaptation sea level rise flood risk,crossref,crossref,completed,150,0,0,150,0,150,0,2019,2026,published-desc,applied_post_fetch,stratified,3,50,applied_genuine_pagination,applied_post_fetch,sampling_strategy|sort_strategy|time_window,sampling_strategy|sort_strategy|time_window,,,,,Crossref retry search_page_2: attempt=1 http_status=429 retry_after_seconds=None backoff_seconds=1.0 jitter_seconds=0.3 wait_seconds=1.3|Crossref retry terminal_status=success attempt=2
Q_PORT_ACTIVITIES_CORE_003,port_activities,core_sector,port climate adaptation sea level rise flood risk,openalex,openalex,completed,150,150,150,150,150,0,0,2019,2026,,not_declared_for_provider,stratified,3,50,applied_genuine_pagination,applied_post_fetch,sampling_strategy|time_window,sampling_strategy|time_window,,sort_strategy,filter_not_applied:sort_strategy,,
Q_PORT_ACTIVITIES_CORE_003,port_activities,core_sector,port climate adaptation sea level rise flood risk,scopus,scopus,completed,24,13,13,24,13,11,0,2019,2026,date-desc,applied_post_fetch,stratified,3,50,applied_genuine_pagination,applied_post_fetch,sampling_strategy|sort_strategy|time_window,sampling_strategy|sort_strategy|time_window,,,,,"Scopus pagination: projected_query='TITLE-ABS-KEY(""port"" AND ""climate"" AND ""adaptation"" AND ""sea"" AND ""level"" AND ""rise"" AND ""flood"" AND ""risk"")'; logical_pages_attempted=1"
Q_PORT_ACTIVITIES_CORE_003,port_activities,core_sector,port climate adaptation sea level rise flood risk,wos,wos,completed,40,21,20,40,21,19,0,2019,2026,date-desc,applied_post_fetch,stratified,3,50,applied_genuine_pagination,applied_post_fetch,sampling_strategy|sort_strategy|time_window,sampling_strategy|sort_strategy|time_window,,,,,
Q_PORT_ACTIVITIES_EMRG_001,port_activities,emerging_demand,smart port AI digital twin autonomous systems resilience,crossref,crossref,completed,150,0,0,150,0,150,0,2019,2026,published-desc,applied_post_fetch,stratified,3,50,applied_genuine_pagination,applied_post_fetch,sampling_strategy|sort_strategy|time_window,sampling_strategy|sort_strategy|time_window,,,,,Crossref retry search_page_2: attempt=1 http_status=429 retry_after_seconds=None backoff_seconds=1.0 jitter_seconds=0.28 wait_seconds=1.28|Crossref retry terminal_status=success attempt=2|Crossref retry search_page_3: attempt=1 http_status=429 retry_after_seconds=None backoff_seconds=1.0 jitter_seconds=0.436 wait_seconds=1.436|Crossref retry terminal_status=success attempt=2
Q_PORT_ACTIVITIES_EMRG_001,port_activities,emerging_demand,smart port AI digital twin autonomous systems resilience,openalex,openalex,completed,150,150,138,150,150,0,0,2019,2026,,not_declared_for_provider,stratified,3,50,applied_genuine_pagination,applied_post_fetch,sampling_strategy|time_window,sampling_strategy|time_window,,sort_strategy,filter_not_applied:sort_strategy,,
Q_PORT_ACTIVITIES_EMRG_001,port_activities,emerging_demand,smart port AI digital twin autonomous systems resilience,scopus,scopus,completed,0,0,0,0,0,0,0,2019,2026,date-desc,applied_post_fetch,stratified,3,50,applied_genuine_pagination,applied_post_fetch,sampling_strategy|sort_strategy|time_window,sampling_strategy|sort_strategy|time_window,,,,,"Scopus pagination: projected_query='TITLE-ABS-KEY(""smart"" AND ""port"" AND ""AI"" AND ""digital"" AND ""twin"" AND ""autonomous"" AND ""systems"" AND ""resilience"")'; logical_pages_attempted=1"
Q_PORT_ACTIVITIES_EMRG_001,port_activities,emerging_demand,smart port AI digital twin autonomous systems resilience,wos,wos,completed,0,0,0,0,0,0,0,2019,2026,date-desc,applied_post_fetch,stratified,3,50,applied_genuine_pagination,applied_post_fetch,sampling_strategy|sort_strategy|time_window,sampling_strategy|sort_strategy|time_window,,,,,
Q_PORT_ACTIVITIES_EMRG_002,port_activities,emerging_demand,port-city climate adaptation just transition ocean literacy marine governance hydrosocial,crossref,crossref,completed,150,143,125,150,143,7,0,2019,2026,published-desc,applied_post_fetch,stratified,3,50,applied_genuine_pagination,applied_post_fetch,sampling_strategy|sort_strategy|time_window,sampling_strategy|sort_strategy|time_window,,,,,Crossref retry search_page_3: attempt=1 http_status=429 retry_after_seconds=None backoff_seconds=1.0 jitter_seconds=0.463 wait_seconds=1.463|Crossref retry terminal_status=success attempt=2
Q_PORT_ACTIVITIES_EMRG_002,port_activities,emerging_demand,port-city climate adaptation just transition ocean literacy marine governance hydrosocial,openalex,openalex,completed,1,1,1,1,1,0,0,2019,2026,,not_declared_for_provider,stratified,3,50,applied_genuine_pagination,applied_post_fetch,sampling_strategy|time_window,sampling_strategy|time_window,,sort_strategy,filter_not_applied:sort_strategy,,
Q_PORT_ACTIVITIES_EMRG_002,port_activities,emerging_demand,port-city climate adaptation just transition ocean literacy marine governance hydrosocial,scopus,scopus,completed,0,0,0,0,0,0,0,2019,2026,date-desc,applied_post_fetch,stratified,3,50,applied_genuine_pagination,applied_post_fetch,sampling_strategy|sort_strategy|time_window,sampling_strategy|sort_strategy|time_window,,,,,"Scopus pagination: projected_query='TITLE-ABS-KEY(""port-city"" AND ""climate"" AND ""adaptation"" AND ""just"" AND ""transition"" AND ""ocean"" AND ""literacy"" AND ""marine"" AND ""governance"" AND ""hydrosocial"")'; logical_pages_attempted=1"
Q_PORT_ACTIVITIES_EMRG_002,port_activities,emerging_demand,port-city climate adaptation just transition ocean literacy marine governance hydrosocial,wos,wos,completed,0,0,0,0,0,0,0,2019,2026,date-desc,applied_post_fetch,stratified,3,50,applied_genuine_pagination,applied_post_fetch,sampling_strategy|sort_strategy|time_window,sampling_strategy|sort_strategy|time_window,,,,,
Q_PORT_ACTIVITIES_HYP_001,port_activities,hypothesis_verification,port activities maritimisation marinization oceanisation hydrosocial de-base-re hypothesis verification indicators,crossref,crossref,completed,150,146,146,150,146,4,0,2019,2026,published-desc,applied_post_fetch,stratified,3,50,applied_genuine_pagination,applied_post_fetch,sampling_strategy|sort_strategy|time_window,sampling_strategy|sort_strategy|time_window,,,,,
Q_PORT_ACTIVITIES_HYP_001,port_activities,hypothesis_verification,port activities maritimisation marinization oceanisation hydrosocial de-base-re hypothesis verification indicators,openalex,openalex,completed,0,0,0,0,0,0,0,2019,2026,,not_declared_for_provider,stratified,3,50,applied_genuine_pagination,applied_post_fetch,sampling_strategy|time_window,sampling_strategy|time_window,,sort_strategy,filter_not_applied:sort_strategy,,
Q_PORT_ACTIVITIES_HYP_001,port_activities,hypothesis_verification,port activities maritimisation marinization oceanisation hydrosocial de-base-re hypothesis verification indicators,scopus,scopus,completed,0,0,0,0,0,0,0,2019,2026,date-desc,applied_post_fetch,stratified,3,50,applied_genuine_pagination,applied_post_fetch,sampling_strategy|sort_strategy|time_window,sampling_strategy|sort_strategy|time_window,,,,,"Scopus pagination: projected_query='TITLE-ABS-KEY(""port"" AND ""activities"" AND ""maritimisation"" AND ""marinization"" AND ""oceanisation"" AND ""hydrosocial"" AND ""de-base-re"" AND ""hypothesis"" AND ""verification"" AND ""indicators"")'; logical_pages_attempted=1"
Q_PORT_ACTIVITIES_HYP_001,port_activities,hypothesis_verification,port activities maritimisation marinization oceanisation hydrosocial de-base-re hypothesis verification indicators,wos,wos,completed,0,0,0,0,0,0,0,2019,2026,date-desc,applied_post_fetch,stratified,3,50,applied_genuine_pagination,applied_post_fetch,sampling_strategy|sort_strategy|time_window,sampling_strategy|sort_strategy|time_window,,,,,
Q_PORT_ACTIVITIES_THY_001,port_activities,theory_translation,port activities qmbd axis translation marine maritime oceanic hydronization theory terms taxonomy mapping,crossref,crossref,completed,150,146,146,150,146,4,0,2019,2026,published-desc,applied_post_fetch,stratified,3,50,applied_genuine_pagination,applied_post_fetch,sampling_strategy|sort_strategy|time_window,sampling_strategy|sort_strategy|time_window,,,,,Crossref retry search_page_2: attempt=1 http_status=429 retry_after_seconds=None backoff_seconds=1.0 jitter_seconds=0.283 wait_seconds=1.283|Crossref retry terminal_status=success attempt=2|Crossref retry search_page_3: attempt=1 http_status=429 retry_after_seconds=None backoff_seconds=1.0 jitter_seconds=0.483 wait_seconds=1.483|Crossref retry terminal_status=success attempt=2
Q_PORT_ACTIVITIES_THY_001,port_activities,theory_translation,port activities qmbd axis translation marine maritime oceanic hydronization theory terms taxonomy mapping,openalex,openalex,completed,0,0,0,0,0,0,0,2019,2026,,not_declared_for_provider,stratified,3,50,applied_genuine_pagination,applied_post_fetch,sampling_strategy|time_window,sampling_strategy|time_window,,sort_strategy,filter_not_applied:sort_strategy,,
Q_PORT_ACTIVITIES_THY_001,port_activities,theory_translation,port activities qmbd axis translation marine maritime oceanic hydronization theory terms taxonomy mapping,scopus,scopus,completed,0,0,0,0,0,0,0,2019,2026,date-desc,applied_post_fetch,stratified,3,50,applied_genuine_pagination,applied_post_fetch,sampling_strategy|sort_strategy|time_window,sampling_strategy|sort_strategy|time_window,,,,,"Scopus pagination: projected_query='TITLE-ABS-KEY(""port"" AND ""activities"" AND ""qmbd"" AND ""axis"" AND ""translation"" AND ""marine"" AND ""maritime"" AND ""oceanic"" AND ""hydronization"" AND ""theory"" AND ""terms"" AND ""taxonomy"" AND ""mapping"")'; logical_pages_attempted=1"
Q_PORT_ACTIVITIES_THY_001,port_activities,theory_translation,port activities qmbd axis translation marine maritime oceanic hydronization theory terms taxonomy mapping,wos,wos,completed,0,0,0,0,0,0,0,2019,2026,date-desc,applied_post_fetch,stratified,3,50,applied_genuine_pagination,applied_post_fetch,sampling_strategy|sort_strategy|time_window,sampling_strategy|sort_strategy|time_window,,,,,
Q_PORT_ACTIVITIES_VAL_001,port_activities,validation_eqf_translation,port operations EQF qualification framework micro-credential learning outcomes,crossref,crossref,completed,150,0,0,150,0,150,0,2019,2026,published-desc,applied_post_fetch,stratified,3,50,applied_genuine_pagination,applied_post_fetch,sampling_strategy|sort_strategy|time_window,sampling_strategy|sort_strategy|time_window,,,,,
Q_PORT_ACTIVITIES_VAL_001,port_activities,validation_eqf_translation,port operations EQF qualification framework micro-credential learning outcomes,openalex,openalex,completed,2,2,2,2,2,0,0,2019,2026,,not_declared_for_provider,stratified,3,50,applied_genuine_pagination,applied_post_fetch,sampling_strategy|time_window,sampling_strategy|time_window,,sort_strategy,filter_not_applied:sort_strategy,,
Q_PORT_ACTIVITIES_VAL_001,port_activities,validation_eqf_translation,port operations EQF qualification framework micro-credential learning outcomes,scopus,scopus,completed,0,0,0,0,0,0,0,2019,2026,date-desc,applied_post_fetch,stratified,3,50,applied_genuine_pagination,applied_post_fetch,sampling_strategy|sort_strategy|time_window,sampling_strategy|sort_strategy|time_window,,,,,"Scopus pagination: projected_query='TITLE-ABS-KEY(""port"" AND ""operations"" AND ""EQF"" AND ""qualification"" AND ""framework"" AND ""micro"" AND ""credential"" AND ""learning"" AND ""outcomes"")'; logical_pages_attempted=1"
Q_PORT_ACTIVITIES_VAL_001,port_activities,validation_eqf_translation,port operations EQF qualification framework micro-credential learning outcomes,wos,wos,completed,0,0,0,0,0,0,0,2019,2026,date-desc,applied_post_fetch,stratified,3,50,applied_genuine_pagination,applied_post_fetch,sampling_strategy|sort_strategy|time_window,sampling_strategy|sort_strategy|time_window,,,,,
Q_RENEWABLE_ENERGY_COMP_001,renewable_energy,competence_demand,offshore wind workforce skills competences training professional development,crossref,crossref,completed,150,0,0,150,0,150,0,2019,2026,published-desc,applied_post_fetch,stratified,3,50,applied_genuine_pagination,applied_post_fetch,sampling_strategy|sort_strategy|time_window,sampling_strategy|sort_strategy|time_window,,,,,Crossref retry search_page_2: attempt=1 http_status=429 retry_after_seconds=None backoff_seconds=1.0 jitter_seconds=0.363 wait_seconds=1.363|Crossref retry terminal_status=success attempt=2
Q_RENEWABLE_ENERGY_COMP_001,renewable_energy,competence_demand,offshore wind workforce skills competences training professional development,openalex,openalex,completed,150,150,129,150,150,0,0,2019,2026,,not_declared_for_provider,stratified,3,50,applied_genuine_pagination,applied_post_fetch,sampling_strategy|time_window,sampling_strategy|time_window,,sort_strategy,filter_not_applied:sort_strategy,,
Q_RENEWABLE_ENERGY_COMP_001,renewable_energy,competence_demand,offshore wind workforce skills competences training professional development,scopus,scopus,completed,0,0,0,0,0,0,0,2019,2026,date-desc,applied_post_fetch,stratified,3,50,applied_genuine_pagination,applied_post_fetch,sampling_strategy|sort_strategy|time_window,sampling_strategy|sort_strategy|time_window,,,,,"Scopus pagination: projected_query='TITLE-ABS-KEY(""offshore"" AND ""wind"" AND ""workforce"" AND ""skills"" AND ""competences"" AND ""training"" AND ""professional"" AND ""development"")'; logical_pages_attempted=1"
Q_RENEWABLE_ENERGY_COMP_001,renewable_energy,competence_demand,offshore wind workforce skills competences training professional development,wos,wos,completed,0,0,0,0,0,0,0,2019,2026,date-desc,applied_post_fetch,stratified,3,50,applied_genuine_pagination,applied_post_fetch,sampling_strategy|sort_strategy|time_window,sampling_strategy|sort_strategy|time_window,,,,,
Q_RENEWABLE_ENERGY_COMP_002,renewable_energy,competence_demand,ocean renewable energy education learning outcomes curriculum qualification,crossref,crossref,completed,150,0,0,150,0,150,0,2019,2026,published-desc,applied_post_fetch,stratified,3,50,applied_genuine_pagination,applied_post_fetch,sampling_strategy|sort_strategy|time_window,sampling_strategy|sort_strategy|time_window,,,,,
Q_RENEWABLE_ENERGY_COMP_002,renewable_energy,competence_demand,ocean renewable energy education learning outcomes curriculum qualification,openalex,openalex,completed,150,150,131,150,150,0,0,2019,2026,,not_declared_for_provider,stratified,3,50,applied_genuine_pagination,applied_post_fetch,sampling_strategy|time_window,sampling_strategy|time_window,,sort_strategy,filter_not_applied:sort_strategy,,
Q_RENEWABLE_ENERGY_COMP_002,renewable_energy,competence_demand,ocean renewable energy education learning outcomes curriculum qualification,scopus,scopus,completed,0,0,0,0,0,0,0,2019,2026,date-desc,applied_post_fetch,stratified,3,50,applied_genuine_pagination,applied_post_fetch,sampling_strategy|sort_strategy|time_window,sampling_strategy|sort_strategy|time_window,,,,,"Scopus pagination: projected_query='TITLE-ABS-KEY(""ocean"" AND ""renewable"" AND ""energy"" AND ""education"" AND ""learning"" AND ""outcomes"" AND ""curriculum"" AND ""qualification"")'; logical_pages_attempted=1"
Q_RENEWABLE_ENERGY_COMP_002,renewable_energy,competence_demand,ocean renewable energy education learning outcomes curriculum qualification,wos,wos,completed,0,0,0,0,0,0,0,2019,2026,date-desc,applied_post_fetch,stratified,3,50,applied_genuine_pagination,applied_post_fetch,sampling_strategy|sort_strategy|time_window,sampling_strategy|sort_strategy|time_window,,,,,
Q_RENEWABLE_ENERGY_CORE_001,renewable_energy,core_sector,offshore wind energy marine spatial planning governance,crossref,crossref,completed,150,0,0,150,0,150,0,2019,2026,published-desc,applied_post_fetch,stratified,3,50,applied_genuine_pagination,applied_post_fetch,sampling_strategy|sort_strategy|time_window,sampling_strategy|sort_strategy|time_window,,,,,
Q_RENEWABLE_ENERGY_CORE_001,renewable_energy,core_sector,offshore wind energy marine spatial planning governance,openalex,openalex,completed,150,150,141,150,150,0,0,2019,2026,,not_declared_for_provider,stratified,3,50,applied_genuine_pagination,applied_post_fetch,sampling_strategy|time_window,sampling_strategy|time_window,,sort_strategy,filter_not_applied:sort_strategy,,
Q_RENEWABLE_ENERGY_CORE_001,renewable_energy,core_sector,offshore wind energy marine spatial planning governance,scopus,scopus,completed,33,28,27,33,28,5,0,2019,2026,date-desc,applied_post_fetch,stratified,3,50,applied_genuine_pagination,applied_post_fetch,sampling_strategy|sort_strategy|time_window,sampling_strategy|sort_strategy|time_window,,,,,"Scopus pagination: projected_query='TITLE-ABS-KEY(""offshore"" AND ""wind"" AND ""energy"" AND ""marine"" AND ""spatial"" AND ""planning"" AND ""governance"")'; logical_pages_attempted=1"
Q_RENEWABLE_ENERGY_CORE_001,renewable_energy,core_sector,offshore wind energy marine spatial planning governance,wos,wos,completed,32,27,27,32,27,5,0,2019,2026,date-desc,applied_post_fetch,stratified,3,50,applied_genuine_pagination,applied_post_fetch,sampling_strategy|sort_strategy|time_window,sampling_strategy|sort_strategy|time_window,,,,,
Q_RENEWABLE_ENERGY_CORE_002,renewable_energy,core_sector,ocean renewable energy governance sustainability,crossref,crossref,completed,150,0,0,150,0,150,0,2019,2026,published-desc,applied_post_fetch,stratified,3,50,applied_genuine_pagination,applied_post_fetch,sampling_strategy|sort_strategy|time_window,sampling_strategy|sort_strategy|time_window,,,,,Crossref retry search_page_3: attempt=1 http_status=429 retry_after_seconds=None backoff_seconds=1.0 jitter_seconds=0.28 wait_seconds=1.28|Crossref retry terminal_status=success attempt=2
Q_RENEWABLE_ENERGY_CORE_002,renewable_energy,core_sector,ocean renewable energy governance sustainability,openalex,openalex,completed,150,150,145,150,150,0,0,2019,2026,,not_declared_for_provider,stratified,3,50,applied_genuine_pagination,applied_post_fetch,sampling_strategy|time_window,sampling_strategy|time_window,,sort_strategy,filter_not_applied:sort_strategy,,
Q_RENEWABLE_ENERGY_CORE_002,renewable_energy,core_sector,ocean renewable energy governance sustainability,scopus,scopus,completed,33,23,23,33,23,10,0,2019,2026,date-desc,applied_post_fetch,stratified,3,50,applied_genuine_pagination,applied_post_fetch,sampling_strategy|sort_strategy|time_window,sampling_strategy|sort_strategy|time_window,,,,,"Scopus pagination: projected_query='TITLE-ABS-KEY(""ocean"" AND ""renewable"" AND ""energy"" AND ""governance"" AND ""sustainability"")'; logical_pages_attempted=1"
Q_RENEWABLE_ENERGY_CORE_002,renewable_energy,core_sector,ocean renewable energy governance sustainability,wos,wos,completed,17,11,11,17,11,6,0,2019,2026,date-desc,applied_post_fetch,stratified,3,50,applied_genuine_pagination,applied_post_fetch,sampling_strategy|sort_strategy|time_window,sampling_strategy|sort_strategy|time_window,,,,,
Q_RENEWABLE_ENERGY_CORE_003,renewable_energy,core_sector,tidal energy wave energy environmental impact,crossref,crossref,completed,150,0,0,150,0,150,0,2019,2026,published-desc,applied_post_fetch,stratified,3,50,applied_genuine_pagination,applied_post_fetch,sampling_strategy|sort_strategy|time_window,sampling_strategy|sort_strategy|time_window,,,,,Crossref retry search_page_2: attempt=1 http_status=429 retry_after_seconds=None backoff_seconds=1.0 jitter_seconds=0.432 wait_seconds=1.432|Crossref retry terminal_status=success attempt=2|Crossref retry search_page_3: attempt=1 http_status=429 retry_after_seconds=None backoff_seconds=1.0 jitter_seconds=0.417 wait_seconds=1.417|Crossref retry terminal_status=success attempt=2
Q_RENEWABLE_ENERGY_CORE_003,renewable_energy,core_sector,tidal energy wave energy environmental impact,openalex,openalex,completed,150,150,141,150,150,0,0,2019,2026,,not_declared_for_provider,stratified,3,50,applied_genuine_pagination,applied_post_fetch,sampling_strategy|time_window,sampling_strategy|time_window,,sort_strategy,filter_not_applied:sort_strategy,,
Q_RENEWABLE_ENERGY_CORE_003,renewable_energy,core_sector,tidal energy wave energy environmental impact,scopus,scopus,completed,150,150,146,150,150,0,0,2019,2026,date-desc,applied_post_fetch,stratified,3,50,applied_genuine_pagination,applied_post_fetch,sampling_strategy|sort_strategy|time_window,sampling_strategy|sort_strategy|time_window,,,,,"Scopus pagination: projected_query='TITLE-ABS-KEY(""tidal"" AND ""energy"" AND ""wave"" AND ""energy"" AND ""environmental"" AND ""impact"")'; logical_pages_attempted=3"
Q_RENEWABLE_ENERGY_CORE_003,renewable_energy,core_sector,tidal energy wave energy environmental impact,wos,wos,completed,150,36,36,150,36,114,0,2019,2026,date-desc,applied_post_fetch,stratified,3,50,applied_genuine_pagination,applied_post_fetch,sampling_strategy|sort_strategy|time_window,sampling_strategy|sort_strategy|time_window,,,,,
Q_RENEWABLE_ENERGY_EMRG_001,renewable_energy,emerging_demand,offshore wind AI digital twin autonomous systems resilience,crossref,crossref,completed,150,0,0,150,0,150,0,2019,2026,published-desc,applied_post_fetch,stratified,3,50,applied_genuine_pagination,applied_post_fetch,sampling_strategy|sort_strategy|time_window,sampling_strategy|sort_strategy|time_window,,,,,Crossref retry search_page_2: attempt=1 http_status=429 retry_after_seconds=None backoff_seconds=1.0 jitter_seconds=0.173 wait_seconds=1.173|Crossref retry terminal_status=success attempt=2
Q_RENEWABLE_ENERGY_EMRG_001,renewable_energy,emerging_demand,offshore wind AI digital twin autonomous systems resilience,openalex,openalex,completed,150,150,143,150,150,0,0,2019,2026,,not_declared_for_provider,stratified,3,50,applied_genuine_pagination,applied_post_fetch,sampling_strategy|time_window,sampling_strategy|time_window,,sort_strategy,filter_not_applied:sort_strategy,,
Q_RENEWABLE_ENERGY_EMRG_001,renewable_energy,emerging_demand,offshore wind AI digital twin autonomous systems resilience,scopus,scopus,completed,0,0,0,0,0,0,0,2019,2026,date-desc,applied_post_fetch,stratified,3,50,applied_genuine_pagination,applied_post_fetch,sampling_strategy|sort_strategy|time_window,sampling_strategy|sort_strategy|time_window,,,,,"Scopus pagination: projected_query='TITLE-ABS-KEY(""offshore"" AND ""wind"" AND ""AI"" AND ""digital"" AND ""twin"" AND ""autonomous"" AND ""systems"" AND ""resilience"")'; logical_pages_attempted=1"
Q_RENEWABLE_ENERGY_EMRG_001,renewable_energy,emerging_demand,offshore wind AI digital twin autonomous systems resilience,wos,wos,completed,0,0,0,0,0,0,0,2019,2026,date-desc,applied_post_fetch,stratified,3,50,applied_genuine_pagination,applied_post_fetch,sampling_strategy|sort_strategy|time_window,sampling_strategy|sort_strategy|time_window,,,,,
Q_RENEWABLE_ENERGY_EMRG_002,renewable_energy,emerging_demand,offshore wind just transition climate adaptation marine governance safety,crossref,crossref,completed,150,0,0,150,0,150,0,2019,2026,published-desc,applied_post_fetch,stratified,3,50,applied_genuine_pagination,applied_post_fetch,sampling_strategy|sort_strategy|time_window,sampling_strategy|sort_strategy|time_window,,,,,Crossref retry search_page_3: attempt=1 http_status=429 retry_after_seconds=None backoff_seconds=1.0 jitter_seconds=0.421 wait_seconds=1.421|Crossref retry terminal_status=success attempt=2
Q_RENEWABLE_ENERGY_EMRG_002,renewable_energy,emerging_demand,offshore wind just transition climate adaptation marine governance safety,openalex,openalex,completed,150,150,130,150,150,0,0,2019,2026,,not_declared_for_provider,stratified,3,50,applied_genuine_pagination,applied_post_fetch,sampling_strategy|time_window,sampling_strategy|time_window,,sort_strategy,filter_not_applied:sort_strategy,,
Q_RENEWABLE_ENERGY_EMRG_002,renewable_energy,emerging_demand,offshore wind just transition climate adaptation marine governance safety,scopus,scopus,completed,0,0,0,0,0,0,0,2019,2026,date-desc,applied_post_fetch,stratified,3,50,applied_genuine_pagination,applied_post_fetch,sampling_strategy|sort_strategy|time_window,sampling_strategy|sort_strategy|time_window,,,,,"Scopus pagination: projected_query='TITLE-ABS-KEY(""offshore"" AND ""wind"" AND ""just"" AND ""transition"" AND ""climate"" AND ""adaptation"" AND ""marine"" AND ""governance"" AND ""safety"")'; logical_pages_attempted=1"
Q_RENEWABLE_ENERGY_EMRG_002,renewable_energy,emerging_demand,offshore wind just transition climate adaptation marine governance safety,wos,wos,completed,0,0,0,0,0,0,0,2019,2026,date-desc,applied_post_fetch,stratified,3,50,applied_genuine_pagination,applied_post_fetch,sampling_strategy|sort_strategy|time_window,sampling_strategy|sort_strategy|time_window,,,,,
Q_RENEWABLE_ENERGY_HYP_001,renewable_energy,hypothesis_verification,renewable energy maritimisation marinization oceanisation hydrosocial de-base-re hypothesis verification indicators,crossref,crossref,completed,150,112,112,150,112,38,0,2019,2026,published-desc,applied_post_fetch,stratified,3,50,applied_genuine_pagination,applied_post_fetch,sampling_strategy|sort_strategy|time_window,sampling_strategy|sort_strategy|time_window,,,,,
Q_RENEWABLE_ENERGY_HYP_001,renewable_energy,hypothesis_verification,renewable energy maritimisation marinization oceanisation hydrosocial de-base-re hypothesis verification indicators,openalex,openalex,completed,0,0,0,0,0,0,0,2019,2026,,not_declared_for_provider,stratified,3,50,applied_genuine_pagination,applied_post_fetch,sampling_strategy|time_window,sampling_strategy|time_window,,sort_strategy,filter_not_applied:sort_strategy,,
Q_RENEWABLE_ENERGY_HYP_001,renewable_energy,hypothesis_verification,renewable energy maritimisation marinization oceanisation hydrosocial de-base-re hypothesis verification indicators,scopus,scopus,completed,0,0,0,0,0,0,0,2019,2026,date-desc,applied_post_fetch,stratified,3,50,applied_genuine_pagination,applied_post_fetch,sampling_strategy|sort_strategy|time_window,sampling_strategy|sort_strategy|time_window,,,,,"Scopus pagination: projected_query='TITLE-ABS-KEY(""renewable"" AND ""energy"" AND ""maritimisation"" AND ""marinization"" AND ""oceanisation"" AND ""hydrosocial"" AND ""de-base-re"" AND ""hypothesis"" AND ""verification"" AND ""indicators"")'; logical_pages_attempted=1"
Q_RENEWABLE_ENERGY_HYP_001,renewable_energy,hypothesis_verification,renewable energy maritimisation marinization oceanisation hydrosocial de-base-re hypothesis verification indicators,wos,wos,completed,0,0,0,0,0,0,0,2019,2026,date-desc,applied_post_fetch,stratified,3,50,applied_genuine_pagination,applied_post_fetch,sampling_strategy|sort_strategy|time_window,sampling_strategy|sort_strategy|time_window,,,,,
Q_RENEWABLE_ENERGY_THY_001,renewable_energy,theory_translation,renewable energy qmbd axis translation marine maritime oceanic hydronization theory terms taxonomy mapping,crossref,crossref,completed,150,120,120,150,120,30,0,2019,2026,published-desc,applied_post_fetch,stratified,3,50,applied_genuine_pagination,applied_post_fetch,sampling_strategy|sort_strategy|time_window,sampling_strategy|sort_strategy|time_window,,,,,Crossref retry search_page_3: attempt=1 http_status=429 retry_after_seconds=None backoff_seconds=1.0 jitter_seconds=0.373 wait_seconds=1.373|Crossref retry terminal_status=success attempt=2
Q_RENEWABLE_ENERGY_THY_001,renewable_energy,theory_translation,renewable energy qmbd axis translation marine maritime oceanic hydronization theory terms taxonomy mapping,openalex,openalex,completed,0,0,0,0,0,0,0,2019,2026,,not_declared_for_provider,stratified,3,50,applied_genuine_pagination,applied_post_fetch,sampling_strategy|time_window,sampling_strategy|time_window,,sort_strategy,filter_not_applied:sort_strategy,,
Q_RENEWABLE_ENERGY_THY_001,renewable_energy,theory_translation,renewable energy qmbd axis translation marine maritime oceanic hydronization theory terms taxonomy mapping,scopus,scopus,completed,0,0,0,0,0,0,0,2019,2026,date-desc,applied_post_fetch,stratified,3,50,applied_genuine_pagination,applied_post_fetch,sampling_strategy|sort_strategy|time_window,sampling_strategy|sort_strategy|time_window,,,,,"Scopus pagination: projected_query='TITLE-ABS-KEY(""renewable"" AND ""energy"" AND ""qmbd"" AND ""axis"" AND ""translation"" AND ""marine"" AND ""maritime"" AND ""oceanic"" AND ""hydronization"" AND ""theory"" AND ""terms"" AND ""taxonomy"" AND ""mapping"")'; logical_pages_attempted=1"
Q_RENEWABLE_ENERGY_THY_001,renewable_energy,theory_translation,renewable energy qmbd axis translation marine maritime oceanic hydronization theory terms taxonomy mapping,wos,wos,completed,0,0,0,0,0,0,0,2019,2026,date-desc,applied_post_fetch,stratified,3,50,applied_genuine_pagination,applied_post_fetch,sampling_strategy|sort_strategy|time_window,sampling_strategy|sort_strategy|time_window,,,,,
Q_RENEWABLE_ENERGY_VAL_001,renewable_energy,validation_eqf_translation,offshore renewable energy EQF qualification framework micro-credential learning outcomes,crossref,crossref,completed,150,40,35,150,40,110,0,2019,2026,published-desc,applied_post_fetch,stratified,3,50,applied_genuine_pagination,applied_post_fetch,sampling_strategy|sort_strategy|time_window,sampling_strategy|sort_strategy|time_window,,,,,Crossref retry search_page_2: attempt=1 http_status=429 retry_after_seconds=None backoff_seconds=1.0 jitter_seconds=0.11 wait_seconds=1.11|Crossref retry terminal_status=success attempt=2
Q_RENEWABLE_ENERGY_VAL_001,renewable_energy,validation_eqf_translation,offshore renewable energy EQF qualification framework micro-credential learning outcomes,openalex,openalex,completed,1,1,1,1,1,0,0,2019,2026,,not_declared_for_provider,stratified,3,50,applied_genuine_pagination,applied_post_fetch,sampling_strategy|time_window,sampling_strategy|time_window,,sort_strategy,filter_not_applied:sort_strategy,,
Q_RENEWABLE_ENERGY_VAL_001,renewable_energy,validation_eqf_translation,offshore renewable energy EQF qualification framework micro-credential learning outcomes,scopus,scopus,completed,0,0,0,0,0,0,0,2019,2026,date-desc,applied_post_fetch,stratified,3,50,applied_genuine_pagination,applied_post_fetch,sampling_strategy|sort_strategy|time_window,sampling_strategy|sort_strategy|time_window,,,,,"Scopus pagination: projected_query='TITLE-ABS-KEY(""offshore"" AND ""renewable"" AND ""energy"" AND ""EQF"" AND ""qualification"" AND ""framework"" AND ""micro"" AND ""credential"" AND ""learning"" AND ""outcomes"")'; logical_pages_attempted=1"
Q_RENEWABLE_ENERGY_VAL_001,renewable_energy,validation_eqf_translation,offshore renewable energy EQF qualification framework micro-credential learning outcomes,wos,wos,completed,0,0,0,0,0,0,0,2019,2026,date-desc,applied_post_fetch,stratified,3,50,applied_genuine_pagination,applied_post_fetch,sampling_strategy|sort_strategy|time_window,sampling_strategy|sort_strategy|time_window,,,,,
Q_R_I_COMP_001,r_i,competence_demand,blue economy researcher workforce skills competences training professional development,crossref,crossref,completed,150,0,0,150,0,150,0,2019,2026,published-desc,applied_post_fetch,stratified,3,50,applied_genuine_pagination,applied_post_fetch,sampling_strategy|sort_strategy|time_window,sampling_strategy|sort_strategy|time_window,,,,,Crossref retry search_page_3: attempt=1 http_status=429 retry_after_seconds=None backoff_seconds=1.0 jitter_seconds=0.175 wait_seconds=1.175|Crossref retry terminal_status=success attempt=2
Q_R_I_COMP_001,r_i,competence_demand,blue economy researcher workforce skills competences training professional development,openalex,openalex,completed,150,150,136,150,150,0,0,2019,2026,,not_declared_for_provider,stratified,3,50,applied_genuine_pagination,applied_post_fetch,sampling_strategy|time_window,sampling_strategy|time_window,,sort_strategy,filter_not_applied:sort_strategy,,
Q_R_I_COMP_001,r_i,competence_demand,blue economy researcher workforce skills competences training professional development,scopus,scopus,completed,0,0,0,0,0,0,0,2019,2026,date-desc,applied_post_fetch,stratified,3,50,applied_genuine_pagination,applied_post_fetch,sampling_strategy|sort_strategy|time_window,sampling_strategy|sort_strategy|time_window,,,,,"Scopus pagination: projected_query='TITLE-ABS-KEY(""blue"" AND ""economy"" AND ""researcher"" AND ""workforce"" AND ""skills"" AND ""competences"" AND ""training"" AND ""professional"" AND ""development"")'; logical_pages_attempted=1"
Q_R_I_COMP_001,r_i,competence_demand,blue economy researcher workforce skills competences training professional development,wos,wos,completed,0,0,0,0,0,0,0,2019,2026,date-desc,applied_post_fetch,stratified,3,50,applied_genuine_pagination,applied_post_fetch,sampling_strategy|sort_strategy|time_window,sampling_strategy|sort_strategy|time_window,,,,,
Q_R_I_COMP_002,r_i,competence_demand,ocean science education learning outcomes curriculum qualification,crossref,crossref,completed,150,0,0,150,0,150,0,2019,2026,published-desc,applied_post_fetch,stratified,3,50,applied_genuine_pagination,applied_post_fetch,sampling_strategy|sort_strategy|time_window,sampling_strategy|sort_strategy|time_window,,,,,Crossref retry search_page_3: attempt=1 http_status=429 retry_after_seconds=None backoff_seconds=1.0 jitter_seconds=0.28 wait_seconds=1.28|Crossref retry terminal_status=success attempt=2
Q_R_I_COMP_002,r_i,competence_demand,ocean science education learning outcomes curriculum qualification,openalex,openalex,completed,150,150,127,150,150,0,0,2019,2026,,not_declared_for_provider,stratified,3,50,applied_genuine_pagination,applied_post_fetch,sampling_strategy|time_window,sampling_strategy|time_window,,sort_strategy,filter_not_applied:sort_strategy,,
Q_R_I_COMP_002,r_i,competence_demand,ocean science education learning outcomes curriculum qualification,scopus,scopus,completed,0,0,0,0,0,0,0,2019,2026,date-desc,applied_post_fetch,stratified,3,50,applied_genuine_pagination,applied_post_fetch,sampling_strategy|sort_strategy|time_window,sampling_strategy|sort_strategy|time_window,,,,,"Scopus pagination: projected_query='TITLE-ABS-KEY(""ocean"" AND ""science"" AND ""education"" AND ""learning"" AND ""outcomes"" AND ""curriculum"" AND ""qualification"")'; logical_pages_attempted=1"
Q_R_I_COMP_002,r_i,competence_demand,ocean science education learning outcomes curriculum qualification,wos,wos,completed,0,0,0,0,0,0,0,2019,2026,date-desc,applied_post_fetch,stratified,3,50,applied_genuine_pagination,applied_post_fetch,sampling_strategy|sort_strategy|time_window,sampling_strategy|sort_strategy|time_window,,,,,
Q_R_I_CORE_001,r_i,core_sector,ocean observation marine monitoring data infrastructure,crossref,crossref,completed,150,0,0,150,0,150,0,2019,2026,published-desc,applied_post_fetch,stratified,3,50,applied_genuine_pagination,applied_post_fetch,sampling_strategy|sort_strategy|time_window,sampling_strategy|sort_strategy|time_window,,,,,Crossref retry search_page_3: attempt=1 http_status=429 retry_after_seconds=None backoff_seconds=1.0 jitter_seconds=0.358 wait_seconds=1.358|Crossref retry terminal_status=success attempt=2
Q_R_I_CORE_001,r_i,core_sector,ocean observation marine monitoring data infrastructure,openalex,openalex,completed,150,150,148,150,150,0,0,2019,2026,,not_declared_for_provider,stratified,3,50,applied_genuine_pagination,applied_post_fetch,sampling_strategy|time_window,sampling_strategy|time_window,,sort_strategy,filter_not_applied:sort_strategy,,
Q_R_I_CORE_001,r_i,core_sector,ocean observation marine monitoring data infrastructure,scopus,scopus,completed,87,52,52,87,52,35,0,2019,2026,date-desc,applied_post_fetch,stratified,3,50,applied_genuine_pagination,applied_post_fetch,sampling_strategy|sort_strategy|time_window,sampling_strategy|sort_strategy|time_window,,,,,"Scopus pagination: projected_query='TITLE-ABS-KEY(""ocean"" AND ""observation"" AND ""marine"" AND ""monitoring"" AND ""data"" AND ""infrastructure"")'; logical_pages_attempted=2"
Q_R_I_CORE_001,r_i,core_sector,ocean observation marine monitoring data infrastructure,wos,wos,completed,63,39,38,63,39,24,0,2019,2026,date-desc,applied_post_fetch,stratified,3,50,applied_genuine_pagination,applied_post_fetch,sampling_strategy|sort_strategy|time_window,sampling_strategy|sort_strategy|time_window,,,,,
Q_R_I_CORE_002,r_i,core_sector,ocean data governance FAIR CARE principles,crossref,crossref,completed,150,0,0,150,0,150,0,2019,2026,published-desc,applied_post_fetch,stratified,3,50,applied_genuine_pagination,applied_post_fetch,sampling_strategy|sort_strategy|time_window,sampling_strategy|sort_strategy|time_window,,,,,Crossref retry search_page_2: attempt=1 http_status=429 retry_after_seconds=None backoff_seconds=1.0 jitter_seconds=0.438 wait_seconds=1.438|Crossref retry terminal_status=success attempt=2
Q_R_I_CORE_002,r_i,core_sector,ocean data governance FAIR CARE principles,openalex,openalex,completed,150,150,134,150,150,0,0,2019,2026,,not_declared_for_provider,stratified,3,50,applied_genuine_pagination,applied_post_fetch,sampling_strategy|time_window,sampling_strategy|time_window,,sort_strategy,filter_not_applied:sort_strategy,,
Q_R_I_CORE_002,r_i,core_sector,ocean data governance FAIR CARE principles,scopus,scopus,completed,1,1,1,1,1,0,0,2019,2026,date-desc,applied_post_fetch,stratified,3,50,applied_genuine_pagination,applied_post_fetch,sampling_strategy|sort_strategy|time_window,sampling_strategy|sort_strategy|time_window,,,,,"Scopus pagination: projected_query='TITLE-ABS-KEY(""ocean"" AND ""data"" AND ""governance"" AND ""FAIR"" AND ""CARE"" AND ""principles"")'; logical_pages_attempted=1"
Q_R_I_CORE_002,r_i,core_sector,ocean data governance FAIR CARE principles,wos,wos,completed,1,1,1,1,1,0,0,2019,2026,date-desc,applied_post_fetch,stratified,3,50,applied_genuine_pagination,applied_post_fetch,sampling_strategy|sort_strategy|time_window,sampling_strategy|sort_strategy|time_window,,,,,
Q_R_I_CORE_003,r_i,core_sector,blue economy research innovation policy governance,crossref,crossref,completed,150,0,0,150,0,150,0,2019,2026,published-desc,applied_post_fetch,stratified,3,50,applied_genuine_pagination,applied_post_fetch,sampling_strategy|sort_strategy|time_window,sampling_strategy|sort_strategy|time_window,,,,,Crossref retry search_page_3: attempt=1 http_status=429 retry_after_seconds=None backoff_seconds=1.0 jitter_seconds=0.171 wait_seconds=1.171|Crossref retry terminal_status=success attempt=2
Q_R_I_CORE_003,r_i,core_sector,blue economy research innovation policy governance,openalex,openalex,completed,150,150,144,150,150,0,0,2019,2026,,not_declared_for_provider,stratified,3,50,applied_genuine_pagination,applied_post_fetch,sampling_strategy|time_window,sampling_strategy|time_window,,sort_strategy,filter_not_applied:sort_strategy,,
Q_R_I_CORE_003,r_i,core_sector,blue economy research innovation policy governance,scopus,scopus,completed,33,32,32,33,32,1,0,2019,2026,date-desc,applied_post_fetch,stratified,3,50,applied_genuine_pagination,applied_post_fetch,sampling_strategy|sort_strategy|time_window,sampling_strategy|sort_strategy|time_window,,,,,"Scopus pagination: projected_query='TITLE-ABS-KEY(""blue"" AND ""economy"" AND ""research"" AND ""innovation"" AND ""policy"" AND ""governance"")'; logical_pages_attempted=1"
Q_R_I_CORE_003,r_i,core_sector,blue economy research innovation policy governance,wos,wos,completed,21,19,19,21,19,2,0,2019,2026,date-desc,applied_post_fetch,stratified,3,50,applied_genuine_pagination,applied_post_fetch,sampling_strategy|sort_strategy|time_window,sampling_strategy|sort_strategy|time_window,,,,,
Q_R_I_EMRG_001,r_i,emerging_demand,ocean observation AI digital twin autonomous systems resilience climate adaptation,crossref,crossref,completed,150,42,37,150,42,108,0,2019,2026,published-desc,applied_post_fetch,stratified,3,50,applied_genuine_pagination,applied_post_fetch,sampling_strategy|sort_strategy|time_window,sampling_strategy|sort_strategy|time_window,,,,,Crossref retry search_page_2: attempt=1 http_status=429 retry_after_seconds=None backoff_seconds=1.0 jitter_seconds=0.112 wait_seconds=1.112|Crossref retry terminal_status=success attempt=2
Q_R_I_EMRG_001,r_i,emerging_demand,ocean observation AI digital twin autonomous systems resilience climate adaptation,openalex,openalex,completed,150,150,133,150,150,0,0,2019,2026,,not_declared_for_provider,stratified,3,50,applied_genuine_pagination,applied_post_fetch,sampling_strategy|time_window,sampling_strategy|time_window,,sort_strategy,filter_not_applied:sort_strategy,,
Q_R_I_EMRG_001,r_i,emerging_demand,ocean observation AI digital twin autonomous systems resilience climate adaptation,scopus,scopus,completed,0,0,0,0,0,0,0,2019,2026,date-desc,applied_post_fetch,stratified,3,50,applied_genuine_pagination,applied_post_fetch,sampling_strategy|sort_strategy|time_window,sampling_strategy|sort_strategy|time_window,,,,,"Scopus pagination: projected_query='TITLE-ABS-KEY(""ocean"" AND ""observation"" AND ""AI"" AND ""digital"" AND ""twin"" AND ""autonomous"" AND ""systems"" AND ""resilience"" AND ""climate"" AND ""adaptation"")'; logical_pages_attempted=1"
Q_R_I_EMRG_001,r_i,emerging_demand,ocean observation AI digital twin autonomous systems resilience climate adaptation,wos,wos,completed,0,0,0,0,0,0,0,2019,2026,date-desc,applied_post_fetch,stratified,3,50,applied_genuine_pagination,applied_post_fetch,sampling_strategy|sort_strategy|time_window,sampling_strategy|sort_strategy|time_window,,,,,
Q_R_I_EMRG_002,r_i,emerging_demand,blue economy research just transition ocean literacy marine governance hydrosocial,crossref,crossref,completed,150,127,121,150,127,23,0,2019,2026,published-desc,applied_post_fetch,stratified,3,50,applied_genuine_pagination,applied_post_fetch,sampling_strategy|sort_strategy|time_window,sampling_strategy|sort_strategy|time_window,,,,,Crossref retry search_page_2: attempt=1 http_status=429 retry_after_seconds=None backoff_seconds=1.0 jitter_seconds=0.252 wait_seconds=1.252|Crossref retry terminal_status=success attempt=2|Crossref retry search_page_3: attempt=1 http_status=429 retry_after_seconds=None backoff_seconds=1.0 jitter_seconds=0.414 wait_seconds=1.414|Crossref retry terminal_status=success attempt=2
Q_R_I_EMRG_002,r_i,emerging_demand,blue economy research just transition ocean literacy marine governance hydrosocial,openalex,openalex,completed,1,1,1,1,1,0,0,2019,2026,,not_declared_for_provider,stratified,3,50,applied_genuine_pagination,applied_post_fetch,sampling_strategy|time_window,sampling_strategy|time_window,,sort_strategy,filter_not_applied:sort_strategy,,
Q_R_I_EMRG_002,r_i,emerging_demand,blue economy research just transition ocean literacy marine governance hydrosocial,scopus,scopus,completed,0,0,0,0,0,0,0,2019,2026,date-desc,applied_post_fetch,stratified,3,50,applied_genuine_pagination,applied_post_fetch,sampling_strategy|sort_strategy|time_window,sampling_strategy|sort_strategy|time_window,,,,,"Scopus pagination: projected_query='TITLE-ABS-KEY(""blue"" AND ""economy"" AND ""research"" AND ""just"" AND ""transition"" AND ""ocean"" AND ""literacy"" AND ""marine"" AND ""governance"" AND ""hydrosocial"")'; logical_pages_attempted=1"
Q_R_I_EMRG_002,r_i,emerging_demand,blue economy research just transition ocean literacy marine governance hydrosocial,wos,wos,completed,0,0,0,0,0,0,0,2019,2026,date-desc,applied_post_fetch,stratified,3,50,applied_genuine_pagination,applied_post_fetch,sampling_strategy|sort_strategy|time_window,sampling_strategy|sort_strategy|time_window,,,,,
Q_R_I_HYP_001,r_i,hypothesis_verification,r&i maritimisation marinization oceanisation hydrosocial de-base-re hypothesis verification indicators,crossref,crossref,completed,150,97,59,150,97,53,0,2019,2026,published-desc,applied_post_fetch,stratified,3,50,applied_genuine_pagination,applied_post_fetch,sampling_strategy|sort_strategy|time_window,sampling_strategy|sort_strategy|time_window,,,,,
Q_R_I_HYP_001,r_i,hypothesis_verification,r&i maritimisation marinization oceanisation hydrosocial de-base-re hypothesis verification indicators,openalex,openalex,completed,0,0,0,0,0,0,0,2019,2026,,not_declared_for_provider,stratified,3,50,applied_genuine_pagination,applied_post_fetch,sampling_strategy|time_window,sampling_strategy|time_window,,sort_strategy,filter_not_applied:sort_strategy,,
Q_R_I_HYP_001,r_i,hypothesis_verification,r&i maritimisation marinization oceanisation hydrosocial de-base-re hypothesis verification indicators,scopus,scopus,completed,0,0,0,0,0,0,0,2019,2026,date-desc,applied_post_fetch,stratified,3,50,applied_genuine_pagination,applied_post_fetch,sampling_strategy|sort_strategy|time_window,sampling_strategy|sort_strategy|time_window,,,,,"Scopus pagination: projected_query='TITLE-ABS-KEY(""r"" AND ""i"" AND ""maritimisation"" AND ""marinization"" AND ""oceanisation"" AND ""hydrosocial"" AND ""de-base-re"" AND ""hypothesis"" AND ""verification"" AND ""indicators"")'; logical_pages_attempted=1"
Q_R_I_HYP_001,r_i,hypothesis_verification,r&i maritimisation marinization oceanisation hydrosocial de-base-re hypothesis verification indicators,wos,wos,completed,0,0,0,0,0,0,0,2019,2026,date-desc,applied_post_fetch,stratified,3,50,applied_genuine_pagination,applied_post_fetch,sampling_strategy|sort_strategy|time_window,sampling_strategy|sort_strategy|time_window,,,,,
Q_R_I_THY_001,r_i,theory_translation,r&i qmbd axis translation marine maritime oceanic hydronization theory terms taxonomy mapping,crossref,crossref,completed,150,124,91,150,124,26,0,2019,2026,published-desc,applied_post_fetch,stratified,3,50,applied_genuine_pagination,applied_post_fetch,sampling_strategy|sort_strategy|time_window,sampling_strategy|sort_strategy|time_window,,,,,Crossref retry search_page_2: attempt=1 http_status=429 retry_after_seconds=None backoff_seconds=1.0 jitter_seconds=0.039 wait_seconds=1.039|Crossref retry terminal_status=success attempt=2|Crossref retry search_page_3: attempt=1 http_status=429 retry_after_seconds=None backoff_seconds=1.0 jitter_seconds=0.021 wait_seconds=1.021|Crossref retry terminal_status=success attempt=2
Q_R_I_THY_001,r_i,theory_translation,r&i qmbd axis translation marine maritime oceanic hydronization theory terms taxonomy mapping,openalex,openalex,completed,0,0,0,0,0,0,0,2019,2026,,not_declared_for_provider,stratified,3,50,applied_genuine_pagination,applied_post_fetch,sampling_strategy|time_window,sampling_strategy|time_window,,sort_strategy,filter_not_applied:sort_strategy,,
Q_R_I_THY_001,r_i,theory_translation,r&i qmbd axis translation marine maritime oceanic hydronization theory terms taxonomy mapping,scopus,scopus,completed,0,0,0,0,0,0,0,2019,2026,date-desc,applied_post_fetch,stratified,3,50,applied_genuine_pagination,applied_post_fetch,sampling_strategy|sort_strategy|time_window,sampling_strategy|sort_strategy|time_window,,,,,"Scopus pagination: projected_query='TITLE-ABS-KEY(""r"" AND ""i"" AND ""qmbd"" AND ""axis"" AND ""translation"" AND ""marine"" AND ""maritime"" AND ""oceanic"" AND ""hydronization"" AND ""theory"" AND ""terms"" AND ""taxonomy"" AND ""mapping"")'; logical_pages_attempted=1"
Q_R_I_THY_001,r_i,theory_translation,r&i qmbd axis translation marine maritime oceanic hydronization theory terms taxonomy mapping,wos,wos,completed,0,0,0,0,0,0,0,2019,2026,date-desc,applied_post_fetch,stratified,3,50,applied_genuine_pagination,applied_post_fetch,sampling_strategy|sort_strategy|time_window,sampling_strategy|sort_strategy|time_window,,,,,
Q_R_I_VAL_001,r_i,validation_eqf_translation,ocean science EQF qualification framework micro-credential learning outcomes,crossref,crossref,completed,150,0,0,150,0,150,0,2019,2026,published-desc,applied_post_fetch,stratified,3,50,applied_genuine_pagination,applied_post_fetch,sampling_strategy|sort_strategy|time_window,sampling_strategy|sort_strategy|time_window,,,,,Crossref retry search_page_2: attempt=1 http_status=429 retry_after_seconds=None backoff_seconds=1.0 jitter_seconds=0.438 wait_seconds=1.438|Crossref retry terminal_status=success attempt=2
Q_R_I_VAL_001,r_i,validation_eqf_translation,ocean science EQF qualification framework micro-credential learning outcomes,openalex,openalex,completed,4,4,4,4,4,0,0,2019,2026,,not_declared_for_provider,stratified,3,50,applied_genuine_pagination,applied_post_fetch,sampling_strategy|time_window,sampling_strategy|time_window,,sort_strategy,filter_not_applied:sort_strategy,,
Q_R_I_VAL_001,r_i,validation_eqf_translation,ocean science EQF qualification framework micro-credential learning outcomes,scopus,scopus,completed,0,0,0,0,0,0,0,2019,2026,date-desc,applied_post_fetch,stratified,3,50,applied_genuine_pagination,applied_post_fetch,sampling_strategy|sort_strategy|time_window,sampling_strategy|sort_strategy|time_window,,,,,"Scopus pagination: projected_query='TITLE-ABS-KEY(""ocean"" AND ""science"" AND ""EQF"" AND ""qualification"" AND ""framework"" AND ""micro"" AND ""credential"" AND ""learning"" AND ""outcomes"")'; logical_pages_attempted=1"
Q_R_I_VAL_001,r_i,validation_eqf_translation,ocean science EQF qualification framework micro-credential learning outcomes,wos,wos,completed,0,0,0,0,0,0,0,2019,2026,date-desc,applied_post_fetch,stratified,3,50,applied_genuine_pagination,applied_post_fetch,sampling_strategy|sort_strategy|time_window,sampling_strategy|sort_strategy|time_window,,,,,
Q_SHIP_REPAIR_COMP_001,ship_repair,competence_demand,shipyard worker workforce skills competences training professional development,crossref,crossref,completed,150,0,0,150,0,150,0,2019,2026,published-desc,applied_post_fetch,stratified,3,50,applied_genuine_pagination,applied_post_fetch,sampling_strategy|sort_strategy|time_window,sampling_strategy|sort_strategy|time_window,,,,,
Q_SHIP_REPAIR_COMP_001,ship_repair,competence_demand,shipyard worker workforce skills competences training professional development,openalex,openalex,completed,150,150,132,150,150,0,0,2019,2026,,not_declared_for_provider,stratified,3,50,applied_genuine_pagination,applied_post_fetch,sampling_strategy|time_window,sampling_strategy|time_window,,sort_strategy,filter_not_applied:sort_strategy,,
Q_SHIP_REPAIR_COMP_001,ship_repair,competence_demand,shipyard worker workforce skills competences training professional development,scopus,scopus,completed,0,0,0,0,0,0,0,2019,2026,date-desc,applied_post_fetch,stratified,3,50,applied_genuine_pagination,applied_post_fetch,sampling_strategy|sort_strategy|time_window,sampling_strategy|sort_strategy|time_window,,,,,"Scopus pagination: projected_query='TITLE-ABS-KEY(""shipyard"" AND ""worker"" AND ""workforce"" AND ""skills"" AND ""competences"" AND ""training"" AND ""professional"" AND ""development"")'; logical_pages_attempted=1"
Q_SHIP_REPAIR_COMP_001,ship_repair,competence_demand,shipyard worker workforce skills competences training professional development,wos,wos,completed,0,0,0,0,0,0,0,2019,2026,date-desc,applied_post_fetch,stratified,3,50,applied_genuine_pagination,applied_post_fetch,sampling_strategy|sort_strategy|time_window,sampling_strategy|sort_strategy|time_window,,,,,
Q_SHIP_REPAIR_COMP_002,ship_repair,competence_demand,ship repair engineer education learning outcomes curriculum qualification,crossref,crossref,completed,150,0,0,150,0,150,0,2019,2026,published-desc,applied_post_fetch,stratified,3,50,applied_genuine_pagination,applied_post_fetch,sampling_strategy|sort_strategy|time_window,sampling_strategy|sort_strategy|time_window,,,,,Crossref retry search_page_3: attempt=1 http_status=429 retry_after_seconds=None backoff_seconds=1.0 jitter_seconds=0.276 wait_seconds=1.276|Crossref retry terminal_status=success attempt=2
Q_SHIP_REPAIR_COMP_002,ship_repair,competence_demand,ship repair engineer education learning outcomes curriculum qualification,openalex,openalex,completed,128,128,105,128,128,0,0,2019,2026,,not_declared_for_provider,stratified,3,50,applied_genuine_pagination,applied_post_fetch,sampling_strategy|time_window,sampling_strategy|time_window,,sort_strategy,filter_not_applied:sort_strategy,,
Q_SHIP_REPAIR_COMP_002,ship_repair,competence_demand,ship repair engineer education learning outcomes curriculum qualification,scopus,scopus,completed,0,0,0,0,0,0,0,2019,2026,date-desc,applied_post_fetch,stratified,3,50,applied_genuine_pagination,applied_post_fetch,sampling_strategy|sort_strategy|time_window,sampling_strategy|sort_strategy|time_window,,,,,"Scopus pagination: projected_query='TITLE-ABS-KEY(""ship"" AND ""repair"" AND ""engineer"" AND ""education"" AND ""learning"" AND ""outcomes"" AND ""curriculum"" AND ""qualification"")'; logical_pages_attempted=1"
Q_SHIP_REPAIR_COMP_002,ship_repair,competence_demand,ship repair engineer education learning outcomes curriculum qualification,wos,wos,completed,0,0,0,0,0,0,0,2019,2026,date-desc,applied_post_fetch,stratified,3,50,applied_genuine_pagination,applied_post_fetch,sampling_strategy|sort_strategy|time_window,sampling_strategy|sort_strategy|time_window,,,,,
Q_SHIP_REPAIR_CORE_001,ship_repair,core_sector,ship repair shipyard workforce skills training,crossref,crossref,completed,150,73,62,150,73,77,0,2019,2026,published-desc,applied_post_fetch,stratified,3,50,applied_genuine_pagination,applied_post_fetch,sampling_strategy|sort_strategy|time_window,sampling_strategy|sort_strategy|time_window,,,,,
Q_SHIP_REPAIR_CORE_001,ship_repair,core_sector,ship repair shipyard workforce skills training,openalex,openalex,completed,150,150,136,150,150,0,0,2019,2026,,not_declared_for_provider,stratified,3,50,applied_genuine_pagination,applied_post_fetch,sampling_strategy|time_window,sampling_strategy|time_window,,sort_strategy,filter_not_applied:sort_strategy,,
Q_SHIP_REPAIR_CORE_001,ship_repair,core_sector,ship repair shipyard workforce skills training,scopus,scopus,completed,5,2,2,5,2,3,0,2019,2026,date-desc,applied_post_fetch,stratified,3,50,applied_genuine_pagination,applied_post_fetch,sampling_strategy|sort_strategy|time_window,sampling_strategy|sort_strategy|time_window,,,,,"Scopus pagination: projected_query='TITLE-ABS-KEY(""ship"" AND ""repair"" AND ""shipyard"" AND ""workforce"" AND ""skills"" AND ""training"")'; logical_pages_attempted=1"
Q_SHIP_REPAIR_CORE_001,ship_repair,core_sector,ship repair shipyard workforce skills training,wos,wos,completed,2,2,2,2,2,0,0,2019,2026,date-desc,applied_post_fetch,stratified,3,50,applied_genuine_pagination,applied_post_fetch,sampling_strategy|sort_strategy|time_window,sampling_strategy|sort_strategy|time_window,,,,,
Q_SHIP_REPAIR_CORE_002,ship_repair,core_sector,ship retrofit decarbonization maintenance governance,crossref,crossref,completed,150,88,59,150,88,62,0,2019,2026,published-desc,applied_post_fetch,stratified,3,50,applied_genuine_pagination,applied_post_fetch,sampling_strategy|sort_strategy|time_window,sampling_strategy|sort_strategy|time_window,,,,,
Q_SHIP_REPAIR_CORE_002,ship_repair,core_sector,ship retrofit decarbonization maintenance governance,openalex,openalex,completed,150,150,135,150,150,0,0,2019,2026,,not_declared_for_provider,stratified,3,50,applied_genuine_pagination,applied_post_fetch,sampling_strategy|time_window,sampling_strategy|time_window,,sort_strategy,filter_not_applied:sort_strategy,,
Q_SHIP_REPAIR_CORE_002,ship_repair,core_sector,ship retrofit decarbonization maintenance governance,scopus,scopus,completed,0,0,0,0,0,0,0,2019,2026,date-desc,applied_post_fetch,stratified,3,50,applied_genuine_pagination,applied_post_fetch,sampling_strategy|sort_strategy|time_window,sampling_strategy|sort_strategy|time_window,,,,,"Scopus pagination: projected_query='TITLE-ABS-KEY(""ship"" AND ""retrofit"" AND ""decarbonization"" AND ""maintenance"" AND ""governance"")'; logical_pages_attempted=1"
Q_SHIP_REPAIR_CORE_002,ship_repair,core_sector,ship retrofit decarbonization maintenance governance,wos,wos,completed,0,0,0,0,0,0,0,2019,2026,date-desc,applied_post_fetch,stratified,3,50,applied_genuine_pagination,applied_post_fetch,sampling_strategy|sort_strategy|time_window,sampling_strategy|sort_strategy|time_window,,,,,
Q_SHIP_REPAIR_CORE_003,ship_repair,core_sector,maritime repair supply chain safety standards,crossref,crossref,completed,150,0,0,150,0,150,0,2019,2026,published-desc,applied_post_fetch,stratified,3,50,applied_genuine_pagination,applied_post_fetch,sampling_strategy|sort_strategy|time_window,sampling_strategy|sort_strategy|time_window,,,,,Crossref retry search_page_3: attempt=1 http_status=429 retry_after_seconds=None backoff_seconds=1.0 jitter_seconds=0.428 wait_seconds=1.428|Crossref retry terminal_status=success attempt=2
Q_SHIP_REPAIR_CORE_003,ship_repair,core_sector,maritime repair supply chain safety standards,openalex,openalex,completed,150,150,126,150,150,0,0,2019,2026,,not_declared_for_provider,stratified,3,50,applied_genuine_pagination,applied_post_fetch,sampling_strategy|time_window,sampling_strategy|time_window,,sort_strategy,filter_not_applied:sort_strategy,,
Q_SHIP_REPAIR_CORE_003,ship_repair,core_sector,maritime repair supply chain safety standards,scopus,scopus,completed,0,0,0,0,0,0,0,2019,2026,date-desc,applied_post_fetch,stratified,3,50,applied_genuine_pagination,applied_post_fetch,sampling_strategy|sort_strategy|time_window,sampling_strategy|sort_strategy|time_window,,,,,"Scopus pagination: projected_query='TITLE-ABS-KEY(""maritime"" AND ""repair"" AND ""supply"" AND ""chain"" AND ""safety"" AND ""standards"")'; logical_pages_attempted=1"
Q_SHIP_REPAIR_CORE_003,ship_repair,core_sector,maritime repair supply chain safety standards,wos,wos,completed,0,0,0,0,0,0,0,2019,2026,date-desc,applied_post_fetch,stratified,3,50,applied_genuine_pagination,applied_post_fetch,sampling_strategy|sort_strategy|time_window,sampling_strategy|sort_strategy|time_window,,,,,
Q_SHIP_REPAIR_EMRG_001,ship_repair,emerging_demand,ship repair AI digital twin autonomous systems resilience,crossref,crossref,completed,150,0,0,150,0,150,0,2019,2026,published-desc,applied_post_fetch,stratified,3,50,applied_genuine_pagination,applied_post_fetch,sampling_strategy|sort_strategy|time_window,sampling_strategy|sort_strategy|time_window,,,,,Crossref retry search_page_3: attempt=1 http_status=429 retry_after_seconds=None backoff_seconds=1.0 jitter_seconds=0.342 wait_seconds=1.342|Crossref retry terminal_status=success attempt=2
Q_SHIP_REPAIR_EMRG_001,ship_repair,emerging_demand,ship repair AI digital twin autonomous systems resilience,openalex,openalex,completed,150,150,139,150,150,0,0,2019,2026,,not_declared_for_provider,stratified,3,50,applied_genuine_pagination,applied_post_fetch,sampling_strategy|time_window,sampling_strategy|time_window,,sort_strategy,filter_not_applied:sort_strategy,,
Q_SHIP_REPAIR_EMRG_001,ship_repair,emerging_demand,ship repair AI digital twin autonomous systems resilience,scopus,scopus,completed,0,0,0,0,0,0,0,2019,2026,date-desc,applied_post_fetch,stratified,3,50,applied_genuine_pagination,applied_post_fetch,sampling_strategy|sort_strategy|time_window,sampling_strategy|sort_strategy|time_window,,,,,"Scopus pagination: projected_query='TITLE-ABS-KEY(""ship"" AND ""repair"" AND ""AI"" AND ""digital"" AND ""twin"" AND ""autonomous"" AND ""systems"" AND ""resilience"")'; logical_pages_attempted=1"
Q_SHIP_REPAIR_EMRG_001,ship_repair,emerging_demand,ship repair AI digital twin autonomous systems resilience,wos,wos,completed,0,0,0,0,0,0,0,2019,2026,date-desc,applied_post_fetch,stratified,3,50,applied_genuine_pagination,applied_post_fetch,sampling_strategy|sort_strategy|time_window,sampling_strategy|sort_strategy|time_window,,,,,
Q_SHIP_REPAIR_EMRG_002,ship_repair,emerging_demand,ship retrofit just transition climate adaptation marine governance safety,crossref,crossref,completed,150,0,0,150,0,150,0,2019,2026,published-desc,applied_post_fetch,stratified,3,50,applied_genuine_pagination,applied_post_fetch,sampling_strategy|sort_strategy|time_window,sampling_strategy|sort_strategy|time_window,,,,,
Q_SHIP_REPAIR_EMRG_002,ship_repair,emerging_demand,ship retrofit just transition climate adaptation marine governance safety,openalex,openalex,completed,147,147,124,147,147,0,0,2019,2026,,not_declared_for_provider,stratified,3,50,applied_genuine_pagination,applied_post_fetch,sampling_strategy|time_window,sampling_strategy|time_window,,sort_strategy,filter_not_applied:sort_strategy,,
Q_SHIP_REPAIR_EMRG_002,ship_repair,emerging_demand,ship retrofit just transition climate adaptation marine governance safety,scopus,scopus,completed,0,0,0,0,0,0,0,2019,2026,date-desc,applied_post_fetch,stratified,3,50,applied_genuine_pagination,applied_post_fetch,sampling_strategy|sort_strategy|time_window,sampling_strategy|sort_strategy|time_window,,,,,"Scopus pagination: projected_query='TITLE-ABS-KEY(""ship"" AND ""retrofit"" AND ""just"" AND ""transition"" AND ""climate"" AND ""adaptation"" AND ""marine"" AND ""governance"" AND ""safety"")'; logical_pages_attempted=1"
Q_SHIP_REPAIR_EMRG_002,ship_repair,emerging_demand,ship retrofit just transition climate adaptation marine governance safety,wos,wos,completed,0,0,0,0,0,0,0,2019,2026,date-desc,applied_post_fetch,stratified,3,50,applied_genuine_pagination,applied_post_fetch,sampling_strategy|sort_strategy|time_window,sampling_strategy|sort_strategy|time_window,,,,,
Q_SHIP_REPAIR_HYP_001,ship_repair,hypothesis_verification,ship repair maritimisation marinization oceanisation hydrosocial de-base-re hypothesis verification indicators,crossref,crossref,completed,150,145,145,150,145,5,0,2019,2026,published-desc,applied_post_fetch,stratified,3,50,applied_genuine_pagination,applied_post_fetch,sampling_strategy|sort_strategy|time_window,sampling_strategy|sort_strategy|time_window,,,,,Crossref retry search_page_2: attempt=1 http_status=429 retry_after_seconds=None backoff_seconds=1.0 jitter_seconds=0.378 wait_seconds=1.378|Crossref retry terminal_status=success attempt=2
Q_SHIP_REPAIR_HYP_001,ship_repair,hypothesis_verification,ship repair maritimisation marinization oceanisation hydrosocial de-base-re hypothesis verification indicators,openalex,openalex,completed,0,0,0,0,0,0,0,2019,2026,,not_declared_for_provider,stratified,3,50,applied_genuine_pagination,applied_post_fetch,sampling_strategy|time_window,sampling_strategy|time_window,,sort_strategy,filter_not_applied:sort_strategy,,
Q_SHIP_REPAIR_HYP_001,ship_repair,hypothesis_verification,ship repair maritimisation marinization oceanisation hydrosocial de-base-re hypothesis verification indicators,scopus,scopus,completed,0,0,0,0,0,0,0,2019,2026,date-desc,applied_post_fetch,stratified,3,50,applied_genuine_pagination,applied_post_fetch,sampling_strategy|sort_strategy|time_window,sampling_strategy|sort_strategy|time_window,,,,,"Scopus pagination: projected_query='TITLE-ABS-KEY(""ship"" AND ""repair"" AND ""maritimisation"" AND ""marinization"" AND ""oceanisation"" AND ""hydrosocial"" AND ""de-base-re"" AND ""hypothesis"" AND ""verification"" AND ""indicators"")'; logical_pages_attempted=1"
Q_SHIP_REPAIR_HYP_001,ship_repair,hypothesis_verification,ship repair maritimisation marinization oceanisation hydrosocial de-base-re hypothesis verification indicators,wos,wos,completed,0,0,0,0,0,0,0,2019,2026,date-desc,applied_post_fetch,stratified,3,50,applied_genuine_pagination,applied_post_fetch,sampling_strategy|sort_strategy|time_window,sampling_strategy|sort_strategy|time_window,,,,,
Q_SHIP_REPAIR_THY_001,ship_repair,theory_translation,ship repair qmbd axis translation marine maritime oceanic hydronization theory terms taxonomy mapping,crossref,crossref,completed,150,146,146,150,146,4,0,2019,2026,published-desc,applied_post_fetch,stratified,3,50,applied_genuine_pagination,applied_post_fetch,sampling_strategy|sort_strategy|time_window,sampling_strategy|sort_strategy|time_window,,,,,Crossref retry search_page_3: attempt=1 http_status=429 retry_after_seconds=None backoff_seconds=1.0 jitter_seconds=0.242 wait_seconds=1.242|Crossref retry terminal_status=success attempt=2
Q_SHIP_REPAIR_THY_001,ship_repair,theory_translation,ship repair qmbd axis translation marine maritime oceanic hydronization theory terms taxonomy mapping,openalex,openalex,completed,0,0,0,0,0,0,0,2019,2026,,not_declared_for_provider,stratified,3,50,applied_genuine_pagination,applied_post_fetch,sampling_strategy|time_window,sampling_strategy|time_window,,sort_strategy,filter_not_applied:sort_strategy,,
Q_SHIP_REPAIR_THY_001,ship_repair,theory_translation,ship repair qmbd axis translation marine maritime oceanic hydronization theory terms taxonomy mapping,scopus,scopus,completed,0,0,0,0,0,0,0,2019,2026,date-desc,applied_post_fetch,stratified,3,50,applied_genuine_pagination,applied_post_fetch,sampling_strategy|sort_strategy|time_window,sampling_strategy|sort_strategy|time_window,,,,,"Scopus pagination: projected_query='TITLE-ABS-KEY(""ship"" AND ""repair"" AND ""qmbd"" AND ""axis"" AND ""translation"" AND ""marine"" AND ""maritime"" AND ""oceanic"" AND ""hydronization"" AND ""theory"" AND ""terms"" AND ""taxonomy"" AND ""mapping"")'; logical_pages_attempted=1"
Q_SHIP_REPAIR_THY_001,ship_repair,theory_translation,ship repair qmbd axis translation marine maritime oceanic hydronization theory terms taxonomy mapping,wos,wos,completed,0,0,0,0,0,0,0,2019,2026,date-desc,applied_post_fetch,stratified,3,50,applied_genuine_pagination,applied_post_fetch,sampling_strategy|sort_strategy|time_window,sampling_strategy|sort_strategy|time_window,,,,,
Q_SHIP_REPAIR_VAL_001,ship_repair,validation_eqf_translation,ship repair EQF qualification framework micro-credential learning outcomes,crossref,crossref,completed,150,0,0,150,0,150,0,2019,2026,published-desc,applied_post_fetch,stratified,3,50,applied_genuine_pagination,applied_post_fetch,sampling_strategy|sort_strategy|time_window,sampling_strategy|sort_strategy|time_window,,,,,
Q_SHIP_REPAIR_VAL_001,ship_repair,validation_eqf_translation,ship repair EQF qualification framework micro-credential learning outcomes,openalex,openalex,completed,1,1,1,1,1,0,0,2019,2026,,not_declared_for_provider,stratified,3,50,applied_genuine_pagination,applied_post_fetch,sampling_strategy|time_window,sampling_strategy|time_window,,sort_strategy,filter_not_applied:sort_strategy,,
Q_SHIP_REPAIR_VAL_001,ship_repair,validation_eqf_translation,ship repair EQF qualification framework micro-credential learning outcomes,scopus,scopus,completed,0,0,0,0,0,0,0,2019,2026,date-desc,applied_post_fetch,stratified,3,50,applied_genuine_pagination,applied_post_fetch,sampling_strategy|sort_strategy|time_window,sampling_strategy|sort_strategy|time_window,,,,,"Scopus pagination: projected_query='TITLE-ABS-KEY(""ship"" AND ""repair"" AND ""EQF"" AND ""qualification"" AND ""framework"" AND ""micro"" AND ""credential"" AND ""learning"" AND ""outcomes"")'; logical_pages_attempted=1"
Q_SHIP_REPAIR_VAL_001,ship_repair,validation_eqf_translation,ship repair EQF qualification framework micro-credential learning outcomes,wos,wos,completed,0,0,0,0,0,0,0,2019,2026,date-desc,applied_post_fetch,stratified,3,50,applied_genuine_pagination,applied_post_fetch,sampling_strategy|sort_strategy|time_window,sampling_strategy|sort_strategy|time_window,,,,,
