title,authors,year,doi,source_id,provider,language,journal,url,source_query,retrieval_timestamp,licence_note
Blue Economy Innovation: Enhancing Marine Resilience Through Sustainable Technologies,"Thangjam Ravichandra, Smrita Jain, Rashmi Prasad, Anisha Puri, Vijay Prakash Gupta",2026,10.1007/978-3-032-13638-1_14,crossref:10.1007/978-3-032-13638-1_14,Crossref,,World Sustainability Series,https://doi.org/10.1007/978-3-032-13638-1_14,marine biotechnology blue bioeconomy innovation governance,2026-07-24T11:50:19.427568+00:00,Crossref open metadata
Blue Economy Policies and Marine Governance in Developed and Developing Nations: Canada and Sri Lanka as Examples,"Chanuka Swarnathilake, K. Udani",2026,10.1007/978-3-032-13638-1_13,crossref:10.1007/978-3-032-13638-1_13,Crossref,,World Sustainability Series,https://doi.org/10.1007/978-3-032-13638-1_13,marine biotechnology blue bioeconomy innovation governance,2026-07-24T11:50:19.427564+00:00,Crossref open metadata
"Conceptualizing the interplay between blue justice, blue economy, and blue governance","Carolijn van Noort, Mia Cassidy Prall, Furqan Asif, Nelson F. Coelho",2026,10.1016/j.marpol.2025.106939,crossref:10.1016/j.marpol.2025.106939,Crossref,,Marine Policy,https://doi.org/10.1016/j.marpol.2025.106939,marine biotechnology blue bioeconomy innovation governance,2026-07-24T11:50:19.427560+00:00,Crossref open metadata
Editorial: The grey side of the blue bioeconomy: assessing unreported transactions and financial drainage in blue bioeconomy sectors,"Renato Mamede, Gonçalo Rodrigues Brás",2026,10.3389/fmars.2026.1933988,crossref:10.3389/fmars.2026.1933988,Crossref,,Frontiers in Marine Science,https://doi.org/10.3389/fmars.2026.1933988,marine biotechnology blue bioeconomy innovation governance,2026-07-24T11:50:19.427451+00:00,Crossref open metadata
"From Marine Carbon Dioxide Removal to Circular Blue Bioeconomy: A Systematic Review of Seaweed Cultivation, Verification, and Sustainability Trade-offs",Sri Mulyani,2026,10.65094/i-joins.v1i2.8,crossref:10.65094/i-joins.v1i2.8,Crossref,,International Journal of Innovation and Sustainability,https://doi.org/10.65094/i-joins.v1i2.8,marine biotechnology blue bioeconomy innovation governance,2026-07-24T11:50:19.427501+00:00,Crossref open metadata
"Market formation in the circular bioeconomy: Innovation systems, governance and industry emergence in Sargassum valorisation",Stephani  Cetimia Mariotti Ruiz,2026,10.2139/ssrn.6467495,crossref:10.2139/ssrn.6467495,Crossref,,,https://doi.org/10.2139/ssrn.6467495,marine biotechnology blue bioeconomy innovation governance,2026-07-24T11:50:19.427552+00:00,Crossref open metadata
"MUNICIPAL BIOECONOMY: HOW BIOTECHNOLOGY (INCLUDING CRISPR) CREATES NEW MARKETS, JOBS, AND INNOVATION ECOSYSTEMS",Anna Gennadyevna Kraevskaya,2026,10.46916/16032026-4-978-5-00276-030-5,crossref:10.46916/16032026-4-978-5-00276-030-5,Crossref,,"MUNICIPAL BIOECONOMY: HOW BIOTECHNOLOGY (INCLUDING CRISPR) CREATES NEW MARKETS, JOBS, AND INNOVATION ECOSYSTEMS",https://doi.org/10.46916/16032026-4-978-5-00276-030-5,marine biotechnology blue bioeconomy innovation governance,2026-07-24T11:50:19.427425+00:00,Crossref open metadata
Securing the U.S. Bioeconomy: A Managed Access Framework For Biotechnology Innovation,Jon Judd,2026,10.25498/e4xm5p,crossref:10.25498/e4xm5p,Crossref,,,https://doi.org/10.25498/e4xm5p,marine biotechnology blue bioeconomy innovation governance,2026-07-24T11:50:19.427491+00:00,Crossref open metadata
Blue bioeconomy and biotechnology: towards a sustainably growing microalgae industry,"Doris Ying Ying Tang, Cendy Ooi, Pau Loke Show",2025,10.1186/s44315-025-00036-8,crossref:10.1186/s44315-025-00036-8,Crossref,,Blue Biotechnology,https://doi.org/10.1186/s44315-025-00036-8,marine biotechnology blue bioeconomy innovation governance,2026-07-24T11:50:19.427433+00:00,Crossref open metadata
Blue-bioeconomy; marine specialized metabolites at the forefront,"Thilina Diwankara, Tharuka Dissanayake, K.H.I.N.M Herath, K.K Asanka Sanjeewa",2025,10.1016/b978-0-443-29843-1.00011-2,crossref:10.1016/b978-0-443-29843-1.00011-2,Crossref,,Marine Specialized (Secondary) Metabolites and their Diverse Applications,https://doi.org/10.1016/b978-0-443-29843-1.00011-2,marine biotechnology blue bioeconomy innovation governance,2026-07-24T11:50:19.427519+00:00,Crossref open metadata
"Integrating Ethics, Innovation, and Inclusivity in Maritime Governance",R. Vettriselvan,2025,10.4018/979-8-3373-1777-9.ch001,crossref:10.4018/979-8-3373-1777-9.ch001,Crossref,,Inclusive Pathways for Marine Resource Stewardship and Global Prosperity,https://doi.org/10.4018/979-8-3373-1777-9.ch001,marine biotechnology blue bioeconomy innovation governance,2026-07-24T11:50:19.427549+00:00,Crossref open metadata
Mapping the governance landscape of the blue bioeconomy: A systems approach to understanding innovation barriers and enablers,"Björn Persson, Niklas Fernqvist, Mari Wøien Meijer, Daniel Bengtsson, Daniel Mattisson",2025,10.1016/j.ocecoaman.2025.107899,crossref:10.1016/j.ocecoaman.2025.107899,Crossref,,Ocean &amp; Coastal Management,https://doi.org/10.1016/j.ocecoaman.2025.107899,marine biotechnology blue bioeconomy innovation governance,2026-07-24T11:50:19.427578+00:00,Crossref open metadata
Marine Microbiomes and Their Endless Potential for the Bioeconomy,"Ashwini Kumar, Puneet Raina, Rajan Bhandari, Baljinder Singh",2025,10.1201/9781003509530-8,crossref:10.1201/9781003509530-8,Crossref,,Marine Microbiomes,https://doi.org/10.1201/9781003509530-8,marine biotechnology blue bioeconomy innovation governance,2026-07-24T11:50:19.427556+00:00,Crossref open metadata
Sustainable blue biomass production for a circular bioeconomy,C Lee,2025,10.1016/j.nbt.2024.08.006,crossref:10.1016/j.nbt.2024.08.006,Crossref,,New Biotechnology,https://doi.org/10.1016/j.nbt.2024.08.006,marine biotechnology blue bioeconomy innovation governance,2026-07-24T11:50:19.427429+00:00,Crossref open metadata
Applications of Marine Bioresources,KKA Sanjeewa,2024,10.1201/9781003477365-7,crossref:10.1201/9781003477365-7,Crossref,,Exploring the Blue Bioeconomy,https://doi.org/10.1201/9781003477365-7,marine biotechnology blue bioeconomy innovation governance,2026-07-24T11:50:19.427421+00:00,Crossref open metadata
Aquatic Resources for Blue Bioeconomy Prospecting,"Rakesh Das, Sandip Mondal",2024,10.1007/978-3-031-68911-6_1,crossref:10.1007/978-3-031-68911-6_1,Crossref,,Marine Bioprospecting for Sustainable Blue-bioeconomy,https://doi.org/10.1007/978-3-031-68911-6_1,marine biotechnology blue bioeconomy innovation governance,2026-07-24T11:50:19.427312+00:00,Crossref open metadata
Blue Bioeconomy,Unknown,2024,10.1039/9781837675654,crossref:10.1039/9781837675654,Crossref,,,https://doi.org/10.1039/9781837675654,marine biotechnology blue bioeconomy innovation governance,2026-07-24T11:50:19.427515+00:00,Crossref open metadata
Blue Bioeconomy and Agricultural Innovation,"Manish Kumar Gautam, Sandip Mondal",2024,10.1007/978-3-031-68911-6_6,crossref:10.1007/978-3-031-68911-6_6,Crossref,,Marine Bioprospecting for Sustainable Blue-bioeconomy,https://doi.org/10.1007/978-3-031-68911-6_6,marine biotechnology blue bioeconomy innovation governance,2026-07-24T11:50:19.427293+00:00,Crossref open metadata
Blue Bioeconomy and Biomedical Innovation,"Mustapha Abdulsalam, Innocent Ojeba Musa, Miracle Uwa Livinus, Shehu-Alimi Elelu, Ganiyat Omotayo Ibrahim, Olaitan Lateefat Salami, Auwal Sagir Muhammad, Sanjoy Kumar Pal",2024,10.1007/978-3-031-68911-6_8,crossref:10.1007/978-3-031-68911-6_8,Crossref,,Marine Bioprospecting for Sustainable Blue-bioeconomy,https://doi.org/10.1007/978-3-031-68911-6_8,marine biotechnology blue bioeconomy innovation governance,2026-07-24T11:50:19.427383+00:00,Crossref open metadata
Blue Bioeconomy and Industrial Innovation,Olusola Tosin Lawal,2024,10.1007/978-3-031-68911-6_7,crossref:10.1007/978-3-031-68911-6_7,Crossref,,Marine Bioprospecting for Sustainable Blue-bioeconomy,https://doi.org/10.1007/978-3-031-68911-6_7,marine biotechnology blue bioeconomy innovation governance,2026-07-24T11:50:19.427257+00:00,Crossref open metadata
Blue Biomass Production for Renewable Energy,"K. Ukoba, M. I. Adeoba, Samuel Fatoba, T. C. Jen",2024,10.1007/978-3-031-68911-6_14,crossref:10.1007/978-3-031-68911-6_14,Crossref,,Marine Bioprospecting for Sustainable Blue-bioeconomy,https://doi.org/10.1007/978-3-031-68911-6_14,marine biotechnology blue bioeconomy innovation governance,2026-07-24T11:50:19.427498+00:00,Crossref open metadata
"Blue Carbon: Roles in Climate Change and Energy Generation, and Effects on Coastal Communities","Mariam I. Adeoba, Kingsley Ukoba, Fadekemi Osaye",2024,10.1007/978-3-031-68911-6_16,crossref:10.1007/978-3-031-68911-6_16,Crossref,,Marine Bioprospecting for Sustainable Blue-bioeconomy,https://doi.org/10.1007/978-3-031-68911-6_16,marine biotechnology blue bioeconomy innovation governance,2026-07-24T11:50:19.427534+00:00,Crossref open metadata
Circular Economy Principles Related to the Blue Bioeconomy,KKA Sanjeewa,2024,10.1201/9781003477365-8,crossref:10.1201/9781003477365-8,Crossref,,Exploring the Blue Bioeconomy,https://doi.org/10.1201/9781003477365-8,marine biotechnology blue bioeconomy innovation governance,2026-07-24T11:50:19.427318+00:00,Crossref open metadata
Contents,Unknown,2024,10.1039/9781837675654-fp009,crossref:10.1039/9781837675654-fp009,Crossref,,Blue Bioeconomy,https://doi.org/10.1039/9781837675654-fp009,marine biotechnology blue bioeconomy innovation governance,2026-07-24T11:50:19.427455+00:00,Crossref open metadata
Disclaimer,Unknown,2024,10.1039/9781837675654-fp008,crossref:10.1039/9781837675654-fp008,Crossref,,Blue Bioeconomy,https://doi.org/10.1039/9781837675654-fp008,marine biotechnology blue bioeconomy innovation governance,2026-07-24T11:50:19.427463+00:00,Crossref open metadata
Exploring the Blue Bioeconomy,Sanjeewa KKA,2024,10.1201/9781003477365,crossref:10.1201/9781003477365,Crossref,,,https://doi.org/10.1201/9781003477365,marine biotechnology blue bioeconomy innovation governance,2026-07-24T11:50:19.427405+00:00,Crossref open metadata
Front Matter,Unknown,2024,10.1039/9781837675654-fp001,crossref:10.1039/9781837675654-fp001,Crossref,,Blue Bioeconomy,https://doi.org/10.1039/9781837675654-fp001,marine biotechnology blue bioeconomy innovation governance,2026-07-24T11:50:19.427478+00:00,Crossref open metadata
Generation of Renewable Energy by Blue Resources for a Clean Environment,"Mariam I. Adeoba, Thanyani Pandelani, Harry Ngwagwa, Tracy Masebe",2024,10.1007/978-3-031-68911-6_17,crossref:10.1007/978-3-031-68911-6_17,Crossref,,Marine Bioprospecting for Sustainable Blue-bioeconomy,https://doi.org/10.1007/978-3-031-68911-6_17,marine biotechnology blue bioeconomy innovation governance,2026-07-24T11:50:19.427530+00:00,Crossref open metadata
Global Regulations of Blue Bioeconomy: Opportunities and Challenges,"Stella Suanu Leh-Togi Zobeashia, Amoge Chidinma Ogu, Hilda Atabo Uyo, Lovina Chinyere Ogbu, Itoroabasi Joseph Okon",2024,10.1007/978-3-031-68911-6_2,crossref:10.1007/978-3-031-68911-6_2,Crossref,,Marine Bioprospecting for Sustainable Blue-bioeconomy,https://doi.org/10.1007/978-3-031-68911-6_2,marine biotechnology blue bioeconomy innovation governance,2026-07-24T11:50:19.427460+00:00,Crossref open metadata
Major Sectors of Blue Bioeconomy,KKA Sanjeewa,2024,10.1201/9781003477365-1,crossref:10.1201/9781003477365-1,Crossref,,Exploring the Blue Bioeconomy,https://doi.org/10.1201/9781003477365-1,marine biotechnology blue bioeconomy innovation governance,2026-07-24T11:50:19.427300+00:00,Crossref open metadata
Marine Bacteria and Cyanobacteria,KKA Sanjeewa,2024,10.1201/9781003477365-3,crossref:10.1201/9781003477365-3,Crossref,,Exploring the Blue Bioeconomy,https://doi.org/10.1201/9781003477365-3,marine biotechnology blue bioeconomy innovation governance,2026-07-24T11:50:19.427417+00:00,Crossref open metadata
Marine Bioprospecting for Sustainable Blue-bioeconomy,Unknown,2024,10.1007/978-3-031-68911-6,crossref:10.1007/978-3-031-68911-6,Crossref,,,https://doi.org/10.1007/978-3-031-68911-6,marine biotechnology blue bioeconomy innovation governance,2026-07-24T11:50:19.427505+00:00,Crossref open metadata
Marine Fungi,KKA Sanjeewa,2024,10.1201/9781003477365-4,crossref:10.1201/9781003477365-4,Crossref,,Exploring the Blue Bioeconomy,https://doi.org/10.1201/9781003477365-4,marine biotechnology blue bioeconomy innovation governance,2026-07-24T11:50:19.427389+00:00,Crossref open metadata
Marine Genetic Resources of Blue Economy,"Miracle Uwa Livinus, Sunday Zeal Bala, Mustapha Abdulsalam, Innocent Ojeba Musa, Madinat Hassan, Priscilla Kini",2024,10.1007/978-3-031-68911-6_9,crossref:10.1007/978-3-031-68911-6_9,Crossref,,Marine Bioprospecting for Sustainable Blue-bioeconomy,https://doi.org/10.1007/978-3-031-68911-6_9,marine biotechnology blue bioeconomy innovation governance,2026-07-24T11:50:19.427474+00:00,Crossref open metadata
Marine Greens Prospecting: Untapped Blue Resources,"Satyanarayana Swamy Vyshnava, K. Swetha, Muralidhara Rao Dowlathabad",2024,10.1007/978-3-031-68911-6_15,crossref:10.1007/978-3-031-68911-6_15,Crossref,,Marine Bioprospecting for Sustainable Blue-bioeconomy,https://doi.org/10.1007/978-3-031-68911-6_15,marine biotechnology blue bioeconomy innovation governance,2026-07-24T11:50:19.427413+00:00,Crossref open metadata
Marine Macroalgae: Sustainable Practices and Environmental Impact,"Nour Sh. El-Gendy, Hussein N. Nassar",2024,10.1039/9781837675654-00183,crossref:10.1039/9781837675654-00183,Crossref,,Blue Bioeconomy,https://doi.org/10.1039/9781837675654-00183,marine biotechnology blue bioeconomy innovation governance,2026-07-24T11:50:19.427526+00:00,Crossref open metadata
Marine Microalgae,KKA Sanjeewa,2024,10.1201/9781003477365-5,crossref:10.1201/9781003477365-5,Crossref,,Exploring the Blue Bioeconomy,https://doi.org/10.1201/9781003477365-5,marine biotechnology blue bioeconomy innovation governance,2026-07-24T11:50:19.427395+00:00,Crossref open metadata
Marine Nematodes,KKA Sanjeewa,2024,10.1201/9781003477365-6,crossref:10.1201/9781003477365-6,Crossref,,Exploring the Blue Bioeconomy,https://doi.org/10.1201/9781003477365-6,marine biotechnology blue bioeconomy innovation governance,2026-07-24T11:50:19.427400+00:00,Crossref open metadata
Preface,Unknown,2024,10.1039/9781837675654-fp005,crossref:10.1039/9781837675654-fp005,Crossref,,Blue Bioeconomy,https://doi.org/10.1039/9781837675654-fp005,marine biotechnology blue bioeconomy innovation governance,2026-07-24T11:50:19.427440+00:00,Crossref open metadata
Prospects of Microbial Enzymes in Marine Blue Economy,"Hafida Baoune, Mounia Arab, Waffa Bouafia, Fatma Zohra Saadane, Kaouther Boudiaf",2024,10.1007/978-3-031-68911-6_13,crossref:10.1007/978-3-031-68911-6_13,Crossref,,Marine Bioprospecting for Sustainable Blue-bioeconomy,https://doi.org/10.1007/978-3-031-68911-6_13,marine biotechnology blue bioeconomy innovation governance,2026-07-24T11:50:19.427444+00:00,Crossref open metadata
Remediation of Marine Pollutants for Biorefinery Innovations,"Katleho Keneuwe Khoaele, Ipoteng Justice Mphahlele, Oluwatoyin Joseph Gbadeyan, Bruce Sithole, Viren Chunilall",2024,10.1007/978-3-031-68911-6_19,crossref:10.1007/978-3-031-68911-6_19,Crossref,,Marine Bioprospecting for Sustainable Blue-bioeconomy,https://doi.org/10.1007/978-3-031-68911-6_19,marine biotechnology blue bioeconomy innovation governance,2026-07-24T11:50:19.427538+00:00,Crossref open metadata
Seaweeds,KKA Sanjeewa,2024,10.1201/9781003477365-2,crossref:10.1201/9781003477365-2,Crossref,,Exploring the Blue Bioeconomy,https://doi.org/10.1201/9781003477365-2,marine biotechnology blue bioeconomy innovation governance,2026-07-24T11:50:19.427436+00:00,Crossref open metadata
Subject Index,Unknown,2024,10.1039/9781837675654-00220,crossref:10.1039/9781837675654-00220,Crossref,,Blue Bioeconomy,https://doi.org/10.1039/9781837675654-00220,marine biotechnology blue bioeconomy innovation governance,2026-07-24T11:50:19.427481+00:00,Crossref open metadata
Alliance-driven governance and the relationship of firms to territories in the bioeconomy,Nicolas Befort,2022,10.4324/9781003103011-5,crossref:10.4324/9781003103011-5,Crossref,,The Bioeconomy,https://doi.org/10.4324/9781003103011-5,marine biotechnology blue bioeconomy innovation governance,2026-07-24T11:50:19.427487+00:00,Crossref open metadata
Transnational Governance Frameworks for Sustainable  Innovation: The Case Of The Blue Bioeconomy In The  Mediterranean,"David Fernández-Guerrero, Riccardo Palazzolo-Henkes, Martin Federico Alba, Saray Ramírez-Rodríguez, Lourdes Reig-Puig",2022,10.7201/earn.2022.02.04,crossref:10.7201/earn.2022.02.04,Crossref,,Economía Agraria y Recursos Naturales,https://doi.org/10.7201/earn.2022.02.04,marine biotechnology blue bioeconomy innovation governance,2026-07-24T11:50:19.427545+00:00,Crossref open metadata
Ocean justice? Marine genetic resources and monetary benefit-sharing under the BBNJ Agreement,"Niels Krabbe, Tanya Wagenaar",2026,10.1016/j.marpol.2026.107150,crossref:10.1016/j.marpol.2026.107150,Crossref,,Marine Policy,https://doi.org/10.1016/j.marpol.2026.107150,bioprospecting marine genetic resources benefit sharing,2026-07-24T11:50:21.537448+00:00,Crossref open metadata
Benefit sharing of marine genetic resources and intellectual property protection under the BBNJ agreement,"Qing Xu, Yongfeng Jin",2025,10.3389/fmars.2025.1631043,crossref:10.3389/fmars.2025.1631043,Crossref,,Frontiers in Marine Science,https://doi.org/10.3389/fmars.2025.1631043,bioprospecting marine genetic resources benefit sharing,2026-07-24T11:50:21.537490+00:00,Crossref open metadata
"Marine Genetic Resources under BBNJ Agreement: interactions with TRIPS, CBD and GRATK and the challenges for effective implementation of benefit sharing.",Paulo Henrique Reis de Oliveira,2025,10.5194/oos2025-922,crossref:10.5194/oos2025-922,Crossref,,,https://doi.org/10.5194/oos2025-922,bioprospecting marine genetic resources benefit sharing,2026-07-24T11:50:21.537503+00:00,Crossref open metadata
Unlocking the global commons: legal analysis of benefit-sharing for marine genetic resources in the BBNJ agreement,"Steel Rometius, Wei Wang",2025,10.3389/fmars.2025.1541331,crossref:10.3389/fmars.2025.1541331,Crossref,,Frontiers in Marine Science,https://doi.org/10.3389/fmars.2025.1541331,bioprospecting marine genetic resources benefit sharing,2026-07-24T11:50:21.537563+00:00,Crossref open metadata
Access and benefit-sharing procedures for genetic resources in aquaculture countries,"Fran Humphries, Charles Lawson, John A.H. Benzie, Clare Morrison",2024,10.4337/9781800373990.00012,crossref:10.4337/9781800373990.00012,Crossref,,Access and Benefit-sharing in Global Aquaculture,https://doi.org/10.4337/9781800373990.00012,bioprospecting marine genetic resources benefit sharing,2026-07-24T11:50:21.537535+00:00,Crossref open metadata
BBNJ Agreement: A New Infrastructure to Foster Benefit Sharing of Marine Genetic Resources,"Hiroko Muraki Gottlieb, Jeff Ardron, Abbe E.L. Brown",2024,10.2139/ssrn.4895602,crossref:10.2139/ssrn.4895602,Crossref,,,https://doi.org/10.2139/ssrn.4895602,bioprospecting marine genetic resources benefit sharing,2026-07-24T11:50:21.537471+00:00,Crossref open metadata
Benefit-Sharing and Bioprospecting for Cosmeceuticals,"Pravi Prasad, Sreejith Parameswara Panicker",2024,10.1007/978-3-031-71674-4_9,crossref:10.1007/978-3-031-71674-4_9,Crossref,,Biodiversity and Business,https://doi.org/10.1007/978-3-031-71674-4_9,bioprospecting marine genetic resources benefit sharing,2026-07-24T11:50:21.537550+00:00,Crossref open metadata
Bioprospecting from Medicinal Plants and Benefit Sharing,"Nilayangode Preetha, V. Balakrishnan, George Thomas",2024,10.1007/978-3-031-71674-4_15,crossref:10.1007/978-3-031-71674-4_15,Crossref,,Biodiversity and Business,https://doi.org/10.1007/978-3-031-71674-4_15,bioprospecting marine genetic resources benefit sharing,2026-07-24T11:50:21.537577+00:00,Crossref open metadata
"Digital Sequence Information: Possible Implications for the Law on Access to Genetic Resources and Benefit Sharing from their Utilisation, with Special Emphasis on Marine Genetic Resources in Areas Beyond National Jurisdiction",Christian Prip,2024,10.5040/9781509968305.ch-005,crossref:10.5040/9781509968305.ch-005,Crossref,,"Marine Bioprospecting, Biodiversity and Novel Uses of Ocean Resources",https://doi.org/10.5040/9781509968305.ch-005,bioprospecting marine genetic resources benefit sharing,2026-07-24T11:50:21.537425+00:00,Crossref open metadata
Inter-State Benefit-Sharing from Access to Genetic Resources,Elisa Morgera,2024,10.1093/oso/9780198862130.003.0002,crossref:10.1093/oso/9780198862130.003.0002,Crossref,,Fair and Equitable Benefit-sharing in International Law,https://doi.org/10.1093/oso/9780198862130.003.0002,bioprospecting marine genetic resources benefit sharing,2026-07-24T11:50:21.537514+00:00,Crossref open metadata
Marine Genetic Resources in Areas Beyond National Jurisdiction: Access and Benefit-Sharing,Kexin Zhu,2023,10.56397/slj.2023.09.05,crossref:10.56397/slj.2023.09.05,Crossref,,Studies in Law and Justice,https://doi.org/10.56397/slj.2023.09.05,bioprospecting marine genetic resources benefit sharing,2026-07-24T11:50:21.537520+00:00,Crossref open metadata
Access and Benefit Sharing and Biocultural Protocols in the Pacific,"Daniel Robinson, Margaret Raven",2022,10.4324/9781003301998-16,crossref:10.4324/9781003301998-16,Crossref,,"Access and Benefit Sharing of Genetic Resources, Information and Traditional Knowledge",https://doi.org/10.4324/9781003301998-16,bioprospecting marine genetic resources benefit sharing,2026-07-24T11:50:21.537581+00:00,Crossref open metadata
Access and Benefit Sharing and Biodiversity Conservation,"Rachel Wynberg, Sarah Laird",2022,10.4324/9781003301998-6,crossref:10.4324/9781003301998-6,Crossref,,"Access and Benefit Sharing of Genetic Resources, Information and Traditional Knowledge",https://doi.org/10.4324/9781003301998-6,bioprospecting marine genetic resources benefit sharing,2026-07-24T11:50:21.537531+00:00,Crossref open metadata
Access and Benefit Sharing and Digital Sequence Information,"Christine Frison, Elsa Tsioumani",2022,10.4324/9781003301998-11,crossref:10.4324/9781003301998-11,Crossref,,"Access and Benefit Sharing of Genetic Resources, Information and Traditional Knowledge",https://doi.org/10.4324/9781003301998-11,bioprospecting marine genetic resources benefit sharing,2026-07-24T11:50:21.537569+00:00,Crossref open metadata
Access and Benefit Sharing and Digital Sequence Information in Africa,"Titilayo Adebola, Daniele Manzella",2022,10.4324/9781003301998-13,crossref:10.4324/9781003301998-13,Crossref,,"Access and Benefit Sharing of Genetic Resources, Information and Traditional Knowledge",https://doi.org/10.4324/9781003301998-13,bioprospecting marine genetic resources benefit sharing,2026-07-24T11:50:21.537591+00:00,Crossref open metadata
The CIESM Charter on Access and Benefit – Sharing of Marine Genetic Resources,Unknown,2022,10.1007/978-3-031-08206-1_180010,crossref:10.1007/978-3-031-08206-1_180010,Crossref,,Encyclopedia of Seas,https://doi.org/10.1007/978-3-031-08206-1_180010,bioprospecting marine genetic resources benefit sharing,2026-07-24T11:50:21.537556+00:00,Crossref open metadata
"Marine Genetic Resources: a Practical Legal Approach to Stimulate Research, Conservation and Benefit Sharing",Morten Walløe Tvedt,2020,10.1163/9789004391567_013,crossref:10.1163/9789004391567_013,Crossref,,The Law of the Seabed,https://doi.org/10.1163/9789004391567_013,bioprospecting marine genetic resources benefit sharing,2026-07-24T11:50:21.537546+00:00,Crossref open metadata
Regulating Access to Genetic Resources and Benefit-Sharing: the Legal Aspects,Kerry ten Kate,2019,10.4324/9780429341540-2,crossref:10.4324/9780429341540-2,Crossref,,The Commercial use of Biodiversity,https://doi.org/10.4324/9780429341540-2,bioprospecting marine genetic resources benefit sharing,2026-07-24T11:50:21.537455+00:00,Crossref open metadata
Bioremediation of marine microplastics: Emerging technologies and challenges,"Niti Chawla, Lalita Gupta, Sanjeev Kumar",2026,10.1016/b978-0-443-33182-4.00011-5,crossref:10.1016/b978-0-443-33182-4.00011-5,Crossref,,Bioremediation as a Greener Solution for Marine Plastic Pollutants,https://doi.org/10.1016/b978-0-443-33182-4.00011-5,marine biomaterials pharmaceuticals bioremediation sustainability,2026-07-24T11:50:24.245928+00:00,Crossref open metadata
Marine ecosystem restoration through different bioremediation tools,Sweta Sinha,2026,10.1016/b978-0-443-33182-4.00021-8,crossref:10.1016/b978-0-443-33182-4.00021-8,Crossref,,Bioremediation as a Greener Solution for Marine Plastic Pollutants,https://doi.org/10.1016/b978-0-443-33182-4.00021-8,marine biomaterials pharmaceuticals bioremediation sustainability,2026-07-24T11:50:24.245801+00:00,Crossref open metadata
Unknown Title,Unknown,2026,10.5530/gjpb.2025.4,crossref:10.5530/gjpb.2025.4,Crossref,,German Journal of Pharmaceuticals and Biomaterials,https://doi.org/10.5530/gjpb.2025.4,marine biomaterials pharmaceuticals bioremediation sustainability,2026-07-24T11:50:24.245914+00:00,Crossref open metadata
Biodegradable Polymers: Advances in Sustainable Biomaterials,"Satish Mandlik, Deepa Mandlik, Amarjitsing Rajput",2025,10.1007/978-3-031-91790-5_2,crossref:10.1007/978-3-031-91790-5_2,Crossref,,"Biomaterials, Bioengineering and Sustainability",https://doi.org/10.1007/978-3-031-91790-5_2,marine biomaterials pharmaceuticals bioremediation sustainability,2026-07-24T11:50:24.245789+00:00,Crossref open metadata
Biomimetic Materials: Nature-Inspired Solutions for Sustainability,"Mohammad Intakhab Alam, Md Sajid Ali, Nawazish Alam, Md. Faiyazuddin, Sarfaraz Ahmad",2025,10.1007/978-3-031-91790-5_7,crossref:10.1007/978-3-031-91790-5_7,Crossref,,"Biomaterials, Bioengineering and Sustainability",https://doi.org/10.1007/978-3-031-91790-5_7,marine biomaterials pharmaceuticals bioremediation sustainability,2026-07-24T11:50:24.245970+00:00,Crossref open metadata
Design and Processing of Green Materials,Unknown,2025,10.1007/978-3-031-91790-5,crossref:10.1007/978-3-031-91790-5,Crossref,,"Biomaterials, Bioengineering and Sustainability",https://doi.org/10.1007/978-3-031-91790-5,marine biomaterials pharmaceuticals bioremediation sustainability,2026-07-24T11:50:24.245793+00:00,Crossref open metadata
From Sea to Therapy: Marine Biomaterials for Drug Delivery and Wound Healing,"Mansi Chilwant, Valentina Paganini, Mariacristina Di Gangi, Sofia Gisella Brignone, Patrizia Chetoni, Susi Burgalassi, Daniela Monti, Silvia Tampucci",2025,10.3390/ph18081093,crossref:10.3390/ph18081093,Crossref,,Pharmaceuticals,https://doi.org/10.3390/ph18081093,marine biomaterials pharmaceuticals bioremediation sustainability,2026-07-24T11:50:24.245766+00:00,Crossref open metadata
Green Biomaterials: Challenges and Opportunities,"Bindiya Chauhan, Bhuvnesh Kumar Singh, Anil Kumar, Neelanchal Trivedi, Md. Faiyazuddin, Thomas J. Webster",2025,10.1007/978-3-031-91790-5_1,crossref:10.1007/978-3-031-91790-5_1,Crossref,,"Biomaterials, Bioengineering and Sustainability",https://doi.org/10.1007/978-3-031-91790-5_1,marine biomaterials pharmaceuticals bioremediation sustainability,2026-07-24T11:50:24.245872+00:00,Crossref open metadata
Green Chemistry Approaches in Biomaterials Synthesis,"Priya Jain, Juhi Bhadoriya, Sheetal Mane, Kuldeep Vinchurkar, Meghraj Vivekanand Suryawanshi",2025,10.1007/978-3-031-91790-5_3,crossref:10.1007/978-3-031-91790-5_3,Crossref,,"Biomaterials, Bioengineering and Sustainability",https://doi.org/10.1007/978-3-031-91790-5_3,marine biomaterials pharmaceuticals bioremediation sustainability,2026-07-24T11:50:24.245823+00:00,Crossref open metadata
Life Cycle Assessment of Biomaterials: Towards Sustainable Production and Consumption,"Sonia Gupta, Dinesh Kumar, Monika Sharma, Rajni Tanwar",2025,10.1007/978-3-031-91790-5_14,crossref:10.1007/978-3-031-91790-5_14,Crossref,,"Biomaterials, Bioengineering and Sustainability",https://doi.org/10.1007/978-3-031-91790-5_14,marine biomaterials pharmaceuticals bioremediation sustainability,2026-07-24T11:50:24.245853+00:00,Crossref open metadata
The Role of Bioremediation in Achieving Environmental Sustainability,"Wafaa M. Abd El-Rahim, Hassan Moawad",2025,10.5772/intechopen.1009485,crossref:10.5772/intechopen.1009485,Crossref,,Environmental Sciences,https://doi.org/10.5772/intechopen.1009485,marine biomaterials pharmaceuticals bioremediation sustainability,2026-07-24T11:50:24.245827+00:00,Crossref open metadata
Tissue Engineering Strategies for Environmental Sustainability,"Hasan Ali, Md. Faiyazuddin, Md. Akbar, Nodirali Normakhamatov",2025,10.1007/978-3-031-91790-5_4,crossref:10.1007/978-3-031-91790-5_4,Crossref,,"Biomaterials, Bioengineering and Sustainability",https://doi.org/10.1007/978-3-031-91790-5_4,marine biomaterials pharmaceuticals bioremediation sustainability,2026-07-24T11:50:24.245839+00:00,Crossref open metadata
"Get Rid of Marine Pollution: Bioremediation an Innovative, Attractive, and Successful Cleaning Strategy","Valbona Aliko, Cristiana Roberta Multisanti, Blerta Turani, Caterina Faggio",2022,10.3390/su141811784,crossref:10.3390/su141811784,Crossref,,Sustainability,https://doi.org/10.3390/su141811784,marine biomaterials pharmaceuticals bioremediation sustainability,2026-07-24T11:50:24.245741+00:00,Crossref open metadata
Marine-Derived Polysaccharides: Prospects for Future Pharmaceuticals and Drug Delivery Systems,"Sana Sharifian, Ahmad Homaei",2022,10.1007/978-981-16-4787-1_12,crossref:10.1007/978-981-16-4787-1_12,Crossref,,Marine Biomaterials,https://doi.org/10.1007/978-981-16-4787-1_12,marine biomaterials pharmaceuticals bioremediation sustainability,2026-07-24T11:50:24.245715+00:00,Crossref open metadata
Acknowledgements,Unknown,2021,10.1016/b978-0-12-820524-2.00030-4,crossref:10.1016/b978-0-12-820524-2.00030-4,Crossref,,Bioremediation for Environmental Sustainability,https://doi.org/10.1016/b978-0-12-820524-2.00030-4,marine biomaterials pharmaceuticals bioremediation sustainability,2026-07-24T11:50:24.245952+00:00,Crossref open metadata
Antarctic Marine Fungi and Their Potential Application in Bioremediation,Mayara Baptistucci Ogaki,2021,10.1201/9781003001072-7,crossref:10.1201/9781003001072-7,Crossref,,Marine Microbial Bioremediation,https://doi.org/10.1201/9781003001072-7,marine biomaterials pharmaceuticals bioremediation sustainability,2026-07-24T11:50:24.245770+00:00,Crossref open metadata
Bioremediation for Environmental Sustainability,Unknown,2021,10.1016/c2019-0-01053-9,crossref:10.1016/c2019-0-01053-9,Crossref,,,https://doi.org/10.1016/c2019-0-01053-9,marine biomaterials pharmaceuticals bioremediation sustainability,2026-07-24T11:50:24.245830+00:00,Crossref open metadata
Bioremediation Markers in Marine Environment,"Ananya Mitra, Neelam M. Nathani, Chandrashekar Mootapally",2021,10.1201/9781003001072-6,crossref:10.1201/9781003001072-6,Crossref,,Marine Microbial Bioremediation,https://doi.org/10.1201/9781003001072-6,marine biomaterials pharmaceuticals bioremediation sustainability,2026-07-24T11:50:24.245774+00:00,Crossref open metadata
Bioremediation: principles and applications in environmental management,"Bhawna Tyagi, Naveen Kumar",2021,10.1016/b978-0-12-820524-2.00001-8,crossref:10.1016/b978-0-12-820524-2.00001-8,Crossref,,Bioremediation for Environmental Sustainability,https://doi.org/10.1016/b978-0-12-820524-2.00001-8,marine biomaterials pharmaceuticals bioremediation sustainability,2026-07-24T11:50:24.245939+00:00,Crossref open metadata
Copyright,Unknown,2021,10.1016/b978-0-12-820318-7.00024-1,crossref:10.1016/b978-0-12-820318-7.00024-1,Crossref,,Bioremediation for Environmental Sustainability,https://doi.org/10.1016/b978-0-12-820318-7.00024-1,marine biomaterials pharmaceuticals bioremediation sustainability,2026-07-24T11:50:24.245945+00:00,Crossref open metadata
Dedication,Unknown,2021,10.1016/b978-0-12-820524-2.00031-6,crossref:10.1016/b978-0-12-820524-2.00031-6,Crossref,,Bioremediation for Environmental Sustainability,https://doi.org/10.1016/b978-0-12-820524-2.00031-6,marine biomaterials pharmaceuticals bioremediation sustainability,2026-07-24T11:50:24.245955+00:00,Crossref open metadata
Soil Bioremediation and Sustainability,"Nour Sh. El-Gendy, Hussein N. Nassar",2021,10.1201/9780367821593-16,crossref:10.1201/9780367821593-16,Crossref,,Rhizomicrobiome Dynamics in Bioremediation,https://doi.org/10.1201/9780367821593-16,marine biomaterials pharmaceuticals bioremediation sustainability,2026-07-24T11:50:24.245924+00:00,Crossref open metadata
Bioremediation of Pharmaceuticals in Water and Wastewater,"Chhaya, Trishikhi Raychoudhury, Sanjeev Kumar Prajapati",2020,10.1007/978-981-15-1812-6_16,crossref:10.1007/978-981-15-1812-6_16,Crossref,,Microbial Bioremediation &amp; Biodegradation,https://doi.org/10.1007/978-981-15-1812-6_16,marine biomaterials pharmaceuticals bioremediation sustainability,2026-07-24T11:50:24.245778+00:00,Crossref open metadata
Marine Microbes in Bioremediation: Current Status and Future Trends,"Neetu Sharma, Abhinashi Singh, Sonu Bhatia, Navneet Batra",2019,10.1007/978-981-13-9117-0_6,crossref:10.1007/978-981-13-9117-0_6,Crossref,,Microorganisms for Sustainability,https://doi.org/10.1007/978-981-13-9117-0_6,marine biomaterials pharmaceuticals bioremediation sustainability,2026-07-24T11:50:24.245755+00:00,Crossref open metadata
Human Capital Strategies for Competitive Edge: Linking Workforce Skills and Training to Firm Performance,Unknown,2026,10.7176/ejbm/18-2-02,crossref:10.7176/ejbm/18-2-02,Crossref,,European Journal of Business and Management,https://doi.org/10.7176/ejbm/18-2-02,marine biotechnology workforce skills competences training,2026-07-24T11:50:27.845147+00:00,Crossref open metadata
Management and leadership skills for a green workforce transition,David Jones,2026,10.4324/9781003648000-26,crossref:10.4324/9781003648000-26,Crossref,,An Organisational Guide to Skills for Green Workforce Transformation,https://doi.org/10.4324/9781003648000-26,marine biotechnology workforce skills competences training,2026-07-24T11:50:27.845238+00:00,Crossref open metadata
Scaling workforce skills for emissions reduction in Nigeria,Georgina Erifeta,2026,10.4324/9781003648000-5,crossref:10.4324/9781003648000-5,Crossref,,An Organisational Guide to Skills for Green Workforce Transformation,https://doi.org/10.4324/9781003648000-5,marine biotechnology workforce skills competences training,2026-07-24T11:50:27.845229+00:00,Crossref open metadata
Sustainable Talent Development: Embedding Green Skills and Mindsets in Workforce Training,"Eleazar Anthony Noel, Michael Boakye Yiadom, Bhupinder Chahal",2026,10.1108/978-1-83708-660-320261005,crossref:10.1108/978-1-83708-660-320261005,Crossref,,Eco-HR,https://doi.org/10.1108/978-1-83708-660-320261005,marine biotechnology workforce skills competences training,2026-07-24T11:50:27.845164+00:00,Crossref open metadata
Bridging the AI Skills Gap: Workforce Training for Financial Services,Satyadhar Joshi,2025,10.2139/ssrn.5206490,crossref:10.2139/ssrn.5206490,Crossref,,,https://doi.org/10.2139/ssrn.5206490,marine biotechnology workforce skills competences training,2026-07-24T11:50:27.845098+00:00,Crossref open metadata
DEVELOPING WORKFORCE SKILLS: THE CASE OF CONTINUOUS VOCATIONAL EDUCATION AND TRAINING IN GEORGIA,Sopio Idadze,2025,10.21125/inted.2025.0901,crossref:10.21125/inted.2025.0901,Crossref,,INTED Proceedings,https://doi.org/10.21125/inted.2025.0901,marine biotechnology workforce skills competences training,2026-07-24T11:50:27.845171+00:00,Crossref open metadata
Workforce Training and Management: Skills for the Smart Tourism Workforce,"Kavishi Sardalia, Prajval S.P., Parul Sinha",2025,10.1108/978-1-83662-330-420251011,crossref:10.1108/978-1-83662-330-420251011,Crossref,,"Managing the Smart Revolution in Travel, Tourism and Hospitality",https://doi.org/10.1108/978-1-83662-330-420251011,marine biotechnology workforce skills competences training,2026-07-24T11:50:27.845140+00:00,Crossref open metadata
Corporate Training in Morocco: Enhancing Workforce Skills,"ERREGUI Houda -, EL FECH BOUARFA -, MOULAY SMAIL HAFIDI ALAOUI -",2024,10.36948/ijfmr.2024.v06i03.23885,crossref:10.36948/ijfmr.2024.v06i03.23885,Crossref,,International Journal For Multidisciplinary Research,https://doi.org/10.36948/ijfmr.2024.v06i03.23885,marine biotechnology workforce skills competences training,2026-07-24T11:50:27.845221+00:00,Crossref open metadata
Evolution of the content and the approach of Microelectronics training to regain skills and competences,Olivier Bonnaud,2024,10.1109/sbmicro64348.2024.10673875,crossref:10.1109/sbmicro64348.2024.10673875,Crossref,,2024 38th Symposium on Microelectronics Technology and Devices (SBMicro),https://doi.org/10.1109/sbmicro64348.2024.10673875,marine biotechnology workforce skills competences training,2026-07-24T11:50:27.845259+00:00,Crossref open metadata
Skills and Workforce Training,"Saon Ray, Deb Mukherji",2024,10.1007/978-981-97-8966-5_9,crossref:10.1007/978-981-97-8966-5_9,Crossref,,A Primer on Electric Vehicles in India,https://doi.org/10.1007/978-981-97-8966-5_9,marine biotechnology workforce skills competences training,2026-07-24T11:50:27.845203+00:00,Crossref open metadata
The Skills Gap in AI-Driven IT Auditing: Implications for Workforce Training and Development,Olufunmilayo Adeyinka,2024,10.31871/wjrr.19.6.21,crossref:10.31871/wjrr.19.6.21,Crossref,,World Journal of Research and Review,https://doi.org/10.31871/wjrr.19.6.21,marine biotechnology workforce skills competences training,2026-07-24T11:50:27.845252+00:00,Crossref open metadata
Application of SLM Technology for Manufacturing of Equipment Parts  for Oil Refineries,"M. R. Usmanov, A. V. Andreev, A. Y. Kuritsyn, D. V. Bushmanov, N. I. Gladyshev, O. B. Berdnik, E. N. Razov",2023,10.32935/0023-1169-2023-640-6-45-51,crossref:10.32935/0023-1169-2023-640-6-45-51,Crossref,,Chemistry and Technology of Fuels and Oils,https://doi.org/10.32935/0023-1169-2023-640-6-45-51,marine biotechnology workforce skills competences training,2026-07-24T11:50:27.845266+00:00,Crossref open metadata
FORMATION OF BASIC CIVIL DEFENSE COMPETENCES DURING THE TRAINING OF HIGHER EDUCATION SEEKERS UNDER THE MARTIAL LAW CONDITIONS,V. KONDEL,2023,10.33989/2075-146x.2023.31.283330,crossref:10.33989/2075-146x.2023.31.283330,Crossref,,ТHE SOURCES OF PEDAGOGICAL SKILLS,https://doi.org/10.33989/2075-146x.2023.31.283330,marine biotechnology workforce skills competences training,2026-07-24T11:50:27.845273+00:00,Crossref open metadata
Technology Routes for Reducing the Carbon Footprint  of Petrochemical Products – a Pathway to Green Chemicals,"M. R. Usmanov, E. A. Kalinenko, M. A. Uzor, A. B. Zaretsky",2023,10.32935/0023-1169-2023-640-6-19-26,crossref:10.32935/0023-1169-2023-640-6-19-26,Crossref,,Chemistry and Technology of Fuels and Oils,https://doi.org/10.32935/0023-1169-2023-640-6-19-26,marine biotechnology workforce skills competences training,2026-07-24T11:50:27.845234+00:00,Crossref open metadata
FORMATION OF TRANSVERSAL COMPETENCES IN A FOREIGN LANGUAGE PROFESSIONAL TRAINING OF FUTURE TEACHERS: REGULATORY AND LEGISLATIVE ASPECTS,"L. STEPANENKO, L. POPOVA",2022,10.33989/2075-146x.2022.29.264354,crossref:10.33989/2075-146x.2022.29.264354,Crossref,,ТHE SOURCES OF PEDAGOGICAL SKILLS,https://doi.org/10.33989/2075-146x.2022.29.264354,marine biotechnology workforce skills competences training,2026-07-24T11:50:27.845298+00:00,Crossref open metadata
Genomic education and training for clinical laboratory workforce,"Alison Taylor-Beadling, Anneke Seller, Simon Ramsden",2022,10.1016/b978-0-323-98383-9.00004-7,crossref:10.1016/b978-0-323-98383-9.00004-7,Crossref,,Genomic Medicine Skills and Competencies,https://doi.org/10.1016/b978-0-323-98383-9.00004-7,marine biotechnology workforce skills competences training,2026-07-24T11:50:27.845182+00:00,Crossref open metadata
Own Your Career: Essential Skills Needed in the Biotech Workforce,"Tim Hunt, Anjali Sarkar",2022,10.1089/genbio.2022.29047.thu,crossref:10.1089/genbio.2022.29047.thu,Crossref,,GEN Biotechnology,https://doi.org/10.1089/genbio.2022.29047.thu,marine biotechnology workforce skills competences training,2026-07-24T11:50:27.845153+00:00,Crossref open metadata
CONDITIONS FOR FORMATION OF COMPETENCES WITHIN THE FRAMEWORK OF MODERN PROFESSIONAL TRAINING OF FUTURE ECOLOGISTS,N. MIRNA,2021,10.33989/2075-146x.2021.28.250357,crossref:10.33989/2075-146x.2021.28.250357,Crossref,,ТHE SOURCES OF PEDAGOGICAL SKILLS,https://doi.org/10.33989/2075-146x.2021.28.250357,marine biotechnology workforce skills competences training,2026-07-24T11:50:27.845206+00:00,Crossref open metadata
Workforce challenges in digital health implementation: How are clinical psychology training programmes developing digital competences?,"Helen Pote, Annabel Rees, Charley Holloway-Biddle, Emma Griffith",2021,10.1177/2055207620985396,crossref:10.1177/2055207620985396,Crossref,,DIGITAL HEALTH,https://doi.org/10.1177/2055207620985396,marine biotechnology workforce skills competences training,2026-07-24T11:50:27.845187+00:00,Crossref open metadata
Supply chain workforce training: addressing the digital skills gap,Abbas Foroughi,2020,10.1108/heswbl-07-2020-0159,crossref:10.1108/heswbl-07-2020-0159,Crossref,,"Higher Education, Skills and Work-Based Learning",https://doi.org/10.1108/heswbl-07-2020-0159,marine biotechnology workforce skills competences training,2026-07-24T11:50:27.845160+00:00,Crossref open metadata
Digital Competences and Skills in the Frame of Education and Training,Unknown,2019,10.23977/ceed.2019.002,crossref:10.23977/ceed.2019.002,Crossref,,"Lecture Notes in Economics, Management and Social Sciences",https://doi.org/10.23977/ceed.2019.002,marine biotechnology workforce skills competences training,2026-07-24T11:50:27.845269+00:00,Crossref open metadata
FUTURE WORKFORCE AND TRAINING IN THE FOURTH MARITIME REVOLUTION,"R. Westgarth, J. Rigby",2019,10.3940/rina.mi.2019.07,crossref:10.3940/rina.mi.2019.07,Crossref,,Internationnal Conference on Marine Industry 4.0,https://doi.org/10.3940/rina.mi.2019.07,marine biotechnology workforce skills competences training,2026-07-24T11:50:27.845175+00:00,Crossref open metadata
TVET Financing and Employer’s Ownership in Skills Training for an Emerging Workforce,"Santosh Mehrotra, Ashutosh Pratap Singh",2019,10.1007/978-3-319-94532-3_44,crossref:10.1007/978-3-319-94532-3_44,Crossref,,Handbook of Vocational Education and Training,https://doi.org/10.1007/978-3-319-94532-3_44,marine biotechnology workforce skills competences training,2026-07-24T11:50:27.845243+00:00,Crossref open metadata
"Integrated Curriculum Design across Secondary, Higher Vocational, and Undergraduate Education in China Based on Industry Qualification Level Standards",Unknown,2026,10.23977/avte.2026.080115,crossref:10.23977/avte.2026.080115,Crossref,,Advances in Vocational and Technical Education,https://doi.org/10.23977/avte.2026.080115,blue bioeconomy education learning outcomes curriculum qualification,2026-07-24T11:50:29.787406+00:00,Crossref open metadata
Evaluating Learning Outcomes Through Curriculum Analytics: Actionable Insights for Curriculum Decision-making,"Mónica Hernández-Campos, Isabel Hilliger, Francisco-José García-Peñalvo",2025,10.1145/3706468.3706518,crossref:10.1145/3706468.3706518,Crossref,,Proceedings of the 15th International Learning Analytics and Knowledge Conference,https://doi.org/10.1145/3706468.3706518,blue bioeconomy education learning outcomes curriculum qualification,2026-07-24T11:50:29.787248+00:00,Crossref open metadata
Preparing a Global Workforce: Curriculum Design and Learning Outcomes,Unknown,2025,10.32674/4r1hwc86,crossref:10.32674/4r1hwc86,Crossref,,,https://doi.org/10.32674/4r1hwc86,blue bioeconomy education learning outcomes curriculum qualification,2026-07-24T11:50:29.787385+00:00,Crossref open metadata
The Effect of Implementation of Independent Learning Curriculum and Learning Motivation on Students' Mathematics Learning Outcomes in Grade V Elementary School 8 Tondano,"Mutia Harun, Jeanne M. Mangangantung, Deysti T. Tarusu",2025,10.47191/ijmra/v8-i06-55,crossref:10.47191/ijmra/v8-i06-55,Crossref,,INTERNATIONAL JOURNAL OF MULTIDISCIPLINARY RESEARCH AND ANALYSIS,https://doi.org/10.47191/ijmra/v8-i06-55,blue bioeconomy education learning outcomes curriculum qualification,2026-07-24T11:50:29.787359+00:00,Crossref open metadata
A Basic Introduction to Blue Bioeconomy,"Kalahe Hewage Iresha Nadeeka Madushani Herath, Kalu Kapuge Asanka Sanjeewa",2024,10.2174/9789815223644124010003,crossref:10.2174/9789815223644124010003,Crossref,,The Role of Seaweeds in Blue Bioeconomy,https://doi.org/10.2174/9789815223644124010003,blue bioeconomy education learning outcomes curriculum qualification,2026-07-24T11:50:29.787276+00:00,Crossref open metadata
Educational Design Guidelines for Teaching with Immersive Technologies—Updating Learning Outcomes of the European Qualification Framework,"Stavros Pitsikalis, Ilona-Elefteryja Lasica, Apostolos Kostas, Chryssi Vitsilaki",2024,10.3390/higheredu3040064,crossref:10.3390/higheredu3040064,Crossref,,Trends in Higher Education,https://doi.org/10.3390/higheredu3040064,blue bioeconomy education learning outcomes curriculum qualification,2026-07-24T11:50:29.787363+00:00,Crossref open metadata
Efficacy of Sign Language as in Education Curriculum and Learning Outcomes,Vijayalakshmi R,2024,10.2139/ssrn.5042420,crossref:10.2139/ssrn.5042420,Crossref,,,https://doi.org/10.2139/ssrn.5042420,blue bioeconomy education learning outcomes curriculum qualification,2026-07-24T11:50:29.787207+00:00,Crossref open metadata
Gamification in Education: Enhancing Engagement and Learning Outcomes through Game-Based Strategies,Unknown,2024,10.23977/curtm.2024.071001,crossref:10.23977/curtm.2024.071001,Crossref,,Curriculum and Teaching Methodology,https://doi.org/10.23977/curtm.2024.071001,blue bioeconomy education learning outcomes curriculum qualification,2026-07-24T11:50:29.787304+00:00,Crossref open metadata
Implementation of Contextual Teaching and Learning in Curriculum at Education Unit Level (KTSP) as an Effort to Improve Geography Learning Outcomes,"Fahmi Fadirubun, Nugroho Purnomo, Sri Murtini, Aida Kurniawati, Ketut Prasetyo, . Rindawati",2024,10.5220/0013413300004654,crossref:10.5220/0013413300004654,Crossref,,"Proceedings of the 4th International Conference on Humanities Education, Law, and Social Science",https://doi.org/10.5220/0013413300004654,blue bioeconomy education learning outcomes curriculum qualification,2026-07-24T11:50:29.787272+00:00,Crossref open metadata
Qualification Research and Curriculum,Felix Rauner,2024,10.1007/978-981-97-0987-8_39,crossref:10.1007/978-981-97-0987-8_39,Crossref,,Handbook of Fundamentals of Modern Vocational Education,https://doi.org/10.1007/978-981-97-0987-8_39,blue bioeconomy education learning outcomes curriculum qualification,2026-07-24T11:50:29.787335+00:00,Crossref open metadata
Education and training in agriculture and the Bioeconomy: Learning from each other,"Yaprak Kurtsal, Giacomo Maria Rinaldi, Marco Maria Grande, Davide Viaggi",2023,10.1016/b978-0-323-90569-5.00002-0,crossref:10.1016/b978-0-323-90569-5.00002-0,Crossref,,Agricultural Bioeconomy,https://doi.org/10.1016/b978-0-323-90569-5.00002-0,blue bioeconomy education learning outcomes curriculum qualification,2026-07-24T11:50:29.787375+00:00,Crossref open metadata
Transformational Leadership and Its Effect on Curriculum Implementation Fidelity and Student Learning Outcomes,Nur Efendi,2023,10.56404/jels.v3i2.51,crossref:10.56404/jels.v3i2.51,Crossref,,Journal of Education and Learning Sciences,https://doi.org/10.56404/jels.v3i2.51,blue bioeconomy education learning outcomes curriculum qualification,2026-07-24T11:50:29.787308+00:00,Crossref open metadata
Implementing Affective Learning Outcomes Through a Meaning-centered Curriculum,"Vincent Nix, Kaye Shelton, Misty Song",2022,10.1108/s2055-364120220000045005,crossref:10.1108/s2055-364120220000045005,Crossref,,ICT and Innovation in Teaching Learning Methods in Higher Education,https://doi.org/10.1108/s2055-364120220000045005,blue bioeconomy education learning outcomes curriculum qualification,2026-07-24T11:50:29.787393+00:00,Crossref open metadata
The religion in higher education curriculum referring to Indonesian qualification framework: The inclusion of neuroscience and anti-corruption education,"Suyadi Suyadi, Zalik Nuryana, Sutrisno Sutrisno",2021,10.31763/ijele.v3i1.93,crossref:10.31763/ijele.v3i1.93,Crossref,,International Journal of Education and Learning,https://doi.org/10.31763/ijele.v3i1.93,blue bioeconomy education learning outcomes curriculum qualification,2026-07-24T11:50:29.787222+00:00,Crossref open metadata
THE SOURCES OF OUTCOMES IN OUTCOMES BASED EDUCATION CURRICULUM DEVELOPMENT: A CLOSER LOOK,Michael B. Cahapay,2021,10.20319/pijtel.2021.43.6276,crossref:10.20319/pijtel.2021.43.6276,Crossref,,"PUPIL:  International Journal of Teaching, Education and Learning",https://doi.org/10.20319/pijtel.2021.43.6276,blue bioeconomy education learning outcomes curriculum qualification,2026-07-24T11:50:29.787382+00:00,Crossref open metadata
Curriculum management qualification in education and the situation in Romania,Ioana Magdas,2020,10.24193/pedacta.10.2.7,crossref:10.24193/pedacta.10.2.7,Crossref,,http://padi.psiedu.ubbcluj.ro/pedacta/index.html,https://doi.org/10.24193/pedacta.10.2.7,blue bioeconomy education learning outcomes curriculum qualification,2026-07-24T11:50:29.787325+00:00,Crossref open metadata
Deterministic Factors Influencing Learners' Learning Behaviors and Outcomes by Applying Information Technology-assisted Music Curriculum,"Jing Li, Fang-Jie Shiu, Hsiu-Chin Huang",2020,10.5220/0009413503270335,crossref:10.5220/0009413503270335,Crossref,,Proceedings of the 12th International Conference on Computer Supported Education,https://doi.org/10.5220/0009413503270335,blue bioeconomy education learning outcomes curriculum qualification,2026-07-24T11:50:29.787300+00:00,Crossref open metadata
Authentic Assessment of Learning Outcomes Based on Thai Qualification Framework for Higher Education (TQF) For the Bachelor's Degree in Education Program(การประเมินตามสภาพจริงของผลการเรียนรู้ตามกรอบมาตรฐานคุณวุฒิอุดมศึกษาระดับปริญญาตรี สาขาศึกษาศาสตร์),Ruetinan Samuttai,2019,10.58837/chula.educu.47.4.22,crossref:10.58837/chula.educu.47.4.22,Crossref,,Journal of Education Studies,https://doi.org/10.58837/chula.educu.47.4.22,blue bioeconomy education learning outcomes curriculum qualification,2026-07-24T11:50:29.787256+00:00,Crossref open metadata
Increased Motivation and Student Outcomes Through Problem Based Learning (PBL) in Mathematics Learning,Arofiq Arofiq,2019,10.31764/ijeca.v2i3.2159,crossref:10.31764/ijeca.v2i3.2159,Crossref,,IJECA (International Journal of Education and Curriculum Application),https://doi.org/10.31764/ijeca.v2i3.2159,blue bioeconomy education learning outcomes curriculum qualification,2026-07-24T11:50:29.787343+00:00,Crossref open metadata
Nursing education curriculum and learning outcomes,"Ozlem Ibrahimoglu, Sevinc Mersin, Hulya Saray Kilic",2019,10.5961/jhes.2019.305,crossref:10.5961/jhes.2019.305,Crossref,,Journal of Higher Education and Science,https://doi.org/10.5961/jhes.2019.305,blue bioeconomy education learning outcomes curriculum qualification,2026-07-24T11:50:29.787339+00:00,Crossref open metadata
Rational curriculum processes: revising learning outcomes is essential yet insufficient for a twenty-first century science curriculum,"Elisa K. Bone, Pauline M. Ross",2019,10.1080/03075079.2019.1637845,crossref:10.1080/03075079.2019.1637845,Crossref,,Studies in Higher Education,https://doi.org/10.1080/03075079.2019.1637845,blue bioeconomy education learning outcomes curriculum qualification,2026-07-24T11:50:29.787396+00:00,Crossref open metadata
AI in ADR: Shaping a Just Energy Transition,Josaiah Tungwet,2026,10.2139/ssrn.6957419,crossref:10.2139/ssrn.6957419,Crossref,,,https://doi.org/10.2139/ssrn.6957419,marine biotechnology AI digital twin sustainability just transition,2026-07-24T11:50:32.232481+00:00,Crossref open metadata
AI-Driven Risk Governance for Sustainable NEV Business Ecosystems: A Digital Twin-Inspired Early Warning Approach,"Jiajie Xia, Ruixuan Yao, Jiawen Liu, Yue Liu",2026,10.3390/su18147241,crossref:10.3390/su18147241,Crossref,,Sustainability,https://doi.org/10.3390/su18147241,marine biotechnology AI digital twin sustainability just transition,2026-07-24T11:50:32.232396+00:00,Crossref open metadata
Artificial intelligence and internet of things for sustainability: A digital-twin-centric architecture with cross-domain case studies,"Dheeraj Tiger, Nishu Sethi, Anshu Malhotra, Simran Thapar",2026,10.1201/9781003790730-74,crossref:10.1201/9781003790730-74,Crossref,,"Advanced Computing and AI for Sustainable Environment, Energy, and Smart Manufacturing",https://doi.org/10.1201/9781003790730-74,marine biotechnology AI digital twin sustainability just transition,2026-07-24T11:50:32.232493+00:00,Crossref open metadata
"Auditing in the Twin Transition Era: Between Professional Judgment, Sustainability Assurance, and Agentic AI – Challenges and Future Directions",Delia DELIU,2026,10.20869/auditf/2026/182/012,crossref:10.20869/auditf/2026/182/012,Crossref,,Audit Financiar,https://doi.org/10.20869/auditf/2026/182/012,marine biotechnology AI digital twin sustainability just transition,2026-07-24T11:50:32.232400+00:00,Crossref open metadata
Beyond Averages: A Multilevel Analysis of Digital Skills and Circular Economy Outcomes in the Twin Transition,"Stefana Matović, Suzana Lović Obradović, Dunja Demirović Bajrami, Ivana Đorđević",2026,10.3390/su18094485,crossref:10.3390/su18094485,Crossref,,Sustainability,https://doi.org/10.3390/su18094485,marine biotechnology AI digital twin sustainability just transition,2026-07-24T11:50:32.232411+00:00,Crossref open metadata
Digital Twin Governance for Urban Resilience and Sustainability,"Mahsa Moghadas, Abbas Rajabifard",2026,10.1201/9781003638308-34,crossref:10.1201/9781003638308-34,Crossref,,Land Intelligence and Geospatial Ecosystem,https://doi.org/10.1201/9781003638308-34,marine biotechnology AI digital twin sustainability just transition,2026-07-24T11:50:32.232345+00:00,Crossref open metadata
Digital-Twin-Enabled Land Administration and Its Connections to Social Sustainability,"Kirsikka Riekkinen, Abbas Rajabifard",2026,10.1201/9781003638308-4,crossref:10.1201/9781003638308-4,Crossref,,Land Intelligence and Geospatial Ecosystem,https://doi.org/10.1201/9781003638308-4,marine biotechnology AI digital twin sustainability just transition,2026-07-24T11:50:32.232363+00:00,Crossref open metadata
Dynamic capabilities are integral to enabling the twin transition for sustainability and digital transformation,Unknown,2026,10.29119/1641-3466.2026.243.11,crossref:10.29119/1641-3466.2026.243.11,Crossref,,Scientific Papers of Silesian University of Technology Organization and Management Series,https://doi.org/10.29119/1641-3466.2026.243.11,marine biotechnology AI digital twin sustainability just transition,2026-07-24T11:50:32.232526+00:00,Crossref open metadata
EcoTwin AI: Digital Twin for Urban Sustainability Planning,"Harshitha V, Kruthika N, Sahana Markande, Surabhi S, Tanisha Dey",2026,10.1109/iciccs67901.2026.11503012,crossref:10.1109/iciccs67901.2026.11503012,Crossref,,2026 9th International Conference on Intelligent Computing and Control Systems (ICICCS),https://doi.org/10.1109/iciccs67901.2026.11503012,marine biotechnology AI digital twin sustainability just transition,2026-07-24T11:50:32.232531+00:00,Crossref open metadata
Hybrid Digital Twin and AI Frameworks for Climate-Resilient Agriculture,Khatere Rafiei,2026,10.4018/979-8-2600-1669-5.ch013,crossref:10.4018/979-8-2600-1669-5.ch013,Crossref,,Digital Twin Applications and Cognitive Enterprise Transformation Across Industries,https://doi.org/10.4018/979-8-2600-1669-5.ch013,marine biotechnology AI digital twin sustainability just transition,2026-07-24T11:50:32.232538+00:00,Crossref open metadata
IIoT-enabled digital twin framework for industrial environmental monitoring,"Tarandeep Kaur, Pankaj Deep Kaur, Prabhsimran Singh, Salil Bharany",2026,10.1201/9781003790730-21,crossref:10.1201/9781003790730-21,Crossref,,"Advanced Computing and AI for Sustainable Environment, Energy, and Smart Manufacturing",https://doi.org/10.1201/9781003790730-21,marine biotechnology AI digital twin sustainability just transition,2026-07-24T11:50:32.232535+00:00,Crossref open metadata
Just transition or digital deadlock? Exploring the work-ecology nexus in Italy’s agrarian twin transition,"Maura Benegiamo, Alessandra Corrado, Emanuele Leonardi",2026,10.2139/ssrn.6394601,crossref:10.2139/ssrn.6394601,Crossref,,,https://doi.org/10.2139/ssrn.6394601,marine biotechnology AI digital twin sustainability just transition,2026-07-24T11:50:32.232315+00:00,Crossref open metadata
"Just water transition: Equity, sustainability, and vision for the future","Ernestina Ohenewaah Denchie, Kevin Lo",2026,10.4337/9781035349043.00014,crossref:10.4337/9781035349043.00014,Crossref,,A Research Agenda for Just Transition,https://doi.org/10.4337/9781035349043.00014,marine biotechnology AI digital twin sustainability just transition,2026-07-24T11:50:32.232489+00:00,Crossref open metadata
Next generation business ecosystem: AI and data-driven management as enablers,Annika Steiber,2026,10.4337/9781035364282.00021,crossref:10.4337/9781035364282.00021,Crossref,,The Twin Digital and Green Transition,https://doi.org/10.4337/9781035364282.00021,marine biotechnology AI digital twin sustainability just transition,2026-07-24T11:50:32.232463+00:00,Crossref open metadata
Transition towards sustainability: a case study of the Polish energy sector,Bartosz Sobik,2026,10.4337/9781035364282.00018,crossref:10.4337/9781035364282.00018,Crossref,,The Twin Digital and Green Transition,https://doi.org/10.4337/9781035364282.00018,marine biotechnology AI digital twin sustainability just transition,2026-07-24T11:50:32.232388+00:00,Crossref open metadata
Twin transition and education: whither (or wither) AI in education?,"Jan Baťko, Dominik Frolík, Lucie Rohlíková, Jana Vejvodová, Michaela Voltrová, Viola Vrbová",2026,10.4337/9781035364282.00020,crossref:10.4337/9781035364282.00020,Crossref,,The Twin Digital and Green Transition,https://doi.org/10.4337/9781035364282.00020,marine biotechnology AI digital twin sustainability just transition,2026-07-24T11:50:32.232384+00:00,Crossref open metadata
Advancing Corrosion Monitoring with AI and Digital Twin,Floyd Baker,2025,10.26226/m.679bb1dd37809895893de5c9,crossref:10.26226/m.679bb1dd37809895893de5c9,Crossref,,,https://doi.org/10.26226/m.679bb1dd37809895893de5c9,marine biotechnology AI digital twin sustainability just transition,2026-07-24T11:50:32.232496+00:00,Crossref open metadata
Digital Technologies and AI for Environmental and Social Sustainability,Unknown,2025,10.51301/abeats.2025.v1,crossref:10.51301/abeats.2025.v1,Crossref,,Digital Technologies and AI for Environmental and Social Sustainability,https://doi.org/10.51301/abeats.2025.v1,marine biotechnology AI digital twin sustainability just transition,2026-07-24T11:50:32.232510+00:00,Crossref open metadata
Integration of AI in Digital Twin Technologies,Esteban Bernal Arango,2025,10.1201/9781003492146-18,crossref:10.1201/9781003492146-18,Crossref,,Handbook on Digital Twin and Artificial Intelligence Techniques for Rail Applications,https://doi.org/10.1201/9781003492146-18,marine biotechnology AI digital twin sustainability just transition,2026-07-24T11:50:32.232503+00:00,Crossref open metadata
The Twin Transition: Driving Sustainability Through Digital Transformation in Manufacturing:,"Hossein Rahnama, Kerstin Johansen, Anna Öhrwall Rönnbäck",2025,10.2139/ssrn.5288285,crossref:10.2139/ssrn.5288285,Crossref,,,https://doi.org/10.2139/ssrn.5288285,marine biotechnology AI digital twin sustainability just transition,2026-07-24T11:50:32.232354+00:00,Crossref open metadata
Toward Smart Healthcare in Digital Twin Featuring AI for Innovation in Smart Cities and Sustainability,"Bhupinder SINGH, Ashima JAIN, Christian KAUNERT",2025,10.1002/9781394411320.ch7,crossref:10.1002/9781394411320.ch7,Crossref,,Driving Innovation through AI and Digital Twin for 6G Powered Sustainable Ultra Smart Cities,https://doi.org/10.1002/9781394411320.ch7,marine biotechnology AI digital twin sustainability just transition,2026-07-24T11:50:32.232375+00:00,Crossref open metadata
Twin Transition: Digital Transformation Pathways for Sustainable Innovation,Adel Ben Youssef,2025,10.3390/su17219491,crossref:10.3390/su17219491,Crossref,,Sustainability,https://doi.org/10.3390/su17219491,marine biotechnology AI digital twin sustainability just transition,2026-07-24T11:50:32.232335+00:00,Crossref open metadata
A Maturity Model for Evaluating Data-driven Sustainability Management,Anna Sell,2024,10.18690/um.fov.4.2024.11,crossref:10.18690/um.fov.4.2024.11,Crossref,,Resilience Through Digital Innovation: Enabling the Twin Transition,https://doi.org/10.18690/um.fov.4.2024.11,marine biotechnology AI digital twin sustainability just transition,2026-07-24T11:50:32.232378+00:00,Crossref open metadata
AI-Driven Digital Twin,"Maninder Pal Singh, Pankaj Bhambri",2024,10.1201/9781003395416-8,crossref:10.1201/9781003395416-8,Crossref,,AI-Driven Digital Twin and Industry 4.0,https://doi.org/10.1201/9781003395416-8,marine biotechnology AI digital twin sustainability just transition,2026-07-24T11:50:32.232392+00:00,Crossref open metadata
AI-Driven Digital Twin and Resource Optimization in Industry 4.0 Ecosystem,"Pankaj Bhambri, Sita Rani, Alex Khang, Rashmi Soni",2024,10.1201/9781003395416-12,crossref:10.1201/9781003395416-12,Crossref,,AI-Driven Digital Twin and Industry 4.0,https://doi.org/10.1201/9781003395416-12,marine biotechnology AI digital twin sustainability just transition,2026-07-24T11:50:32.232516+00:00,Crossref open metadata
AI-Driven Digital Twin for Healthcare Applications,"K. Aditya Shastry, B. A. Manjunatha",2024,10.1201/9781003395416-9,crossref:10.1201/9781003395416-9,Crossref,,AI-Driven Digital Twin and Industry 4.0,https://doi.org/10.1201/9781003395416-9,marine biotechnology AI digital twin sustainability just transition,2026-07-24T11:50:32.232415+00:00,Crossref open metadata
AI-Driven Digital Twin for Industrial Engineering Applications,"Dileep Reddy Bolla, Ramesh Naidu, Preethi Prerana",2024,10.1201/9781003395416-16,crossref:10.1201/9781003395416-16,Crossref,,AI-Driven Digital Twin and Industry 4.0,https://doi.org/10.1201/9781003395416-16,marine biotechnology AI digital twin sustainability just transition,2026-07-24T11:50:32.232454+00:00,Crossref open metadata
Bridging the AI Skills Gap in Europe:  A Detailed Analysis of AI Skills and Roles,"Willemijn van Haeften, Ran Zhang, Sabine Boesen - Mariani, Xander Lub, Pascal Ravesteijn, Paul Aertsen",2024,10.18690/um.fov.4.2024.22,crossref:10.18690/um.fov.4.2024.22,Crossref,,Resilience Through Digital Innovation: Enabling the Twin Transition,https://doi.org/10.18690/um.fov.4.2024.22,marine biotechnology AI digital twin sustainability just transition,2026-07-24T11:50:32.232545+00:00,Crossref open metadata
Developing Public Values Based AI Systems Using Value Sensitive Design,"Erik Slingerland, Guido Ongena, Marlies van Steenbergen",2024,10.18690/um.fov.4.2024.50,crossref:10.18690/um.fov.4.2024.50,Crossref,,Resilience Through Digital Innovation: Enabling the Twin Transition,https://doi.org/10.18690/um.fov.4.2024.50,marine biotechnology AI digital twin sustainability just transition,2026-07-24T11:50:32.232435+00:00,Crossref open metadata
Digital Economy and Urban Low-Carbon Transition: Theoretical Model and New Mechanisms,"Kunpeng Ai, Wenjie Zhang, Xiang-Wu Yan",2024,10.3390/su16145917,crossref:10.3390/su16145917,Crossref,,Sustainability,https://doi.org/10.3390/su16145917,marine biotechnology AI digital twin sustainability just transition,2026-07-24T11:50:32.232404+00:00,Crossref open metadata
Digital Sustainability Practices: A Research Agenda,"Irene R. Jonkers, Xiao Peng, Willemijn van Haeften",2024,10.18690/um.fov.4.2024.21,crossref:10.18690/um.fov.4.2024.21,Crossref,,Resilience Through Digital Innovation: Enabling the Twin Transition,https://doi.org/10.18690/um.fov.4.2024.21,marine biotechnology AI digital twin sustainability just transition,2026-07-24T11:50:32.232367+00:00,Crossref open metadata
Digital Twin,"Jaskiran Kaur, Pankaj Bhambri, Sita Rani",2024,10.1201/9781003395416-6,crossref:10.1201/9781003395416-6,Crossref,,AI-Driven Digital Twin and Industry 4.0,https://doi.org/10.1201/9781003395416-6,marine biotechnology AI digital twin sustainability just transition,2026-07-24T11:50:32.232485+00:00,Crossref open metadata
Digital Twin Technology,Ambika Nagaraj,2024,10.1201/9781003395416-4,crossref:10.1201/9781003395416-4,Crossref,,AI-Driven Digital Twin and Industry 4.0,https://doi.org/10.1201/9781003395416-4,marine biotechnology AI digital twin sustainability just transition,2026-07-24T11:50:32.232419+00:00,Crossref open metadata
Embracing the Digital Twin Paradigm for Urban Sustainability,"Ali Cheshmehzangi, Saeid Pourroostaei Ardakani",2024,10.1007/978-981-97-8483-7_1,crossref:10.1007/978-981-97-8483-7_1,Crossref,,Urban Sustainability,https://doi.org/10.1007/978-981-97-8483-7_1,marine biotechnology AI digital twin sustainability just transition,2026-07-24T11:50:32.232442+00:00,Crossref open metadata
Enhancing Efficiency and Sustainability in Offshore Oil and Gas Operations through Digital Twin and AI Technology: A Practitioner's View,"Yale Zhang, Lukito Lau, Paul Yanchus, Zaman Forootan, Zaid Marfatia",2024,10.2118/221957-ms,crossref:10.2118/221957-ms,Crossref,,ADIPEC,https://doi.org/10.2118/221957-ms,marine biotechnology AI digital twin sustainability just transition,2026-07-24T11:50:32.232523+00:00,Crossref open metadata
Generative AI in Assisting Patients with Syringomyelia and Hydrocephalus: A Preliminary Comparison of Chatgpt and Gemini,Pavlina Kröckel,2024,10.18690/um.fov.4.2024.39,crossref:10.18690/um.fov.4.2024.39,Crossref,,Resilience Through Digital Innovation: Enabling the Twin Transition,https://doi.org/10.18690/um.fov.4.2024.39,marine biotechnology AI digital twin sustainability just transition,2026-07-24T11:50:32.232457+00:00,Crossref open metadata
How are Companies Strategizing with Digital Transformation to Integrate Sustainability Objectives?,Fuad Khan,2024,10.18690/um.fov.4.2024.51,crossref:10.18690/um.fov.4.2024.51,Crossref,,Resilience Through Digital Innovation: Enabling the Twin Transition,https://doi.org/10.18690/um.fov.4.2024.51,marine biotechnology AI digital twin sustainability just transition,2026-07-24T11:50:32.232359+00:00,Crossref open metadata
Integrating Digital and Sustainability Transformation Through Artificial Intelligence: A Framework for AI-enabled Twin Transformation,"Carlotta Crome, Valerie Graf-Drasch, Anna Maria Oberländer, Stefan Seidel",2024,10.1007/978-3-031-61749-2_3,crossref:10.1007/978-3-031-61749-2_3,Crossref,,Palgrave Studies in Digital Business &amp; Enabling Technologies,https://doi.org/10.1007/978-3-031-61749-2_3,marine biotechnology AI digital twin sustainability just transition,2026-07-24T11:50:32.232446+00:00,Crossref open metadata
Perspectives on the twin transition: Instrumental and institutional linkages between the digital and sustainability transitions,Albert Meijer,2024,10.3233/ip-230015,crossref:10.3233/ip-230015,Crossref,,Information Polity,https://doi.org/10.3233/ip-230015,marine biotechnology AI digital twin sustainability just transition,2026-07-24T11:50:32.232450+00:00,Crossref open metadata
Resilience Through Digital Innovation: Enabling the Twin Transition,Unknown,2024,10.18690/um.fov.4.2024,crossref:10.18690/um.fov.4.2024,Crossref,,,https://doi.org/10.18690/um.fov.4.2024,marine biotechnology AI digital twin sustainability just transition,2026-07-24T11:50:32.232478+00:00,Crossref open metadata
Digital twin meets artificial intelligence: AI-augmented industrial automation systems using intelligent digital twins,"G.K. Kamalam, Vani Rajasekar",2023,10.1016/b978-0-323-99205-3.00003-1,crossref:10.1016/b978-0-323-99205-3.00003-1,Crossref,,Digital Twin for Smart Manufacturing,https://doi.org/10.1016/b978-0-323-99205-3.00003-1,marine biotechnology AI digital twin sustainability just transition,2026-07-24T11:50:32.232500+00:00,Crossref open metadata
Just Transition and Sustainability,"Sipho F. Mamba, Thabo Ndlovu",2023,10.4324/9781003397120-8,crossref:10.4324/9781003397120-8,Crossref,,Climate Action in Southern Africa,https://doi.org/10.4324/9781003397120-8,marine biotechnology AI digital twin sustainability just transition,2026-07-24T11:50:32.232426+00:00,Crossref open metadata
Sustainability Reporting by Collieries,Cornelie Crous,2021,10.3366/edinburgh/9781474487054.003.0009,crossref:10.3366/edinburgh/9781474487054.003.0009,Crossref,,Coal and Energy in South Africa,https://doi.org/10.3366/edinburgh/9781474487054.003.0009,marine biotechnology AI digital twin sustainability just transition,2026-07-24T11:50:32.232470+00:00,Crossref open metadata
Towards a Territorially Just Climate Transition—Assessing the Swedish EU Territorial Just Transition Plan Development Process,"John Moodie, Carlos Tapia, Linnea Löfving, Nora Sánchez Gassen, Elin Cedergren",2021,10.3390/su13137505,crossref:10.3390/su13137505,Crossref,,Sustainability,https://doi.org/10.3390/su13137505,marine biotechnology AI digital twin sustainability just transition,2026-07-24T11:50:32.232474+00:00,Crossref open metadata
AI: The Cyber-Physical Project Manager and their Digital Twin,"Liam Odell, Hamid Jahankhani",2019,10.1109/icgs3.2019.8688144,crossref:10.1109/icgs3.2019.8688144,Crossref,,"2019 IEEE 12th International Conference on Global Security, Safety and Sustainability (ICGS3)",https://doi.org/10.1109/icgs3.2019.8688144,marine biotechnology AI digital twin sustainability just transition,2026-07-24T11:50:32.232438+00:00,Crossref open metadata
Assessing the Impact of Climate Change on Ocean Governance and Coastal Adaptation,Yi-Che Shih,2026,10.17645/oas.11542,crossref:10.17645/oas.11542,Crossref,,Ocean and Society,https://doi.org/10.17645/oas.11542,marine genetic resources ocean literacy governance climate adaptation,2026-07-24T11:50:34.397289+00:00,Crossref open metadata
Marine Greens in Ocean-Based Climate Adaptation and Resilience Building,Ayomide Owolabi,2026,10.2139/ssrn.6066246,crossref:10.2139/ssrn.6066246,Crossref,,SSRN Electronic Journal,https://doi.org/10.2139/ssrn.6066246,marine genetic resources ocean literacy governance climate adaptation,2026-07-24T11:50:34.397317+00:00,Crossref open metadata
"Securitizing and greening the contested, climate-changed ocean: benefits, risks and governance pathways for integrating defense into climate-smart marine spatial planning",Ralph Tafon,2026,10.3389/focsu.2025.1743635,crossref:10.3389/focsu.2025.1743635,Crossref,,Frontiers in Ocean Sustainability,https://doi.org/10.3389/focsu.2025.1743635,marine genetic resources ocean literacy governance climate adaptation,2026-07-24T11:50:34.397347+00:00,Crossref open metadata
Climate Change as a Major Challenge to Living Marine Resources,"Robert Boenish, Jacob P. Kritzer, Fang Sun",2025,10.1007/978-981-19-4790-2_5,crossref:10.1007/978-981-19-4790-2_5,Crossref,,Global Ocean Governance and Ecological Civilization,https://doi.org/10.1007/978-981-19-4790-2_5,marine genetic resources ocean literacy governance climate adaptation,2026-07-24T11:50:34.397258+00:00,Crossref open metadata
Enhancing Ocean Literacy for All: Goals and Initiatives of the United Nations’ Ocean Education Governance,LIU Xunhua,2025,10.64058/mes.25.1.01,crossref:10.64058/mes.25.1.01,Crossref,,Marine Education and Studies,https://doi.org/10.64058/mes.25.1.01,marine genetic resources ocean literacy governance climate adaptation,2026-07-24T11:50:34.397295+00:00,Crossref open metadata
Turning urban fragilities into resources for a just climate governance,"Gilda Berruti, Maria Federica Palestino",2025,10.5117/9789463726665_ch06,crossref:10.5117/9789463726665_ch06,Crossref,,Urban Movements and Climate Change,https://doi.org/10.5117/9789463726665_ch06,marine genetic resources ocean literacy governance climate adaptation,2026-07-24T11:50:34.397402+00:00,Crossref open metadata
"Water governance, policy and climate adaptation","David Benson, Josselin Rouillard",2024,10.4337/9781800887909.00020,crossref:10.4337/9781800887909.00020,Crossref,,Handbook on the Governance and Politics of Water Resources,https://doi.org/10.4337/9781800887909.00020,marine genetic resources ocean literacy governance climate adaptation,2026-07-24T11:50:34.397310+00:00,Crossref open metadata
Conservation of living marine resources,Elda Kazara-Belja,2023,10.4337/9781839107696.00023,crossref:10.4337/9781839107696.00023,Crossref,,Research Handbook on Ocean Governance Law,https://doi.org/10.4337/9781839107696.00023,marine genetic resources ocean literacy governance climate adaptation,2026-07-24T11:50:34.397341+00:00,Crossref open metadata
Southern Ocean: Climate and Biology,Margaret Mary McBride,2022,10.5040/9780755618392.ch-11,crossref:10.5040/9780755618392.ch-11,Crossref,,"Marine Resources, Climate Change and International Management Regimes",https://doi.org/10.5040/9780755618392.ch-11,marine genetic resources ocean literacy governance climate adaptation,2026-07-24T11:50:34.397302+00:00,Crossref open metadata
The role of genetic resources for food and agriculture in adaptation to and mitigation of climate change,Unknown,2022,10.4060/cb9570en,crossref:10.4060/cb9570en,Crossref,,,https://doi.org/10.4060/cb9570en,marine genetic resources ocean literacy governance climate adaptation,2026-07-24T11:50:34.397371+00:00,Crossref open metadata
Adaptation to climate change–related ocean acidification: An adaptive governance approach,"Lucy Greenhill, Jasper O. Kenter, Halvor Dannevig",2020,10.1016/j.ocecoaman.2020.105176,crossref:10.1016/j.ocecoaman.2020.105176,Crossref,,Ocean &amp; Coastal Management,https://doi.org/10.1016/j.ocecoaman.2020.105176,marine genetic resources ocean literacy governance climate adaptation,2026-07-24T11:50:34.397376+00:00,Crossref open metadata
"Coastal climate adaptation planning and evolutionary governance: Insights from Homer, Alaska",S. Jeff Birchall,2020,10.1016/j.marpol.2018.12.029,crossref:10.1016/j.marpol.2018.12.029,Crossref,,Marine Policy,https://doi.org/10.1016/j.marpol.2018.12.029,marine genetic resources ocean literacy governance climate adaptation,2026-07-24T11:50:34.397362+00:00,Crossref open metadata
International Law and Marine Ecosystem Governance,"Freedom-Kai Phillips, Konstantia Koutouki",2019,10.1017/9781108502238.019,crossref:10.1017/9781108502238.019,Crossref,,Climate Change and Ocean Governance,https://doi.org/10.1017/9781108502238.019,marine genetic resources ocean literacy governance climate adaptation,2026-07-24T11:50:34.397285+00:00,Crossref open metadata
Large Marine Protected Areas and Ocean Resilience,Justin Alger,2019,10.1017/9781108502238.011,crossref:10.1017/9781108502238.011,Crossref,,Climate Change and Ocean Governance,https://doi.org/10.1017/9781108502238.011,marine genetic resources ocean literacy governance climate adaptation,2026-07-24T11:50:34.397386+00:00,Crossref open metadata
Managing Marine Resources,Anastasia Telesetsky,2019,10.1017/9781108502238.020,crossref:10.1017/9781108502238.020,Crossref,,Climate Change and Ocean Governance,https://doi.org/10.1017/9781108502238.020,marine genetic resources ocean literacy governance climate adaptation,2026-07-24T11:50:34.397230+00:00,Crossref open metadata
The Marine People Partnership: Building a Workforce for Our Ocean Industries through Ocean Literacy,Sherry Scully,2019,10.1163/9789004380271_092,crossref:10.1163/9789004380271_092,Crossref,,The Future of Ocean Governance and Capacity Development,https://doi.org/10.1163/9789004380271_092,marine genetic resources ocean literacy governance climate adaptation,2026-07-24T11:50:34.397398+00:00,Crossref open metadata
Beyond the Degree: A Decentralized Framework for Nano-Credential-Based Human Capital Development,Fahad Sohail,2026,10.2139/ssrn.6729923,crossref:10.2139/ssrn.6729923,Crossref,,,https://doi.org/10.2139/ssrn.6729923,marine biotechnology EQF qualification framework micro-credential professional development,2026-07-24T11:50:36.654143+00:00,Crossref open metadata
CR4PD Course Recommendations for Professional Development in Thailand's Qualification Framework,"Chutiporn Anutariya, Kristina Thapa, Ueakarn Viwatpanachat",2026,10.4018/ijswis.413707,crossref:10.4018/ijswis.413707,Crossref,,International Journal on Semantic Web and Information Systems,https://doi.org/10.4018/ijswis.413707,marine biotechnology EQF qualification framework micro-credential professional development,2026-07-24T11:50:36.654188+00:00,Crossref open metadata
Integrating sustainability into the curricula of micro-credential programs in management education,Tarja Niemela,2026,10.2139/ssrn.6182879,crossref:10.2139/ssrn.6182879,Crossref,,,https://doi.org/10.2139/ssrn.6182879,marine biotechnology EQF qualification framework micro-credential professional development,2026-07-24T11:50:36.654274+00:00,Crossref open metadata
Barriers and supports for successful completion of an emergent literacy micro-credential: an analysis at three levels of the professional learning system,"Danielle L. Pico, Sophia Soomin Lee, Concepción Moncada-Cummings, Mary Bratsch-Hines, Julianna Banks, María Virginia Giani, Tia Walton-Walker, Tyran Butler",2025,10.1080/19415257.2025.2593891,crossref:10.1080/19415257.2025.2593891,Crossref,,Professional Development in Education,https://doi.org/10.1080/19415257.2025.2593891,marine biotechnology EQF qualification framework micro-credential professional development,2026-07-24T11:50:36.654167+00:00,Crossref open metadata
"DEVELOPMENT OF STATE-WIDE MICRO-CREDENTIAL TO SUPPORT ONLINE, HYBRID, AND BLENDED TEACHING AND LEARNING",Heather Greenhalgh-Spencer,2025,10.21125/edulearn.2025.1050,crossref:10.21125/edulearn.2025.1050,Crossref,,EDULEARN Proceedings,https://doi.org/10.21125/edulearn.2025.1050,marine biotechnology EQF qualification framework micro-credential professional development,2026-07-24T11:50:36.654239+00:00,Crossref open metadata
&lt;b&gt;Tech Level-Ups: Technology-Based Micro-Credential Program as a Novel Approach to K-12 Professional Development&lt;/b&gt;&lt;b&gt;&lt;/b&gt;,Timothy Chang,2025,10.46328/ijemst.5906,crossref:10.46328/ijemst.5906,Crossref,,"International Journal of Education in Mathematics, Science and Technology",https://doi.org/10.46328/ijemst.5906,marine biotechnology EQF qualification framework micro-credential professional development,2026-07-24T11:50:36.654225+00:00,Crossref open metadata
The Development Approach of Circular Bio-Economy Micro-Credential Programme in Higher Education Institution,"Katrin Männik, Kai Pata",2025,10.20944/preprints202507.2034.v1,crossref:10.20944/preprints202507.2034.v1,Crossref,,,https://doi.org/10.20944/preprints202507.2034.v1,marine biotechnology EQF qualification framework micro-credential professional development,2026-07-24T11:50:36.654153+00:00,Crossref open metadata
The Scope and Depth Micro-Credential Framework,Krista Larue Keeley,2025,10.4018/979-8-3693-9496-0.ch002,crossref:10.4018/979-8-3693-9496-0.ch002,Crossref,,Innovative Approaches in Vocational and Regional Education,https://doi.org/10.4018/979-8-3693-9496-0.ch002,marine biotechnology EQF qualification framework micro-credential professional development,2026-07-24T11:50:36.654171+00:00,Crossref open metadata
Towards a Micro-credential Framework for the Commonwealth,Unknown,2025,10.56059/11599/5742,crossref:10.56059/11599/5742,Crossref,,,https://doi.org/10.56059/11599/5742,marine biotechnology EQF qualification framework micro-credential professional development,2026-07-24T11:50:36.654048+00:00,Crossref open metadata
AI-Automated Assignment Scoring to Scale a Professional Development Micro-Credential Program,"Cathy Cavanaugh, Bryn Humphrey, Paige Pullen",2024,10.70725/881380vlsnpa,crossref:10.70725/881380vlsnpa,Crossref,,International Journal on E-Learning,https://doi.org/10.70725/881380vlsnpa,marine biotechnology EQF qualification framework micro-credential professional development,2026-07-24T11:50:36.654058+00:00,Crossref open metadata
Angioarchitectonics of the retina and optic nerve  disc in different types of glaucoma,"M.S. Kasimova, K.M. Kamilov, G.K. Khamraeva, F.A. Tursunova",2024,10.25276/2312-4911-2024-4-97-98,crossref:10.25276/2312-4911-2024-4-97-98,Crossref,,Modern technologies in ophtalmology,https://doi.org/10.25276/2312-4911-2024-4-97-98,marine biotechnology EQF qualification framework micro-credential professional development,2026-07-24T11:50:36.654139+00:00,Crossref open metadata
Awareness of celiac disease among physicians in Uzbekistan: a questionnaire-based study,"A.T. Kamilova, N.D. Azimova, I.M. Akhmedova, N.Kh. Mirsalihova, Sh.S. Sultankhodzhaeva, A.P. Akshuraeva, B.I. Musaeva",2024,10.20953/1727-5784-2024-1-79-87,crossref:10.20953/1727-5784-2024-1-79-87,Crossref,,Voprosy detskoj dietologii,https://doi.org/10.20953/1727-5784-2024-1-79-87,marine biotechnology EQF qualification framework micro-credential professional development,2026-07-24T11:50:36.654289+00:00,Crossref open metadata
Professional Development Pathway,Lisa Harrison,2024,10.1007/978-981-97-5914-9_9,crossref:10.1007/978-981-97-5914-9_9,Crossref,,Unpacking Micro-Influence within the Australian Creative Sectors,https://doi.org/10.1007/978-981-97-5914-9_9,marine biotechnology EQF qualification framework micro-credential professional development,2026-07-24T11:50:36.654221+00:00,Crossref open metadata
Algorithm for the diagnosis of keratoectasias developed after refractive surgery,"H.M. Kamilov, M.S. Kasymova, G.H. Khamraeva, D.F. Ismailova",2023,10.25276/2312-4911-2023-2-293-297,crossref:10.25276/2312-4911-2023-2-293-297,Crossref,,Modern technologies in ophtalmology,https://doi.org/10.25276/2312-4911-2023-2-293-297,marine biotechnology EQF qualification framework micro-credential professional development,2026-07-24T11:50:36.654149+00:00,Crossref open metadata
Biomarkers of visual ischemia as predictors of ischemic brain stroke,"G.K. Khamraeva, K.М. Kamilov, M.S. Kasimova, G.K. Hakimova",2023,10.25276/2312-4911-2023-2-342-346,crossref:10.25276/2312-4911-2023-2-342-346,Crossref,,Modern technologies in ophtalmology,https://doi.org/10.25276/2312-4911-2023-2-342-346,marine biotechnology EQF qualification framework micro-credential professional development,2026-07-24T11:50:36.654184+00:00,Crossref open metadata
Continuing professional development,Kay Maddox-Daines,2023,10.4324/9781003342960-8,crossref:10.4324/9781003342960-8,Crossref,,How to Pass Your CIPD Qualification,https://doi.org/10.4324/9781003342960-8,marine biotechnology EQF qualification framework micro-credential professional development,2026-07-24T11:50:36.654195+00:00,Crossref open metadata
Public policies for effective micro-credential learning,Unknown,2023,10.1787/a41f148b-en,crossref:10.1787/a41f148b-en,Crossref,,OECD Education Policy Perspectives,https://doi.org/10.1787/a41f148b-en,marine biotechnology EQF qualification framework micro-credential professional development,2026-07-24T11:50:36.654257+00:00,Crossref open metadata
AISAP Professional Pathways Innovations,"Peter Witham, Patrick Schuermann, Janice Crampton",2022,10.4018/978-1-7998-3820-3.ch008,crossref:10.4018/978-1-7998-3820-3.ch008,Crossref,,Advances in Higher Education and Professional Development,https://doi.org/10.4018/978-1-7998-3820-3.ch008,marine biotechnology EQF qualification framework micro-credential professional development,2026-07-24T11:50:36.654078+00:00,Crossref open metadata
Communicating Credential Value,"Katie Sievers, Debbie Smith",2022,10.4018/978-1-7998-3820-3.ch013,crossref:10.4018/978-1-7998-3820-3.ch013,Crossref,,Advances in Higher Education and Professional Development,https://doi.org/10.4018/978-1-7998-3820-3.ch013,marine biotechnology EQF qualification framework micro-credential professional development,2026-07-24T11:50:36.654179+00:00,Crossref open metadata
Exploring the Core Features of UTeach Maker,"Shelly R. Rodriguez, Jason Robert Harron, Stephanie Chang, Lauren Penney",2022,10.4018/978-1-7998-3820-3.ch007,crossref:10.4018/978-1-7998-3820-3.ch007,Crossref,,Advances in Higher Education and Professional Development,https://doi.org/10.4018/978-1-7998-3820-3.ch007,marine biotechnology EQF qualification framework micro-credential professional development,2026-07-24T11:50:36.654215+00:00,Crossref open metadata
Features of Micro-credential Platforms in Higher Education,"Padmasheela Kiiskilä, Ahmed Hanafy, Henri Pirkkalainen",2022,10.5220/0011030600003182,crossref:10.5220/0011030600003182,Crossref,,Proceedings of the 14th International Conference on Computer Supported Education,https://doi.org/10.5220/0011030600003182,marine biotechnology EQF qualification framework micro-credential professional development,2026-07-24T11:50:36.654211+00:00,Crossref open metadata
Foreign Qualification and Credential Evaluation,Wondwosen Tamrat,2022,10.1163/9789004513488_037,crossref:10.1163/9789004513488_037,Crossref,,Higher Education in Ethiopia,https://doi.org/10.1163/9789004513488_037,marine biotechnology EQF qualification framework micro-credential professional development,2026-07-24T11:50:36.654206+00:00,Crossref open metadata
Handbook of Research on Credential Innovations for Inclusive Pathways to Professions,Unknown,2022,10.4018/978-1-7998-3820-3,crossref:10.4018/978-1-7998-3820-3,Crossref,,Advances in Higher Education and Professional Development,https://doi.org/10.4018/978-1-7998-3820-3,marine biotechnology EQF qualification framework micro-credential professional development,2026-07-24T11:50:36.654236+00:00,Crossref open metadata
Implementing Continuing Professional Education Micro-Credentials in a University Context,"Josephine Lang, Karyn Giglietta",2022,10.4018/978-1-7998-3820-3.ch003,crossref:10.4018/978-1-7998-3820-3.ch003,Crossref,,Advances in Higher Education and Professional Development,https://doi.org/10.4018/978-1-7998-3820-3.ch003,marine biotechnology EQF qualification framework micro-credential professional development,2026-07-24T11:50:36.654062+00:00,Crossref open metadata
Laying the Foundation for a Micro-Credential Strategy,"Michelle Alvarez, Tracey F. W. Osborne, Karen Mayeu, Katie Cullen, Emily Masterson, MaryEllen Stevenson",2022,10.4018/978-1-7998-3820-3.ch002,crossref:10.4018/978-1-7998-3820-3.ch002,Crossref,,Advances in Higher Education and Professional Development,https://doi.org/10.4018/978-1-7998-3820-3.ch002,marine biotechnology EQF qualification framework micro-credential professional development,2026-07-24T11:50:36.654073+00:00,Crossref open metadata
Micro-Credentialing Teacher Leadership,"Sofie Elise Vastano, Rahshundra Scott-Covington, Jaime Dusinberre, Anna Matejka, Richard Feistman",2022,10.4018/978-1-7998-3820-3.ch018,crossref:10.4018/978-1-7998-3820-3.ch018,Crossref,,Advances in Higher Education and Professional Development,https://doi.org/10.4018/978-1-7998-3820-3.ch018,marine biotechnology EQF qualification framework micro-credential professional development,2026-07-24T11:50:36.654067+00:00,Crossref open metadata
New Requirements Regarding the Qualification and Certification of the Inspection Personnel in the Welding Field. Harmonization with the European Qualification Framework (EQF),"Horia Florin Daşcău, Marius Oproiu",2022,10.4028/p-8z420d,crossref:10.4028/p-8z420d,Crossref,,Advanced Engineering Forum,https://doi.org/10.4028/p-8z420d,marine biotechnology EQF qualification framework micro-credential professional development,2026-07-24T11:50:36.654041+00:00,Crossref open metadata
"Small Chunks, Deep Learning","Ken N. Simon, Lawrence Hodgkins, James Argent",2022,10.4018/978-1-7998-3820-3.ch014,crossref:10.4018/978-1-7998-3820-3.ch014,Crossref,,Advances in Higher Education and Professional Development,https://doi.org/10.4018/978-1-7998-3820-3.ch014,marine biotechnology EQF qualification framework micro-credential professional development,2026-07-24T11:50:36.654175+00:00,Crossref open metadata
The Complex Case of Noncredit Credential Innovation in Public Universities,"Kai E. Degner, Sarah K. MacDonald, Melissa M. Lubin",2022,10.4018/978-1-7998-3820-3.ch004,crossref:10.4018/978-1-7998-3820-3.ch004,Crossref,,Advances in Higher Education and Professional Development,https://doi.org/10.4018/978-1-7998-3820-3.ch004,marine biotechnology EQF qualification framework micro-credential professional development,2026-07-24T11:50:36.654270+00:00,Crossref open metadata
A micro credential for interoperability,"Pamela Hussey, Subhashis Das",2021,10.12688/openreseurope.14083.1,crossref:10.12688/openreseurope.14083.1,Crossref,,Open Research Europe,https://doi.org/10.12688/openreseurope.14083.1,marine biotechnology EQF qualification framework micro-credential professional development,2026-07-24T11:50:36.654134+00:00,Crossref open metadata
Professional Development and Qualification of Health Care Managers in the Conditions of the COVID 19 Epidemiological Situation,"Kamelia Bogdanova, Galina Chaneva",2021,10.5220/0010596507190723,crossref:10.5220/0010596507190723,Crossref,,Proceedings of the International Scientific and Practical Conference on Sustainable Development of Regional Infrastructure,https://doi.org/10.5220/0010596507190723,marine biotechnology EQF qualification framework micro-credential professional development,2026-07-24T11:50:36.654247+00:00,Crossref open metadata
The Global Micro-credential Landscape: Charting a New Credential Ecology for Lifelong Learning,"Mark Brown, Mairéad Nic Giolla Mhichíl, Elaine Beirne, Conchúr Mac Lochlainn",2021,10.56059/jl4d.v8i2.525,crossref:10.56059/jl4d.v8i2.525,Crossref,,Journal of Learning for Development,https://doi.org/10.56059/jl4d.v8i2.525,marine biotechnology EQF qualification framework micro-credential professional development,2026-07-24T11:50:36.654158+00:00,Crossref open metadata
Child Development Associate (CDA) Credential,"Valora Washington, Brandi N. King",2019,10.4018/978-1-5225-7507-8.ch033,crossref:10.4018/978-1-5225-7507-8.ch033,Crossref,,Early Childhood Development,https://doi.org/10.4018/978-1-5225-7507-8.ch033,marine biotechnology EQF qualification framework micro-credential professional development,2026-07-24T11:50:36.654232+00:00,Crossref open metadata
European Qualification Framework (Eqf) - Responsibility And Autonomy Domain; Meanings And Implications,"Dan Potolea, Steliana Toma*",2019,10.15405/epsbs.2019.08.03.1,crossref:10.15405/epsbs.2019.08.03.1,Crossref,,The European Proceedings of Social and Behavioural Sciences,https://doi.org/10.15405/epsbs.2019.08.03.1,marine biotechnology EQF qualification framework micro-credential professional development,2026-07-24T11:50:36.654015+00:00,Crossref open metadata
He Aha Ai: WHY...,Hinerangi Eruera Murphy,2019,10.24135/pjtel.v2i1.37,crossref:10.24135/pjtel.v2i1.37,Crossref,,Pacific Journal of Technology Enhanced Learning,https://doi.org/10.24135/pjtel.v2i1.37,marine biotechnology EQF qualification framework micro-credential professional development,2026-07-24T11:50:36.654251+00:00,Crossref open metadata
Handbook of Acid-Base Indicators (pH Indicators),R.W. Sabnis,2026,10.1201/9781315270715,crossref:10.1201/9781315270715,Crossref,,,https://doi.org/10.1201/9781315270715,blue biotech maritimisation marinization oceanisation hydrosocial de-base-re hypothesis verification indicators,2026-07-24T11:50:37.423000+00:00,Crossref open metadata
Performance Indicators as a Basis for Evaluating Investment Attractiveness Indicadores de Desempenho como Base para Avaliação da Atratividade de Investimento,"Cristiano Teixeira, Cristiano Magalhães Teixeira",2025,10.22541/au.176348723.38650369/v1,crossref:10.22541/au.176348723.38650369/v1,Crossref,,,https://doi.org/10.22541/au.176348723.38650369/v1,blue biotech maritimisation marinization oceanisation hydrosocial de-base-re hypothesis verification indicators,2026-07-24T11:50:37.423145+00:00,Crossref open metadata
"Review for ""Re-thinking the Urban Biotic Homogenization Hypothesis""",Unknown,2025,10.1111/ele.70342/v1/review1,crossref:10.1111/ele.70342/v1/review1,Crossref,,,https://doi.org/10.1111/ele.70342/v1/review1,blue biotech maritimisation marinization oceanisation hydrosocial de-base-re hypothesis verification indicators,2026-07-24T11:50:37.423103+00:00,Crossref open metadata
Towards an Empirical Verification of the Gravitational Pull Hypothesis,Unknown,2024,10.3726/b21674,crossref:10.3726/b21674,Crossref,,,https://doi.org/10.3726/b21674,blue biotech maritimisation marinization oceanisation hydrosocial de-base-re hypothesis verification indicators,2026-07-24T11:50:37.423092+00:00,Crossref open metadata
Verification of the Inverse Scale Effect Hypothesis on Viscosity and Diffusion by Azo-Amino Acid Schiff Base Copper Complexes,"Yoshitora Wadayama, Ai Kaneda, Taiga Imae, Daisuke Nakane, Takashiro Akitsu",2024,10.3390/jcs8050177,crossref:10.3390/jcs8050177,Crossref,,Journal of Composites Science,https://doi.org/10.3390/jcs8050177,blue biotech maritimisation marinization oceanisation hydrosocial de-base-re hypothesis verification indicators,2026-07-24T11:50:37.423024+00:00,Crossref open metadata
"La mer, un vecteur de construction régionale dans l’espace interaméricain ? Une lecture géographique et géopolitique de la maritimisation",Sylvain Domergue,2023,10.4000/etudescaribeennes.27121,crossref:10.4000/etudescaribeennes.27121,Crossref,,Études caribéennes,https://doi.org/10.4000/etudescaribeennes.27121,blue biotech maritimisation marinization oceanisation hydrosocial de-base-re hypothesis verification indicators,2026-07-24T11:50:37.422944+00:00,Crossref open metadata
L’insécurité dans la région métropolitaine de Port-au-Prince et la déterritorialisation du quartier de Martissant (Haïti),Neptune Prince,2023,10.4000/etudescaribeennes.27386,crossref:10.4000/etudescaribeennes.27386,Crossref,,Études caribéennes,https://doi.org/10.4000/etudescaribeennes.27386,blue biotech maritimisation marinization oceanisation hydrosocial de-base-re hypothesis verification indicators,2026-07-24T11:50:37.423106+00:00,Crossref open metadata
L’élévation du niveau de la mer menacerait-elle le littoral de la Martinique ? L’exemple de la commune du Prêcheur,"Pascal Saffache, Yoann Pelis",2023,10.4000/etudescaribeennes.27346,crossref:10.4000/etudescaribeennes.27346,Crossref,,Études caribéennes,https://doi.org/10.4000/etudescaribeennes.27346,blue biotech maritimisation marinization oceanisation hydrosocial de-base-re hypothesis verification indicators,2026-07-24T11:50:37.423099+00:00,Crossref open metadata
"Mutable Waterscapes, Inconsistent Ontologies",Sohini Chakraborty,2023,10.5040/9789356402805.ch-014,crossref:10.5040/9789356402805.ch-014,Crossref,,Conversations with the Animate ‘Other’,https://doi.org/10.5040/9789356402805.ch-014,blue biotech maritimisation marinization oceanisation hydrosocial de-base-re hypothesis verification indicators,2026-07-24T11:50:37.423080+00:00,Crossref open metadata
"re-blue, v.",Unknown,2023,10.1093/oed/1040946307,crossref:10.1093/oed/1040946307,Crossref,,Oxford English Dictionary,https://doi.org/10.1093/oed/1040946307,blue biotech maritimisation marinization oceanisation hydrosocial de-base-re hypothesis verification indicators,2026-07-24T11:50:37.423095+00:00,Crossref open metadata
Étude géographique de la chaîne de transport maritime de l’agroalimentaire au port d’Abidjan,"Seydou Ouattara, N’Goran Norbert Kouakou",2023,10.4000/etudescaribeennes.27568,crossref:10.4000/etudescaribeennes.27568,Crossref,,Études caribéennes,https://doi.org/10.4000/etudescaribeennes.27568,blue biotech maritimisation marinization oceanisation hydrosocial de-base-re hypothesis verification indicators,2026-07-24T11:50:37.423029+00:00,Crossref open metadata
Blue light-blocking efficiency of blue light-blocking and driving spectacle lenses,"Bon-Yeop Koo, Myoung-Hee Lee",2022,10.51329/mehdioptometry136,crossref:10.51329/mehdioptometry136,Crossref,,"Medical hypothesis, discovery &amp; innovation in optometry",https://doi.org/10.51329/mehdioptometry136,blue biotech maritimisation marinization oceanisation hydrosocial de-base-re hypothesis verification indicators,2026-07-24T11:50:37.423066+00:00,Crossref open metadata
(Re)making hydrosocial territories: Materializing and contesting imaginaries and subjectivities through hydraulic infrastructure,"Lena Hommes, Jaime Hoogesteger, Rutgerd Boelens",2022,10.1016/j.polgeo.2022.102698,crossref:10.1016/j.polgeo.2022.102698,Crossref,,Political Geography,https://doi.org/10.1016/j.polgeo.2022.102698,blue biotech maritimisation marinization oceanisation hydrosocial de-base-re hypothesis verification indicators,2026-07-24T11:50:37.422989+00:00,Crossref open metadata
Re-thinking the smartphone addiction: an allocative hypothesis,Lorenzo Nelli,2022,10.31234/osf.io/cu2sz,crossref:10.31234/osf.io/cu2sz,Crossref,,,https://doi.org/10.31234/osf.io/cu2sz,blue biotech maritimisation marinization oceanisation hydrosocial de-base-re hypothesis verification indicators,2026-07-24T11:50:37.423118+00:00,Crossref open metadata
"La maritimisation : définition, ébauche d’un indicateur et application aux pays et territoires du sud‑ouest de l’océan Indien (1992‑2015)","Annabel Celeste, Christian Bouchard, Erwann Lagabrielle",2021,10.61736/carnets-oi.674,crossref:10.61736/carnets-oi.674,Crossref,,Carnets de recherches de l'océan Indien,https://doi.org/10.61736/carnets-oi.674,blue biotech maritimisation marinization oceanisation hydrosocial de-base-re hypothesis verification indicators,2026-07-24T11:50:37.423008+00:00,Crossref open metadata
"Culturally inclusive water urban design: a critical history of hydrosocial infrastructures in Southern Sydney, Australia","Taylor Coyne, Maria de Lourdes Melo Zurita, David Reid, Veljko Prodanovic",2020,10.2166/bgs.2020.017,crossref:10.2166/bgs.2020.017,Crossref,,Blue-Green Systems,https://doi.org/10.2166/bgs.2020.017,blue biotech maritimisation marinization oceanisation hydrosocial de-base-re hypothesis verification indicators,2026-07-24T11:50:37.422963+00:00,Crossref open metadata
Questions and Concerns Re: Blue Water Footprints Reported in “Water Footprint of Meat Analogs: Selected Indicators According to Life Cycle Assessment”,"Raychel E. Santo, Brent F. Kim, Keeve E. Nachman",2020,10.3390/w12051270,crossref:10.3390/w12051270,Crossref,,Water,https://doi.org/10.3390/w12051270,blue biotech maritimisation marinization oceanisation hydrosocial de-base-re hypothesis verification indicators,2026-07-24T11:50:37.423084+00:00,Crossref open metadata
La maritimisation de l’Arctique : réalité et perspectives,Hervé Baudu,2019,10.3917/quin.095.0152,crossref:10.3917/quin.095.0152,Crossref,,Questions internationales,https://doi.org/10.3917/quin.095.0152,blue biotech maritimisation marinization oceanisation hydrosocial de-base-re hypothesis verification indicators,2026-07-24T11:50:37.422981+00:00,Crossref open metadata
"Book Review:
                    <i>Gothic in the Oceanic South: Maritime, Marine and Aquatic Uncanny in Southern Waters</i>
                    by Allison Craven and Diana Sandars CravenAllisonSandarsDiana, eds, Gothic in the Oceanic South: Maritime, Marine and Aquatic Uncanny in Southern Waters. Abingdon: Routledge, 2024. 214 pp., illustrations, works cited, index. ISBN 978-1-0322-5323-7, £130 (hbk).",Emily Alder,2026,10.1177/08438714261464380,crossref:10.1177/08438714261464380,Crossref,,International Journal of Maritime History,https://doi.org/10.1177/08438714261464380,blue biotech qmbd axis translation marine maritime oceanic hydronization theory terms taxonomy mapping,2026-07-24T11:50:38.420606+00:00,Crossref open metadata
Civilizational Bonds Across the Deep Blue: Global Historical Perspectives in Studies on Global Maritime Cultures and Histories: A Translation Series,Li Yao,2026,10.64058/mes.26.1.09,crossref:10.64058/mes.26.1.09,Crossref,,Marine Education Studies,https://doi.org/10.64058/mes.26.1.09,blue biotech qmbd axis translation marine maritime oceanic hydronization theory terms taxonomy mapping,2026-07-24T11:50:38.420554+00:00,Crossref open metadata
"Marine discovery, nonmarine deployment: A translation paradox in blue biotechnology",Marco F.L. Lemos,2026,10.1016/j.tibtech.2026.06.017,crossref:10.1016/j.tibtech.2026.06.017,Crossref,,Trends in Biotechnology,https://doi.org/10.1016/j.tibtech.2026.06.017,blue biotech qmbd axis translation marine maritime oceanic hydronization theory terms taxonomy mapping,2026-07-24T11:50:38.420559+00:00,Crossref open metadata
AUTONOMOUS/UNMANNED MARITIME VEHICLES: AN EVALUATION OF REGULATORY COMPLIANCE IN TERMS OF INTERNATIONAL MARITIME CONVENTIONS AND MARINE ACCIDENTS,"Batu Şengül, Fatih Yılmaz, Umut Sönmez",2025,10.28956/gbd.1655181,crossref:10.28956/gbd.1655181,Crossref,,Güvenlik Bilimleri Dergisi,https://doi.org/10.28956/gbd.1655181,blue biotech qmbd axis translation marine maritime oceanic hydronization theory terms taxonomy mapping,2026-07-24T11:50:38.420714+00:00,Crossref open metadata
Availability and Bunkering Market of Green and Blue Ammonia for Maritime Propulsion,"Hendrik W. Brinks, Oleksii Ivashenko, Bingjie Guo",2025,10.1007/978-3-032-01620-1_2,crossref:10.1007/978-3-032-01620-1_2,Crossref,,Innovations in Sustainable Maritime Technology—IMAM 2025,https://doi.org/10.1007/978-3-032-01620-1_2,blue biotech qmbd axis translation marine maritime oceanic hydronization theory terms taxonomy mapping,2026-07-24T11:50:38.420689+00:00,Crossref open metadata
"Digital Blue Homeland Geopolitical Theory: Marine Cadaster, Digital Twin, and Maritime Informatics",Adem Bilgin,2025,10.2139/ssrn.5403904,crossref:10.2139/ssrn.5403904,Crossref,,SSRN Electronic Journal,https://doi.org/10.2139/ssrn.5403904,blue biotech qmbd axis translation marine maritime oceanic hydronization theory terms taxonomy mapping,2026-07-24T11:50:38.420548+00:00,Crossref open metadata
Mapping to Enhance the Nation’s Blue Economy,Vivian Louis Forbes,2025,10.1007/978-3-031-78783-6_1,crossref:10.1007/978-3-031-78783-6_1,Crossref,,Malaysia's Maritime Jurisdictional Limits,https://doi.org/10.1007/978-3-031-78783-6_1,blue biotech qmbd axis translation marine maritime oceanic hydronization theory terms taxonomy mapping,2026-07-24T11:50:38.420662+00:00,Crossref open metadata
Omics Translation Marine-Derived Pharmaceuticals for the Blue Bio-economy,"Parthkumar Prajapati, Bhavika Parekh, Rimpal Bhanderi, Chandrashekar Mootapally, Neelam Nathani",2025,10.1201/9781032698106-5,crossref:10.1201/9781032698106-5,Crossref,,Marine Biotechnology,https://doi.org/10.1201/9781032698106-5,blue biotech qmbd axis translation marine maritime oceanic hydronization theory terms taxonomy mapping,2026-07-24T11:50:38.420641+00:00,Crossref open metadata
TAXONOMY OF ENGLISH MARITIME TERMS,Ye. Kornelayeva,2025,10.32782/2409-1154.2025.72.13,crossref:10.32782/2409-1154.2025.72.13,Crossref,,International Humanitarian University Herald. Philolog,https://doi.org/10.32782/2409-1154.2025.72.13,blue biotech qmbd axis translation marine maritime oceanic hydronization theory terms taxonomy mapping,2026-07-24T11:50:38.420563+00:00,Crossref open metadata
"The Chinese oceanic of (M)Anthropocene: reclamation, maritime modernization, and blue-preneurial masculinity",Dongyang Li,2025,10.1080/18902138.2025.2575241,crossref:10.1080/18902138.2025.2575241,Crossref,,NORMA,https://doi.org/10.1080/18902138.2025.2575241,blue biotech qmbd axis translation marine maritime oceanic hydronization theory terms taxonomy mapping,2026-07-24T11:50:38.420682+00:00,Crossref open metadata
Mapping the national blue economic system space: A case study of China,Xiaofei Qi,2024,10.1016/j.marpol.2023.105959,crossref:10.1016/j.marpol.2023.105959,Crossref,,Marine Policy,https://doi.org/10.1016/j.marpol.2023.105959,blue biotech qmbd axis translation marine maritime oceanic hydronization theory terms taxonomy mapping,2026-07-24T11:50:38.420746+00:00,Crossref open metadata
Maritime laws and sustainable development of Blue Economy: Conference report,"Xingyi Duan, Xiaonan Zhao, Marlene Zou, Yen-Chiang Chang",2024,10.1016/j.marpol.2024.106339,crossref:10.1016/j.marpol.2024.106339,Crossref,,Marine Policy,https://doi.org/10.1016/j.marpol.2024.106339,blue biotech qmbd axis translation marine maritime oceanic hydronization theory terms taxonomy mapping,2026-07-24T11:50:38.420731+00:00,Crossref open metadata
Ocean Wildlife and Megafauna Protection,Mohammad Zahirul Islam,2024,10.1007/978-3-031-48831-3_2,crossref:10.1007/978-3-031-48831-3_2,Crossref,,The Blue Book,https://doi.org/10.1007/978-3-031-48831-3_2,blue biotech qmbd axis translation marine maritime oceanic hydronization theory terms taxonomy mapping,2026-07-24T11:50:38.420718+00:00,Crossref open metadata
Shipping and Ecology (Sustainability),Gregory J. Grigoropoulos,2024,10.1007/978-3-031-48831-3_1,crossref:10.1007/978-3-031-48831-3_1,Crossref,,The Blue Book,https://doi.org/10.1007/978-3-031-48831-3_1,blue biotech qmbd axis translation marine maritime oceanic hydronization theory terms taxonomy mapping,2026-07-24T11:50:38.420685+00:00,Crossref open metadata
The Blue Book,Unknown,2024,10.1007/978-3-031-48831-3,crossref:10.1007/978-3-031-48831-3,Crossref,,,https://doi.org/10.1007/978-3-031-48831-3,blue biotech qmbd axis translation marine maritime oceanic hydronization theory terms taxonomy mapping,2026-07-24T11:50:38.420599+00:00,Crossref open metadata
A Study of the Russian Translation and Outreach Paths of the Maritime Cultural Terms in Zhufanzhi under the Perspective of Corpus Translation,"Hanwen Zhang, Xiaomei Ding, Yiling Cao",2023,10.18178/ijlll.2023.9.6.453,crossref:10.18178/ijlll.2023.9.6.453,Crossref,,"International Journal of Languages, Literature and Linguistics",https://doi.org/10.18178/ijlll.2023.9.6.453,blue biotech qmbd axis translation marine maritime oceanic hydronization theory terms taxonomy mapping,2026-07-24T11:50:38.420595+00:00,Crossref open metadata
"Acidification, Annihilation, Extinction","Leah Barclay, Briony Luttrell",2023,10.4324/9781003282716-5,crossref:10.4324/9781003282716-5,Crossref,,Gothic in the Oceanic South,https://doi.org/10.4324/9781003282716-5,blue biotech qmbd axis translation marine maritime oceanic hydronization theory terms taxonomy mapping,2026-07-24T11:50:38.420652+00:00,Crossref open metadata
Charting Disney's Gothic Oceans in Moana,Diana Sandars,2023,10.4324/9781003282716-11,crossref:10.4324/9781003282716-11,Crossref,,Gothic in the Oceanic South,https://doi.org/10.4324/9781003282716-11,blue biotech qmbd axis translation marine maritime oceanic hydronization theory terms taxonomy mapping,2026-07-24T11:50:38.420675+00:00,Crossref open metadata
"“Come in, the Water's Fine”",Adrian Danks,2023,10.4324/9781003282716-3,crossref:10.4324/9781003282716-3,Crossref,,Gothic in the Oceanic South,https://doi.org/10.4324/9781003282716-3,blue biotech qmbd axis translation marine maritime oceanic hydronization theory terms taxonomy mapping,2026-07-24T11:50:38.420659+00:00,Crossref open metadata
FUNCTIONING OF SURVEYING TERMS IN MARITIME INDUSTRY: TRANSLATION ASPECT,"O.V. Moskaliuk, A.K. Smarkalova",2023,10.32782/tps2663-4880/2023.30.39,crossref:10.32782/tps2663-4880/2023.30.39,Crossref,,Тrаnscarpathian Philological Studies,https://doi.org/10.32782/tps2663-4880/2023.30.39,blue biotech qmbd axis translation marine maritime oceanic hydronization theory terms taxonomy mapping,2026-07-24T11:50:38.420669+00:00,Crossref open metadata
Gothic in the Oceanic South,"Diana Sandars, Allison Craven",2023,10.4324/9781003282716,crossref:10.4324/9781003282716,Crossref,,,https://doi.org/10.4324/9781003282716,blue biotech qmbd axis translation marine maritime oceanic hydronization theory terms taxonomy mapping,2026-07-24T11:50:38.420583+00:00,Crossref open metadata
Hydrocolonial Gothic,Isabel Hofmeyr,2023,10.4324/9781003282716-6,crossref:10.4324/9781003282716-6,Crossref,,Gothic in the Oceanic South,https://doi.org/10.4324/9781003282716-6,blue biotech qmbd axis translation marine maritime oceanic hydronization theory terms taxonomy mapping,2026-07-24T11:50:38.420609+00:00,Crossref open metadata
Identity Projection and Axis Shift Toward the Middle East: 2010–2016,Serhat Süha Çubukçuoğlu,2023,10.1007/978-3-031-37204-9_6,crossref:10.1007/978-3-031-37204-9_6,Crossref,,Palgrave Studies in Maritime Politics and Security,https://doi.org/10.1007/978-3-031-37204-9_6,blue biotech qmbd axis translation marine maritime oceanic hydronization theory terms taxonomy mapping,2026-07-24T11:50:38.420742+00:00,Crossref open metadata
Introduction,"Allison Craven, Diana Sandars",2023,10.4324/9781003282716-1,crossref:10.4324/9781003282716-1,Crossref,,Gothic in the Oceanic South,https://doi.org/10.4324/9781003282716-1,blue biotech qmbd axis translation marine maritime oceanic hydronization theory terms taxonomy mapping,2026-07-24T11:50:38.420616+00:00,Crossref open metadata
"Knowing the Uncanny Ocean
                     1",Elspeth Probyn,2023,10.4324/9781003282716-2,crossref:10.4324/9781003282716-2,Crossref,,Gothic in the Oceanic South,https://doi.org/10.4324/9781003282716-2,blue biotech qmbd axis translation marine maritime oceanic hydronization theory terms taxonomy mapping,2026-07-24T11:50:38.420655+00:00,Crossref open metadata
Mapping textual patterns onto translation competence,Carla Quinci,2023,10.4324/9781003227298-6,crossref:10.4324/9781003227298-6,Crossref,,Translation Competence,https://doi.org/10.4324/9781003227298-6,blue biotech qmbd axis translation marine maritime oceanic hydronization theory terms taxonomy mapping,2026-07-24T11:50:38.420706+00:00,Crossref open metadata
Multispecies and Multispirited Seas,Charne Lavery,2023,10.4324/9781003282716-7,crossref:10.4324/9781003282716-7,Crossref,,Gothic in the Oceanic South,https://doi.org/10.4324/9781003282716-7,blue biotech qmbd axis translation marine maritime oceanic hydronization theory terms taxonomy mapping,2026-07-24T11:50:38.420627+00:00,Crossref open metadata
"Northern Rivers Gothic, Ballina",Lynda Hawryluk,2023,10.4324/9781003282716-9,crossref:10.4324/9781003282716-9,Crossref,,Gothic in the Oceanic South,https://doi.org/10.4324/9781003282716-9,blue biotech qmbd axis translation marine maritime oceanic hydronization theory terms taxonomy mapping,2026-07-24T11:50:38.420637+00:00,Crossref open metadata
"On Mermaids, Disgust and the Gothic Sublime",Seán Cubitt,2023,10.4324/9781003282716-10,crossref:10.4324/9781003282716-10,Crossref,,Gothic in the Oceanic South,https://doi.org/10.4324/9781003282716-10,blue biotech qmbd axis translation marine maritime oceanic hydronization theory terms taxonomy mapping,2026-07-24T11:50:38.420709+00:00,Crossref open metadata
The Aquatic Kiwi Gothic,Ian Conrich,2023,10.4324/9781003282716-8,crossref:10.4324/9781003282716-8,Crossref,,Gothic in the Oceanic South,https://doi.org/10.4324/9781003282716-8,blue biotech qmbd axis translation marine maritime oceanic hydronization theory terms taxonomy mapping,2026-07-24T11:50:38.420623+00:00,Crossref open metadata
The Other Alongside,Kate Judith,2023,10.4324/9781003282716-4,crossref:10.4324/9781003282716-4,Crossref,,Gothic in the Oceanic South,https://doi.org/10.4324/9781003282716-4,blue biotech qmbd axis translation marine maritime oceanic hydronization theory terms taxonomy mapping,2026-07-24T11:50:38.420620+00:00,Crossref open metadata
Vampire Hydrology and Coastal Australian Cinema,Allison Craven,2023,10.4324/9781003282716-12,crossref:10.4324/9781003282716-12,Crossref,,Gothic in the Oceanic South,https://doi.org/10.4324/9781003282716-12,blue biotech qmbd axis translation marine maritime oceanic hydronization theory terms taxonomy mapping,2026-07-24T11:50:38.420666+00:00,Crossref open metadata
Australia - the oceanic continent,Andreas Østhagen,2022,10.4337/9781802201567.00010,crossref:10.4337/9781802201567.00010,Crossref,,Ocean Geopolitics,https://doi.org/10.4337/9781802201567.00010,blue biotech qmbd axis translation marine maritime oceanic hydronization theory terms taxonomy mapping,2026-07-24T11:50:38.420678+00:00,Crossref open metadata
Teaching marine engineering terms through online methods in maritime training courses,"Igor Olegovich Smirnov, Bozhena Borisovna Dokuto, Alexey Ivanovich Kondratiev",2022,10.33175/mtr.2023.261340,crossref:10.33175/mtr.2023.261340,Crossref,,Maritime Technology and Research,https://doi.org/10.33175/mtr.2023.261340,blue biotech qmbd axis translation marine maritime oceanic hydronization theory terms taxonomy mapping,2026-07-24T11:50:38.420700+00:00,Crossref open metadata
Maritime dependency and economic prosperity: Why access to oceanic trade matters,"Jesse M. Lane, Michael Pretes",2020,10.1016/j.marpol.2020.104180,crossref:10.1016/j.marpol.2020.104180,Crossref,,Marine Policy,https://doi.org/10.1016/j.marpol.2020.104180,blue biotech qmbd axis translation marine maritime oceanic hydronization theory terms taxonomy mapping,2026-07-24T11:50:38.420602+00:00,Crossref open metadata
"Regulating oceanic imaginaries: the legal construction of space, identities, relations and epistemological hierarchies within marine spatial planning","Mara Ntona, Mika Schröder",2020,10.1007/s40152-020-00163-5,crossref:10.1007/s40152-020-00163-5,Crossref,,Maritime Studies,https://doi.org/10.1007/s40152-020-00163-5,blue biotech qmbd axis translation marine maritime oceanic hydronization theory terms taxonomy mapping,2026-07-24T11:50:38.420735+00:00,Crossref open metadata
From silent knowledge to spatial information – Mapping blue growth scenarios for maritime spatial planning,"Harri Tolvanen, Anne Erkkilä-Välimäki, Tua Nylén",2019,10.1016/j.marpol.2019.103598,crossref:10.1016/j.marpol.2019.103598,Crossref,,Marine Policy,https://doi.org/10.1016/j.marpol.2019.103598,blue biotech qmbd axis translation marine maritime oceanic hydronization theory terms taxonomy mapping,2026-07-24T11:50:38.420525+00:00,Crossref open metadata
Taxonomy and Types of Oceanic Birds,Unknown,2019,10.1515/9780691197012-004,crossref:10.1515/9780691197012-004,Crossref,,Oceanic Birds of the World,https://doi.org/10.1515/9780691197012-004,blue biotech qmbd axis translation marine maritime oceanic hydronization theory terms taxonomy mapping,2026-07-24T11:50:38.420749+00:00,Crossref open metadata
The disappearance of the State Oceanic Administration in China?—Current developments,"Yen-Chiang Chang, Xiuhua Li",2019,10.1016/j.marpol.2019.103588,crossref:10.1016/j.marpol.2019.103588,Crossref,,Marine Policy,https://doi.org/10.1016/j.marpol.2019.103588,blue biotech qmbd axis translation marine maritime oceanic hydronization theory terms taxonomy mapping,2026-07-24T11:50:38.420631+00:00,Crossref open metadata
"Culture, Tourism and Future Risks of Overtourism",Polyxeni Moira,2026,10.1007/978-3-032-14082-1_2,crossref:10.1007/978-3-032-14082-1_2,Crossref,,Cultural Heritage Tourism and Circular Economy,https://doi.org/10.1007/978-3-032-14082-1_2,coastal tourism sustainability overtourism management,2026-07-24T11:50:39.634754+00:00,Crossref open metadata
"The Link between Sustainable Tourism, Tourism Carrying Capacity and Overtourism","Lino Briguglio, Marie Avellino",2026,10.4324/9781003609940-18,crossref:10.4324/9781003609940-18,Crossref,,Overtourism in Cities and Small Islands,https://doi.org/10.4324/9781003609940-18,coastal tourism sustainability overtourism management,2026-07-24T11:50:39.634832+00:00,Crossref open metadata
Overtourism and its Impact on Transport and Sustainability in Coastal Destinations: Evidence From Southern Europe,"Joanna Kizielewicz, Agnieszka Niezgoda",2025,10.2478/ijcm-2025-0017,crossref:10.2478/ijcm-2025-0017,Crossref,,International Journal of Contemporary Management,https://doi.org/10.2478/ijcm-2025-0017,coastal tourism sustainability overtourism management,2026-07-24T11:50:39.634819+00:00,Crossref open metadata
The Framework of Overtourism Management in Coastal Destinations Using the Smart Tourism Approach,Nastaran Pouyanzadeh,2025,10.4018/979-8-3693-8347-6.ch006,crossref:10.4018/979-8-3693-8347-6.ch006,Crossref,,"Advances in Hospitality, Tourism, and the Services Industry",https://doi.org/10.4018/979-8-3693-8347-6.ch006,coastal tourism sustainability overtourism management,2026-07-24T11:50:39.634630+00:00,Crossref open metadata
Acting Responsibly for Sustainable Tourism Development,"Sarah Schönherr, Mike Peters",2024,10.4324/9781003365815-15,crossref:10.4324/9781003365815-15,Crossref,,From Overtourism to Sustainability Governance,https://doi.org/10.4324/9781003365815-15,coastal tourism sustainability overtourism management,2026-07-24T11:50:39.634716+00:00,Crossref open metadata
Addressing the Limits to Growth in Tourism,Felix Windegger,2024,10.4324/9781003365815-14,crossref:10.4324/9781003365815-14,Crossref,,From Overtourism to Sustainability Governance,https://doi.org/10.4324/9781003365815-14,coastal tourism sustainability overtourism management,2026-07-24T11:50:39.634719+00:00,Crossref open metadata
Benefits of an Integrative Tourism Policy,"Mirjam Gruber, Elisa Innerhofer, Maximilian Walder",2024,10.4324/9781003365815-24,crossref:10.4324/9781003365815-24,Crossref,,From Overtourism to Sustainability Governance,https://doi.org/10.4324/9781003365815-24,coastal tourism sustainability overtourism management,2026-07-24T11:50:39.634733+00:00,Crossref open metadata
Beyond Sun and Sand,"Paulo Martins, Antonia Correia",2024,10.4324/9781003365815-8,crossref:10.4324/9781003365815-8,Crossref,,From Overtourism to Sustainability Governance,https://doi.org/10.4324/9781003365815-8,coastal tourism sustainability overtourism management,2026-07-24T11:50:39.634769+00:00,Crossref open metadata
Challenges of Overtourism in Coastal Iceland,"Edita Tverijonaite, Anna Dóra Sæþórsdóttir",2024,10.1007/978-3-031-73187-7_12,crossref:10.1007/978-3-031-73187-7_12,Crossref,,Nordic Coastal Tourism,https://doi.org/10.1007/978-3-031-73187-7_12,coastal tourism sustainability overtourism management,2026-07-24T11:50:39.634604+00:00,Crossref open metadata
Decommodifying nature through commoning: an alternative for tourism and private protected areas,Nora Müller,2024,10.1080/14616688.2024.2446355,crossref:10.1080/14616688.2024.2446355,Crossref,,Tourism Geographies,https://doi.org/10.1080/14616688.2024.2446355,coastal tourism sustainability overtourism management,2026-07-24T11:50:39.634643+00:00,Crossref open metadata
Destination Design for Sustainable Tourism,"Greta Erschbamer, Natalie Olbrich",2024,10.4324/9781003365815-22,crossref:10.4324/9781003365815-22,Crossref,,From Overtourism to Sustainability Governance,https://doi.org/10.4324/9781003365815-22,coastal tourism sustainability overtourism management,2026-07-24T11:50:39.634701+00:00,Crossref open metadata
Destinations During and After the Lockdown,Jan van der Borg,2024,10.4324/9781003365815-4,crossref:10.4324/9781003365815-4,Crossref,,From Overtourism to Sustainability Governance,https://doi.org/10.4324/9781003365815-4,coastal tourism sustainability overtourism management,2026-07-24T11:50:39.634813+00:00,Crossref open metadata
Excursus,Karin Malacarne,2024,10.4324/9781003365815-16,crossref:10.4324/9781003365815-16,Crossref,,From Overtourism to Sustainability Governance,https://doi.org/10.4324/9781003365815-16,coastal tourism sustainability overtourism management,2026-07-24T11:50:39.634686+00:00,Crossref open metadata
"Focusing at the Very Local Scale to Measure, Understand and Manage Overtourism","Raúl Hernández-Martín, Julia Schiemann, Hugo Padrón-Ávila, Yurena Rodríguez-Rodríguez",2024,10.4324/9781003365815-12,crossref:10.4324/9781003365815-12,Crossref,,From Overtourism to Sustainability Governance,https://doi.org/10.4324/9781003365815-12,coastal tourism sustainability overtourism management,2026-07-24T11:50:39.634788+00:00,Crossref open metadata
From Carrying Capacity to Overtourism,"Marcus Herntrei, Veronika Jánová",2024,10.4324/9781003365815-3,crossref:10.4324/9781003365815-3,Crossref,,From Overtourism to Sustainability Governance,https://doi.org/10.4324/9781003365815-3,coastal tourism sustainability overtourism management,2026-07-24T11:50:39.634653+00:00,Crossref open metadata
From Overtourism to Sustainability Governance,"Harald Pechlaner, Elisa Innerhofer, Julian Philipp",2024,10.4324/9781003365815,crossref:10.4324/9781003365815,Crossref,,,https://doi.org/10.4324/9781003365815,coastal tourism sustainability overtourism management,2026-07-24T11:50:39.634694+00:00,Crossref open metadata
"Last Chance to Behave Badly at Uluṟu, Australia",Christof Pforr,2024,10.4324/9781003365815-19,crossref:10.4324/9781003365815-19,Crossref,,From Overtourism to Sustainability Governance,https://doi.org/10.4324/9781003365815-19,coastal tourism sustainability overtourism management,2026-07-24T11:50:39.634822+00:00,Crossref open metadata
"Overtourism and Tourism Sustainable Management in the Komodo National Park, Indonesia","Reiza Miftah Wirakusuma, Sarah Gardiner, Alexandra Coghlan",2024,10.1079/tourism.2024.0026,crossref:10.1079/tourism.2024.0026,Crossref,,Tourism Cases,https://doi.org/10.1079/tourism.2024.0026,coastal tourism sustainability overtourism management,2026-07-24T11:50:39.634799+00:00,Crossref open metadata
Resilience Agility in Tourism,"Anastasia Traskevich, Martin Fontanari",2024,10.4324/9781003365815-25,crossref:10.4324/9781003365815-25,Crossref,,From Overtourism to Sustainability Governance,https://doi.org/10.4324/9781003365815-25,coastal tourism sustainability overtourism management,2026-07-24T11:50:39.634671+00:00,Crossref open metadata
Spotting Overtourism and Identifying Actions to Address It with the Help of the Visitor Flow Approach,Pietro Beritelli,2024,10.4324/9781003365815-20,crossref:10.4324/9781003365815-20,Crossref,,From Overtourism to Sustainability Governance,https://doi.org/10.4324/9781003365815-20,coastal tourism sustainability overtourism management,2026-07-24T11:50:39.634736+00:00,Crossref open metadata
Sustainability Priorities Disclosures in Annual Reports and the Contribution of Museums to Sustainable Development and Overtourism,Elena Borin,2024,10.4324/9781003365815-13,crossref:10.4324/9781003365815-13,Crossref,,From Overtourism to Sustainability Governance,https://doi.org/10.4324/9781003365815-13,coastal tourism sustainability overtourism management,2026-07-24T11:50:39.634668+00:00,Crossref open metadata
"Who is the city for? Overtourism, lifestyle migration and social sustainability","Jaime Jover, Ibán Díaz-Parra",2023,10.4324/9781003358282-2,crossref:10.4324/9781003358282-2,Crossref,,"Migration, Tourism and Social Sustainability",https://doi.org/10.4324/9781003358282-2,coastal tourism sustainability overtourism management,2026-07-24T11:50:39.634751+00:00,Crossref open metadata
BALANCING OVERTOURISM AND UNDERTOURISM: VISITOR MANAGEMENT IN PRACTICE,Unknown,2021,10.4337/9781839100895.00024,crossref:10.4337/9781839100895.00024,Crossref,,Handbook for Sustainable Tourism Practitioners,https://doi.org/10.4337/9781839100895.00024,coastal tourism sustainability overtourism management,2026-07-24T11:50:39.634826+00:00,Crossref open metadata
Overtourism in Coastal Territories in the Perspective of Cruise Tourism,Mónica Morais de Brito,2021,10.4018/978-1-7998-4318-4.ch017,crossref:10.4018/978-1-7998-4318-4.ch017,Crossref,,"Advances in Hospitality, Tourism, and the Services Industry",https://doi.org/10.4018/978-1-7998-4318-4.ch017,coastal tourism sustainability overtourism management,2026-07-24T11:50:39.634791+00:00,Crossref open metadata
Conceptualising overtourism: A sustainability approach,Tanja Mihalic,2020,10.1016/j.annals.2020.103025,crossref:10.1016/j.annals.2020.103025,Crossref,,Annals of Tourism Research,https://doi.org/10.1016/j.annals.2020.103025,coastal tourism sustainability overtourism management,2026-07-24T11:50:39.634795+00:00,Crossref open metadata
Demarketing overtourism,"Maximiliano Korstanje, Babu George",2020,10.4324/9781003031765-8,crossref:10.4324/9781003031765-8,Crossref,,Overtourism and Tourism Education,https://doi.org/10.4324/9781003031765-8,coastal tourism sustainability overtourism management,2026-07-24T11:50:39.634773+00:00,Crossref open metadata
Education as a Strategy to Tackle Over Tourism for Overtourism and Inclusive Sustainability in the Twenty-First Century,"Maximiliano E. Korstanje, Babu P. George",2020,10.1007/978-3-030-42458-9_18,crossref:10.1007/978-3-030-42458-9_18,Crossref,,Overtourism,https://doi.org/10.1007/978-3-030-42458-9_18,coastal tourism sustainability overtourism management,2026-07-24T11:50:39.634802+00:00,Crossref open metadata
"Overtourism, education, and the tourism area life cycle model",Richard W. Butler,2020,10.4324/9781003031765-3,crossref:10.4324/9781003031765-3,Crossref,,Overtourism and Tourism Education,https://doi.org/10.4324/9781003031765-3,coastal tourism sustainability overtourism management,2026-07-24T11:50:39.634806+00:00,Crossref open metadata
The impact of tourism education on tourism destination performance and sustainability,"Ovidiu I. Moisescu, Oana A. Gică, Monica M. Coroş",2020,10.4324/9781003031765-10,crossref:10.4324/9781003031765-10,Crossref,,Overtourism and Tourism Education,https://doi.org/10.4324/9781003031765-10,coastal tourism sustainability overtourism management,2026-07-24T11:50:39.634784+00:00,Crossref open metadata
Analysis of the Accommodation Density in Coastal Tourism Areas of Insular Destinations from the Perspective of Overtourism,"Moisés Simancas Cruz, María Pilar Peñarrubia Zaragoza",2019,10.3390/su11113031,crossref:10.3390/su11113031,Crossref,,Sustainability,https://doi.org/10.3390/su11113031,coastal tourism sustainability overtourism management,2026-07-24T11:50:39.634648+00:00,Crossref open metadata
Between seasonality and overtourism in seaside destinations,"Marika Gon, Luca Grassetti, Francesco Marangon, Laura Rizzi, Stefania Troiano",2019,10.4324/9780429197987-10,crossref:10.4324/9780429197987-10,Crossref,,Overtourism,https://doi.org/10.4324/9780429197987-10,coastal tourism sustainability overtourism management,2026-07-24T11:50:39.634762+00:00,Crossref open metadata
How to manage the threatening phenomenon of ‘overtourism’?,"Petra Tschöll, Clemens Költringer",2019,10.4324/9780429197987-13,crossref:10.4324/9780429197987-13,Crossref,,Overtourism,https://doi.org/10.4324/9780429197987-13,coastal tourism sustainability overtourism management,2026-07-24T11:50:39.634709+00:00,Crossref open metadata
Key themes for tourism development management,"Damiano De Marchi, Mara Manente",2019,10.4324/9780429197987-9,crossref:10.4324/9780429197987-9,Crossref,,Overtourism,https://doi.org/10.4324/9780429197987-9,coastal tourism sustainability overtourism management,2026-07-24T11:50:39.634726+00:00,Crossref open metadata
Management strategies for overtourism,"Ko Koens, Albert Postma, Bernadett Papp",2019,10.4324/9780429197987-11,crossref:10.4324/9780429197987-11,Crossref,,Overtourism,https://doi.org/10.4324/9780429197987-11,coastal tourism sustainability overtourism management,2026-07-24T11:50:39.634664+00:00,Crossref open metadata
Overcrowding of tourism destinations,Egon Smeral,2019,10.4324/9780429197987-12,crossref:10.4324/9780429197987-12,Crossref,,Overtourism,https://doi.org/10.4324/9780429197987-12,coastal tourism sustainability overtourism management,2026-07-24T11:50:39.634675+00:00,Crossref open metadata
Overtourism,Unknown,2019,10.4324/9780429197987,crossref:10.4324/9780429197987,Crossref,,,https://doi.org/10.4324/9780429197987,coastal tourism sustainability overtourism management,2026-07-24T11:50:39.634740+00:00,Crossref open metadata
Overtourism and resistance,Michael Clancy,2019,10.4324/9780429197987-2,crossref:10.4324/9780429197987-2,Crossref,,Overtourism,https://doi.org/10.4324/9780429197987-2,coastal tourism sustainability overtourism management,2026-07-24T11:50:39.634640+00:00,Crossref open metadata
Problem and solution awareness in overtourism,"Martin Fontanari, Berit Berger-Risthaus",2019,10.4324/9780429197987-4,crossref:10.4324/9780429197987-4,Crossref,,Overtourism,https://doi.org/10.4324/9780429197987-4,coastal tourism sustainability overtourism management,2026-07-24T11:50:39.634690+00:00,Crossref open metadata
Residents’ Attitudes towards Overtourism from the Perspective of Tourism Impacts and Cooperation—The Case of Ljubljana,"Kir Kuščer, Tanja Mihalič",2019,10.3390/su11061823,crossref:10.3390/su11061823,Crossref,,Sustainability,https://doi.org/10.3390/su11061823,coastal tourism sustainability overtourism management,2026-07-24T11:50:39.634810+00:00,Crossref open metadata
The end of tourism through ‘localhood’ and ‘overtourism’?,Michael Volgger,2019,10.4324/9780429197987-15,crossref:10.4324/9780429197987-15,Crossref,,Overtourism,https://doi.org/10.4324/9780429197987-15,coastal tourism sustainability overtourism management,2026-07-24T11:50:39.634636+00:00,Crossref open metadata
"UNESCO, cultural heritage sites and tourism","Marilena Vecco, Josephine Caust",2019,10.4324/9780429197987-5,crossref:10.4324/9780429197987-5,Crossref,,Overtourism,https://doi.org/10.4324/9780429197987-5,coastal tourism sustainability overtourism management,2026-07-24T11:50:39.634747+00:00,Crossref open metadata
Visitor management in highly-visited attractions,Ady Milman,2019,10.4324/9780429197987-8,crossref:10.4324/9780429197987-8,Crossref,,Overtourism,https://doi.org/10.4324/9780429197987-8,coastal tourism sustainability overtourism management,2026-07-24T11:50:39.634776+00:00,Crossref open metadata
"Visitor management in world heritage sites: Does overtourism-driven traffic management affect tourist targets, behaviour and satisfaction?","Anna Scuttari, Giulia Isetti, Daria Habicher",2019,10.4324/9780429197987-14,crossref:10.4324/9780429197987-14,Crossref,,Overtourism,https://doi.org/10.4324/9780429197987-14,coastal tourism sustainability overtourism management,2026-07-24T11:50:39.634758+00:00,Crossref open metadata
Accidental oil spills and pipeline leakages threaten marine livelihoods and blue economy development in the Niger Delta,"Tamaramiebi Timidi, Benedict UGBOMAH",2026,10.21203/rs.3.rs-8627153/v1,crossref:10.21203/rs.3.rs-8627153/v1,Crossref,,,https://doi.org/10.21203/rs.3.rs-8627153/v1,marine ecotourism blue economy livelihoods governance,2026-07-24T11:50:41.312847+00:00,Crossref open metadata
Achieving sustainable fisheries and livelihoods from Sasi Laut in a blue economy in Indonesia,"Arnoldus S. Ananta, Reniel B. Cabral",2026,10.1016/j.marpol.2026.107032,crossref:10.1016/j.marpol.2026.107032,Crossref,,Marine Policy,https://doi.org/10.1016/j.marpol.2026.107032,marine ecotourism blue economy livelihoods governance,2026-07-24T11:50:41.312886+00:00,Crossref open metadata
"Behavioral barriers to blue economy reform: A policy synthesis on ESG, emissions, and governance","Muniza Askari, Subhasree Ray, Shoba Suri",2026,10.1016/j.marpol.2025.106938,crossref:10.1016/j.marpol.2025.106938,Crossref,,Marine Policy,https://doi.org/10.1016/j.marpol.2025.106938,marine ecotourism blue economy livelihoods governance,2026-07-24T11:50:41.312968+00:00,Crossref open metadata
Blue Economy Governance: Evidence of Marine Tourism Development on Blue Justice for Small-scale Fishermen in The Mandeh Region of Indonesia,"Idris Idris, Novya Riani, Joan Marta, Maizul Rahmizal, Indah Susilowati, Puji Handayati",2026,10.2139/ssrn.6338971,crossref:10.2139/ssrn.6338971,Crossref,,,https://doi.org/10.2139/ssrn.6338971,marine ecotourism blue economy livelihoods governance,2026-07-24T11:50:41.313006+00:00,Crossref open metadata
Employment Potential in the Marine Sector: Advancing Marginalized Participation Through the Blue Economy,"Preeti Tarkar, Asif Mohammad, Himanshu Pandey",2026,10.1007/978-3-032-13638-1_23,crossref:10.1007/978-3-032-13638-1_23,Crossref,,World Sustainability Series,https://doi.org/10.1007/978-3-032-13638-1_23,marine ecotourism blue economy livelihoods governance,2026-07-24T11:50:41.313084+00:00,Crossref open metadata
Marine Pollution and Its Impact on Blue Economy,Nitin Agarwala,2026,10.1007/978-3-032-19927-0_35,crossref:10.1007/978-3-032-19927-0_35,Crossref,,Handbook of Sustainable Blue Economy,https://doi.org/10.1007/978-3-032-19927-0_35,marine ecotourism blue economy livelihoods governance,2026-07-24T11:50:41.313103+00:00,Crossref open metadata
Oil Spills Impact and Toxicological Stress on Fisheries-Dependent Livelihoods in the Coastal and Marine Environment: Implications for the Blue Economy,"M.O. Ojile, F.T. Disi",2026,10.37745/ijepr.13/vol14n11529,crossref:10.37745/ijepr.13/vol14n11529,Crossref,,International Journal of Environment and Pollution Research,https://doi.org/10.37745/ijepr.13/vol14n11529,marine ecotourism blue economy livelihoods governance,2026-07-24T11:50:41.313112+00:00,Crossref open metadata
Smart Governance for a Sustainable Blue Economy,Nitin Agarwala,2026,10.1007/978-3-032-19927-0_37,crossref:10.1007/978-3-032-19927-0_37,Crossref,,Handbook of Sustainable Blue Economy,https://doi.org/10.1007/978-3-032-19927-0_37,marine ecotourism blue economy livelihoods governance,2026-07-24T11:50:41.313046+00:00,Crossref open metadata
"Strategy for utilizing local wisdom in the development of Blue Economy in marine ecotourism on Gili Genting Island, Sumenep Regency","Moh. Musleh, Deasy Arieffiani",2026,10.35308/jpp.v12i1.11261,crossref:10.35308/jpp.v12i1.11261,Crossref,,Journal Public Policy,https://doi.org/10.35308/jpp.v12i1.11261,marine ecotourism blue economy livelihoods governance,2026-07-24T11:50:41.313002+00:00,Crossref open metadata
Strengthening Fisheries Governance for Kenya’s Blue Economy: Policy Priorities for Sustainable Growth and Livelihoods,Anne Mokoro,2026,10.11648/j.jppa.20261001.21,crossref:10.11648/j.jppa.20261001.21,Crossref,,Journal of Public Policy and Administration,https://doi.org/10.11648/j.jppa.20261001.21,marine ecotourism blue economy livelihoods governance,2026-07-24T11:50:41.312934+00:00,Crossref open metadata
Sustainable development of marine macroalgae production: Policy and governance considerations,"David Benson, Burcin Demirbilek",2026,10.1016/b978-0-443-33492-4.00012-7,crossref:10.1016/b978-0-443-33492-4.00012-7,Crossref,,Innovations in the Blue Economy,https://doi.org/10.1016/b978-0-443-33492-4.00012-7,marine ecotourism blue economy livelihoods governance,2026-07-24T11:50:41.312955+00:00,Crossref open metadata
"The blue nexus unveiled: Interlinking marine pollution, circular economy, and the blue economy in ocean sustainability","Mallika Roy, Delwar Akbar",2026,10.1016/j.marpolbul.2025.119028,crossref:10.1016/j.marpolbul.2025.119028,Crossref,,Marine Pollution Bulletin,https://doi.org/10.1016/j.marpolbul.2025.119028,marine ecotourism blue economy livelihoods governance,2026-07-24T11:50:41.313065+00:00,Crossref open metadata
Blue Economy Implementation and Marine Resource Governance in Zanzibar: Institutional Dynamics and Conservation Outcomes,"Mohamed Said, Iddi Mwanyoka, Kalista Higinia, Abiud Kaswamila",2025,10.21203/rs.3.rs-8239015/v1,crossref:10.21203/rs.3.rs-8239015/v1,Crossref,,,https://doi.org/10.21203/rs.3.rs-8239015/v1,marine ecotourism blue economy livelihoods governance,2026-07-24T11:50:41.312985+00:00,Crossref open metadata
Jobs and Livelihoods in the Blue Economy,Unknown,2025,10.1596/42996,crossref:10.1596/42996,Crossref,,,https://doi.org/10.1596/42996,marine ecotourism blue economy livelihoods governance,2026-07-24T11:50:41.312924+00:00,Crossref open metadata
Marine Pollution Risk Management in Marine Resources Governance and Implications for the Blue Economy,"Triyani Triyani, Lukman  Yudho Prakoso, Panji Suwarno",2025,10.2139/ssrn.5074161,crossref:10.2139/ssrn.5074161,Crossref,,,https://doi.org/10.2139/ssrn.5074161,marine ecotourism blue economy livelihoods governance,2026-07-24T11:50:41.312912+00:00,Crossref open metadata
Marine viruses: Biogeochemical implications and potential applications,"Faiza A Fattouh, Sahar W.M. Hassan",2025,10.57241/2805-2994.1037,crossref:10.57241/2805-2994.1037,Crossref,,Blue Economy,https://doi.org/10.57241/2805-2994.1037,marine ecotourism blue economy livelihoods governance,2026-07-24T11:50:41.313118+00:00,Crossref open metadata
Blue Economy Governance: Marine Spatial Planning,Nusrat Tasnim Fariha,2024,10.71391/sbv1i2_0003,crossref:10.71391/sbv1i2_0003,Crossref,,SIMEC Bulletin,https://doi.org/10.71391/sbv1i2_0003,marine ecotourism blue economy livelihoods governance,2026-07-24T11:50:41.312943+00:00,Crossref open metadata
Change among the Wannilaeto of Sri Lanka,Wiveca Stegeborn,2024,10.5040/9798881887759.ch-10,crossref:10.5040/9798881887759.ch-10,Crossref,,Ecotourism Impacts on Indigenous Peoples,https://doi.org/10.5040/9798881887759.ch-10,marine ecotourism blue economy livelihoods governance,2026-07-24T11:50:41.313090+00:00,Crossref open metadata
Stakeholder perceptions of blue economy governance networks and their equity implications in Bangladesh,"Jewel Das, Maheshwaran Govender, Haseeb Md. Irfanullah, Samiya Ahmed Selim, Marion Glaser",2024,10.1016/j.marpol.2024.106359,crossref:10.1016/j.marpol.2024.106359,Crossref,,Marine Policy,https://doi.org/10.1016/j.marpol.2024.106359,marine ecotourism blue economy livelihoods governance,2026-07-24T11:50:41.313070+00:00,Crossref open metadata
The Role of Local Community in Ecotourism Governance: A Step towards the Blue Economy,M. Husni Tamrin,2024,10.57239/pjlss-2024-22.2.001395,crossref:10.57239/pjlss-2024-22.2.001395,Crossref,,Pakistan Journal of Life and Social Sciences (PJLSS),https://doi.org/10.57239/pjlss-2024-22.2.001395,marine ecotourism blue economy livelihoods governance,2026-07-24T11:50:41.312931+00:00,Crossref open metadata
Cities and regions for a blue economy,"Oriana Romano, Juliette Lassman, Georges Laimé",2023,10.24241/notesint.2023/296/en,crossref:10.24241/notesint.2023/296/en,Crossref,,Notes Internacionals CIDOB,https://doi.org/10.24241/notesint.2023/296/en,marine ecotourism blue economy livelihoods governance,2026-07-24T11:50:41.313108+00:00,Crossref open metadata
Transitioning from blue growth to the sustainable blue economy: A review of Ireland’s new marine governance in the aquaculture sector,"María Del Camino Troya, Joseph Onwona Ansong, Anne Marie O’Hagan",2023,10.3389/fmars.2023.1075803,crossref:10.3389/fmars.2023.1075803,Crossref,,Frontiers in Marine Science,https://doi.org/10.3389/fmars.2023.1075803,marine ecotourism blue economy livelihoods governance,2026-07-24T11:50:41.313042+00:00,Crossref open metadata
Blue Economy and Livelihoods in Indian Sundarbans,"Abhijit Mitra, Sufia Zaman, Prosenjit Pramanick",2022,10.1007/978-3-031-07908-5_3,crossref:10.1007/978-3-031-07908-5_3,Crossref,,Blue Economy in Indian Sundarbans,https://doi.org/10.1007/978-3-031-07908-5_3,marine ecotourism blue economy livelihoods governance,2026-07-24T11:50:41.312947+00:00,Crossref open metadata
Global blue economy governance – A methodological approach to investigating blue economy implementation,"Lucky Wuwung, Freya Croft, Dominique Benzaken, Kamal Azmi, Camille Goodman, Constance Rambourg, Michelle Voyer",2022,10.3389/fmars.2022.1043881,crossref:10.3389/fmars.2022.1043881,Crossref,,Frontiers in Marine Science,https://doi.org/10.3389/fmars.2022.1043881,marine ecotourism blue economy livelihoods governance,2026-07-24T11:50:41.312964+00:00,Crossref open metadata
Ecotourism impact on livelihoods and wellbeing,"Ian E. Munanura, Edwin Sabuhoro",2021,10.4324/9781003001768-13,crossref:10.4324/9781003001768-13,Crossref,,Routledge Handbook of Ecotourism,https://doi.org/10.4324/9781003001768-13,marine ecotourism blue economy livelihoods governance,2026-07-24T11:50:41.313050+00:00,Crossref open metadata
Blue Economy and Marine Biorefinery,Unknown,2020,10.1142/9789811224294_0002,crossref:10.1142/9789811224294_0002,Crossref,,Macroalgal Biorefineries for the Blue Economy,https://doi.org/10.1142/9789811224294_0002,marine ecotourism blue economy livelihoods governance,2026-07-24T11:50:41.313061+00:00,Crossref open metadata
"Shark ecotourism in Mexico: Scientific research, conservation, and contribution to a Blue Economy",Unknown,2020,10.1016/bs.amb.2019.08.003,crossref:10.1016/bs.amb.2019.08.003,Crossref,,Advances in Marine Biology,https://doi.org/10.1016/bs.amb.2019.08.003,marine ecotourism blue economy livelihoods governance,2026-07-24T11:50:41.312940+00:00,Crossref open metadata
"The science, social science and governance of marine extremes","Erika J. Techera, Gundula Winter",2019,10.4324/9780429491023-2,crossref:10.4324/9780429491023-2,Crossref,,Marine Extremes,https://doi.org/10.4324/9780429491023-2,marine ecotourism blue economy livelihoods governance,2026-07-24T11:50:41.312927+00:00,Crossref open metadata
Environmental Analysis on Cruise Tourism: Case Study of Penang,Unknown,2025,10.47263/jrtm.05-01-06,crossref:10.47263/jrtm.05-01-06,Crossref,,Journal of Responsible Tourism Management,https://doi.org/10.47263/jrtm.05-01-06,cruise tourism environmental impact governance,2026-07-24T11:50:41.888476+00:00,Crossref open metadata
Wildlife tourism in Assam: Assessing environmental impact and governance for sustainable development,"Kirtika Uzir, Monoj Kumar Chowdhury",2025,10.22271/27069583.2025.v7.i1b.135,crossref:10.22271/27069583.2025.v7.i1b.135,Crossref,,International Journal of Tourism and Hotel Management,https://doi.org/10.22271/27069583.2025.v7.i1b.135,cruise tourism environmental impact governance,2026-07-24T11:50:41.888556+00:00,Crossref open metadata
ENVIRONMENTAL IMPACT OF CRUISE TOURISM: EXPLORING MITIGATION CASE STUDIES IN MAJOR PORTS,"ALEXANDRA ALEXANDROPOULOU, NATALIA CHATZIFOTI, KONSTANTINA K. AGORAKI, ANDREAS FOUSTERIS, DIMITRIOS A. GEORGAKELLOS",2024,10.2495/st240171,crossref:10.2495/st240171,Crossref,,WIT Transactions on Ecology and the Environment,https://doi.org/10.2495/st240171,cruise tourism environmental impact governance,2026-07-24T11:50:41.888504+00:00,Crossref open metadata
Decision: A decade of ‘blue tourism’ sustainability research: Exploring the impact of cruise tourism on coastal areas — R1/PR7,Unknown,2023,10.1017/cft.2023.2.pr7,crossref:10.1017/cft.2023.2.pr7,Crossref,,,https://doi.org/10.1017/cft.2023.2.pr7,cruise tourism environmental impact governance,2026-07-24T11:50:41.888454+00:00,Crossref open metadata
Recommendation: A decade of ‘blue tourism’ sustainability research: Exploring the impact of cruise tourism on coastal areas — R1/PR6,Unknown,2023,10.1017/cft.2023.2.pr6,crossref:10.1017/cft.2023.2.pr6,Crossref,,,https://doi.org/10.1017/cft.2023.2.pr6,cruise tourism environmental impact governance,2026-07-24T11:50:41.888457+00:00,Crossref open metadata
Author comment: A decade of ‘blue tourism’ sustainability research: Exploring the impact of cruise tourism on coastal areas — R0/PR1,Alexis Papathanassis,2022,10.1017/cft.2023.2.pr1,crossref:10.1017/cft.2023.2.pr1,Crossref,,,https://doi.org/10.1017/cft.2023.2.pr1,cruise tourism environmental impact governance,2026-07-24T11:50:41.888480+00:00,Crossref open metadata
Author comment: A decade of ‘blue tourism’ sustainability research: Exploring the impact of cruise tourism on coastal areas — R1/PR5,Alexis Papathanassis,2022,10.1017/cft.2023.2.pr5,crossref:10.1017/cft.2023.2.pr5,Crossref,,,https://doi.org/10.1017/cft.2023.2.pr5,cruise tourism environmental impact governance,2026-07-24T11:50:41.888484+00:00,Crossref open metadata
COVID-19 Anchor for Cruise Tourism. An analysis of Gdańsk’s and Gdynia's Cruise Tourism in the 2017-2020 Period,"Joanna PIOCH, Mariusz CHMIELEWSKI, Renata PŁOSKA, Karol ŚLEDZIK",2022,10.14505/jemt.v13.1(57).24,crossref:10.14505/jemt.v13.1(57).24,Crossref,,Journal of Environmental Management and Tourism,https://doi.org/10.14505/jemt.v13.1(57).24,cruise tourism environmental impact governance,2026-07-24T11:50:41.888492+00:00,Crossref open metadata
Decision: A decade of ‘blue tourism’ sustainability research: Exploring the impact of cruise tourism on coastal areas — R0/PR4,Unknown,2022,10.1017/cft.2023.2.pr4,crossref:10.1017/cft.2023.2.pr4,Crossref,,,https://doi.org/10.1017/cft.2023.2.pr4,cruise tourism environmental impact governance,2026-07-24T11:50:41.888460+00:00,Crossref open metadata
Recommendation: A decade of ‘blue tourism’ sustainability research: Exploring the impact of cruise tourism on coastal areas — R0/PR3,Unknown,2022,10.1017/cft.2023.2.pr3,crossref:10.1017/cft.2023.2.pr3,Crossref,,,https://doi.org/10.1017/cft.2023.2.pr3,cruise tourism environmental impact governance,2026-07-24T11:50:41.888444+00:00,Crossref open metadata
Review: A decade of ‘blue tourism’ sustainability research: Exploring the impact of cruise tourism on coastal areas — R0/PR2,Unknown,2022,10.1017/cft.2023.2.pr2,crossref:10.1017/cft.2023.2.pr2,Crossref,,,https://doi.org/10.1017/cft.2023.2.pr2,cruise tourism environmental impact governance,2026-07-24T11:50:41.888433+00:00,Crossref open metadata
Tourism Impact on Environmental Sustainability: A Focus on the Cruise Industry,Kirkland Robert Anderson,2021,10.5772/intechopen.93922,crossref:10.5772/intechopen.93922,Crossref,,Tourism,https://doi.org/10.5772/intechopen.93922,cruise tourism environmental impact governance,2026-07-24T11:50:41.888412+00:00,Crossref open metadata
Responsible Tourism and the Cruise Industry by Harold Goodwin,Harold Goodwin,2020,10.23912/9781911635574-4440,crossref:10.23912/9781911635574-4440,Crossref,,The Impact of Tourism on the Marine Environment,https://doi.org/10.23912/9781911635574-4440,cruise tourism environmental impact governance,2026-07-24T11:50:41.888437+00:00,Crossref open metadata
The Cruise Industry,Unknown,2020,10.2307/jj.28209986.6,crossref:10.2307/jj.28209986.6,Crossref,,The Impact of Tourism on the Marine Environment,https://doi.org/10.2307/jj.28209986.6,cruise tourism environmental impact governance,2026-07-24T11:50:41.888441+00:00,Crossref open metadata
Cruise Tourism Impacts on Historic Cities,"Jannelle Wilkins, Martha Honey",2019,10.4324/9780429203282-5,crossref:10.4324/9780429203282-5,Crossref,,Cruise Tourism in the Caribbean,https://doi.org/10.4324/9780429203282-5,cruise tourism environmental impact governance,2026-07-24T11:50:41.888560+00:00,Crossref open metadata
Environmental “Footprint” of the Cruise Industry,"Martha Honey, Samantha Bray",2019,10.4324/9780429203282-4,crossref:10.4324/9780429203282-4,Crossref,,Cruise Tourism in the Caribbean,https://doi.org/10.4324/9780429203282-4,cruise tourism environmental impact governance,2026-07-24T11:50:41.888426+00:00,Crossref open metadata
Factors influencing cruise vacations: the impact of online reviews and environmental friendliness,"Frida Bahja, Cihan Cobanoglu, Katerina Berezina, Carolin Lusby",2019,10.1108/tr-12-2017-0207,crossref:10.1108/tr-12-2017-0207,Crossref,,Tourism Review,https://doi.org/10.1108/tr-12-2017-0207,cruise tourism environmental impact governance,2026-07-24T11:50:41.888540+00:00,Crossref open metadata
History and Growth of Cruise Tourism,Martha Honey,2019,10.4324/9780429203282-2,crossref:10.4324/9780429203282-2,Crossref,,Cruise Tourism in the Caribbean,https://doi.org/10.4324/9780429203282-2,cruise tourism environmental impact governance,2026-07-24T11:50:41.888529+00:00,Crossref open metadata
Sustainable tourism governance and Caribbean SIDS,Unknown,2019,10.4337/9781786437273.00008,crossref:10.4337/9781786437273.00008,Crossref,,Global Environmental Governance and Small States,https://doi.org/10.4337/9781786437273.00008,cruise tourism environmental impact governance,2026-07-24T11:50:41.888588+00:00,Crossref open metadata
The Economic Model and Impacts of Cruise Tourism,Martha Honey,2019,10.4324/9780429203282-3,crossref:10.4324/9780429203282-3,Crossref,,Cruise Tourism in the Caribbean,https://doi.org/10.4324/9780429203282-3,cruise tourism environmental impact governance,2026-07-24T11:50:41.888563+00:00,Crossref open metadata
Development of Professional Competences of Future Educators,Ziyayeva Umida Turakhodzhayevna,2026,10.37547/ijp/volume06issue04-10,crossref:10.37547/ijp/volume06issue04-10,Crossref,,International Journal of Pedagogics,https://doi.org/10.37547/ijp/volume06issue04-10,coastal tourism workforce skills competences training professional development,2026-07-24T11:50:42.793919+00:00,Crossref open metadata
DEVELOPMENT OF PROFESSIONAL COMPETENCES OF MASTERS-OLIGOPHRENOPEDAGOGUES IN THE VOCATIONAL TRAINING SYSTEM: CRITERIA AND INDICATORS,O.I. Kapustina,2025,10.32782/2663-6085/2025/84.1.22,crossref:10.32782/2663-6085/2025/84.1.22,Crossref,,Innovate Pedagogy,https://doi.org/10.32782/2663-6085/2025/84.1.22,coastal tourism workforce skills competences training professional development,2026-07-24T11:50:42.793987+00:00,Crossref open metadata
Fostering Sustainable Workforce Development in the Indian Tourism Sector,"Archan Mitra, Sanchita Paul",2025,10.4018/979-8-3373-0071-9.ch006,crossref:10.4018/979-8-3373-0071-9.ch006,Crossref,,Human Capital Management and Competitive Advantage in Tourism,https://doi.org/10.4018/979-8-3373-0071-9.ch006,coastal tourism workforce skills competences training professional development,2026-07-24T11:50:42.793960+00:00,Crossref open metadata
MODERN CONCEPTUAL APPROACHES TO DETERMINING THE CONTENT OF GENERAL COMPETENCES IN THE PROFESSIONAL TRAINING OF MANAGERS OF SOCIO-CULTURAL ACTIVITIES,I. ALEKSEIEV,2025,10.33989/2075-146x.2025.36.339114,crossref:10.33989/2075-146x.2025.36.339114,Crossref,,ТHE SOURCES OF PEDAGOGICAL SKILLS,https://doi.org/10.33989/2075-146x.2025.36.339114,coastal tourism workforce skills competences training professional development,2026-07-24T11:50:42.793977+00:00,Crossref open metadata
Navigating the Global Workforce Through Workplace Learning and Professional Development,Christopher H. Slotboom,2025,10.4018/979-8-3373-5322-7.ch003,crossref:10.4018/979-8-3373-5322-7.ch003,Crossref,,"Gaming, Wellness, and Technology in the Bold Global Workforce",https://doi.org/10.4018/979-8-3373-5322-7.ch003,coastal tourism workforce skills competences training professional development,2026-07-24T11:50:42.793922+00:00,Crossref open metadata
Professional Language Competences for Internships of Refugees in German Companies—First Results of the Project InTAK,"Nicole Kimmelmann, Magdalena Michalak",2025,10.1007/978-3-032-01959-2_3,crossref:10.1007/978-3-032-01959-2_3,Crossref,,Palgrave Studies in Technical and Vocational Education and Training,https://doi.org/10.1007/978-3-032-01959-2_3,coastal tourism workforce skills competences training professional development,2026-07-24T11:50:42.793878+00:00,Crossref open metadata
Proposal to develop research skills in nursing staff who perform care duties,Andrea Vázquez,2025,10.62486/978-9915-704-12-8.ch02,crossref:10.62486/978-9915-704-12-8.ch02,Crossref,,"Health and Professional Practice in Argentina: Applied Research in Patient Care, Workforce Training, and Health Interventions (Spanish Version)",https://doi.org/10.62486/978-9915-704-12-8.ch02,coastal tourism workforce skills competences training professional development,2026-07-24T11:50:42.793964+00:00,Crossref open metadata
Strategies for Developing a Professional Competency Workforce in the Tourism Industry,Duong-Giang Nguyen,2025,10.4324/9781003464082-33,crossref:10.4324/9781003464082-33,Crossref,,Routledge Handbook of Tourism and Hospitality Development in Vietnam,https://doi.org/10.4324/9781003464082-33,coastal tourism workforce skills competences training professional development,2026-07-24T11:50:42.793882+00:00,Crossref open metadata
Technical skills workshop for nurses entering a healthcare institution who graduated in the 2020-2021 period: Proposed intervention in the professional field,"Florencia Intra, Paula Mancinelli",2025,10.62486/978-9915-704-12-8.ch08,crossref:10.62486/978-9915-704-12-8.ch08,Crossref,,"Health and Professional Practice in Argentina: Applied Research in Patient Care, Workforce Training, and Health Interventions (Spanish Version)",https://doi.org/10.62486/978-9915-704-12-8.ch08,coastal tourism workforce skills competences training professional development,2026-07-24T11:50:42.794060+00:00,Crossref open metadata
TRANSITIONING PROFESSIONAL CURRICULA TO WORKFORCE DEVELOPMENT TRAINING: BRIDGING EDUCATION AND EMPLOYMENT,Unknown,2025,10.36315/2025v1end044,crossref:10.36315/2025v1end044,Crossref,,Education and New Developments,https://doi.org/10.36315/2025v1end044,coastal tourism workforce skills competences training professional development,2026-07-24T11:50:42.793886+00:00,Crossref open metadata
Building a More Diverse Oncology Workforce Through Professional Development Opportunities,Unknown,2024,10.1200/acon.22.00140,crossref:10.1200/acon.22.00140,Crossref,,ASCO Connection Post DOs Group,https://doi.org/10.1200/acon.22.00140,coastal tourism workforce skills competences training professional development,2026-07-24T11:50:42.794007+00:00,Crossref open metadata
Cultivating Cultural Intelligence for the Global Workforce,Muhammad Usman Tariq,2024,10.4018/979-8-3693-3856-8.ch010,crossref:10.4018/979-8-3693-3856-8.ch010,Crossref,,Advances in Higher Education and Professional Development,https://doi.org/10.4018/979-8-3693-3856-8.ch010,coastal tourism workforce skills competences training professional development,2026-07-24T11:50:42.793893+00:00,Crossref open metadata
"ELIXIR Training Platform: SPLASH – Skills, Professional development, Learning Assessment, Support and Help ",Unknown,2024,10.7490/f1000research.1119716.1,crossref:10.7490/f1000research.1119716.1,Crossref,,,https://doi.org/10.7490/f1000research.1119716.1,coastal tourism workforce skills competences training professional development,2026-07-24T11:50:42.793897+00:00,Crossref open metadata
Enhancing Workforce Preparedness,Viraj Dawarka,2024,10.4018/979-8-3693-3856-8.ch004,crossref:10.4018/979-8-3693-3856-8.ch004,Crossref,,Advances in Higher Education and Professional Development,https://doi.org/10.4018/979-8-3693-3856-8.ch004,coastal tourism workforce skills competences training professional development,2026-07-24T11:50:42.793991+00:00,Crossref open metadata
Fostering Critical Soft Skills of Graduates for Employability and Professional Growth,"Geshwaree Huzooree, Loga Devi Balla Soupramanien, Soujata Rughoobur-Seetah",2024,10.4018/979-8-3693-3856-8.ch003,crossref:10.4018/979-8-3693-3856-8.ch003,Crossref,,Advances in Higher Education and Professional Development,https://doi.org/10.4018/979-8-3693-3856-8.ch003,coastal tourism workforce skills competences training professional development,2026-07-24T11:50:42.793940+00:00,Crossref open metadata
From Textbooks to Teamwork,"Mohit Yadav, Shashank Mittal, Mohan Kumar, Anita Sahoo, P. G. S. Amila Jayarathne",2024,10.4018/979-8-3693-3856-8.ch011,crossref:10.4018/979-8-3693-3856-8.ch011,Crossref,,Advances in Higher Education and Professional Development,https://doi.org/10.4018/979-8-3693-3856-8.ch011,coastal tourism workforce skills competences training professional development,2026-07-24T11:50:42.793953+00:00,Crossref open metadata
Navigating the Future,"Subhikshha B. V., Srishti Muralidharan",2024,10.4018/979-8-3693-3856-8.ch008,crossref:10.4018/979-8-3693-3856-8.ch008,Crossref,,Advances in Higher Education and Professional Development,https://doi.org/10.4018/979-8-3693-3856-8.ch008,coastal tourism workforce skills competences training professional development,2026-07-24T11:50:42.794001+00:00,Crossref open metadata
Revitalizing Student Skills for Workforce Preparation,Unknown,2024,10.4018/979-8-3693-3856-8,crossref:10.4018/979-8-3693-3856-8,Crossref,,Advances in Higher Education and Professional Development,https://doi.org/10.4018/979-8-3693-3856-8,coastal tourism workforce skills competences training professional development,2026-07-24T11:50:42.793900+00:00,Crossref open metadata
The Impact of Experiential Learning on Revitalizing Critical Thinking Skills for Workforce Preparation,"Mohit Yadav, Dipandi Mishra, Sasmita Misra, Narayanage Jayantha Dewasiri, Shashank Mittal",2024,10.4018/979-8-3693-3856-8.ch012,crossref:10.4018/979-8-3693-3856-8.ch012,Crossref,,Advances in Higher Education and Professional Development,https://doi.org/10.4018/979-8-3693-3856-8.ch012,coastal tourism workforce skills competences training professional development,2026-07-24T11:50:42.793949+00:00,Crossref open metadata
Important principles of foreign language learning training systems in the development of students’ professional communicative competences,G. M. Nizamov,2022,10.5958/2278-4853.2022.00254.3,crossref:10.5958/2278-4853.2022.00254.3,Crossref,,Asian Journal of Multidimensional Research,https://doi.org/10.5958/2278-4853.2022.00254.3,coastal tourism workforce skills competences training professional development,2026-07-24T11:50:42.794039+00:00,Crossref open metadata
"The Seven Competences of a Sustainable Professional: The RESFIA+D Model for Human Resource Management (HRM), Education and Training",Niko Roorda,2022,10.1201/9781003338796-1,crossref:10.1201/9781003338796-1,Crossref,,Management for Sustainable Development,https://doi.org/10.1201/9781003338796-1,coastal tourism workforce skills competences training professional development,2026-07-24T11:50:42.793984+00:00,Crossref open metadata
Development of law students’ writing skills in a foreign language in the aspect of forming professional competences,Tatiana A. Tantsura,2021,10.24158/spp.2021.11.35,crossref:10.24158/spp.2021.11.35,Crossref,,"Общество: социология, психология, педагогика",https://doi.org/10.24158/spp.2021.11.35,coastal tourism workforce skills competences training professional development,2026-07-24T11:50:42.794013+00:00,Crossref open metadata
Formation of Professional Competences and Soft Skills of Public Administration Employees for Sustainable Professional Development,"Pavel Krpálek, Kateřina Berková, Andrea Kubišová, Katarína Krpálková Krelová, Dagmar Frendlovská, Daniela Spiesová",2021,10.3390/su13105533,crossref:10.3390/su13105533,Crossref,,Sustainability,https://doi.org/10.3390/su13105533,coastal tourism workforce skills competences training professional development,2026-07-24T11:50:42.793932+00:00,Crossref open metadata
Desired skills and competencies of the future workforce and what they mean for teacher education today,Z. Tomaš,2020,10.1201/9781003035978-3,crossref:10.1201/9781003035978-3,Crossref,,Teacher Education and Professional Development in Industry 4.0,https://doi.org/10.1201/9781003035978-3,coastal tourism workforce skills competences training professional development,2026-07-24T11:50:42.794056+00:00,Crossref open metadata
Development of Professional Competences of Preschool Student Teachers: Methodology Competences,"Ljiljana Stankov, Sanja Vuletić, Mira Jovanović",2020,10.46793/pctja.19.67s,crossref:10.46793/pctja.19.67s,Crossref,,Proceedings of the International Conference Professional Competences for Teaching in the 21st Century,https://doi.org/10.46793/pctja.19.67s,coastal tourism workforce skills competences training professional development,2026-07-24T11:50:42.793852+00:00,Crossref open metadata
Teacher Training Competences and Subsequent Training Design for Higher Education Plurilingual Programs,"Fernando D. Rubio-Alcalá, Saray Mallorquín",2020,10.4018/978-1-7998-2318-6.ch003,crossref:10.4018/978-1-7998-2318-6.ch003,Crossref,,Advances in Higher Education and Professional Development,https://doi.org/10.4018/978-1-7998-2318-6.ch003,coastal tourism workforce skills competences training professional development,2026-07-24T11:50:42.794036+00:00,Crossref open metadata
THE RELATIONSHIP OF ART AND GRAPHIC AND PROFESSIONAL-PEDAGOGICAL COMPETENCES IN THE PROCESS OF TRAINING THE TECHNOLOGIES AND DESIGN PROFESSIONALS,"L. HRYTSENKO, L. STRASHKO",2019,10.33989/2075-146x.2019.24.194634,crossref:10.33989/2075-146x.2019.24.194634,Crossref,,ТHE SOURCES OF PEDAGOGICAL SKILLS,https://doi.org/10.33989/2075-146x.2019.24.194634,coastal tourism workforce skills competences training professional development,2026-07-24T11:50:42.793981+00:00,Crossref open metadata
What do they learn? Psychometric Properties of a Questionnaire of Professional competences and Social Skills,Paulina Robalino,2019,10.26226/morressier.5cf632c0af72dec2b05547ad,crossref:10.26226/morressier.5cf632c0af72dec2b05547ad,Crossref,,,https://doi.org/10.26226/morressier.5cf632c0af72dec2b05547ad,coastal tourism workforce skills competences training professional development,2026-07-24T11:50:42.793926+00:00,Crossref open metadata
Analysis of the Three-Layer Structure of Themes in Designing Ecotourism Curriculum with an Environmental Literacy Approach in Higher Education,"Zohreh AlipourTorbati, Mahboubeh Soleimanpour Omran, Behrang Esmaeilishad",2025,10.61838/jcbl.301,crossref:10.61838/jcbl.301,Crossref,,"Journal of Cognition, Behavior, Learning",https://doi.org/10.61838/jcbl.301,marine ecotourism education learning outcomes curriculum qualification,2026-07-24T11:50:44.746496+00:00,Crossref open metadata
Ecotourism and theories of learning/education,"Manuel Ramón González-Herrera, Silvia Giralt-Escobar",2021,10.4324/9781003001768-22,crossref:10.4324/9781003001768-22,Crossref,,Routledge Handbook of Ecotourism,https://doi.org/10.4324/9781003001768-22,marine ecotourism education learning outcomes curriculum qualification,2026-07-24T11:50:44.746433+00:00,Crossref open metadata
A new model for guide training and transformative outcomes: a case study in sustainable marine-wildlife ecotourism,"Kaye Walker, Betty Weiler",2020,10.4324/9780429423437-5,crossref:10.4324/9780429423437-5,Crossref,,Effecting Positive Change through Ecotourism,https://doi.org/10.4324/9780429423437-5,marine ecotourism education learning outcomes curriculum qualification,2026-07-24T11:50:44.746442+00:00,Crossref open metadata
3 Towards a Just Transition in Aviation Climate Policy: Implications for Tourism,"Gerben Broekema, Vishal Babajee, Ramón Fisac García, Daniel Scott",2026,10.21832/9781836460114-008,crossref:10.21832/9781836460114-008,Crossref,,Climate Justice in Tourism,https://doi.org/10.21832/9781836460114-008,coastal tourism climate adaptation resilience just transition safety,2026-07-24T11:50:45.289054+00:00,Crossref open metadata
Accelerating the Transition to Clean Energy for Creating a Just and Equitable Climate Future in Sub-Saharan Africa,"Faraja Sanga, Phillip Olalekan Ayoola, Gabriel Kanuti Ndimbo",2026,10.1007/978-3-032-11678-9_26,crossref:10.1007/978-3-032-11678-9_26,Crossref,,"Extreme Climate Events, Loss and Damage in Africa",https://doi.org/10.1007/978-3-032-11678-9_26,coastal tourism climate adaptation resilience just transition safety,2026-07-24T11:50:45.289006+00:00,Crossref open metadata
"Climate change and coastal communities: Designing an integrated framework for vulnerability, adaptation and resilience","Wonder  Kofi Adzigbli, Julian Bloomer, John Morrissey",2026,10.2139/ssrn.6437527,crossref:10.2139/ssrn.6437527,Crossref,,,https://doi.org/10.2139/ssrn.6437527,coastal tourism climate adaptation resilience just transition safety,2026-07-24T11:50:45.289102+00:00,Crossref open metadata
Resilience of the Fishing Community to Coastal Hazards Induced by Climate Change,"MV Smitha, Binumol Tom",2026,10.4324/9781003483977-20,crossref:10.4324/9781003483977-20,Crossref,,Climate Adaptation in Coastal Ecosystems,https://doi.org/10.4324/9781003483977-20,coastal tourism climate adaptation resilience just transition safety,2026-07-24T11:50:45.289050+00:00,Crossref open metadata
"Tides of Change: How Climate Will Reshape Coastal Tourism in Europe. Destination Shifts, Economic Impacts, and Adaptation Options",Nicoleta Anca Matei,2026,10.5194/egusphere-egu26-21281,crossref:10.5194/egusphere-egu26-21281,Crossref,,,https://doi.org/10.5194/egusphere-egu26-21281,coastal tourism climate adaptation resilience just transition safety,2026-07-24T11:50:45.289131+00:00,Crossref open metadata
Transition from Vulnerability to Resilience through Adaptive Strategies,"Aritra Ganguly, Keya Mitra, Soumen Mitra",2026,10.4324/9781003483977-10,crossref:10.4324/9781003483977-10,Crossref,,Climate Adaptation in Coastal Ecosystems,https://doi.org/10.4324/9781003483977-10,coastal tourism climate adaptation resilience just transition safety,2026-07-24T11:50:45.288977+00:00,Crossref open metadata
COASTAL ENGINEERING: THE FRONTLINE OF RESILIENCE AND CLIMATE ADAPTATION,Paul Tschirky,2025,10.9753/icce.v38.management.232,crossref:10.9753/icce.v38.management.232,Crossref,,Coastal Engineering Proceedings,https://doi.org/10.9753/icce.v38.management.232,coastal tourism climate adaptation resilience just transition safety,2026-07-24T11:50:45.288996+00:00,Crossref open metadata
Developing a Climate Resilience Tool for Coastal Tourism: Local Adaptation on the Catalan Coast&amp;#160;,"Anna Boqué-Ciurana, Iván Céster Lozano, Angelos Vasileiou, Emmanouil Dermitzakis, Christos Nikoloudis, Enric Aguilar",2025,10.5194/egusphere-egu25-9114,crossref:10.5194/egusphere-egu25-9114,Crossref,,,https://doi.org/10.5194/egusphere-egu25-9114,coastal tourism climate adaptation resilience just transition safety,2026-07-24T11:50:45.288965+00:00,Crossref open metadata
Health and Safety Adaptation and Resilience Strategies for Management of Climate Change-driven Extreme Hydrological Events in Coastal South Asian Regions,"Abdulla Ansari, Ravi Rangarajan, K Prasanna",2025,10.1201/9781003500667-20,crossref:10.1201/9781003500667-20,Crossref,,Climate Change Impacts on Workplace Health and Safety,https://doi.org/10.1201/9781003500667-20,coastal tourism climate adaptation resilience just transition safety,2026-07-24T11:50:45.288986+00:00,Crossref open metadata
Not ‘just’ climate adaptation—towards progressive urban resilience,Paul O’Hare,2025,10.1057/s41599-025-04556-x,crossref:10.1057/s41599-025-04556-x,Crossref,,Humanities and Social Sciences Communications,https://doi.org/10.1057/s41599-025-04556-x,coastal tourism climate adaptation resilience just transition safety,2026-07-24T11:50:45.289073+00:00,Crossref open metadata
Resolving the Terse Paradox between Historic Preservation and Climate Adaptation,Sonia Cháo,2025,10.1201/9781003385592-10,crossref:10.1201/9781003385592-10,Crossref,,Calibrating Coastal Resilience,https://doi.org/10.1201/9781003385592-10,coastal tourism climate adaptation resilience just transition safety,2026-07-24T11:50:45.289031+00:00,Crossref open metadata
"Integrating climate change adaptation into coastal tourism planning and management: the case of the Makarska Riviera, Croatia","Lidija Petrić, Martina Baučić",2024,10.4337/9781035311255.00018,crossref:10.4337/9781035311255.00018,Crossref,,Handbook on Managing Nature-Based Tourism Destinations Amid Climate Change,https://doi.org/10.4337/9781035311255.00018,coastal tourism climate adaptation resilience just transition safety,2026-07-24T11:50:45.289142+00:00,Crossref open metadata
Empowering Women to Enhance Social Equity and Disaster Resilience in Coastal Bangladesh through Climate Change Adaptation Knowledge and Technologies,"Mahbuba Nasreen, Dwijen Mallick, Sharmind Neelormi",2023,10.4324/9781003253495-14,crossref:10.4324/9781003253495-14,Crossref,,Coastal Disaster Risk Management in Bangladesh,https://doi.org/10.4324/9781003253495-14,coastal tourism climate adaptation resilience just transition safety,2026-07-24T11:50:45.289094+00:00,Crossref open metadata
Forests for Coastal Resilience and Sea Level Rise Climate-Induced Adaptation - Part A,"Oladokun Sulaiman Olanrewaju, Umberto Lazzaro",2023,10.20944/preprints202305.0812.v1,crossref:10.20944/preprints202305.0812.v1,Crossref,,,https://doi.org/10.20944/preprints202305.0812.v1,coastal tourism climate adaptation resilience just transition safety,2026-07-24T11:50:45.289109+00:00,Crossref open metadata
Integrated climate change adaptation to increase resilience in Canadian coastal communities,Unknown,2023,10.4095/332192,crossref:10.4095/332192,Crossref,,,https://doi.org/10.4095/332192,coastal tourism climate adaptation resilience just transition safety,2026-07-24T11:50:45.288954+00:00,Crossref open metadata
Just Adaptation and Climate Justice,Tanaka C. Mugabe,2023,10.4324/9781003397120-12,crossref:10.4324/9781003397120-12,Crossref,,Climate Action in Southern Africa,https://doi.org/10.4324/9781003397120-12,coastal tourism climate adaptation resilience just transition safety,2026-07-24T11:50:45.288949+00:00,Crossref open metadata
Precarious Adaptation to Climate Impacts,Philani Moyo,2023,10.4324/9781003397120-11,crossref:10.4324/9781003397120-11,Crossref,,Climate Action in Southern Africa,https://doi.org/10.4324/9781003397120-11,coastal tourism climate adaptation resilience just transition safety,2026-07-24T11:50:45.288992+00:00,Crossref open metadata
Climate adaptation planning for cultural heritages in coastal tourism destinations: A multi-objective optimization approach,"Peizhe Li, Xiao Xiao, Erin Seekamp",2022,10.1016/j.tourman.2021.104380,crossref:10.1016/j.tourman.2021.104380,Crossref,,Tourism Management,https://doi.org/10.1016/j.tourman.2021.104380,coastal tourism climate adaptation resilience just transition safety,2026-07-24T11:50:45.289081+00:00,Crossref open metadata
A Just Transition to Climate-resilient Coastal Communities in Aotearoa New Zealand,Elisabeth Ellis,2021,10.26686/pq.v17i3.7129,crossref:10.26686/pq.v17i3.7129,Crossref,,Policy Quarterly,https://doi.org/10.26686/pq.v17i3.7129,coastal tourism climate adaptation resilience just transition safety,2026-07-24T11:50:45.289138+00:00,Crossref open metadata
Climate change adaptation in Cambodia's coastal hotel sector: An analysis of adaptation measures and hotel characteristics,"Tinat Nhep, Christian Schott, Mondher Sahli",2021,10.1016/j.tmp.2021.100890,crossref:10.1016/j.tmp.2021.100890,Crossref,,Tourism Management Perspectives,https://doi.org/10.1016/j.tmp.2021.100890,coastal tourism climate adaptation resilience just transition safety,2026-07-24T11:50:45.289062+00:00,Crossref open metadata
COASTAL Urban resilience,"Billy Fields, John L. Renne",2021,10.4324/9780429026805-2,crossref:10.4324/9780429026805-2,Crossref,,Adaptation Urbanism and Resilient Communities,https://doi.org/10.4324/9780429026805-2,coastal tourism climate adaptation resilience just transition safety,2026-07-24T11:50:45.289098+00:00,Crossref open metadata
"Climate Change Adaptation in the Coastal Tourism Hotel Sector: The case of Sihanoukville, Cambodia","Tinat Nhep, Christian Schott, Mondher Sahli",2020,10.26686/wgtn.12612938,crossref:10.26686/wgtn.12612938,Crossref,,,https://doi.org/10.26686/wgtn.12612938,coastal tourism climate adaptation resilience just transition safety,2026-07-24T11:50:45.289066+00:00,Crossref open metadata
Climate change impacts and adaptation strategies for tourism hotspots Mombasa and Cape Town,Francini van Staden,2020,10.4324/9781003024293-13,crossref:10.4324/9781003024293-13,Crossref,,Sustainable Urban Tourism in Sub-Saharan Africa,https://doi.org/10.4324/9781003024293-13,coastal tourism climate adaptation resilience just transition safety,2026-07-24T11:50:45.289126+00:00,Crossref open metadata
A Digital Twin Ocean: can we improve coastal ocean forecasts using targeted marine autonomy?,"Dale Partridge, Deep Banerjee, David Ford, Ke Wang, Jozef Skákala, Juliane Wihsgott, Prathyush P. Menon, Susan Kay, Daniel Clewley, Andrea Rochner, Emma Sullivan, Matthew Palmer",2026,10.5194/os-22-2083-2026,crossref:10.5194/os-22-2083-2026,Crossref,,Ocean Science,https://doi.org/10.5194/os-22-2083-2026,coastal tourism AI digital twin ocean literacy hydrosocial,2026-07-24T11:50:45.710854+00:00,Crossref open metadata
"Enhancing Digital Literacy, Inclusivity, and Employability Skills through Digital Tools (including AI) in Higher Education","Chris Umfreville, Rachel Dodd",2026,10.14293/ffl26.000007.v1,crossref:10.14293/ffl26.000007.v1,Crossref,,"Enhancing Digital Literacy, Inclusivity, and Employability Skills through Digital Tools (including AI) in Higher Education",https://doi.org/10.14293/ffl26.000007.v1,coastal tourism AI digital twin ocean literacy hydrosocial,2026-07-24T11:50:45.710817+00:00,Crossref open metadata
Peer Review Report For: Profiling Teacher Digital Literacy to Develop AI-Based Project-Based Learning in Under-Resourced Coastal Contexts [version 1; peer review: 1 approved],Unknown,2026,10.5256/f1000research.198604.r489503,crossref:10.5256/f1000research.198604.r489503,Crossref,,,https://doi.org/10.5256/f1000research.198604.r489503,coastal tourism AI digital twin ocean literacy hydrosocial,2026-07-24T11:50:45.710834+00:00,Crossref open metadata
Digital Twin Ocean for China Coastal Seas,Fei Chai,2025,10.5194/egusphere-egu24-14472,crossref:10.5194/egusphere-egu24-14472,Crossref,,,https://doi.org/10.5194/egusphere-egu24-14472,coastal tourism AI digital twin ocean literacy hydrosocial,2026-07-24T11:50:45.710636+00:00,Crossref open metadata
European Digital Twin Ocean Application on Habitat Suitability Mapping for the Restoration and Conservation of Marine and Coastal Ecosystems,"Lőrinc Mészáros, Felix Dols, Mostafa Farrag, Jelmer Veenstra, Hidde Elzinga, Ghada El Serafy",2025,10.5194/oos2025-759,crossref:10.5194/oos2025-759,Crossref,,,https://doi.org/10.5194/oos2025-759,coastal tourism AI digital twin ocean literacy hydrosocial,2026-07-24T11:50:45.710791+00:00,Crossref open metadata
SyncED-Ocean: Towards a Digital Twin Coastal Ocean Ecosystem,"Matthew Palmer, Tom Mansfield, Susan Kay, Juliane Wihsgott, Gavin Tilstone, Prathyush Menon, David Ford",2025,10.5194/egusphere-egu25-11836,crossref:10.5194/egusphere-egu25-11836,Crossref,,,https://doi.org/10.5194/egusphere-egu25-11836,coastal tourism AI digital twin ocean literacy hydrosocial,2026-07-24T11:50:45.710660+00:00,Crossref open metadata
Integrating AI-SynBio-Digital Twin Futures in Coastal Urban Resilience,Thomas Spiegelhalter,2024,10.52842/conf.sigradi.2024.2361,crossref:10.52842/conf.sigradi.2024.2361,Crossref,,SIGRADI proceedings,https://doi.org/10.52842/conf.sigradi.2024.2361,coastal tourism AI digital twin ocean literacy hydrosocial,2026-07-24T11:50:45.710682+00:00,Crossref open metadata
"Sustainable tourism, livelihood and coastal governance: Chilika lake, India","Biswanath Dash, Guru Balamurugan",2024,10.1016/j.ocecoaman.2024.107128,crossref:10.1016/j.ocecoaman.2024.107128,Crossref,,Ocean &amp; Coastal Management,https://doi.org/10.1016/j.ocecoaman.2024.107128,coastal tourism AI digital twin ocean literacy hydrosocial,2026-07-24T11:50:45.710707+00:00,Crossref open metadata
The nature and use of Ocean Literacy in achieving sustainable ocean futures: A Systematic Map,"R.J. Shellock, L. Fullbrook, E. McKinley, C. Cvitanovic, R. Kelly, V. Martin",2024,10.1016/j.ocecoaman.2024.107325,crossref:10.1016/j.ocecoaman.2024.107325,Crossref,,Ocean &amp; Coastal Management,https://doi.org/10.1016/j.ocecoaman.2024.107325,coastal tourism AI digital twin ocean literacy hydrosocial,2026-07-24T11:50:45.710872+00:00,Crossref open metadata
Segmented importance-performance analysis in whale-watching: Reconciling ocean coastal tourism with whale preservation,"Chaitanya Suárez-Rojas, Matías González Hernández, Carmelo J. León",2023,10.1016/j.ocecoaman.2022.106453,crossref:10.1016/j.ocecoaman.2022.106453,Crossref,,Ocean &amp; Coastal Management,https://doi.org/10.1016/j.ocecoaman.2022.106453,coastal tourism AI digital twin ocean literacy hydrosocial,2026-07-24T11:50:45.710775+00:00,Crossref open metadata
The Cretan Sea oil spill Digital Twin pilot for the ILIAD Digital Twin of the Ocean,"Katerina Spanoudaki, George Kozyrakis, Vassiliki Metheniti, Antonios Parasyris, Nikos Kampanis",2023,10.5194/egusphere-egu23-11561,crossref:10.5194/egusphere-egu23-11561,Crossref,,,https://doi.org/10.5194/egusphere-egu23-11561,coastal tourism AI digital twin ocean literacy hydrosocial,2026-07-24T11:50:45.710880+00:00,Crossref open metadata
Unstructured Grid-Based River–Coastal Ocean Circulation Modeling towards a Digital Twin of the Seto Inland Sea,"Jae-Soon Jeong, Han Soo Lee",2023,10.3390/app13148143,crossref:10.3390/app13148143,Crossref,,Applied Sciences,https://doi.org/10.3390/app13148143,coastal tourism AI digital twin ocean literacy hydrosocial,2026-07-24T11:50:45.710795+00:00,Crossref open metadata
Ocean literacy in Brazilian school curricula: An opportunity to improve coastal management and address coastal risks?,"Carmen Edith Pazoto, Edson Pereira Silva, Michelle Rezende Duarte",2022,10.1016/j.ocecoaman.2022.106047,crossref:10.1016/j.ocecoaman.2022.106047,Crossref,,Ocean &amp; Coastal Management,https://doi.org/10.1016/j.ocecoaman.2022.106047,coastal tourism AI digital twin ocean literacy hydrosocial,2026-07-24T11:50:45.710821+00:00,Crossref open metadata
Fishing tourism in Italy,"Michele Romanelli, Eleonora Meliadò",2021,10.1016/j.ocecoaman.2021.105886,crossref:10.1016/j.ocecoaman.2021.105886,Crossref,,Ocean &amp; Coastal Management,https://doi.org/10.1016/j.ocecoaman.2021.105886,coastal tourism AI digital twin ocean literacy hydrosocial,2026-07-24T11:50:45.710700+00:00,Crossref open metadata
Coastal Tourism and the Ocean Fringe,Unknown,2020,10.2307/jj.28209986.9,crossref:10.2307/jj.28209986.9,Crossref,,The Impact of Tourism on the Marine Environment,https://doi.org/10.2307/jj.28209986.9,coastal tourism AI digital twin ocean literacy hydrosocial,2026-07-24T11:50:45.710756+00:00,Crossref open metadata
Coastal and Marine Tourism in the Future,"Mohammad Nur Nobi, Md. Alauddin Majumder",2019,10.15351/2373-8456.1101,crossref:10.15351/2373-8456.1101,Crossref,,Journal of Ocean and Coastal Economics,https://doi.org/10.15351/2373-8456.1101,coastal tourism AI digital twin ocean literacy hydrosocial,2026-07-24T11:50:45.710718+00:00,Crossref open metadata
Coastal and Marine Tourism/Eco-Tourism in the Future,"Mohammad Nur Nobi, Md. Alauddin Majumder",2019,10.15351/2373-8456.1120,crossref:10.15351/2373-8456.1120,Crossref,,Journal of Ocean and Coastal Economics,https://doi.org/10.15351/2373-8456.1120,coastal tourism AI digital twin ocean literacy hydrosocial,2026-07-24T11:50:45.710667+00:00,Crossref open metadata
Willingness to restore jetty-created erosion at a famous tourism beach,Cherdvong Saengsupavanich,2019,10.1016/j.ocecoaman.2019.104817,crossref:10.1016/j.ocecoaman.2019.104817,Crossref,,Ocean &amp; Coastal Management,https://doi.org/10.1016/j.ocecoaman.2019.104817,coastal tourism AI digital twin ocean literacy hydrosocial,2026-07-24T11:50:45.710805+00:00,Crossref open metadata
A Machine Learning Framework for Human Capital-Based Mortgage Qualification: Evidence from U.S. Immigrant Borrower Cohorts,Amir Hasan Khan,2026,10.2139/ssrn.6816418,crossref:10.2139/ssrn.6816418,Crossref,,,https://doi.org/10.2139/ssrn.6816418,coastal tourism EQF qualification framework micro-credential learning outcomes,2026-07-24T11:50:46.239524+00:00,Crossref open metadata
Blockchain and Federated Learning for Cross-Border Credential Verification: A Policy Framework for Central Asian Higher Education,"Cheng Junru, Li Yayun",2026,10.20944/preprints202602.0130.v1,crossref:10.20944/preprints202602.0130.v1,Crossref,,,https://doi.org/10.20944/preprints202602.0130.v1,coastal tourism EQF qualification framework micro-credential learning outcomes,2026-07-24T11:50:46.239446+00:00,Crossref open metadata
Bridging Branding Theory and Digital Learning: A Conceptual Framework for Teaching Branding Equity Via Micro-Credential,"Nor Sara Nadia Muhamad Yunus, Mohammad Zaim Mohd Salleh, Hazwani Syairah Mohamad Shaari, Nur Adilin Hasanu’ddin",2026,10.47772/ijriss.2026.100601021,crossref:10.47772/ijriss.2026.100601021,Crossref,,International Journal of Research and Innovation in Social Science,https://doi.org/10.47772/ijriss.2026.100601021,coastal tourism EQF qualification framework micro-credential learning outcomes,2026-07-24T11:50:46.239451+00:00,Crossref open metadata
Digital Micro-Credential Repository for Skill Based Learning,"M.Sathish Reddy, ,Siddagoni Abhinav Goud, ,A.Harini Reddy, .Gayathri ,A, Erugu Shirisha",2026,10.55041/isjem06603,crossref:10.55041/isjem06603,Crossref,,International Scientific Journal of Engineering and Management,https://doi.org/10.55041/isjem06603,coastal tourism EQF qualification framework micro-credential learning outcomes,2026-07-24T11:50:46.239536+00:00,Crossref open metadata
Learning Pathways and Credential Signals in Online Graduate Micro-Credentialing: An OpenAlex Evidence Map,Justin C. Pettijohn,2026,10.3390/knowledge6020011,crossref:10.3390/knowledge6020011,Crossref,,Knowledge,https://doi.org/10.3390/knowledge6020011,coastal tourism EQF qualification framework micro-credential learning outcomes,2026-07-24T11:50:46.239387+00:00,Crossref open metadata
Efficacy of Implementing Micro-Credential Programs for Foundation School English Language Remedial Classes,Chinaza Solomon Ironsi,2025,10.66887/jltl.v15i2.797,crossref:10.66887/jltl.v15i2.797,Crossref,,Journal of Language Teaching and Learning,https://doi.org/10.66887/jltl.v15i2.797,coastal tourism EQF qualification framework micro-credential learning outcomes,2026-07-24T11:50:46.239427+00:00,Crossref open metadata
From Informal Learning to Formal Recognition: Policy Perspectives on Integrating Micro-Credentials into EQF-Aligned Vocational Education,"Katarina Vuković, Miguel Álvarez Soria",2025,10.63593/rae.2788-7057.2025.05.003,crossref:10.63593/rae.2788-7057.2025.05.003,Crossref,,Research and Advances in Education,https://doi.org/10.63593/rae.2788-7057.2025.05.003,coastal tourism EQF qualification framework micro-credential learning outcomes,2026-07-24T11:50:46.239391+00:00,Crossref open metadata
Micro-Credential Preferences of  Self-Directed Learners on Risk Analysis,Leo Mendel D. Rosario,2025,10.64233/jglj3047,crossref:10.64233/jglj3047,Crossref,,ASEAN Journal of Open and Distance Learning,https://doi.org/10.64233/jglj3047,coastal tourism EQF qualification framework micro-credential learning outcomes,2026-07-24T11:50:46.239380+00:00,Crossref open metadata
NQF: A deep learning model for classifying course outcomes in the national qualification framework,"Ammar El-Hassan, Mohammad Azzeh, Bashar El-Rashdan",2025,10.1007/s10772-025-10200-5,crossref:10.1007/s10772-025-10200-5,Crossref,,International Journal of Speech Technology,https://doi.org/10.1007/s10772-025-10200-5,coastal tourism EQF qualification framework micro-credential learning outcomes,2026-07-24T11:50:46.239514+00:00,Crossref open metadata
The Implementation of Micro-credential in Arabic Language Courses for Tourism Industry,"Norasiah Yunus, Suzzana Othman, Ijlal Saja, Adhanawati Abdul Rapa, Jamsuri Mohd Shamsudin",2025,10.47772/ijriss.2025.908000169,crossref:10.47772/ijriss.2025.908000169,Crossref,,International Journal of Research and Innovation in Social Science,https://doi.org/10.47772/ijriss.2025.908000169,coastal tourism EQF qualification framework micro-credential learning outcomes,2026-07-24T11:50:46.239484+00:00,Crossref open metadata
Theoretical framework,Tang Wee Teo,2025,10.4324/9781003415596-3,crossref:10.4324/9781003415596-3,Crossref,,The Structures of STEM Education,https://doi.org/10.4324/9781003415596-3,coastal tourism EQF qualification framework micro-credential learning outcomes,2026-07-24T11:50:46.239420+00:00,Crossref open metadata
Development Of Micro Credential Open Online Learning (VINESA) To Improve Indonesian Higher Students’ Pedagogical Competence MCOOL Technology Instructional Process,"Lamijan Hadi Susarno, Budi Setiawan",2024,10.53555/kuey.v30i6.4471,crossref:10.53555/kuey.v30i6.4471,Crossref,,Educational Administration: Theory and Practice,https://doi.org/10.53555/kuey.v30i6.4471,coastal tourism EQF qualification framework micro-credential learning outcomes,2026-07-24T11:50:46.239439+00:00,Crossref open metadata
"Exploring Centralized, Decentralized, and Hybrid Approaches to Micro-Credential Issuance in HEI Alliances","Padmasheela Kiiskilä, Henri Pirkkalainen",2024,10.5220/0012946700003838,crossref:10.5220/0012946700003838,Crossref,,"Proceedings of the 16th International Joint Conference on Knowledge Discovery, Knowledge Engineering and Knowledge Management",https://doi.org/10.5220/0012946700003838,coastal tourism EQF qualification framework micro-credential learning outcomes,2026-07-24T11:50:46.239517+00:00,Crossref open metadata
Micro-credential mountains and molehills,Mairéad Nic Giolla Mhichíl,2024,10.4337/9781035311293.00046,crossref:10.4337/9781035311293.00046,Crossref,,How to Use Digital Learning with Confidence and Creativity,https://doi.org/10.4337/9781035311293.00046,coastal tourism EQF qualification framework micro-credential learning outcomes,2026-07-24T11:50:46.239402+00:00,Crossref open metadata
Role of Micro-credentials and Open Badges in Sustainable Tourism Education,"Timo Halttunen, Sanna Brauer, Salla Jutila",2024,10.1007/978-3-031-73187-7_14,crossref:10.1007/978-3-031-73187-7_14,Crossref,,Nordic Coastal Tourism,https://doi.org/10.1007/978-3-031-73187-7_14,coastal tourism EQF qualification framework micro-credential learning outcomes,2026-07-24T11:50:46.239494+00:00,Crossref open metadata
The Effectiveness of Micro-credential Programme from the Perspective of Tourism Students,"Azila Azmi, Hanani Ahmad Zubir, Ferial Farook, Hamizah Noorafizi, Ahmad Mu’az Abd Wahab",2024,10.62754/joe.v3i4.3578,crossref:10.62754/joe.v3i4.3578,Crossref,,Journal of Ecohumanism,https://doi.org/10.62754/joe.v3i4.3578,coastal tourism EQF qualification framework micro-credential learning outcomes,2026-07-24T11:50:46.239435+00:00,Crossref open metadata
"The Universal Micro-Credential Framework: The Role of Badges, Micro-Credentials, Skills Profiling, and Design Patterns in Developing Interdisciplinary Learning and Assessment Paths for Computing Education","Rupert Ward, Sheryl Grant, Megan Workmon Larsen, Kate Giovacchini",2024,10.1109/te.2024.3486016,crossref:10.1109/te.2024.3486016,Crossref,,IEEE Transactions on Education,https://doi.org/10.1109/te.2024.3486016,coastal tourism EQF qualification framework micro-credential learning outcomes,2026-07-24T11:50:46.239376+00:00,Crossref open metadata
A critical analysis of European micro-credential development in an Erasmus+ project,"Neill Wylie, Laura Widger, Valerie Brett, Helen Murphy",2023,10.53807/07016no9,crossref:10.53807/07016no9,Crossref,,European Journal of University Lifelong Learning,https://doi.org/10.53807/07016no9,coastal tourism EQF qualification framework micro-credential learning outcomes,2026-07-24T11:50:46.239528+00:00,Crossref open metadata
The Students’ Perception on the use of Blue button application in Teaching English for Tourism Course in Indonesia Student Micro Credential Program,"Rizqi Claudia Wardani, Selfiani Selfiani",2023,10.36232/jurnalbiolearning.v10i1.3643,crossref:10.36232/jurnalbiolearning.v10i1.3643,Crossref,,Biolearning Journal,https://doi.org/10.36232/jurnalbiolearning.v10i1.3643,coastal tourism EQF qualification framework micro-credential learning outcomes,2026-07-24T11:50:46.239454+00:00,Crossref open metadata
An exploratory study of a conceptual framework for developing micro-credential courses in Malaysian higher education institutions,Fauziah Saadah Abdul Halim,2022,10.24191/ijelhe.v17n1.1718,crossref:10.24191/ijelhe.v17n1.1718,Crossref,,International Journal of e-Learning and Higher Education,https://doi.org/10.24191/ijelhe.v17n1.1718,coastal tourism EQF qualification framework micro-credential learning outcomes,2026-07-24T11:50:46.239368+00:00,Crossref open metadata
Developing a micro-credential for Learning Designers: A Delphi Study,"Kathryn MacCallum, Cheryl Brown",2022,10.14742/apubs.2022.198,crossref:10.14742/apubs.2022.198,Crossref,,ASCILITE Publications,https://doi.org/10.14742/apubs.2022.198,coastal tourism EQF qualification framework micro-credential learning outcomes,2026-07-24T11:50:46.239372+00:00,Crossref open metadata
Peer Review Report For: A micro credential for interoperability [version 1; peer review: 2 approved],Unknown,2022,10.21956/openreseurope.15181.r28442,crossref:10.21956/openreseurope.15181.r28442,Crossref,,,https://doi.org/10.21956/openreseurope.15181.r28442,coastal tourism EQF qualification framework micro-credential learning outcomes,2026-07-24T11:50:46.239497+00:00,Crossref open metadata
Blue Natural Capital: Enhancing Business Outcomes and Sustainability of Coastal Tourism Markets,"Elizabeth M. White, Bilal Rahill",2021,10.1596/35476,crossref:10.1596/35476,Crossref,,,https://doi.org/10.1596/35476,coastal tourism EQF qualification framework micro-credential learning outcomes,2026-07-24T11:50:46.239510+00:00,Crossref open metadata
Stackable Credential Pipelines in Ohio: Evidence on Programs and Earnings Outcomes,Unknown,2021,10.7249/rr-a207-1,crossref:10.7249/rr-a207-1,Crossref,,,https://doi.org/10.7249/rr-a207-1,coastal tourism EQF qualification framework micro-credential learning outcomes,2026-07-24T11:50:46.239442+00:00,Crossref open metadata
Sustainable Learning Micro-Credential using Blockchain for Student Achievement Records,"Bambang Mardisentosa, Untung Rahardja, Kenita Zelina, Fitra Putri Oganda, Marviola Hardini",2021,10.1109/icic54025.2021.9632913,crossref:10.1109/icic54025.2021.9632913,Crossref,,2021 Sixth International Conference on Informatics and Computing (ICIC),https://doi.org/10.1109/icic54025.2021.9632913,coastal tourism EQF qualification framework micro-credential learning outcomes,2026-07-24T11:50:46.239476+00:00,Crossref open metadata
The evolution of a micro-credential,"Frank Ponte, Vicki Saray",2019,10.14742/apubs.2019.328,crossref:10.14742/apubs.2019.328,Crossref,,ASCILITE Publications,https://doi.org/10.14742/apubs.2019.328,coastal tourism EQF qualification framework micro-credential learning outcomes,2026-07-24T11:50:46.239506+00:00,Crossref open metadata
"Sociotechnical coastal squeeze: technology, tourism, and governance on Copacabana’s waterfront","Leticia Parente Ribeiro, Marcos Paulo Ferreira de Gois",2025,10.21669/tomo.v44.23684,crossref:10.21669/tomo.v44.23684,Crossref,,Revista TOMO,https://doi.org/10.21669/tomo.v44.23684,coastal tourism maritimisation marinization oceanisation hydrosocial de-base-re hypothesis verification indicators,2026-07-24T11:50:46.716746+00:00,Crossref open metadata
Strengthening the evidence base for a sustainable tourism future in Greece,Unknown,2025,10.1787/6e46e845-en,crossref:10.1787/6e46e845-en,Crossref,,OECD Tourism Papers,https://doi.org/10.1787/6e46e845-en,coastal tourism maritimisation marinization oceanisation hydrosocial de-base-re hypothesis verification indicators,2026-07-24T11:50:46.716585+00:00,Crossref open metadata
Strengthening the evidence base for a sustainable tourism future in Malta,Unknown,2025,10.1787/aa270ff4-en,crossref:10.1787/aa270ff4-en,Crossref,,OECD Tourism Papers,https://doi.org/10.1787/aa270ff4-en,coastal tourism maritimisation marinization oceanisation hydrosocial de-base-re hypothesis verification indicators,2026-07-24T11:50:46.716611+00:00,Crossref open metadata
Strengthening the evidence base for a sustainable tourism future in Portugal,Unknown,2025,10.1787/e362c609-en,crossref:10.1787/e362c609-en,Crossref,,OECD Tourism Papers,https://doi.org/10.1787/e362c609-en,coastal tourism maritimisation marinization oceanisation hydrosocial de-base-re hypothesis verification indicators,2026-07-24T11:50:46.716589+00:00,Crossref open metadata
Strengthening the evidence base for a sustainable tourism future in Slovenia,Unknown,2025,10.1787/12e6bf3e-en,crossref:10.1787/12e6bf3e-en,Crossref,,OECD Tourism Papers,https://doi.org/10.1787/12e6bf3e-en,coastal tourism maritimisation marinization oceanisation hydrosocial de-base-re hypothesis verification indicators,2026-07-24T11:50:46.716592+00:00,Crossref open metadata
Assessment of coastal zone ecosystem health in the context of tourism development: A case study of Jiaozhou Bay,"Zhang Shengrui, Zhang Zhenqi, Zhang Tongyan, Ju Hongrun",2024,10.1016/j.ecolind.2024.112874,crossref:10.1016/j.ecolind.2024.112874,Crossref,,Ecological Indicators,https://doi.org/10.1016/j.ecolind.2024.112874,coastal tourism maritimisation marinization oceanisation hydrosocial de-base-re hypothesis verification indicators,2026-07-24T11:50:46.716654+00:00,Crossref open metadata
"Territorios hidrosociales y megaproyectos turísticos. La experiencia de Yucatán, México","Mariana Ríos Cabello, Blanca Esther Paredes Guerrero",2024,10.26512/patryter.v7i14.48078,crossref:10.26512/patryter.v7i14.48078,Crossref,,PatryTer,https://doi.org/10.26512/patryter.v7i14.48078,coastal tourism maritimisation marinization oceanisation hydrosocial de-base-re hypothesis verification indicators,2026-07-24T11:50:46.716770+00:00,Crossref open metadata
"Methodological Notes to the Tourism Statistics Database, 2022 Edition | Notes méthodologiques de la base de données des statistiques du tourisme, édition 2022 | Notas metodológicas de la base de datos de estadísticas de turismo, edición 2022",Unknown,2022,10.18111/9789284423606,crossref:10.18111/9789284423606,Crossref,,,https://doi.org/10.18111/9789284423606,coastal tourism maritimisation marinization oceanisation hydrosocial de-base-re hypothesis verification indicators,2026-07-24T11:50:46.716700+00:00,Crossref open metadata
"Methodological Notes to the Tourism Statistics Database, 2021 Edition | Notes méthodologiques de la base de données des statistiques du tourisme, édition 2021 | Notas metodológicas de la base de datos de estadísticas de turismo, edición 2021",Unknown,2021,10.18111/9789284422517,crossref:10.18111/9789284422517,Crossref,,,https://doi.org/10.18111/9789284422517,coastal tourism maritimisation marinization oceanisation hydrosocial de-base-re hypothesis verification indicators,2026-07-24T11:50:46.716706+00:00,Crossref open metadata
"Synthetic indicators and sustainable coastal tourism in Murcia, Spain",María Belén Cobacho-Tornel,2021,10.4324/9781003140788-7,crossref:10.4324/9781003140788-7,Crossref,,Tourism Research in Ibero-America,https://doi.org/10.4324/9781003140788-7,coastal tourism maritimisation marinization oceanisation hydrosocial de-base-re hypothesis verification indicators,2026-07-24T11:50:46.716614+00:00,Crossref open metadata
"Can indicators for sustainable tourism improve tourism planning in the coastal
destinations?","Kristina Brščić, Lluis Prats Planaguma, Antonio Raschi, Valentina Marchi, Tina Šugar, Katarina Lovrečić, Danijela Poljuha",2020,10.37741/t.68.2.3,crossref:10.37741/t.68.2.3,Crossref,,Tourism,https://doi.org/10.37741/t.68.2.3,coastal tourism maritimisation marinization oceanisation hydrosocial de-base-re hypothesis verification indicators,2026-07-24T11:50:46.716690+00:00,Crossref open metadata
Creative Tourism and Creative Entrepreneurs on Coastal Locations,"Mª de Fátima Ramos Leão, Álvaro Lopes Dias",2020,10.4018/978-1-7998-1522-8.ch008,crossref:10.4018/978-1-7998-1522-8.ch008,Crossref,,"Advances in Hospitality, Tourism, and the Services Industry",https://doi.org/10.4018/978-1-7998-1522-8.ch008,coastal tourism maritimisation marinization oceanisation hydrosocial de-base-re hypothesis verification indicators,2026-07-24T11:50:46.716715+00:00,Crossref open metadata
"Hydrosocial territories, agro-export and water scarcity: capitalist territorial transformations and water governance in Peru’s coastal valleys","Gerardo Damonte, Rutgerd Boelens",2020,10.4324/9780429354427-8,crossref:10.4324/9780429354427-8,Crossref,,Rural–Urban Water Struggles,https://doi.org/10.4324/9780429354427-8,coastal tourism maritimisation marinization oceanisation hydrosocial de-base-re hypothesis verification indicators,2026-07-24T11:50:46.716604+00:00,Crossref open metadata
"Methodological Notes to the Tourism Statistics Database, 2020 Edition | Notes méthodologiques de la base de données des statistiques du tourisme, édition 2020 | Notas metodológicas de la base de datos de estadísticas de turismo, edición 2020",Unknown,2020,10.18111/9789284421473,crossref:10.18111/9789284421473,Crossref,,,https://doi.org/10.18111/9789284421473,coastal tourism maritimisation marinization oceanisation hydrosocial de-base-re hypothesis verification indicators,2026-07-24T11:50:46.716697+00:00,Crossref open metadata
Portuguese Lighthouses,Mónica Morais de Brito,2020,10.4018/978-1-7998-1522-8.ch014,crossref:10.4018/978-1-7998-1522-8.ch014,Crossref,,"Advances in Hospitality, Tourism, and the Services Industry",https://doi.org/10.4018/978-1-7998-1522-8.ch014,coastal tourism maritimisation marinization oceanisation hydrosocial de-base-re hypothesis verification indicators,2026-07-24T11:50:46.716719+00:00,Crossref open metadata
Progress and stakes in sustainable tourism: indicators for smart coastal destinations,"Concepción Foronda-Robles, Luis Galindo-Pérez-de-Azpillaga, Alfonso Fernández-Tabales",2020,10.1080/09669582.2020.1864386,crossref:10.1080/09669582.2020.1864386,Crossref,,Journal of Sustainable Tourism,https://doi.org/10.1080/09669582.2020.1864386,coastal tourism maritimisation marinization oceanisation hydrosocial de-base-re hypothesis verification indicators,2026-07-24T11:50:46.716650+00:00,Crossref open metadata
"Methodological Notes to the Tourism Statistics Database, 2019 Edition | Notes méthodologiques de la base de données des statistiques du tourisme, édition 2019 | Notas metodológicas de la base de datos de estadísticas de turismo, edición 2019",Unknown,2019,10.18111/9789284420476,crossref:10.18111/9789284420476,Crossref,,,https://doi.org/10.18111/9789284420476,coastal tourism maritimisation marinization oceanisation hydrosocial de-base-re hypothesis verification indicators,2026-07-24T11:50:46.716703+00:00,Crossref open metadata
"The Hydrosocial Cycle in Coastal Tourist Destinations in Alicante, Spain: Increasing Resilience to Drought","Carlos Baños, María Hernández, Antonio Rico, Jorge Olcina",2019,10.3390/su11164494,crossref:10.3390/su11164494,Crossref,,Sustainability,https://doi.org/10.3390/su11164494,coastal tourism maritimisation marinization oceanisation hydrosocial de-base-re hypothesis verification indicators,2026-07-24T11:50:46.716711+00:00,Crossref open metadata
Enhancing Coastal and Maritime Tourism through KPI-Driven Strategies,"SeyyedAbdolHojjat MoghadasNian, Neda Pahlavan",2026,10.24108/preprints-3114500,crossref:10.24108/preprints-3114500,Crossref,,,https://doi.org/10.24108/preprints-3114500,coastal tourism qmbd axis translation marine maritime oceanic hydronization theory terms taxonomy mapping,2026-07-24T11:50:47.331262+00:00,Crossref open metadata
"Mapping The Scientific Landscape of Fishing Tourism: Trends, Themes, and Geographic Insights","Kadriye Kubat, Uğur Çalışkan",2026,10.3727/216901926x17744265570286,crossref:10.3727/216901926x17744265570286,Crossref,,Tourism in Marine Environments,https://doi.org/10.3727/216901926x17744265570286,coastal tourism qmbd axis translation marine maritime oceanic hydronization theory terms taxonomy mapping,2026-07-24T11:50:47.331323+00:00,Crossref open metadata
Strategies to Improve Coastal and Marine Tourism Sustainability in the Nelson Mandela Bay Coastal Region,"Mihlali Mbangeni, Supervisor: Lynn C. Jonas, Cosupervisor: R. Manyevere",2026,10.3727/216901926x17688104403804,crossref:10.3727/216901926x17688104403804,Crossref,,Tourism in Marine Environments,https://doi.org/10.3727/216901926x17688104403804,coastal tourism qmbd axis translation marine maritime oceanic hydronization theory terms taxonomy mapping,2026-07-24T11:50:47.331219+00:00,Crossref open metadata
Coastal Tourism Villages as Instruments of Maritime Resilience: Strengthening Regional Stability in the Indo-Pacific Geo-Maritime Landscape,Agung Yoga Asmoro,2025,10.2139/ssrn.5162628,crossref:10.2139/ssrn.5162628,Crossref,,,https://doi.org/10.2139/ssrn.5162628,coastal tourism qmbd axis translation marine maritime oceanic hydronization theory terms taxonomy mapping,2026-07-24T11:50:47.331211+00:00,Crossref open metadata
"Exploring marine fisheries and tourism dynamics: the case of coastal communities in Eastern Chalkidiki, Greece","Mavra Stithou, Aristeidis Tsantiropoulos",2025,10.1007/s40152-025-00455-8,crossref:10.1007/s40152-025-00455-8,Crossref,,Maritime Studies,https://doi.org/10.1007/s40152-025-00455-8,coastal tourism qmbd axis translation marine maritime oceanic hydronization theory terms taxonomy mapping,2026-07-24T11:50:47.331144+00:00,Crossref open metadata
Sustainable Tourism Industry through Mapping Natural Tourism Potential: Taxonomy Approach,"Artamevia Salsabila Rizaldi, Luciana Andrawina, Augustina Asih Rumanti",2024,10.20944/preprints202404.0392.v1,crossref:10.20944/preprints202404.0392.v1,Crossref,,,https://doi.org/10.20944/preprints202404.0392.v1,coastal tourism qmbd axis translation marine maritime oceanic hydronization theory terms taxonomy mapping,2026-07-24T11:50:47.331199+00:00,Crossref open metadata
Commentary Coastal and Marine Tourism Education Opportunities,Jeff Wilks,2023,10.3727/154427322x16716341745104,crossref:10.3727/154427322x16716341745104,Crossref,,Tourism in Marine Environments,https://doi.org/10.3727/154427322x16716341745104,coastal tourism qmbd axis translation marine maritime oceanic hydronization theory terms taxonomy mapping,2026-07-24T11:50:47.331208+00:00,Crossref open metadata
Demand for Domestic Marine and Coastal Tourism Demand for Domestic Marine and Coastal Tourism,John Deely,2022,10.34190/ictr.15.1.125,crossref:10.34190/ictr.15.1.125,Crossref,,International Conference on Tourism Research,https://doi.org/10.34190/ictr.15.1.125,coastal tourism qmbd axis translation marine maritime oceanic hydronization theory terms taxonomy mapping,2026-07-24T11:50:47.331169+00:00,Crossref open metadata
Maritime Tourism Supports Improved Welfare of Coastal Communities  in South Sulawesi,Mardiana E. Fachry,2021,10.35911/torani.v5i1.19083,crossref:10.35911/torani.v5i1.19083,Crossref,,Torani Journal of Fisheries and Marine Science,https://doi.org/10.35911/torani.v5i1.19083,coastal tourism qmbd axis translation marine maritime oceanic hydronization theory terms taxonomy mapping,2026-07-24T11:50:47.331158+00:00,Crossref open metadata
Development Strategy of Marine Culture Tourism in the Context of Maritime Silk Road,"Lili Mu, Feng Liang",2020,10.2112/jcr-si107-062.1,crossref:10.2112/jcr-si107-062.1,Crossref,,Journal of Coastal Research,https://doi.org/10.2112/jcr-si107-062.1,coastal tourism qmbd axis translation marine maritime oceanic hydronization theory terms taxonomy mapping,2026-07-24T11:50:47.331131+00:00,Crossref open metadata
Development Strategy of Marine Sports Tourism: A Perspective of Cost Theory,"Zhaojin Li, Yuzhi Niu",2020,10.2112/jcr-si107-005.1,crossref:10.2112/jcr-si107-005.1,Crossref,,Journal of Coastal Research,https://doi.org/10.2112/jcr-si107-005.1,coastal tourism qmbd axis translation marine maritime oceanic hydronization theory terms taxonomy mapping,2026-07-24T11:50:47.331173+00:00,Crossref open metadata
Maritime Transportation and Ports,Austin Becker,2020,10.1201/9780429441004-26,crossref:10.1201/9780429441004-26,Crossref,,Coastal and Marine Environments,https://doi.org/10.1201/9780429441004-26,coastal tourism qmbd axis translation marine maritime oceanic hydronization theory terms taxonomy mapping,2026-07-24T11:50:47.331244+00:00,Crossref open metadata
Safety and Security as Premises for the Competitiveness of Coastal and Maritime Tourism,José António Velho Gouveia,2020,10.4018/978-1-7998-1522-8.ch003,crossref:10.4018/978-1-7998-1522-8.ch003,Crossref,,"Advances in Hospitality, Tourism, and the Services Industry",https://doi.org/10.4018/978-1-7998-1522-8.ch003,coastal tourism qmbd axis translation marine maritime oceanic hydronization theory terms taxonomy mapping,2026-07-24T11:50:47.331162+00:00,Crossref open metadata
The Development of Marine Tourism Art Based on RMP Theory,Yue Wang,2020,10.2112/jcr-si112-019.1,crossref:10.2112/jcr-si112-019.1,Crossref,,Journal of Coastal Research,https://doi.org/10.2112/jcr-si112-019.1,coastal tourism qmbd axis translation marine maritime oceanic hydronization theory terms taxonomy mapping,2026-07-24T11:50:47.331150+00:00,Crossref open metadata
The Impacts of the Maritime Silk Road on the Marine Tourism Economy,Fansong Kong,2020,10.2112/si106-047.1,crossref:10.2112/si106-047.1,Crossref,,Journal of Coastal Research,https://doi.org/10.2112/si106-047.1,coastal tourism qmbd axis translation marine maritime oceanic hydronization theory terms taxonomy mapping,2026-07-24T11:50:47.331124+00:00,Crossref open metadata
Tourism Management: Marine and Coastal Recreation,C. Michael Hall,2020,10.1201/9780429441004-13,crossref:10.1201/9780429441004-13,Crossref,,Coastal and Marine Environments,https://doi.org/10.1201/9780429441004-13,coastal tourism qmbd axis translation marine maritime oceanic hydronization theory terms taxonomy mapping,2026-07-24T11:50:47.331165+00:00,Crossref open metadata
Tourism Marketing,Nuno Miguel Castanheira Almeida,2020,10.4018/978-1-7998-1522-8.ch015,crossref:10.4018/978-1-7998-1522-8.ch015,Crossref,,"Advances in Hospitality, Tourism, and the Services Industry",https://doi.org/10.4018/978-1-7998-1522-8.ch015,coastal tourism qmbd axis translation marine maritime oceanic hydronization theory terms taxonomy mapping,2026-07-24T11:50:47.331140+00:00,Crossref open metadata
Analyze Travel Costs Various Kinds’ Marine Tourism Transport Modes of Coastal Community in Karimunjawa Island,"Mohd Ridwan, Muhammad Zainuri, Sunarso Sugeng, Sulaiman Sulaiman",2019,10.2991/icoma-18.2019.67,crossref:10.2991/icoma-18.2019.67,Crossref,,Proceedings of the International Conference on Maritime and Archipelago (ICoMA 2018),https://doi.org/10.2991/icoma-18.2019.67,coastal tourism qmbd axis translation marine maritime oceanic hydronization theory terms taxonomy mapping,2026-07-24T11:50:47.331251+00:00,Crossref open metadata
"Brine Discharge from Desalination Plants: Environmental Contaminants, Pollution Control Processes and Mitigation Strategies","Mahdi Belhadj, Cherif Rezzoug, Youcef Benmoussa",2026,10.20944/preprints202606.1602.v1,crossref:10.20944/preprints202606.1602.v1,Crossref,,,https://doi.org/10.20944/preprints202606.1602.v1,desalination brine management environmental impact governance,2026-07-24T11:50:47.885902+00:00,Crossref open metadata
Environmental and technological perspectives on SWRO brine minimization: Toward sustainable desalination,"K. Khoiruddin, Tuti M. Lim, Tzyy H. Chong, S. Kawi, I.G. Wenten",2026,10.1016/j.desal.2026.119903,crossref:10.1016/j.desal.2026.119903,Crossref,,Desalination,https://doi.org/10.1016/j.desal.2026.119903,desalination brine management environmental impact governance,2026-07-24T11:50:47.885924+00:00,Crossref open metadata
Environmental impact and economic costs of brine disposal methods from RO desalination plants in arid coastal regions,Aya Lamei,2026,10.1201/9781003759881-9,crossref:10.1201/9781003759881-9,Crossref,,A Technical-Economic Model for Integrated Water Resources Management in Tourism Dependent Arid Coastal Regions,https://doi.org/10.1201/9781003759881-9,desalination brine management environmental impact governance,2026-07-24T11:50:47.885820+00:00,Crossref open metadata
Impact of brine discharge from desalination plants on marine ecosystems: A review,"Priyansha Gupta, Manuel D. Arciniegas-Pérez, Héctor A. Barrios-Piña",2026,10.1016/j.coesh.2025.100693,crossref:10.1016/j.coesh.2025.100693,Crossref,,Current Opinion in Environmental Science &amp; Health,https://doi.org/10.1016/j.coesh.2025.100693,desalination brine management environmental impact governance,2026-07-24T11:50:47.885955+00:00,Crossref open metadata
Impact of environmental management accounting adoption on sustainability performance: Mediating role of corporate governance,Sulaiman Alsughayer,2026,10.21511/ee.17(1).2026.13,crossref:10.21511/ee.17(1).2026.13,Crossref,,Environmental Economics,https://doi.org/10.21511/ee.17(1).2026.13,desalination brine management environmental impact governance,2026-07-24T11:50:47.885958+00:00,Crossref open metadata
Mineral carbonation in seawater desalination brine: Review and future perspective,"Linitho Suu, Joowan Lim, June-Seok Choi, Youngkwon Choi",2026,10.1016/j.desal.2026.120112,crossref:10.1016/j.desal.2026.120112,Crossref,,Desalination,https://doi.org/10.1016/j.desal.2026.120112,desalination brine management environmental impact governance,2026-07-24T11:50:47.885962+00:00,Crossref open metadata
A review of circular brine management for supporting sustainable desalination in agricultural irrigation,"Hande Gulcan, Elifnur Gezmis-Yavuz, Derya Y. Koseoglu-Imer",2025,10.1016/j.jece.2025.116326,crossref:10.1016/j.jece.2025.116326,Crossref,,Journal of Environmental Chemical Engineering,https://doi.org/10.1016/j.jece.2025.116326,desalination brine management environmental impact governance,2026-07-24T11:50:47.885974+00:00,Crossref open metadata
Brackish water vs. brine outfall: impact of desalination plant discharge in vulnerable coastal sites,"Francesca De Serio, Diana De Padova, Giancarlo Chiaia, Mouldi Ben Meftah, Michele Mossa",2025,10.1016/j.desal.2025.119291,crossref:10.1016/j.desal.2025.119291,Crossref,,Desalination,https://doi.org/10.1016/j.desal.2025.119291,desalination brine management environmental impact governance,2026-07-24T11:50:47.885932+00:00,Crossref open metadata
Environmental Impact Assessment of Brine Discharge from Desalination Facilities via Bioindicators,Nassar et al.,2025,10.21608/ejabf.2025.405940.6240,crossref:10.21608/ejabf.2025.405940.6240,Crossref,,Egyptian Journal of Aquatic Biology and Fisheries,https://doi.org/10.21608/ejabf.2025.405940.6240,desalination brine management environmental impact governance,2026-07-24T11:50:47.885928+00:00,Crossref open metadata
Harnessing halophytes to mitigate the environmental impact of membrane desalination brine,"Nesrine Kalboussi, Karim Ben Hamed, Hamza Elfil",2025,10.1016/j.jenvman.2025.125780,crossref:10.1016/j.jenvman.2025.125780,Crossref,,Journal of Environmental Management,https://doi.org/10.1016/j.jenvman.2025.125780,desalination brine management environmental impact governance,2026-07-24T11:50:47.885843+00:00,Crossref open metadata
A sustainable resource recovery approach through micro-algae integrated brine management in minimal liquid discharge system,"Ricky Rajamanickam, Rangabhashiyam Selvasembian",2024,10.1016/j.desal.2024.117424,crossref:10.1016/j.desal.2024.117424,Crossref,,Desalination,https://doi.org/10.1016/j.desal.2024.117424,desalination brine management environmental impact governance,2026-07-24T11:50:47.885970+00:00,Crossref open metadata
Desalination and transboundary water governance in conflict settings,"Maureen Walschot, David Katz",2024,10.1016/j.jenvman.2024.120509,crossref:10.1016/j.jenvman.2024.120509,Crossref,,Journal of Environmental Management,https://doi.org/10.1016/j.jenvman.2024.120509,desalination brine management environmental impact governance,2026-07-24T11:50:47.885832+00:00,Crossref open metadata
Electrodialysis for sustainable management of seawater-brine: Increasing water recovery via production of hypersaline solution for brine-mining processes,"F. Giacalone, A. Filingeri, A. Tamburini, A. Cipollina, G. Micale",2024,10.1016/j.desal.2024.117294,crossref:10.1016/j.desal.2024.117294,Crossref,,Desalination,https://doi.org/10.1016/j.desal.2024.117294,desalination brine management environmental impact governance,2026-07-24T11:50:47.885893+00:00,Crossref open metadata
Extracting minerals from desalination brine using innovative capacitive photo electrocatalytic desalination cells (cPEDC),"Arezoo Ahmadiaras, Nasser Mehrdadi",2023,10.1016/j.cscee.2023.100356,crossref:10.1016/j.cscee.2023.100356,Crossref,,Case Studies in Chemical and Environmental Engineering,https://doi.org/10.1016/j.cscee.2023.100356,desalination brine management environmental impact governance,2026-07-24T11:50:47.885977+00:00,Crossref open metadata
"Reuse of brine from inland desalination plants with duckweed, fish and halophytes toward increased food production and improved environmental control","Gideon Oron, Samuel Appelbaum, Ofer Guy",2023,10.1016/j.desal.2022.116317,crossref:10.1016/j.desal.2022.116317,Crossref,,Desalination,https://doi.org/10.1016/j.desal.2022.116317,desalination brine management environmental impact governance,2026-07-24T11:50:47.885910+00:00,Crossref open metadata
Brine Management,Christopher Bellona,2022,10.1201/9781003336914-19,crossref:10.1201/9781003336914-19,Crossref,,A Multidisciplinary Introduction to Desalination,https://doi.org/10.1201/9781003336914-19,desalination brine management environmental impact governance,2026-07-24T11:50:47.885804+00:00,Crossref open metadata
Brine management systems using membrane concentrators: Future directions for membrane development in desalination,"Kiho Park, Jungbin Kim, Seungkwan Hong",2022,10.1016/j.desal.2022.115839,crossref:10.1016/j.desal.2022.115839,Crossref,,Desalination,https://doi.org/10.1016/j.desal.2022.115839,desalination brine management environmental impact governance,2026-07-24T11:50:47.885942+00:00,Crossref open metadata
Desalination Brine Management: Effect on Outfall Design,"Ishita Shrivastava, Edward Eric Adams",2022,10.5772/intechopen.99180,crossref:10.5772/intechopen.99180,Crossref,,Pathways and Challenges for Efficient Desalination,https://doi.org/10.5772/intechopen.99180,desalination brine management environmental impact governance,2026-07-24T11:50:47.885824+00:00,Crossref open metadata
Design of marine outfalls for reducing environmental impact of brine,"Eloy Pita, Pablo Pita, Mario Sánchez-Barriga, Lucas Martín, Javier Olalde",2022,10.5004/dwt.2022.28576,crossref:10.5004/dwt.2022.28576,Crossref,,Desalination and Water Treatment,https://doi.org/10.5004/dwt.2022.28576,desalination brine management environmental impact governance,2026-07-24T11:50:47.885801+00:00,Crossref open metadata
Environmental impact of Laayoune plant’s desalination and brine management: challenges and mitigation measures,"H. Elaouani, D. Beqqour, A. Taouallah, L. Salama, K. Abderrafi, K. Jaafari, S. Mailainine, K. Benkhouja, M. Ouammou, S. Alami Younssi",2022,10.5004/dwt.2022.28558,crossref:10.5004/dwt.2022.28558,Crossref,,Desalination and Water Treatment,https://doi.org/10.5004/dwt.2022.28558,desalination brine management environmental impact governance,2026-07-24T11:50:47.885784+00:00,Crossref open metadata
Woodchip bioreactors provide sustained denitrification of brine from groundwater desalination plants,"Carolina Díaz-García, Juan J. Martínez-Sánchez, Bryan M. Maxwell, José Antonio Franco, José Álvarez-Rogel",2021,10.1016/j.jenvman.2021.112521,crossref:10.1016/j.jenvman.2021.112521,Crossref,,Journal of Environmental Management,https://doi.org/10.1016/j.jenvman.2021.112521,desalination brine management environmental impact governance,2026-07-24T11:50:47.885885+00:00,Crossref open metadata
Water Desalination: Environmental Impacts and Brine Management,"Abdulrahman S. Alsharhan, Zeinelabidin E. Rizk",2020,10.1007/978-3-030-31684-6_14,crossref:10.1007/978-3-030-31684-6_14,Crossref,,World Water Resources,https://doi.org/10.1007/978-3-030-31684-6_14,desalination brine management environmental impact governance,2026-07-24T11:50:47.885880+00:00,Crossref open metadata
Evaluating environmental requirements for the management of brine discharges in Spain,"Iván Sola, Domingo Zarzo, José Luis Sánchez-Lizaso",2019,10.1016/j.desal.2019.114132,crossref:10.1016/j.desal.2019.114132,Crossref,,Desalination,https://doi.org/10.1016/j.desal.2019.114132,desalination brine management environmental impact governance,2026-07-24T11:50:47.885789+00:00,Crossref open metadata
Desalination as a power reliability service: An economic framework for the energy–water nexus,"Khaled Alshehri, Ali T. Al-Awami",2026,10.1016/j.nexus.2026.100717,crossref:10.1016/j.nexus.2026.100717,Crossref,,Energy Nexus,https://doi.org/10.1016/j.nexus.2026.100717,desalination water energy nexus sustainability,2026-07-24T11:50:48.537068+00:00,Crossref open metadata
Optimal Operation Strategy for Island Multi-Energy Microgrids Considering the Water-Energy Nexus of Wastewater Treatment and Desalination,"Wang Pan, Wei Zhang, Dong Han",2026,10.3390/su18073297,crossref:10.3390/su18073297,Crossref,,Sustainability,https://doi.org/10.3390/su18073297,desalination water energy nexus sustainability,2026-07-24T11:50:48.536984+00:00,Crossref open metadata
"Optimizing the Water-Energy Nexus in Arid Coastal Regions: Techno-Economic Analysis of Wind-Driven Desalination in Dakhla, Morocco","Mohammed Elhabnouny, Salma Ouadrhiri, Driss Zejli, Aouatif Saad, Youssef Menchafou",2026,10.1016/j.wen.2026.07.001,crossref:10.1016/j.wen.2026.07.001,Crossref,,Water-Energy Nexus,https://doi.org/10.1016/j.wen.2026.07.001,desalination water energy nexus sustainability,2026-07-24T11:50:48.537016+00:00,Crossref open metadata
"Promoting sustainability transition in the nexus of water, energy, and food",Suhas P. Wani,2026,10.1016/b978-0-443-22320-4.00035-9,crossref:10.1016/b978-0-443-22320-4.00035-9,Crossref,,Climate Change Impacts on the Water-Energy-Food Nexus,https://doi.org/10.1016/b978-0-443-22320-4.00035-9,desalination water energy nexus sustainability,2026-07-24T11:50:48.537065+00:00,Crossref open metadata
Smoother Hydraulics and Energy Optimization in SWRO Desalination: Lowering SEC and Protecting the Membrane with Hybrid GA-PSO Control,"Kaouthar TABSISSI, Atae SEMMAR, Loubna EL ANSARI, Yassin BELKOURCHIA, Nabila RABBAH, Hicham MEDROMI, Nadia MACHKOUR",2026,10.1016/j.wen.2026.06.002,crossref:10.1016/j.wen.2026.06.002,Crossref,,Water-Energy Nexus,https://doi.org/10.1016/j.wen.2026.06.002,desalination water energy nexus sustainability,2026-07-24T11:50:48.537129+00:00,Crossref open metadata
Addressing water scarcity and energy sustainability through PV-desalination systems: A case study on the southern coast of Iran,"Mohammad Javad Ranjbar, Hossein Yousefi, Mahmood abdoos, Fatemeh Razi Astaraei, Mohammad Amin Vaziri Rad",2025,10.1016/j.nexus.2025.100425,crossref:10.1016/j.nexus.2025.100425,Crossref,,Energy Nexus,https://doi.org/10.1016/j.nexus.2025.100425,desalination water energy nexus sustainability,2026-07-24T11:50:48.537003+00:00,Crossref open metadata
"An Uncertain Water-Energy Nexus: What Role for Hydropower, Desalination, Energy Positive Wastewater Treatment and Leakage Reduction on the Path to Net Zero?",Hald-Mortensen C,2025,10.23880/jenr-16000405,crossref:10.23880/jenr-16000405,Crossref,,Journal of Ecology &amp; Natural Resources,https://doi.org/10.23880/jenr-16000405,desalination water energy nexus sustainability,2026-07-24T11:50:48.537117+00:00,Crossref open metadata
Comparative sustainability assessment of hybrid desalination systems for freshwater production,"Nadira Salsabila, Asifa Anwar, Haya Talib Shubbar, M. Imran Khan, Tareq Al-Ansari, Yusuf Bicer",2025,10.1016/j.nexus.2025.100440,crossref:10.1016/j.nexus.2025.100440,Crossref,,Energy Nexus,https://doi.org/10.1016/j.nexus.2025.100440,desalination water energy nexus sustainability,2026-07-24T11:50:48.537156+00:00,Crossref open metadata
Emerging technologies in water desalination: A review and future outlook,"Anwur Alenezi, Yousef Alabaiadly",2025,10.1016/j.nexus.2025.100373,crossref:10.1016/j.nexus.2025.100373,Crossref,,Energy Nexus,https://doi.org/10.1016/j.nexus.2025.100373,desalination water energy nexus sustainability,2026-07-24T11:50:48.537039+00:00,Crossref open metadata
Optimisation of desalination-based water system with integrated renewable energy and storage within the water-energy nexus,"Goran Stunjek, Goran Krajačić",2025,10.1016/j.desal.2024.118474,crossref:10.1016/j.desal.2024.118474,Crossref,,Desalination,https://doi.org/10.1016/j.desal.2024.118474,desalination water energy nexus sustainability,2026-07-24T11:50:48.537008+00:00,Crossref open metadata
Techno-economic optimization of a trigeneration system attaining water-heat-energy nexus considering an underground gravity energy storage,"Hamid Jabari, Ardalan Shafiei Ghazani, Farkhondeh Jabari",2025,10.1016/j.desal.2024.118349,crossref:10.1016/j.desal.2024.118349,Crossref,,Desalination,https://doi.org/10.1016/j.desal.2024.118349,desalination water energy nexus sustainability,2026-07-24T11:50:48.537144+00:00,Crossref open metadata
Water-Energy Nexus for Thermal Desalination Processes,Mahmoud M. El-halwagi,2025,10.1016/b978-0-443-16039-4.00020-3,crossref:10.1016/b978-0-443-16039-4.00020-3,Crossref,,Sustainable Design Through Process Integration,https://doi.org/10.1016/b978-0-443-16039-4.00020-3,desalination water energy nexus sustainability,2026-07-24T11:50:48.537140+00:00,Crossref open metadata
Metamodeling life cycle assessment to explore interactions in the water-energy nexus of desalination processes,Esra Aleisa,2024,10.1016/j.nexus.2024.100321,crossref:10.1016/j.nexus.2024.100321,Crossref,,Energy Nexus,https://doi.org/10.1016/j.nexus.2024.100321,desalination water energy nexus sustainability,2026-07-24T11:50:48.537028+00:00,Crossref open metadata
Water Energy Nexus Opportunities for the Planned Aqaba Amman Water Desalination and Conveyance Project (Aawdcp),Abbas Al Omari,2024,10.2139/ssrn.4868590,crossref:10.2139/ssrn.4868590,Crossref,,,https://doi.org/10.2139/ssrn.4868590,desalination water energy nexus sustainability,2026-07-24T11:50:48.537057+00:00,Crossref open metadata
The sustainability of desalination as a remedy to the water crisis in the agriculture sector: An analysis from the climate-water-energy-food nexus perspective,"Babak Zolghadr-Asli, Neil McIntyre, Slobodan Djordjevic, Raziyeh Farmani, Liliana Pagliero",2023,10.1016/j.agwat.2023.108407,crossref:10.1016/j.agwat.2023.108407,Crossref,,Agricultural Water Management,https://doi.org/10.1016/j.agwat.2023.108407,desalination water energy nexus sustainability,2026-07-24T11:50:48.537104+00:00,Crossref open metadata
Water and Energy Nexus,Gustaf Olsson,2023,10.1007/978-1-0716-2466-1_331,crossref:10.1007/978-1-0716-2466-1_331,Crossref,,Encyclopedia of Sustainability Science and Technology Series,https://doi.org/10.1007/978-1-0716-2466-1_331,desalination water energy nexus sustainability,2026-07-24T11:50:48.537171+00:00,Crossref open metadata
Hybrid desalination technologies for sustainable water-energy nexus: innovation in integrated membrane module development,"Hyuk Soo Son, Muhammad Saqib Nawaz, Sofiane Soukane, Noreddine Ghaffour",2022,10.5004/dwt.2022.28193,crossref:10.5004/dwt.2022.28193,Crossref,,Desalination and Water Treatment,https://doi.org/10.5004/dwt.2022.28193,desalination water energy nexus sustainability,2026-07-24T11:50:48.537072+00:00,Crossref open metadata
"Optimization of Energy in Seawater Desalination Plants (Case: Palm Beach Desalination Plant, Algiers)","Loughraichi Yazid, Bouziane Mohamed Tewfik",2022,10.1007/978-3-030-76081-6_57,crossref:10.1007/978-3-030-76081-6_57,Crossref,,"Advances in Science, Technology &amp; Innovation",https://doi.org/10.1007/978-3-030-76081-6_57,desalination water energy nexus sustainability,2026-07-24T11:50:48.537175+00:00,Crossref open metadata
Role of desalination technologies and water reuse in Water-Energy-Food nexus: an opportunity for Algeria,"Nadjib Drouiche, Omar Rodriguez Villarreal, Sara Ouali, Seif El Islam Lebouachera, Richa Soni",2022,10.5004/dwt.2022.28538,crossref:10.5004/dwt.2022.28538,Crossref,,Desalination and Water Treatment,https://doi.org/10.5004/dwt.2022.28538,desalination water energy nexus sustainability,2026-07-24T11:50:48.537092+00:00,Crossref open metadata
"Desalination, Energy and Environment Nexus","Hilla Shemer, Raphael Semiat",2021,10.1142/9789811226984_0002,crossref:10.1142/9789811226984_0002,Crossref,,Materials and Energy,https://doi.org/10.1142/9789811226984_0002,desalination water energy nexus sustainability,2026-07-24T11:50:48.537079+00:00,Crossref open metadata
Desalination technologies and potential mathematical modeling for sustainable water–energy nexus,"Mashura Shammi, Md. Rahman Mostafizur",2021,10.1016/b978-0-12-820644-7.00004-9,crossref:10.1016/b978-0-12-820644-7.00004-9,Crossref,,Water Engineering Modeling and Mathematic Tools,https://doi.org/10.1016/b978-0-12-820644-7.00004-9,desalination water energy nexus sustainability,2026-07-24T11:50:48.537191+00:00,Crossref open metadata
Developments in the microbial desalination cell technology: A review,"Abubakari Zarouk Imoro, Moses Mensah, Richard Buamah",2021,10.1016/j.wen.2021.04.002,crossref:10.1016/j.wen.2021.04.002,Crossref,,Water-Energy Nexus,https://doi.org/10.1016/j.wen.2021.04.002,desalination water energy nexus sustainability,2026-07-24T11:50:48.537032+00:00,Crossref open metadata
Sustainable Approach to Water-Energy Nexus: Sea-Water Reverse Osmosis Desalination and its Future Directions,"Anirban Roy, Asim K. Ghosh",2021,10.1007/978-3-030-76008-3_23,crossref:10.1007/978-3-030-76008-3_23,Crossref,,Advanced Sciences and Technologies for Security Applications,https://doi.org/10.1007/978-3-030-76008-3_23,desalination water energy nexus sustainability,2026-07-24T11:50:48.537108+00:00,Crossref open metadata
Water transfer projects and “Water-Energy-Food Nexus” governance from the perspective of game theory,"Shuang Yang, Jiancheng Chen, Xiuru Wang",2021,10.5004/dwt.2021.27106,crossref:10.5004/dwt.2021.27106,Crossref,,Desalination and Water Treatment,https://doi.org/10.5004/dwt.2021.27106,desalination water energy nexus sustainability,2026-07-24T11:50:48.537096+00:00,Crossref open metadata
Development of sustainability indicators for the assessment of coal-based power generation pathways,Babkir Ali,2020,10.1016/j.wen.2020.12.001,crossref:10.1016/j.wen.2020.12.001,Crossref,,Water-Energy Nexus,https://doi.org/10.1016/j.wen.2020.12.001,desalination water energy nexus sustainability,2026-07-24T11:50:48.537076+00:00,Crossref open metadata
Solar Driven Agricultural Greenhouse Integrated with Desalination System; Energy-Water-Food Nexus,"Kabir Abdullahi, Alaa Salah, Hassan Fath",2020,10.21203/rs.3.rs-23546/v1,crossref:10.21203/rs.3.rs-23546/v1,Crossref,,,https://doi.org/10.21203/rs.3.rs-23546/v1,desalination water energy nexus sustainability,2026-07-24T11:50:48.537147+00:00,Crossref open metadata
Water Energy Nexus as Manifested in Desalination based Water Sector: the case of Israel,"Elad Salomons, Mashor Housh",2020,10.5194/egusphere-egu2020-4698,crossref:10.5194/egusphere-egu2020-4698,Crossref,,,https://doi.org/10.5194/egusphere-egu2020-4698,desalination water energy nexus sustainability,2026-07-24T11:50:48.537054+00:00,Crossref open metadata
Special issue on the 3rd EWaS International Conference on “Insights on the Water-Energy-Food Nexus”: Editorial,"Vasilis Kanakoudis, Stavroula Tsitsifli",2019,10.5004/dwt.2019.24806,crossref:10.5004/dwt.2019.24806,Crossref,,Desalination and Water Treatment,https://doi.org/10.5004/dwt.2019.24806,desalination water energy nexus sustainability,2026-07-24T11:50:48.537121+00:00,Crossref open metadata
The Water Nexus and Desalination,Farid Benyahia,2019,10.1201/9781315117553-1,crossref:10.1201/9781315117553-1,Crossref,,Membrane-Distillation in Desalination,https://doi.org/10.1201/9781315117553-1,desalination water energy nexus sustainability,2026-07-24T11:50:48.537163+00:00,Crossref open metadata
"Dynamics in green governance in China: Exploring the relationship between carbon emissions, water consumption and economic planning","Rongqing Ding, Jie Dai, Ying Zhang, Tingting Tan, Li-Chen Chou",2025,10.1016/j.dwt.2025.101120,crossref:10.1016/j.dwt.2025.101120,Crossref,,Desalination and Water Treatment,https://doi.org/10.1016/j.dwt.2025.101120,desalination hydrosocial water justice governance,2026-07-24T11:50:49.567049+00:00,Crossref open metadata
"Hidden Hydrosocial Imbalances in Virtual Water Trade:
A Bilateral Resource Integrated Diagnostic for Governance Equity (BRIDGE) Framework with Standardized Indices Applied to Italy–Vietnam Case","marcello ruberti, stefania massari",2025,10.21203/rs.3.rs-7922471/v1,crossref:10.21203/rs.3.rs-7922471/v1,Crossref,,,https://doi.org/10.21203/rs.3.rs-7922471/v1,desalination hydrosocial water justice governance,2026-07-24T11:50:49.566941+00:00,Crossref open metadata
"Mining Extractivism, Climate Stress, and Water Injustice: A Case Study of the Proposed Jindal Iron-Ore Mine in Melmoth, KwaZulu-Natal and Hydrosocial Justice",Llewellyn Leonard,2025,10.3390/socsci14080503,crossref:10.3390/socsci14080503,Crossref,,Social Sciences,https://doi.org/10.3390/socsci14080503,desalination hydrosocial water justice governance,2026-07-24T11:50:49.567014+00:00,Crossref open metadata
Politicizing water governance and canal allocations,"Muhammad Arfan, Nabeel Ali Khan",2025,10.4337/9781803921150.00030,crossref:10.4337/9781803921150.00030,Crossref,,Handbook of Social Justice in the Global South,https://doi.org/10.4337/9781803921150.00030,desalination hydrosocial water justice governance,2026-07-24T11:50:49.567114+00:00,Crossref open metadata
Spatiotemporal evolution of water-linked ecosystem service values in the Pearl River Basin: A GIS-based approach for sustainable water-ecology-society governance,"Yuanzhu Wang, Rajah Rasiah",2025,10.1016/j.dwt.2025.101046,crossref:10.1016/j.dwt.2025.101046,Crossref,,Desalination and Water Treatment,https://doi.org/10.1016/j.dwt.2025.101046,desalination hydrosocial water justice governance,2026-07-24T11:50:49.566998+00:00,Crossref open metadata
Beyond Water Justice and Water Security,"Catalina Quiroga, Anyi Castelblanco",2024,10.4324/9781003100379-32,crossref:10.4324/9781003100379-32,Crossref,,Routledge Handbook of Gender and Water Governance,https://doi.org/10.4324/9781003100379-32,desalination hydrosocial water justice governance,2026-07-24T11:50:49.567064+00:00,Crossref open metadata
"Editorial: Innovating a new knowledge base for water justice studies: hydrosocial, sociohydrology, and beyond","Melissa Haeffner, Rebecca Lave, Jamie Linton, Jenia Mukherjee, John Ndiritu, Raul Pacheco-Vega, Maria Rusca, Margreet Zwarteveen",2024,10.3389/frwa.2024.1389030,crossref:10.3389/frwa.2024.1389030,Crossref,,Frontiers in Water,https://doi.org/10.3389/frwa.2024.1389030,desalination hydrosocial water justice governance,2026-07-24T11:50:49.566946+00:00,Crossref open metadata
Reallocation and Coordination for Improved Water Governance,Unknown,2024,10.2307/jj.41379746.16,crossref:10.2307/jj.41379746.16,Crossref,,Water Management,https://doi.org/10.2307/jj.41379746.16,desalination hydrosocial water justice governance,2026-07-24T11:50:49.567074+00:00,Crossref open metadata
From Water Injustice to the Coproduction of a New Hydrosocial Territory: Working-Class Inhabitants and University Activists Creating Alternatives in Mexico City,Amaël Marchand,2023,10.1089/env.2022.0116,crossref:10.1089/env.2022.0116,Crossref,,Environmental Justice,https://doi.org/10.1089/env.2022.0116,desalination hydrosocial water justice governance,2026-07-24T11:50:49.566933+00:00,Crossref open metadata
Reforming Water Governance in Chile: A Hydrosocial Relations Perspective / Reforma a la gobernanza de agua en Chile: una mirada desde las relaciones hidrosociales,"Jessica Budds, Kathleen O'Reilly",2023,10.1353/lag.2023.a915672,crossref:10.1353/lag.2023.a915672,Crossref,,Journal of Latin American Geography,https://doi.org/10.1353/lag.2023.a915672,desalination hydrosocial water justice governance,2026-07-24T11:50:49.566971+00:00,Crossref open metadata
"Hydrosocial research for better understanding, managing, and modeling human-nature interactions","Sandra Ricart, Nicholas Kirk",2022,10.3389/frwa.2022.1025040,crossref:10.3389/frwa.2022.1025040,Crossref,,Frontiers in Water,https://doi.org/10.3389/frwa.2022.1025040,desalination hydrosocial water justice governance,2026-07-24T11:50:49.567118+00:00,Crossref open metadata
"Space, Time, and Hydrosocial Imaginaries: Water Quality Governance of the Pyramid Lake Paiute Tribe","Kate A. Berry, Teresa Cavazos Cohn",2022,10.1080/00330124.2022.2075403,crossref:10.1080/00330124.2022.2075403,Crossref,,The Professional Geographer,https://doi.org/10.1080/00330124.2022.2075403,desalination hydrosocial water justice governance,2026-07-24T11:50:49.566968+00:00,Crossref open metadata
Water Governance and the Hydrosocial Territory of the Teles Pires River Basin in the Brazilian Amazon,"Daniela Maimoni Figueiredo, Antonio Augusto Rossotto Ioris",2021,10.1007/978-3-030-55416-3_16,crossref:10.1007/978-3-030-55416-3_16,Crossref,,Environment and Development,https://doi.org/10.1007/978-3-030-55416-3_16,desalination hydrosocial water justice governance,2026-07-24T11:50:49.566975+00:00,Crossref open metadata
Environmental Crises And Hydrosocial Networks,Elizabeth Brunner,2020,10.5040/9781978738348.ch-011,crossref:10.5040/9781978738348.ch-011,Crossref,,"Water, Rhetoric, and Social Justice",https://doi.org/10.5040/9781978738348.ch-011,desalination hydrosocial water justice governance,2026-07-24T11:50:49.566908+00:00,Crossref open metadata
Hydrosocial territories in the context of diverse and changing ruralities: the case of Cochabamba’s drinking water provision over time,Paul Hoogendam,2020,10.4324/9780429354427-4,crossref:10.4324/9780429354427-4,Crossref,,Rural–Urban Water Struggles,https://doi.org/10.4324/9780429354427-4,desalination hydrosocial water justice governance,2026-07-24T11:50:49.566988+00:00,Crossref open metadata
Payment for ecosystem services in Lima’s watersheds: power and imaginaries in an urban-rural hydrosocial territory,"Sonja Bleeker, Jeroen Vos",2020,10.4324/9780429354427-9,crossref:10.4324/9780429354427-9,Crossref,,Rural–Urban Water Struggles,https://doi.org/10.4324/9780429354427-9,desalination hydrosocial water justice governance,2026-07-24T11:50:49.567102+00:00,Crossref open metadata
"Smooth flows? Hydrosocial communities, water governance and infrastructural discord in Peru’s southern highlands","Karsten Paerregaard, Susann Baez Ullberg, Malene Brandshaug",2020,10.1080/02508060.2020.1755538,crossref:10.1080/02508060.2020.1755538,Crossref,,Water International,https://doi.org/10.1080/02508060.2020.1755538,desalination hydrosocial water justice governance,2026-07-24T11:50:49.566929+00:00,Crossref open metadata
Water crisis through the analytic of urban transformation: an analysis of Bangalore’s hydrosocial regimes,"Michael Goldman, Devika Narayan",2020,10.4324/9780429354427-2,crossref:10.4324/9780429354427-2,Crossref,,Rural–Urban Water Struggles,https://doi.org/10.4324/9780429354427-2,desalination hydrosocial water justice governance,2026-07-24T11:50:49.566982+00:00,Crossref open metadata
Against the trend,Andreas Bieler,2019,10.4324/9780429453571-10,crossref:10.4324/9780429453571-10,Crossref,,Water Politics,https://doi.org/10.4324/9780429453571-10,desalination hydrosocial water justice governance,2026-07-24T11:50:49.567061+00:00,Crossref open metadata
Human right to water and bottled water consumption,Raúl Pacheco-Vega,2019,10.4324/9780429453571-9,crossref:10.4324/9780429453571-9,Crossref,,Water Politics,https://doi.org/10.4324/9780429453571-9,desalination hydrosocial water justice governance,2026-07-24T11:50:49.567068+00:00,Crossref open metadata
Making space for practical authority,Katie Meehan,2019,10.4324/9780429453571-3,crossref:10.4324/9780429453571-3,Crossref,,Water Politics,https://doi.org/10.4324/9780429453571-3,desalination hydrosocial water justice governance,2026-07-24T11:50:49.567088+00:00,Crossref open metadata
"Race, austerity and water justice in the United States",Cristy Clark,2019,10.4324/9780429453571-13,crossref:10.4324/9780429453571-13,Crossref,,Water Politics,https://doi.org/10.4324/9780429453571-13,desalination hydrosocial water justice governance,2026-07-24T11:50:49.566958+00:00,Crossref open metadata
Remunicipalization and the human right to water,David A. McDonald,2019,10.4324/9780429453571-11,crossref:10.4324/9780429453571-11,Crossref,,Water Politics,https://doi.org/10.4324/9780429453571-11,desalination hydrosocial water justice governance,2026-07-24T11:50:49.567092+00:00,Crossref open metadata
The right to water in a global context,"Farhana Sultana, Alex Loftus",2019,10.4324/9780429453571-1,crossref:10.4324/9780429453571-1,Crossref,,Water Politics,https://doi.org/10.4324/9780429453571-1,desalination hydrosocial water justice governance,2026-07-24T11:50:49.567121+00:00,Crossref open metadata
The rights to water and food,"Lyla Mehta, Daniel Langmeier",2019,10.4324/9780429453571-6,crossref:10.4324/9780429453571-6,Crossref,,Water Politics,https://doi.org/10.4324/9780429453571-6,desalination hydrosocial water justice governance,2026-07-24T11:50:49.567098+00:00,Crossref open metadata
Turning to traditions,Christiana Zenner,2019,10.4324/9780429453571-4,crossref:10.4324/9780429453571-4,Crossref,,Water Politics,https://doi.org/10.4324/9780429453571-4,desalination hydrosocial water justice governance,2026-07-24T11:50:49.567057+00:00,Crossref open metadata
Valuing water,Jeremy J. Schmidt,2019,10.4324/9780429453571-2,crossref:10.4324/9780429453571-2,Crossref,,Water Politics,https://doi.org/10.4324/9780429453571-2,desalination hydrosocial water justice governance,2026-07-24T11:50:49.567002+00:00,Crossref open metadata
Water Politics,Unknown,2019,10.4324/9780429453571,crossref:10.4324/9780429453571,Crossref,,,https://doi.org/10.4324/9780429453571,desalination hydrosocial water justice governance,2026-07-24T11:50:49.566992+00:00,Crossref open metadata
Transitioning Training,Corey Bloomfield,2025,10.4018/979-8-3693-3338-9.ch007,crossref:10.4018/979-8-3693-3338-9.ch007,Crossref,,Navigating the Global Workforce Through Bold Workplace Learning and Professional Development,https://doi.org/10.4018/979-8-3693-3338-9.ch007,desalination workforce skills competences training professional development,2026-07-24T11:50:50.016936+00:00,Crossref open metadata
DEVELOPMENT OF PROFESSIONAL COMPETENCES IN FUTURE SPEECH THERAPISTS,Zokirova Sarvinoz Baratovna,2024,10.37547/ijp/volume04issue12-52,crossref:10.37547/ijp/volume04issue12-52,Crossref,,International Journal of Pedagogics,https://doi.org/10.37547/ijp/volume04issue12-52,desalination workforce skills competences training professional development,2026-07-24T11:50:50.016943+00:00,Crossref open metadata
TEACHERS’ PROFESSIONAL COMPETENCES: PEDAGOGICAL EXPERIMENT (TRAINING STAGE),Aliona Afanas,2021,10.29013/esr-21-5.6-26-31,crossref:10.29013/esr-21-5.6-26-31,Crossref,,European Science Review,https://doi.org/10.29013/esr-21-5.6-26-31,desalination workforce skills competences training professional development,2026-07-24T11:50:50.016946+00:00,Crossref open metadata
Teacher Education and Curriculum Alignment in History Education: A Bridge to Enhanced Learning Outcomes,"Prince Essiaw, Anitha Oforiwah Adu-Boahen, Sylvester Gundona",2026,10.64712/ghajet.v14i3.788,crossref:10.64712/ghajet.v14i3.788,Crossref,,GHANA JOURNAL OF EDUCATION AND TEACHING,https://doi.org/10.64712/ghajet.v14i3.788,desalination operator education learning outcomes curriculum qualification,2026-07-24T11:50:50.496565+00:00,Crossref open metadata
Digital Twin Technology for Real-Time Simulation of Learning Outcomes and Curriculum Effectiveness in OBE,Mo Ateeb Ansari,2025,10.71443/9789349552531-13,crossref:10.71443/9789349552531-13,Crossref,,Artificial Intelligence-Powered Learning Analytics and Student Feedback Mechanisms for Dynamic Curriculum Enhancement and Continuous Quality Improvement in Outcome-Based Education,https://doi.org/10.71443/9789349552531-13,desalination operator education learning outcomes curriculum qualification,2026-07-24T11:50:50.496549+00:00,Crossref open metadata
Social-Emotional Learning Integration Across Curriculum: Best Practices and Measurable Outcomes,Premachandran P,2025,10.63090/ijep/3108.1800.0008,crossref:10.63090/ijep/3108.1800.0008,Crossref,,International Journal of Education and Pedagogy (IJEP),https://doi.org/10.63090/ijep/3108.1800.0008,desalination operator education learning outcomes curriculum qualification,2026-07-24T11:50:50.496557+00:00,Crossref open metadata
Using Assessment to Align and Interweave Core Curriculum Objectives and Education Abroad Learning Outcomes,Katherine N. Yngve,2023,10.4324/9781003444411-11,crossref:10.4324/9781003444411-11,Crossref,,Education Abroad and the Undergraduate Experience,https://doi.org/10.4324/9781003444411-11,desalination operator education learning outcomes curriculum qualification,2026-07-24T11:50:50.496575+00:00,Crossref open metadata
"Written, Audio, and Video Feedback:  Learning Outcomes and Community of  Inquiry Model in Online Learning Curriculum",Shannon Logan,2022,10.24018/ejedu.2022.3.6.514,crossref:10.24018/ejedu.2022.3.6.514,Crossref,,European Journal of Education and Pedagogy,https://doi.org/10.24018/ejedu.2022.3.6.514,desalination operator education learning outcomes curriculum qualification,2026-07-24T11:50:50.496568+00:00,Crossref open metadata
A digital twin-empowered resilient path-following approach for non-holonomic autonomous vehicles under DoS attacks,"Hunain Kaisar, Muhammad Rehan, Ijaz Ahmed, Muhammad Khalid",2026,10.1016/j.robot.2026.105603,crossref:10.1016/j.robot.2026.105603,Crossref,,Robotics and Autonomous Systems,https://doi.org/10.1016/j.robot.2026.105603,desalination AI digital twin autonomous systems resilience,2026-07-24T11:50:52.276987+00:00,Crossref open metadata
Adaptive AI-Driven Digital Twin Frameworks for Autonomous Vehicles,"Dilmurod Turaev, Ravikumar Natarajan, Aarthi Selvakumar, Anorgul Ashirova, Khayrulla Urozboev, Sharvanthika K. S.",2026,10.4018/979-8-3373-7785-8.ch002,crossref:10.4018/979-8-3373-7785-8.ch002,Crossref,,Digital Twin Approaches in Autonomous Vehicles,https://doi.org/10.4018/979-8-3373-7785-8.ch002,desalination AI digital twin autonomous systems resilience,2026-07-24T11:50:52.276837+00:00,Crossref open metadata
AI-Digital Twin Synergy for Smart and Autonomous Wind Energy Systems,"Cherala Vikram, Rampelli Manojkumar",2026,10.4018/979-8-2600-0106-6.ch005,crossref:10.4018/979-8-2600-0106-6.ch005,Crossref,,Advanced Wind Energy Systems,https://doi.org/10.4018/979-8-2600-0106-6.ch005,desalination AI digital twin autonomous systems resilience,2026-07-24T11:50:52.276818+00:00,Crossref open metadata
AI-driven diagnostic digital twin demonstration for condition monitoring in nuclear piping systems,"Harleen Kaur Sandhu, Saran Srikanth Bodda, William Ashe, Abhinav Gupta, Kevin Han, Bruce Greer, Hasan Charkas",2026,10.1016/j.iintel.2026.100230,crossref:10.1016/j.iintel.2026.100230,Crossref,,Journal of Infrastructure Intelligence and Resilience,https://doi.org/10.1016/j.iintel.2026.100230,desalination AI digital twin autonomous systems resilience,2026-07-24T11:50:52.276931+00:00,Crossref open metadata
AI-Driven Digital Twin Framework for Predictive Maintenance in Autonomous Vehicles,"Vasavi Bande, Mallareddy Adudhodla, Prasadarao Karu, M. Swapna, M. Sravani, Saavanth Veerumneni",2026,10.4018/979-8-3373-7785-8.ch003,crossref:10.4018/979-8-3373-7785-8.ch003,Crossref,,Digital Twin Approaches in Autonomous Vehicles,https://doi.org/10.4018/979-8-3373-7785-8.ch003,desalination AI digital twin autonomous systems resilience,2026-07-24T11:50:52.276812+00:00,Crossref open metadata
"Cybersecurity in the Digital Twin Era: AI-Driven Threat Intelligence, Resilience, and Trustworthy Cyber-Physical Systems","Syed Altaf Hussain, M. Khaja Gulam Hussain",2026,10.9734/bpi/nhstc/v12/7760,crossref:10.9734/bpi/nhstc/v12/7760,Crossref,,"New Horizons of Science, Technology and Culture Vol. 12",https://doi.org/10.9734/bpi/nhstc/v12/7760,desalination AI digital twin autonomous systems resilience,2026-07-24T11:50:52.276918+00:00,Crossref open metadata
"Digital Twin-Driven Innovation in Autonomous Vehicle Systems Through Modelling, Prototyping, and Lifecycle Optimization","Mahfjur Rahman, Mirza Asif Mahmud, Noboranjan Dey, Kazi Tanvir, Zishan Ahmed Onik, Dipta Gomes",2026,10.4018/979-8-3373-7785-8.ch005,crossref:10.4018/979-8-3373-7785-8.ch005,Crossref,,Digital Twin Approaches in Autonomous Vehicles,https://doi.org/10.4018/979-8-3373-7785-8.ch005,desalination AI digital twin autonomous systems resilience,2026-07-24T11:50:52.276879+00:00,Crossref open metadata
Digital Twin-Driven Safety Validation and Predictive Risk Modelling for Autonomous Vehicles,Shashikant Nishant Sharma,2026,10.4018/979-8-3373-7785-8.ch006,crossref:10.4018/979-8-3373-7785-8.ch006,Crossref,,Digital Twin Approaches in Autonomous Vehicles,https://doi.org/10.4018/979-8-3373-7785-8.ch006,desalination AI digital twin autonomous systems resilience,2026-07-24T11:50:52.276921+00:00,Crossref open metadata
Digital Twin-Enabled Intelligent Transportation Systems,"Siddharth Shankar Mishra, Jalpa Thakkar, Srreya Sharma, Yugank Sharma, Manvendra Singh",2026,10.4018/979-8-3373-7785-8.ch007,crossref:10.4018/979-8-3373-7785-8.ch007,Crossref,,Digital Twin Approaches in Autonomous Vehicles,https://doi.org/10.4018/979-8-3373-7785-8.ch007,desalination AI digital twin autonomous systems resilience,2026-07-24T11:50:52.276926+00:00,Crossref open metadata
Digital Twin-Enabled Smart Manufacturing for Surface Mount Technology in Autonomous Vehicle Electronics Manufacturing,"Shweta Dour, Prakruti Shah",2026,10.4018/979-8-3373-7785-8.ch008,crossref:10.4018/979-8-3373-7785-8.ch008,Crossref,,Digital Twin Approaches in Autonomous Vehicles,https://doi.org/10.4018/979-8-3373-7785-8.ch008,desalination AI digital twin autonomous systems resilience,2026-07-24T11:50:52.276954+00:00,Crossref open metadata
Economic Implications of Digital Twin Adoption in Autonomous Vehicle Systems,Constantinos Challoumis,2026,10.4018/979-8-3373-7785-8.ch009,crossref:10.4018/979-8-3373-7785-8.ch009,Crossref,,Digital Twin Approaches in Autonomous Vehicles,https://doi.org/10.4018/979-8-3373-7785-8.ch009,desalination AI digital twin autonomous systems resilience,2026-07-24T11:50:52.276786+00:00,Crossref open metadata
Explainable AI-Driven Digital Twins for Adaptive Learning Design,Shokhista Anarmetova,2026,10.4018/979-8-2600-1674-9.ch007,crossref:10.4018/979-8-2600-1674-9.ch007,Crossref,,Digital Twin-Driven Lifelong Learning Systems,https://doi.org/10.4018/979-8-2600-1674-9.ch007,desalination AI digital twin autonomous systems resilience,2026-07-24T11:50:52.276950+00:00,Crossref open metadata
Human-Centric Education 5.0 in Digital Twin Ecosystems,"B. Suresha, Nijumon K. John",2026,10.4018/979-8-2600-1674-9.ch008,crossref:10.4018/979-8-2600-1674-9.ch008,Crossref,,Digital Twin-Driven Lifelong Learning Systems,https://doi.org/10.4018/979-8-2600-1674-9.ch008,desalination AI digital twin autonomous systems resilience,2026-07-24T11:50:52.276975+00:00,Crossref open metadata
Integrating Digital Twin and Artificial Intelligence for Enhancing Resilience in Distributed Manufacturing Systems,Liam O&apos;Connor,2026,10.2139/ssrn.6644483,crossref:10.2139/ssrn.6644483,Crossref,,,https://doi.org/10.2139/ssrn.6644483,desalination AI digital twin autonomous systems resilience,2026-07-24T11:50:52.276914+00:00,Crossref open metadata
Integrating Digital Twin and Explainable AI for Cyber Resilience in Critical Infrastructures,"İlhami Çolak, Erdal Irmak, İsmail Erkek, Utku Kale",2026,10.1007/978-3-032-13898-9_37,crossref:10.1007/978-3-032-13898-9_37,Crossref,,Lecture Notes in Networks and Systems,https://doi.org/10.1007/978-3-032-13898-9_37,desalination AI digital twin autonomous systems resilience,2026-07-24T11:50:52.277034+00:00,Crossref open metadata
Integrating Digital Twin Technology Into V2X Communication,"Swati Jaiswal, Prachi Joshi, Spandan Surdas",2026,10.4018/979-8-3373-7785-8.ch011,crossref:10.4018/979-8-3373-7785-8.ch011,Crossref,,Digital Twin Approaches in Autonomous Vehicles,https://doi.org/10.4018/979-8-3373-7785-8.ch011,desalination AI digital twin autonomous systems resilience,2026-07-24T11:50:52.276963+00:00,Crossref open metadata
Leveraging Data-Driven Safety Assurance and Digital-Twin Validation for Safe and Reliable Autonomous Public Transport Systems,"Tom Jansen, Rolf Graafland",2026,10.5592/co/cetra.2026.1839,crossref:10.5592/co/cetra.2026.1839,Crossref,,International Conference on Road and Rail Infrastructure,https://doi.org/10.5592/co/cetra.2026.1839,desalination AI digital twin autonomous systems resilience,2026-07-24T11:50:52.276999+00:00,Crossref open metadata
Regulating Intelligent Learning Systems,"Satyam Singh, Archana Kumari, Deepali Sinha, Amitanshu Nayak",2026,10.4018/979-8-2600-1674-9.ch010,crossref:10.4018/979-8-2600-1674-9.ch010,Crossref,,Digital Twin-Driven Lifelong Learning Systems,https://doi.org/10.4018/979-8-2600-1674-9.ch010,desalination AI digital twin autonomous systems resilience,2026-07-24T11:50:52.276900+00:00,Crossref open metadata
The Hypersituated Learner and the Digital Twin,"Filipe T. Moreira, Sara Martins",2026,10.4018/979-8-2600-1674-9.ch011,crossref:10.4018/979-8-2600-1674-9.ch011,Crossref,,Digital Twin-Driven Lifelong Learning Systems,https://doi.org/10.4018/979-8-2600-1674-9.ch011,desalination AI digital twin autonomous systems resilience,2026-07-24T11:50:52.276904+00:00,Crossref open metadata
3D Local Climate Zone (LCZ) Modeling and Digital Twin Integration for Advanced Climate Resilience using AI,"Dyutisree Halder, Harshit Harshit, Rahul Dev Garg",2025,10.5194/icuc12-954,crossref:10.5194/icuc12-954,Crossref,,,https://doi.org/10.5194/icuc12-954,desalination AI digital twin autonomous systems resilience,2026-07-24T11:50:52.276910+00:00,Crossref open metadata
Agentic AI-driven digital twin system for autonomous urban flood monitoring,"Dohyun Kim, Sanghoon Lee",2025,10.2139/ssrn.5624461,crossref:10.2139/ssrn.5624461,Crossref,,,https://doi.org/10.2139/ssrn.5624461,desalination AI digital twin autonomous systems resilience,2026-07-24T11:50:52.276823+00:00,Crossref open metadata
AI-Enhanced Mono-View Geometry for Digital Twin 3D Visualization in Autonomous Driving,"Ing-Chau Chang, Yu-Chiao Chang, Chunghui Kuo, Chin-En Yen",2025,10.3390/engproc2025120006,crossref:10.3390/engproc2025120006,Crossref,,ICKII 2025,https://doi.org/10.3390/engproc2025120006,desalination AI digital twin autonomous systems resilience,2026-07-24T11:50:52.277029+00:00,Crossref open metadata
Autonomous Cyber Resilience via a Co-Evolutionary Arms Race within a Fortified Digital Twin Sandbox,"Malikussaid, Sutiyo",2025,10.1109/ispacs68724.2025.11383172,crossref:10.1109/ispacs68724.2025.11383172,Crossref,,2025 International Symposium on Intelligent Signal Processing and Communication Systems (ISPACS),https://doi.org/10.1109/ispacs68724.2025.11383172,desalination AI digital twin autonomous systems resilience,2026-07-24T11:50:52.276832+00:00,Crossref open metadata
Autonomous Vehicle for Industry 5.0: Digital Twin for System Safety Validation,"Raivo Sell, Mohsen Malayjerdi, Ehsan Malayjerdi, Mauro Bellone, Heiko Pikner",2025,10.5220/0013476600003941,crossref:10.5220/0013476600003941,Crossref,,Proceedings of the 11th International Conference on Vehicle Technology and Intelligent Transport Systems,https://doi.org/10.5220/0013476600003941,desalination AI digital twin autonomous systems resilience,2026-07-24T11:50:52.276983+00:00,Crossref open metadata
Digital Defense Powered by Autonomous Resilience,"Jamal Zraqou, Wesam Alkhadour, Khalil Omar, Jawad Alkhatib",2025,10.4018/979-8-3373-0954-5.ch004,crossref:10.4018/979-8-3373-0954-5.ch004,Crossref,,Advances in Computational Intelligence and Robotics,https://doi.org/10.4018/979-8-3373-0954-5.ch004,desalination AI digital twin autonomous systems resilience,2026-07-24T11:50:52.276894+00:00,Crossref open metadata
Digital Twin and AI Agent for Autonomous Optical Networks,"Qunbi Zhuge, Xiaomin Liu, Yihao Zhang, Qizhi Qiu",2025,10.1364/ofc.2025.w4g.1,crossref:10.1364/ofc.2025.w4g.1,Crossref,,Optical Fiber Communication Conference (OFC) 2025,https://doi.org/10.1364/ofc.2025.w4g.1,desalination AI digital twin autonomous systems resilience,2026-07-24T11:50:52.276946+00:00,Crossref open metadata
Digital Twin and AI Models for Infrastructure Resilience: A Systematic Knowledge Mapping,"Adedeji Afolabi, Olugbenro Ogunrinde, Abolghassem Zabihollah",2025,10.3390/app152413135,crossref:10.3390/app152413135,Crossref,,Applied Sciences,https://doi.org/10.3390/app152413135,desalination AI digital twin autonomous systems resilience,2026-07-24T11:50:52.277007+00:00,Crossref open metadata
"Enhancing AI-Driven Digital Twin Platform for Optimizing Urban CO
                    <sub>2</sub>
                    Capture and Climate Resilience","Anitha K, Sabarna T, Santhiya P, Shriga V S",2025,10.1109/icoiics67115.2025.11390394,crossref:10.1109/icoiics67115.2025.11390394,Crossref,,"2025 International Conference on Intelligent Computing, Information and Control Systems (ICOIICS)",https://doi.org/10.1109/icoiics67115.2025.11390394,desalination AI digital twin autonomous systems resilience,2026-07-24T11:50:52.276972+00:00,Crossref open metadata
Financial Doppelgangers: a novel cybernetic Digital-Twin framework for predictive systemic resilience in emerging FinTech ecosystems,"Uday Acharya, Nimesh Bhojak",2025,10.1080/27525783.2025.2566349,crossref:10.1080/27525783.2025.2566349,Crossref,,Digital Twin,https://doi.org/10.1080/27525783.2025.2566349,desalination AI digital twin autonomous systems resilience,2026-07-24T11:50:52.277014+00:00,Crossref open metadata
IoT and AI-Enhanced Digital Twin for Smart City Disaster Resilience and Resource Optimization,"D. Sandhya Rani, Mummadi Ramachandra, R. Sukruta, T. Veeranna, G. Bala Krishna, M. Pavan Kumar Reddy",2025,10.1109/icces67310.2025.11337219,crossref:10.1109/icces67310.2025.11337219,Crossref,,2025 10th International Conference on Communication and Electronics Systems (ICCES),https://doi.org/10.1109/icces67310.2025.11337219,desalination AI digital twin autonomous systems resilience,2026-07-24T11:50:52.277039+00:00,Crossref open metadata
A Cognitive Digital Twin for Intention Anticipation in Human-Aware AI,Nele Russwinkel,2024,10.1007/978-3-031-44851-5_51,crossref:10.1007/978-3-031-44851-5_51,Crossref,,Lecture Notes in Networks and Systems,https://doi.org/10.1007/978-3-031-44851-5_51,desalination AI digital twin autonomous systems resilience,2026-07-24T11:50:52.276934+00:00,Crossref open metadata
Digital Twins and Reinforcement Learning for Autonomous Systems in Industry 4.0,"Nithya M., Ramesh Babu Gurujukota, Anju Gautam, Chandresh Bakliwal, Sangeetha S., Karthikeyan Thangavel",2024,10.4018/979-8-3693-3234-4.ch011,crossref:10.4018/979-8-3693-3234-4.ch011,Crossref,,Advances in Business Information Systems and Analytics,https://doi.org/10.4018/979-8-3693-3234-4.ch011,desalination AI digital twin autonomous systems resilience,2026-07-24T11:50:52.276939+00:00,Crossref open metadata
Mapping the Landscape of Digital Health Usage in Information Systems Research,"Sara Arzideh, Jozsef Mezei",2024,10.18690/um.fov.4.2024.42,crossref:10.18690/um.fov.4.2024.42,Crossref,,Resilience Through Digital Innovation: Enabling the Twin Transition,https://doi.org/10.18690/um.fov.4.2024.42,desalination AI digital twin autonomous systems resilience,2026-07-24T11:50:52.276958+00:00,Crossref open metadata
Optimizing Business Processes Using AI and Digital Twin,"S. Ushasukhanya, T. Y. J. Naga Malleswari, R. Brindha, P. Renukadevi",2024,10.4018/979-8-3693-1818-8.ch014,crossref:10.4018/979-8-3693-1818-8.ch014,Crossref,,Advances in Business Information Systems and Analytics,https://doi.org/10.4018/979-8-3693-1818-8.ch014,desalination AI digital twin autonomous systems resilience,2026-07-24T11:50:52.277025+00:00,Crossref open metadata
A New Era of Mobility: Exploring Digital Twin Applications in Autonomous Vehicular Systems,"S M Mostaq Hossain, Sohag Kumar Saha, Shampa Banik, Trapa Banik",2023,10.1109/aiiot58121.2023.10174376,crossref:10.1109/aiiot58121.2023.10174376,Crossref,,2023 IEEE World AI IoT Congress (AIIoT),https://doi.org/10.1109/aiiot58121.2023.10174376,desalination AI digital twin autonomous systems resilience,2026-07-24T11:50:52.276883+00:00,Crossref open metadata
Fog-Connected Digital Twin Implementation for Autonomous Greenhouse Management,"Hakkı Soy, Yusuf Dilay",2023,10.1007/978-981-99-0252-1_5,crossref:10.1007/978-981-99-0252-1_5,Crossref,,Digital Twin Driven Intelligent Systems and Emerging Metaverse,https://doi.org/10.1007/978-981-99-0252-1_5,desalination AI digital twin autonomous systems resilience,2026-07-24T11:50:52.276870+00:00,Crossref open metadata
Machine learning driven digital twin model of Li-ion batteries in electric vehicles: a review,"Muaaz Bin Kaleem, Wei He, Heng Li",2023,10.55092/aias20230003,crossref:10.55092/aias20230003,Crossref,,AI and Autonomous Systems,https://doi.org/10.55092/aias20230003,desalination AI digital twin autonomous systems resilience,2026-07-24T11:50:52.276846+00:00,Crossref open metadata
Protecting and Defending against Autonomous Control Systems and Digital Twin Cyber Attacks: Response Strategy for Hyperparameter attacks of Digital Twin Machine Learning Models in Nuclear Power Plants (Final),"Christopher Spirito, Fan Zhang, Md. Hossain",2023,10.2172/2331253,crossref:10.2172/2331253,Crossref,,,https://doi.org/10.2172/2331253,desalination AI digital twin autonomous systems resilience,2026-07-24T11:50:52.276967+00:00,Crossref open metadata
AN AUTONOMOUS BRIDGE LOAD RATING FRAMEWORK USING DIGITAL TWIN,"LI AI, MAHMOUD BAYAT, GURCAN COMERT, PAUL ZIEHL",2022,10.12783/shm2021/36329,crossref:10.12783/shm2021/36329,Crossref,,Proceedings of the 13th International Workshop on Structural Health Monitoring,https://doi.org/10.12783/shm2021/36329,desalination AI digital twin autonomous systems resilience,2026-07-24T11:50:52.277021+00:00,Crossref open metadata
Climate Action and the Just Transition in Ghana,Gabriel Botchwey,2026,10.4324/9781003669593-9,crossref:10.4324/9781003669593-9,Crossref,,Just Transition and Climate Justice in Sub-Saharan Africa,https://doi.org/10.4324/9781003669593-9,desalination climate adaptation just transition hydrosocial safety,2026-07-24T11:50:53.921407+00:00,Crossref open metadata
"Climate Change, Just Transition, and Impact Assessment",Adebayo Majekolagbe,2026,10.4324/9781003488361-4,crossref:10.4324/9781003488361-4,Crossref,,Just Transition and Impact Assessment,https://doi.org/10.4324/9781003488361-4,desalination climate adaptation just transition hydrosocial safety,2026-07-24T11:50:53.921488+00:00,Crossref open metadata
Climate Justice and Just Transition in Sub-Saharan Africa,"Philani Moyo, Willice O. Abuya, Gabriel Botchwey",2026,10.4324/9781003669593-2,crossref:10.4324/9781003669593-2,Crossref,,Just Transition and Climate Justice in Sub-Saharan Africa,https://doi.org/10.4324/9781003669593-2,desalination climate adaptation just transition hydrosocial safety,2026-07-24T11:50:53.921481+00:00,Crossref open metadata
Intersecting Climate-Resilient Development and Just Energy Transition Strategies in Zimbabwe,"Cornelias Ncube, Philani Moyo",2026,10.4324/9781003669593-10,crossref:10.4324/9781003669593-10,Crossref,,Just Transition and Climate Justice in Sub-Saharan Africa,https://doi.org/10.4324/9781003669593-10,desalination climate adaptation just transition hydrosocial safety,2026-07-24T11:50:53.921457+00:00,Crossref open metadata
Just Transition in South Africa,Philani Moyo,2026,10.4324/9781003669593-3,crossref:10.4324/9781003669593-3,Crossref,,Just Transition and Climate Justice in Sub-Saharan Africa,https://doi.org/10.4324/9781003669593-3,desalination climate adaptation just transition hydrosocial safety,2026-07-24T11:50:53.921474+00:00,Crossref open metadata
Mapping Climate Finance and Governance Mechanisms for a Just Transition in Uganda,Eric Mabonga,2026,10.4324/9781003669593-4,crossref:10.4324/9781003669593-4,Crossref,,Just Transition and Climate Justice in Sub-Saharan Africa,https://doi.org/10.4324/9781003669593-4,desalination climate adaptation just transition hydrosocial safety,2026-07-24T11:50:53.921448+00:00,Crossref open metadata
"Coal, Climate, and Communities -A Just Transition for India",Noopur Bhagat,2025,10.2139/ssrn.5558800,crossref:10.2139/ssrn.5558800,Crossref,,,https://doi.org/10.2139/ssrn.5558800,desalination climate adaptation just transition hydrosocial safety,2026-07-24T11:50:53.921550+00:00,Crossref open metadata
Framework for Assessment of Climate Change Mitigation Policies Impact on Just Transition Toward Low Carbon Future,"Dalia Streimikiene, Asta Mikalauskiene, Mahyar Kamali Saraji, Abbas Mardani",2025,10.1007/978-3-031-84483-6_150,crossref:10.1007/978-3-031-84483-6_150,Crossref,,Handbook of Climate Change Mitigation and Adaptation,https://doi.org/10.1007/978-3-031-84483-6_150,desalination climate adaptation just transition hydrosocial safety,2026-07-24T11:50:53.921444+00:00,Crossref open metadata
Invited perspectives: Reframing Transboundary Flood Vulnerability Through Hydrosocial Systems Thinking: Towards Just and Adaptive Governance,"Tahmina Yasmin, Rose Cook, Xilin Xia, David M. Hannah",2025,10.5194/egusphere-2025-4546,crossref:10.5194/egusphere-2025-4546,Crossref,,,https://doi.org/10.5194/egusphere-2025-4546,desalination climate adaptation just transition hydrosocial safety,2026-07-24T11:50:53.921538+00:00,Crossref open metadata
Pathway to a Just Climate Future,"Lucie Middlemiss, Carolyn Snell, Emily Morrison, Anne Owen",2025,10.46692/9781529239904.006,crossref:10.46692/9781529239904.006,Crossref,,Just Climate Futures,https://doi.org/10.46692/9781529239904.006,desalination climate adaptation just transition hydrosocial safety,2026-07-24T11:50:53.921565+00:00,Crossref open metadata
Transforming Water Management Across the River-Sea Continuum to Drive Climate Adaptation and a Just Transition to a Net Zero Water Future,Andrew Tyler,2025,10.33263/proceedings71.006,crossref:10.33263/proceedings71.006,Crossref,,Proceedings International,https://doi.org/10.33263/proceedings71.006,desalination climate adaptation just transition hydrosocial safety,2026-07-24T11:50:53.921429+00:00,Crossref open metadata
Introduction: Why a Just Transition?,John Morrison,2024,10.1007/978-3-031-69848-4_1,crossref:10.1007/978-3-031-69848-4_1,Crossref,,The Just Transition,https://doi.org/10.1007/978-3-031-69848-4_1,desalination climate adaptation just transition hydrosocial safety,2026-07-24T11:50:53.921477+00:00,Crossref open metadata
Climate Action in Southern Africa,Philani Moyo,2023,10.4324/9781003397120,crossref:10.4324/9781003397120,Crossref,,,https://doi.org/10.4324/9781003397120,desalination climate adaptation just transition hydrosocial safety,2026-07-24T11:50:53.921503+00:00,Crossref open metadata
Climate Actions and Just Transition in Zimbabwe,"Tendai Nciizah, Elinah Nciizah, Adornis D. Nciizah",2023,10.4324/9781003397120-9,crossref:10.4324/9781003397120-9,Crossref,,Climate Action in Southern Africa,https://doi.org/10.4324/9781003397120-9,desalination climate adaptation just transition hydrosocial safety,2026-07-24T11:50:53.921404+00:00,Crossref open metadata
Climate Change and Justice in Botswana's National Adaptation Strategy and Programming,"Stanley O. Ehiane, Christopher Dick-Sagoe",2023,10.4324/9781003397120-13,crossref:10.4324/9781003397120-13,Crossref,,Climate Action in Southern Africa,https://doi.org/10.4324/9781003397120-13,desalination climate adaptation just transition hydrosocial safety,2026-07-24T11:50:53.921388+00:00,Crossref open metadata
"Drought Adaptation Practices and Rangeland Management in Rural Umzingwane, Zimbabwe","Thabo Ndlovu, Philani Moyo",2023,10.4324/9781003397120-5,crossref:10.4324/9781003397120-5,Crossref,,Climate Action in Southern Africa,https://doi.org/10.4324/9781003397120-5,desalination climate adaptation just transition hydrosocial safety,2026-07-24T11:50:53.921393+00:00,Crossref open metadata
Ethical Care and Decent Work; Climate Adaptation and Just Transition,Darius D. Sivin,2023,10.1177/10482911231173330,crossref:10.1177/10482911231173330,Crossref,,NEW SOLUTIONS: A Journal of Environmental and Occupational Health Policy,https://doi.org/10.1177/10482911231173330,desalination climate adaptation just transition hydrosocial safety,2026-07-24T11:50:53.921561+00:00,Crossref open metadata
Framework for Assessment of Climate Change Mitigation Policies Impact on Just Transition Towards Low Carbon Future,"Dalia Streimikiene, Asta Mikalauskiene, Mahyar Kamali Saraji, Abbas Mardani",2022,10.1007/978-3-030-72579-2_150,crossref:10.1007/978-3-030-72579-2_150,Crossref,,Handbook of Climate Change Mitigation and Adaptation,https://doi.org/10.1007/978-3-030-72579-2_150,desalination climate adaptation just transition hydrosocial safety,2026-07-24T11:50:53.921419+00:00,Crossref open metadata
From climate change to a just energy transition,"Bukelwa Nzimande, Happy Khambule",2022,10.2307/j.ctv2z6qdv5.8,crossref:10.2307/j.ctv2z6qdv5.8,Crossref,,A Just Transition to a Low Carbon Future in South Africa,https://doi.org/10.2307/j.ctv2z6qdv5.8,desalination climate adaptation just transition hydrosocial safety,2026-07-24T11:50:53.921557+00:00,Crossref open metadata
Just Climate Adaptation in Cities: Reflections for an Interdisciplinary Research Agenda,Vanesa Castán Broto,2021,10.5871/bacop26/9780856726736.001,crossref:10.5871/bacop26/9780856726736.001,Crossref,,,https://doi.org/10.5871/bacop26/9780856726736.001,desalination climate adaptation just transition hydrosocial safety,2026-07-24T11:50:53.921534+00:00,Crossref open metadata
Design and Implementation of a Micro-Credential for Hybrid Learning: MATLAB-Based Image Processing in Renewable Energy Technology,"Marie Gillian Guerne, Finja Kühl, Brit-Maren Block",2026,10.1109/educon67543.2026.11574315,crossref:10.1109/educon67543.2026.11574315,Crossref,,2026 IEEE Global Engineering Education Conference (EDUCON),https://doi.org/10.1109/educon67543.2026.11574315,desalination EQF qualification framework micro-credential learning outcomes,2026-07-24T11:50:54.679182+00:00,Crossref open metadata
Towards a Harmonised Micro-Credential Ecosystem in Czechia,Unknown,2026,10.1787/0be96df9-en,crossref:10.1787/0be96df9-en,Crossref,,Higher Education,https://doi.org/10.1787/0be96df9-en,desalination EQF qualification framework micro-credential learning outcomes,2026-07-24T11:50:54.679186+00:00,Crossref open metadata
A micro-credential approach for life-long learning in the urban renewable energy sector,"Mattia De Rosa, Olga Glumac, Vincenzo Bianco, Fabiano Pallonetto",2024,10.1016/j.renene.2024.120660,crossref:10.1016/j.renene.2024.120660,Crossref,,Renewable Energy,https://doi.org/10.1016/j.renene.2024.120660,desalination EQF qualification framework micro-credential learning outcomes,2026-07-24T11:50:54.679176+00:00,Crossref open metadata
BRIDGING BUSINESS-EDUCATION GAPS: INSTRUCTIONAL DESIGN OF ENTREPRENEUR COURSE AND ITS MICRO-CREDENTIAL CERTIFICATION FRAMEWORK FOR SELF-EMPLOYED JUNIOR BUSINESS FACILITATOR OUTCOME,Surono Surono,2024,10.46799/ijssr.v4i9.940,crossref:10.46799/ijssr.v4i9.940,Crossref,,International Journal of Social Service and Research,https://doi.org/10.46799/ijssr.v4i9.940,desalination EQF qualification framework micro-credential learning outcomes,2026-07-24T11:50:54.679172+00:00,Crossref open metadata
Guidelines for open and online learning assessment and recognition with reference to the National and European qualification framework: micro-credentials as a proposal for tuning and transparency,"Elena Trepulė, Airina Volungevičienė, Margarita Teresevičienė, Estela Daukšienė, Rasa Greenspon, Giedrė Tamoliūnė, Marius Šadauskas, Gintarė Vaitonytė",2021,10.7220/9786094674792,crossref:10.7220/9786094674792,Crossref,,,https://doi.org/10.7220/9786094674792,desalination EQF qualification framework micro-credential learning outcomes,2026-07-24T11:50:54.679169+00:00,Crossref open metadata
Micro-credential innovations in higher education,Unknown,2021,10.1787/f14ef041-en,crossref:10.1787/f14ef041-en,Crossref,,OECD Education Policy Perspectives,https://doi.org/10.1787/f14ef041-en,desalination EQF qualification framework micro-credential learning outcomes,2026-07-24T11:50:54.679159+00:00,Crossref open metadata
Toward developing key performance indicators for desalination processes,Ibrahim S. Al-Mutaz,2022,10.5004/dwt.2022.28198,crossref:10.5004/dwt.2022.28198,Crossref,,Desalination and Water Treatment,https://doi.org/10.5004/dwt.2022.28198,desalination maritimisation marinization oceanisation hydrosocial de-base-re hypothesis verification indicators,2026-07-24T11:50:55.050309+00:00,Crossref open metadata
Desalination in Chile's mining regions: Global drivers and local impacts of a technological fix to hydrosocial conflict,Scott D. Odell,2021,10.1016/j.jclepro.2021.129104,crossref:10.1016/j.jclepro.2021.129104,Crossref,,Journal of Cleaner Production,https://doi.org/10.1016/j.jclepro.2021.129104,desalination maritimisation marinization oceanisation hydrosocial de-base-re hypothesis verification indicators,2026-07-24T11:50:55.050320+00:00,Crossref open metadata
Development and Verification of an Integrated Seawater Desalination and Renewable Energy System Model,"Muath Bani Salim, Xuewei Zhang",2021,10.1115/vvs2021-65284,crossref:10.1115/vvs2021-65284,Crossref,,ASME 2021 Verification and Validation Symposium,https://doi.org/10.1115/vvs2021-65284,desalination maritimisation marinization oceanisation hydrosocial de-base-re hypothesis verification indicators,2026-07-24T11:50:55.050420+00:00,Crossref open metadata
High salinity seawater boiling point elevation: Experimental verification,"Mohamed Abdelkareem, Wei Wu, Louis C. Chow",2021,10.1016/j.desal.2021.114955,crossref:10.1016/j.desal.2021.114955,Crossref,,Desalination,https://doi.org/10.1016/j.desal.2021.114955,desalination maritimisation marinization oceanisation hydrosocial de-base-re hypothesis verification indicators,2026-07-24T11:50:55.050263+00:00,Crossref open metadata
"Citizen Science, Training, and Returns on Investment in Marine Archaeology","John L. Seidel, Steven Anthony, James A. Smailes",2025,10.5744/florida/9780813079400.003.0006,crossref:10.5744/florida/9780813079400.003.0006,Crossref,,Citizen Science in Maritime Archaeology,https://doi.org/10.5744/florida/9780813079400.003.0006,desalination qmbd axis translation marine maritime oceanic hydronization theory terms taxonomy mapping,2026-07-24T11:50:55.611803+00:00,Crossref open metadata
Translation Problems of Some Medical Terms,Prof. Aula Abdul Ghaffour Muhammad Abstract,2024,10.53555/kuey.v30i4.1838,crossref:10.53555/kuey.v30i4.1838,Crossref,,Educational Administration: Theory and Practice,https://doi.org/10.53555/kuey.v30i4.1838,desalination qmbd axis translation marine maritime oceanic hydronization theory terms taxonomy mapping,2026-07-24T11:50:55.611814+00:00,Crossref open metadata
On the Translation of the Chinese Traditional Music Terms Guided by Skopos Theory,"Jingfang Wu, Xiaoping Shao",2023,10.32996/ijllt.2023.6.11.8,crossref:10.32996/ijllt.2023.6.11.8,Crossref,,"International Journal of Linguistics, Literature and Translation",https://doi.org/10.32996/ijllt.2023.6.11.8,desalination qmbd axis translation marine maritime oceanic hydronization theory terms taxonomy mapping,2026-07-24T11:50:55.611847+00:00,Crossref open metadata
The Differences Between Liang Shiqiu and Wu Mi in Terms of Their Translation Poetics,Liping Bai,2022,10.4324/9781003271963-9,crossref:10.4324/9781003271963-9,Crossref,,Mapping the Translator,https://doi.org/10.4324/9781003271963-9,desalination qmbd axis translation marine maritime oceanic hydronization theory terms taxonomy mapping,2026-07-24T11:50:55.611817+00:00,Crossref open metadata
The Oceanic Environment,Jeffrey S. Levinton,2021,10.1093/hesc/9780197543504.003.0003,crossref:10.1093/hesc/9780197543504.003.0003,Crossref,,Marine Biology,https://doi.org/10.1093/hesc/9780197543504.003.0003,desalination qmbd axis translation marine maritime oceanic hydronization theory terms taxonomy mapping,2026-07-24T11:50:55.611833+00:00,Crossref open metadata
METHOD OF COMPARATIVE IDENTIFICATION OF MARINE OBJECTS TAXONOMY,"Alexandr S. Sobolev, Vladimir A. Dorovskoy, Nadezhda P. Smetyh",2020,10.21821/2309-5180-2020-12-5-877-883,crossref:10.21821/2309-5180-2020-12-5-877-883,Crossref,,Vestnik Gosudarstvennogo universiteta morskogo i rechnogo flota imeni admirala S. O. Makarova,https://doi.org/10.21821/2309-5180-2020-12-5-877-883,desalination qmbd axis translation marine maritime oceanic hydronization theory terms taxonomy mapping,2026-07-24T11:50:55.611843+00:00,Crossref open metadata
Efficient LiDAR-Based Object Segmentation and Mapping for Maritime Environments,"David Thompson, Eric Coyle, Jeremy Brown",2019,10.1109/joe.2019.2898762,crossref:10.1109/joe.2019.2898762,Crossref,,IEEE Journal of Oceanic Engineering,https://doi.org/10.1109/joe.2019.2898762,desalination qmbd axis translation marine maritime oceanic hydronization theory terms taxonomy mapping,2026-07-24T11:50:55.611792+00:00,Crossref open metadata
A Digital Twin Framework for Cyber-Physical System Detection in Water Treatment Infrastructure,"Jonas Chen, Lewis S. Rowles, Rami J. Haddad",2026,10.1109/southeastcon63549.2026.11475926,crossref:10.1109/southeastcon63549.2026.11475926,Crossref,,SoutheastCon 2026,https://doi.org/10.1109/southeastcon63549.2026.11475926,maritime infrastructure cyber physical systems digital twin,2026-07-24T11:50:56.206938+00:00,Crossref open metadata
Ampere: A Digital Twin-Enabled Cyber-Physical IoT Node for Environmental Health Monitoring in IoMT Systems,Sridatta Gorthi,2026,10.21203/rs.3.rs-10227456/v1,crossref:10.21203/rs.3.rs-10227456/v1,Crossref,,,https://doi.org/10.21203/rs.3.rs-10227456/v1,maritime infrastructure cyber physical systems digital twin,2026-07-24T11:50:56.206967+00:00,Crossref open metadata
Cyber-Physical Systems as the Generative Architecture for Digital Twins in Regulated Quality Assurance Infrastructure,Anthony Oppong Kyekyeku,2026,10.20944/preprints202606.1806.v1,crossref:10.20944/preprints202606.1806.v1,Crossref,,,https://doi.org/10.20944/preprints202606.1806.v1,maritime infrastructure cyber physical systems digital twin,2026-07-24T11:50:56.206975+00:00,Crossref open metadata
Digital twin applications in industrial robotics and cyber-physical systems,"Roman Ružarovský, Tibor Horák",2026,10.1016/b978-0-443-43896-7.00007-8,crossref:10.1016/b978-0-443-43896-7.00007-8,Crossref,,Foundations of Digital Twins,https://doi.org/10.1016/b978-0-443-43896-7.00007-8,maritime infrastructure cyber physical systems digital twin,2026-07-24T11:50:56.206955+00:00,Crossref open metadata
Digital Twin of Zagreb Airport Infrastructure Using Unmanned Aerial Systems,"Marijan Car, Irina Stipanović, Matija Bračić, Marin Tica",2026,10.5592/co/cetra.2026.1999,crossref:10.5592/co/cetra.2026.1999,Crossref,,International Conference on Road and Rail Infrastructure,https://doi.org/10.5592/co/cetra.2026.1999,maritime infrastructure cyber physical systems digital twin,2026-07-24T11:50:56.207051+00:00,Crossref open metadata
"Digital Twin Production Lines: A Perspective on Intelligent Sensing, Prediction, and Cognitive Manufacturing",Yuxing Ding,2026,10.62762/ticps.2026.636441,crossref:10.62762/ticps.2026.636441,Crossref,,ICCK Transactions on Intelligent Cyber-Physical Systems,https://doi.org/10.62762/ticps.2026.636441,maritime infrastructure cyber physical systems digital twin,2026-07-24T11:50:56.207131+00:00,Crossref open metadata
Digital twin-based integrated modeling and maintenance framework in the power grid data center scenario,"Maodong Xiao, Shuo Cui, Lei Wang",2026,10.1016/j.cpes.2026.01.001,crossref:10.1016/j.cpes.2026.01.001,Crossref,,Cyber-Physical Energy Systems,https://doi.org/10.1016/j.cpes.2026.01.001,maritime infrastructure cyber physical systems digital twin,2026-07-24T11:50:56.206987+00:00,Crossref open metadata
Digital Twin-Enabled Incentive Learning for Dynamic Sensing Agents in Smart Transportation Cyber-Physical Systems,"Weiwei Hu, Yuichi Ohsita, Hideyuki Shimonishi",2026,10.1109/icps70486.2026.11567992,crossref:10.1109/icps70486.2026.11567992,Crossref,,2026 IEEE 9th International Conference on Industrial Cyber-Physical Systems (ICPS),https://doi.org/10.1109/icps70486.2026.11567992,maritime infrastructure cyber physical systems digital twin,2026-07-24T11:50:56.207034+00:00,Crossref open metadata
Digital Twins and Cyber-Physical Systems for Industrial Optimization,Rajesh Mattaparthi,2026,10.70593/978-93-7185-542-6_7,crossref:10.70593/978-93-7185-542-6_7,Crossref,,"Agentic Intelligence in Industry: Edge AI, Connected Fleets, and Resilient Critical Infrastructure Systems",https://doi.org/10.70593/978-93-7185-542-6_7,maritime infrastructure cyber physical systems digital twin,2026-07-24T11:50:56.207094+00:00,Crossref open metadata
Edge-ML Kalman Twin Optimizer: Adaptive Digital Twin Framework for Cyber-Physical Systems,"Surendra Kumar, Shubham Shukla, Arun Singh Yadav, Soumya Shrivastava, Mridula Dwivedi, Jaydip Kumar",2026,10.1109/icsccc69031.2026.11600058,crossref:10.1109/icsccc69031.2026.11600058,Crossref,,2026 Fourth International Conference on Secure Cyber Computing and Communications (ICSCCC),https://doi.org/10.1109/icsccc69031.2026.11600058,maritime infrastructure cyber physical systems digital twin,2026-07-24T11:50:56.207019+00:00,Crossref open metadata
Explainable digital twin–driven ensemble anomaly detection framework for cyber-physical infrastructure security,"Ismail Erkek, Erdal Irmak",2026,10.1007/s10207-026-01274-6,crossref:10.1007/s10207-026-01274-6,Crossref,,International Journal of Information Security,https://doi.org/10.1007/s10207-026-01274-6,maritime infrastructure cyber physical systems digital twin,2026-07-24T11:50:56.207062+00:00,Crossref open metadata
Hybrid Digital Twins as Cognitive Control Environments: An Empirical Investigation of Digital Twin Fidelity and Reinforcement Learning Performance in Cyber-Physical Systems,Amit  Vishnu Bhise,2026,10.2139/ssrn.6956978,crossref:10.2139/ssrn.6956978,Crossref,,,https://doi.org/10.2139/ssrn.6956978,maritime infrastructure cyber physical systems digital twin,2026-07-24T11:50:56.206979+00:00,Crossref open metadata
LLM-Guided Digital Twin Agents for Autonomous Threat Detection and Response in Cyber-Physical Energy Systems,Fatemeh Zahra Hosseini-Moghadam Shadman,2026,10.21203/rs.3.rs-9904010/v1,crossref:10.21203/rs.3.rs-9904010/v1,Crossref,,,https://doi.org/10.21203/rs.3.rs-9904010/v1,maritime infrastructure cyber physical systems digital twin,2026-07-24T11:50:56.207026+00:00,Crossref open metadata
Managing Port Congestion During Infrastructure Disruptions: A Digital Twin–Based Decision Framework for Maritime Transport Networks,Manikandan Chandran,2026,10.2139/ssrn.6443607,crossref:10.2139/ssrn.6443607,Crossref,,,https://doi.org/10.2139/ssrn.6443607,maritime infrastructure cyber physical systems digital twin,2026-07-24T11:50:56.206983+00:00,Crossref open metadata
Physics-Informed Digital Twin for Predictive Maintenance of Aircraft Landing Gear Systems: An Open-Source Cyber-Physical Approach,"Mohammed  Bello Sani, Loveth  O. Uhiah",2026,10.2139/ssrn.6080365,crossref:10.2139/ssrn.6080365,Crossref,,,https://doi.org/10.2139/ssrn.6080365,maritime infrastructure cyber physical systems digital twin,2026-07-24T11:50:56.207080+00:00,Crossref open metadata
Review of digital twin and generative artificial intelligence for operation and control of new-type power systems,"Qiuwei Wu, Wenyan Zhao",2026,10.1016/j.cpes.2026.06.003,crossref:10.1016/j.cpes.2026.06.003,Crossref,,Cyber-Physical Energy Systems,https://doi.org/10.1016/j.cpes.2026.06.003,maritime infrastructure cyber physical systems digital twin,2026-07-24T11:50:56.206928+00:00,Crossref open metadata
Digital Twin Applications in Maritime Systems,"Syamsiar Kautsar, Aulia Siti Aisjah, Mat Syai’in, Syamsul Arifin",2025,10.1007/978-981-96-4438-4_5,crossref:10.1007/978-981-96-4438-4_5,Crossref,,Studies in Infrastructure and Control,https://doi.org/10.1007/978-981-96-4438-4_5,maritime infrastructure cyber physical systems digital twin,2026-07-24T11:50:56.206911+00:00,Crossref open metadata
Digital Twin Approach Toward Modern Power Systems,Sabrieh Choobkar,2025,10.1002/9781394334599.ch4,crossref:10.1002/9781394334599.ch4,Crossref,,Smart Cyber‐Physical Power Systems,https://doi.org/10.1002/9781394334599.ch4,maritime infrastructure cyber physical systems digital twin,2026-07-24T11:50:56.207006+00:00,Crossref open metadata
Digital Twin Architecture Patterns for Real-Time Control Systems,"Mainak Majumder, Bianca Wiesmayr, Alois Zoitl",2025,10.1109/icps65515.2025.11087873,crossref:10.1109/icps65515.2025.11087873,Crossref,,2025 IEEE 8th International Conference on Industrial Cyber-Physical Systems (ICPS),https://doi.org/10.1109/icps65515.2025.11087873,maritime infrastructure cyber physical systems digital twin,2026-07-24T11:50:56.207065+00:00,Crossref open metadata
Modeling Adaptive Cyber Fraud Patterns Using Causal Inference and Digital Twin Simulations in Critical Infrastructure Protection Systems.,Unknown,2025,10.56726/irjmets81350,crossref:10.56726/irjmets81350,Crossref,,International Research Journal of Modernization in Engineering Technology &amp; Science,https://doi.org/10.56726/irjmets81350,maritime infrastructure cyber physical systems digital twin,2026-07-24T11:50:56.207022+00:00,Crossref open metadata
When Disasters Trigger Cyber Vulnerabilities: Mapping Physical-Digital Interdependencies in Critical Infrastructure Systems,"Dikshya Panta, Sicheng Wang, Aditya Sapkota, Prakash Ranganathan",2025,10.1109/cars67163.2025.11337592,crossref:10.1109/cars67163.2025.11337592,Crossref,,2025 Cyber Awareness and Research Symposium (CARS),https://doi.org/10.1109/cars67163.2025.11337592,maritime infrastructure cyber physical systems digital twin,2026-07-24T11:50:56.207098+00:00,Crossref open metadata
Safety Analysis for Cyber-Physical Systems Under Cyber Attacks Using Digital Twin,"Ruizhe Wang, Sarad Venugopalan, Sridhar Adepu",2024,10.1109/csr61664.2024.10679484,crossref:10.1109/csr61664.2024.10679484,Crossref,,2024 IEEE International Conference on Cyber Security and Resilience (CSR),https://doi.org/10.1109/csr61664.2024.10679484,maritime infrastructure cyber physical systems digital twin,2026-07-24T11:50:56.206963+00:00,Crossref open metadata
A Graph-Based Cross-Vertical Digital Twin Platform for Complex Cyber-Physical Systems,"Thierry Coupaye, Sébastien Bolle, Sylvie Derrien, Pauline Folz, Pierre Meye, Gilles Privat, Philippe Raïpin-Parvedy",2023,10.1007/978-3-031-21343-4_13,crossref:10.1007/978-3-031-21343-4_13,Crossref,,The Digital Twin,https://doi.org/10.1007/978-3-031-21343-4_13,maritime infrastructure cyber physical systems digital twin,2026-07-24T11:50:56.207011+00:00,Crossref open metadata
An Architecture for Intelligent Agent-Based Digital Twin for Cyber-Physical Systems,"Hussein Marah, Moharram Challenger",2023,10.1007/978-981-99-0252-1_3,crossref:10.1007/978-981-99-0252-1_3,Crossref,,Digital Twin Driven Intelligent Systems and Emerging Metaverse,https://doi.org/10.1007/978-981-99-0252-1_3,maritime infrastructure cyber physical systems digital twin,2026-07-24T11:50:56.206920+00:00,Crossref open metadata
Triple: A Blockchain-Based Digital Twin Framework for Cyber-Physical Systems Security,"Sabah Suhail, Mubashar Iqbal, Rasheed Hussain, Saif Ur Rehman Malik, Raja Jurdak",2023,10.2139/ssrn.4545516,crossref:10.2139/ssrn.4545516,Crossref,,,https://doi.org/10.2139/ssrn.4545516,maritime infrastructure cyber physical systems digital twin,2026-07-24T11:50:56.207074+00:00,Crossref open metadata
Digital Twin of Building Heating Substation: An Example of a Digital Twin of a Cyber-Physical System,Oleg Yu. Maryasin,2022,10.1007/978-3-030-95120-7_6,crossref:10.1007/978-3-030-95120-7_6,Crossref,,"Studies in Systems, Decision and Control",https://doi.org/10.1007/978-3-030-95120-7_6,maritime infrastructure cyber physical systems digital twin,2026-07-24T11:50:56.206916+00:00,Crossref open metadata
Digital Twin-based Cyber-Attack Detection Framework for Cyber-Physical Manufacturing Systems,"Efe C. Balta, Michael Pease, James Moyne, Kira Barton, Dawn Tilbury",2022,10.36227/techrxiv.21258102,crossref:10.36227/techrxiv.21258102,Crossref,,,https://doi.org/10.36227/techrxiv.21258102,maritime infrastructure cyber physical systems digital twin,2026-07-24T11:50:56.206942+00:00,Crossref open metadata
Healthcare cyberspace: medical cyber physical system in digital twin,"Vani Rajasekar, K. Sathya",2022,10.1049/pbhe046e_ch7,crossref:10.1049/pbhe046e_ch7,Crossref,,Digital Twin Technologies for Healthcare 4.0,https://doi.org/10.1049/pbhe046e_ch7,maritime infrastructure cyber physical systems digital twin,2026-07-24T11:50:56.207069+00:00,Crossref open metadata
An anomaly detection framework for digital twin driven cyber-physical systems,"Chuanchao Gao, Heejong Park, Arvind Easwaran",2021,10.1145/3450267.3450533,crossref:10.1145/3450267.3450533,Crossref,,Proceedings of the ACM/IEEE 12th International Conference on Cyber-Physical Systems,https://doi.org/10.1145/3450267.3450533,maritime infrastructure cyber physical systems digital twin,2026-07-24T11:50:56.206997+00:00,Crossref open metadata
Developing Web-based Digital Twin of Assembly Lines for Industrial Cyber-physical Systems,"Sergey Konstantinov, Fadi Assad, Wajid Azam, Daniel Vera, Bilal Ahmad, Robert Harrison",2021,10.1109/icps49255.2021.9468227,crossref:10.1109/icps49255.2021.9468227,Crossref,,2021 4th IEEE International Conference on Industrial Cyber-Physical Systems (ICPS),https://doi.org/10.1109/icps49255.2021.9468227,maritime infrastructure cyber physical systems digital twin,2026-07-24T11:50:56.207089+00:00,Crossref open metadata
Digital Twin and the Detection and Location of DoS Attacks to Secure Cyber-Physical UAS,"Gita Donkal, Anjali Donkal",2021,10.1201/9781003132868-7,crossref:10.1201/9781003132868-7,Crossref,,Digital Twin Technology,https://doi.org/10.1201/9781003132868-7,maritime infrastructure cyber physical systems digital twin,2026-07-24T11:50:56.207043+00:00,Crossref open metadata
Digital Twin Generation: Re-Conceptualizing Agent Systems for Behavior-Centered Cyber-Physical System Development,Christian Stary,2021,10.3390/s21041096,crossref:10.3390/s21041096,Crossref,,Sensors,https://doi.org/10.3390/s21041096,maritime infrastructure cyber physical systems digital twin,2026-07-24T11:50:56.207046+00:00,Crossref open metadata
From the Digital-Twin to the Cyber Physical System Using Integrated Multidisciplinary Simulation,Daniele Catelani,2021,10.4018/978-1-7998-6721-0.ch002,crossref:10.4018/978-1-7998-6721-0.ch002,Crossref,,"Advances in Systems Analysis, Software Engineering, and High Performance Computing",https://doi.org/10.4018/978-1-7998-6721-0.ch002,maritime infrastructure cyber physical systems digital twin,2026-07-24T11:50:56.207058+00:00,Crossref open metadata
A Game-Theoretic Approach to Secure Estimation and Control for Cyber-Physical Systems with a Digital Twin,"Zhiheng Xu, Arvind Easwaran",2020,10.1109/iccps48487.2020.00010,crossref:10.1109/iccps48487.2020.00010,Crossref,,2020 ACM/IEEE 11th International Conference on Cyber-Physical Systems (ICCPS),https://doi.org/10.1109/iccps48487.2020.00010,maritime infrastructure cyber physical systems digital twin,2026-07-24T11:50:56.206959+00:00,Crossref open metadata
IoT-Based Digital Twin for Energy Cyber-Physical Systems: Design and Implementation,"Ahmed Saad, Samy Faddel, Osama Mohammed",2020,10.3390/en13184762,crossref:10.3390/en13184762,Crossref,,Energies,https://doi.org/10.3390/en13184762,maritime infrastructure cyber physical systems digital twin,2026-07-24T11:50:56.207128+00:00,Crossref open metadata
The human body: A digital twin of the cyber physical systems,Unknown,2020,10.1016/bs.adcom.2019.09.004,crossref:10.1016/bs.adcom.2019.09.004,Crossref,,Advances in Computers,https://doi.org/10.1016/bs.adcom.2019.09.004,maritime infrastructure cyber physical systems digital twin,2026-07-24T11:50:56.206951+00:00,Crossref open metadata
A Digital Twin for Cyber-Physical Energy Systems,"Paolo Pileggi, Jacques Verriet, Jeroen Broekhuijsen, Coen van Leeuwen, Wilco Wijbrandi, Mente Konsman",2019,10.1109/mscpes.2019.8738792,crossref:10.1109/mscpes.2019.8738792,Crossref,,2019 7th Workshop on Modeling and Simulation of Cyber-Physical Energy Systems (MSCPES),https://doi.org/10.1109/mscpes.2019.8738792,maritime infrastructure cyber physical systems digital twin,2026-07-24T11:50:56.206972+00:00,Crossref open metadata
A digital twin for production planning based on cyber-physical systems: A Case Study for a Cyber-Physical System-Based Creation of a Digital Twin,"Florian Biesinger, Davis Meike, Benedikt Kraß, Michael Weyrich",2019,10.1016/j.procir.2019.02.087,crossref:10.1016/j.procir.2019.02.087,Crossref,,Procedia CIRP,https://doi.org/10.1016/j.procir.2019.02.087,maritime infrastructure cyber physical systems digital twin,2026-07-24T11:50:56.206947+00:00,Crossref open metadata
Architecture of a Digital Twin for Enabling Digital Services for Battery Systems,"Lukas Merkle, Alexander Salinas Segura, Jan Torben Grummel, Markus Lienkamp",2019,10.1109/icphys.2019.8780347,crossref:10.1109/icphys.2019.8780347,Crossref,,2019 IEEE International Conference on Industrial Cyber Physical Systems (ICPS),https://doi.org/10.1109/icphys.2019.8780347,maritime infrastructure cyber physical systems digital twin,2026-07-24T11:50:56.207084+00:00,Crossref open metadata
Cyber–Physical Fusion in Digital Twin Shop-Floor,"Fei Tao, Meng Zhang, A.Y.C. Nee",2019,10.1016/b978-0-12-817630-6.00006-0,crossref:10.1016/b978-0-12-817630-6.00006-0,Crossref,,Digital Twin Driven Smart Manufacturing,https://doi.org/10.1016/b978-0-12-817630-6.00006-0,maritime infrastructure cyber physical systems digital twin,2026-07-24T11:50:56.207002+00:00,Crossref open metadata
Digital Twin Analytic Predictive Applications in Cyber-Physical Systems,"Anton P. Alekseev, Vladislav V. Efremov, Vyacheslav V. Potekhin, Yanan Zhao, Hongwang Du",2019,10.1007/978-3-030-34983-7_35,crossref:10.1007/978-3-030-34983-7_35,Crossref,,Lecture Notes in Networks and Systems,https://doi.org/10.1007/978-3-030-34983-7_35,maritime infrastructure cyber physical systems digital twin,2026-07-24T11:50:56.206991+00:00,Crossref open metadata
"Digital Twin, Cyber–Physical System, and Internet of Things","Fei Tao, Meng Zhang, A.Y.C. Nee",2019,10.1016/b978-0-12-817630-6.00012-6,crossref:10.1016/b978-0-12-817630-6.00012-6,Crossref,,Digital Twin Driven Smart Manufacturing,https://doi.org/10.1016/b978-0-12-817630-6.00012-6,maritime infrastructure cyber physical systems digital twin,2026-07-24T11:50:56.207030+00:00,Crossref open metadata
Machine Tool: From the Digital Twin to the Cyber-Physical Systems,"Mikel Armendia, Aitor Alzaga, Flavien Peysson, Tobias Fuertjes, Frédéric Cugnon, Erdem Ozturk, Dominik Flum",2019,10.1007/978-3-030-02203-7_1,crossref:10.1007/978-3-030-02203-7_1,Crossref,,Twin-Control,https://doi.org/10.1007/978-3-030-02203-7_1,maritime infrastructure cyber physical systems digital twin,2026-07-24T11:50:56.207039+00:00,Crossref open metadata
The Digital (Mission) Twin: an Integrating Concept for Future Adaptive Cyber-Physical-Human Systems,"Dennis J. Folds, Thomas A. McDermott",2019,10.1109/smc.2019.8914324,crossref:10.1109/smc.2019.8914324,Crossref,,"2019 IEEE International Conference on Systems, Man and Cybernetics (SMC)",https://doi.org/10.1109/smc.2019.8914324,maritime infrastructure cyber physical systems digital twin,2026-07-24T11:50:56.207137+00:00,Crossref open metadata
Editorial Board,Unknown,2026,10.1016/s0921-8890(26)00124-7,crossref:10.1016/s0921-8890(26)00124-7,Crossref,,Robotics and Autonomous Systems,https://doi.org/10.1016/s0921-8890(26)00124-7,offshore robotics marine monitoring autonomous systems,2026-07-24T11:50:56.858316+00:00,Crossref open metadata
Offshore Subsea IMR Operations: Review of the Automation Potential,"Jannic Schurmann Larsen, Simon Pedersen, Jesper Liniger, Fredrik Fogh Sørensen",2026,10.1016/j.robot.2026.105365,crossref:10.1016/j.robot.2026.105365,Crossref,,Robotics and Autonomous Systems,https://doi.org/10.1016/j.robot.2026.105365,offshore robotics marine monitoring autonomous systems,2026-07-24T11:50:56.858170+00:00,Crossref open metadata
Occupation-aware planning method for robotic monitoring missions in dynamic environments,"Yaroslav Marchukov, Luis Montano",2025,10.1016/j.robot.2024.104892,crossref:10.1016/j.robot.2024.104892,Crossref,,Robotics and Autonomous Systems,https://doi.org/10.1016/j.robot.2024.104892,offshore robotics marine monitoring autonomous systems,2026-07-24T11:50:56.858266+00:00,Crossref open metadata
Autonomous GPU-based UAS for inspection of confined spaces: Application to marine vessel classification,"Rune Y. Brogaard, Evangelos Boukas",2024,10.1016/j.robot.2023.104590,crossref:10.1016/j.robot.2023.104590,Crossref,,Robotics and Autonomous Systems,https://doi.org/10.1016/j.robot.2023.104590,offshore robotics marine monitoring autonomous systems,2026-07-24T11:50:56.858191+00:00,Crossref open metadata
Intelligent decision-making system for multiple marine autonomous surface ships based on deep reinforcement learning,"Wei Guan, Wenzhe Luo, Zhewen Cui",2024,10.1016/j.robot.2023.104587,crossref:10.1016/j.robot.2023.104587,Crossref,,Robotics and Autonomous Systems,https://doi.org/10.1016/j.robot.2023.104587,offshore robotics marine monitoring autonomous systems,2026-07-24T11:50:56.858218+00:00,Crossref open metadata
Simultaneous search and monitoring by multiple aerial robots,"Haoyu Zhang, Sandor Veres, Andreas Kolling",2023,10.1016/j.robot.2023.104544,crossref:10.1016/j.robot.2023.104544,Crossref,,Robotics and Autonomous Systems,https://doi.org/10.1016/j.robot.2023.104544,offshore robotics marine monitoring autonomous systems,2026-07-24T11:50:56.858183+00:00,Crossref open metadata
A virtual force interaction scheme for multi-robot environment monitoring,"Kang Ji, Qian Zhang, Zhi Yuan, Hui Cheng, Dingli Yu",2022,10.1016/j.robot.2021.103967,crossref:10.1016/j.robot.2021.103967,Crossref,,Robotics and Autonomous Systems,https://doi.org/10.1016/j.robot.2021.103967,offshore robotics marine monitoring autonomous systems,2026-07-24T11:50:56.858254+00:00,Crossref open metadata
Real-time wildfire monitoring with a fleet of UAVs,"Rafael Bailon-Ruiz, Arthur Bit-Monnot, Simon Lacroix",2022,10.1016/j.robot.2022.104071,crossref:10.1016/j.robot.2022.104071,Crossref,,Robotics and Autonomous Systems,https://doi.org/10.1016/j.robot.2022.104071,offshore robotics marine monitoring autonomous systems,2026-07-24T11:50:56.858198+00:00,Crossref open metadata
Marine locomotion: A tethered UAV-Buoy system with surge velocity control,"Ahmad Kourani, Naseem Daher",2021,10.1016/j.robot.2021.103858,crossref:10.1016/j.robot.2021.103858,Crossref,,Robotics and Autonomous Systems,https://doi.org/10.1016/j.robot.2021.103858,offshore robotics marine monitoring autonomous systems,2026-07-24T11:50:56.858187+00:00,Crossref open metadata
Model-based learning of underwater acoustic communication performance for marine robots,"George P. Kontoudis, Stephen Krauss, Daniel J. Stilwell",2021,10.1016/j.robot.2021.103811,crossref:10.1016/j.robot.2021.103811,Crossref,,Robotics and Autonomous Systems,https://doi.org/10.1016/j.robot.2021.103811,offshore robotics marine monitoring autonomous systems,2026-07-24T11:50:56.858236+00:00,Crossref open metadata
Robust mission planning for Autonomous Marine Vehicle fleets,"Fletcher Thompson, Roberto Galeazzi",2020,10.1016/j.robot.2019.103404,crossref:10.1016/j.robot.2019.103404,Crossref,,Robotics and Autonomous Systems,https://doi.org/10.1016/j.robot.2019.103404,offshore robotics marine monitoring autonomous systems,2026-07-24T11:50:56.858158+00:00,Crossref open metadata
Waterline and obstacle detection in images from low-cost autonomous boats for environmental monitoring,"L. Steccanella, D.D. Bloisi, A. Castellini, A. Farinelli",2020,10.1016/j.robot.2019.103346,crossref:10.1016/j.robot.2019.103346,Crossref,,Robotics and Autonomous Systems,https://doi.org/10.1016/j.robot.2019.103346,offshore robotics marine monitoring autonomous systems,2026-07-24T11:50:56.858207+00:00,Crossref open metadata
Introducing article numbering to Robotics and Autonomous Systems,Catherine Carnovale,2019,10.1016/j.robot.2019.103282,crossref:10.1016/j.robot.2019.103282,Crossref,,Robotics and Autonomous Systems,https://doi.org/10.1016/j.robot.2019.103282,offshore robotics marine monitoring autonomous systems,2026-07-24T11:50:56.858239+00:00,Crossref open metadata
Resident autonomous underwater vehicle: Underwater system for prolonged and continuous monitoring based at a seafloor station,"Takumi Matsuda, Toshihiro Maki, Kotohiro Masuda, Takashi Sakamaki",2019,10.1016/j.robot.2019.07.001,crossref:10.1016/j.robot.2019.07.001,Crossref,,Robotics and Autonomous Systems,https://doi.org/10.1016/j.robot.2019.07.001,offshore robotics marine monitoring autonomous systems,2026-07-24T11:50:56.858262+00:00,Crossref open metadata
Assessing Climate-Driven Flood Risk with the Community Resilience and Adaptation Spatial Infrastructure Database (CRASID) in Urban and Rural Great Lakes Settings,"Jeffrey  Lee Ashby, Diane Henshel",2026,10.2139/ssrn.6321045,crossref:10.2139/ssrn.6321045,Crossref,,,https://doi.org/10.2139/ssrn.6321045,smart coastal infrastructure flood risk adaptation,2026-07-24T11:50:58.840568+00:00,Crossref open metadata
Impacts of global warming on coastal flood risk to European surface transport infrastructure,Unknown,2026,10.1038/s41558-025-02518-4,crossref:10.1038/s41558-025-02518-4,Crossref,,Nature Climate Change,https://doi.org/10.1038/s41558-025-02518-4,smart coastal infrastructure flood risk adaptation,2026-07-24T11:50:58.840580+00:00,Crossref open metadata
Indigenous Landscape as Response to Flood Risk in Coastal Urban Slums,"Anubhav Goyal, Maria Matos Silva, Sérgio Barreiros Proença",2026,10.4324/9781003483977-7,crossref:10.4324/9781003483977-7,Crossref,,Climate Adaptation in Coastal Ecosystems,https://doi.org/10.4324/9781003483977-7,smart coastal infrastructure flood risk adaptation,2026-07-24T11:50:58.840557+00:00,Crossref open metadata
COASTAL FLOOD RISK TO EUROPEAN CRITICAL INFRASTRUCTURE,"Khin Nawarat, Johan Reyns, Michalis I. Vousdoukas, Kees C.H. van Ginkel, Eamonn Mulholland, Roshanka Ranasinghe",2025,10.9753/icce.v38.management.5,crossref:10.9753/icce.v38.management.5,Crossref,,Coastal Engineering Proceedings,https://doi.org/10.9753/icce.v38.management.5,smart coastal infrastructure flood risk adaptation,2026-07-24T11:50:58.840485+00:00,Crossref open metadata
Floating and stilted structures as strategies in coastal climate adaptation: Local monsoon adaptation practices and implications for flood risk management,Stefan Huebner,2025,10.1016/j.crm.2025.100719,crossref:10.1016/j.crm.2025.100719,Crossref,,Climate Risk Management,https://doi.org/10.1016/j.crm.2025.100719,smart coastal infrastructure flood risk adaptation,2026-07-24T11:50:58.840448+00:00,Crossref open metadata
"Impact-based risk assessment of coastal infrastructure adaptation to climate change: a case study of hurricane risk in Nova Scotia, Canada","Bona Ryan, David Bristow",2025,10.2139/ssrn.5875404,crossref:10.2139/ssrn.5875404,Crossref,,,https://doi.org/10.2139/ssrn.5875404,smart coastal infrastructure flood risk adaptation,2026-07-24T11:50:58.840489+00:00,Crossref open metadata
Urban infrastructure system adaptation: Un lessons learned in flood management,Ali Mohajervatan,2025,10.2139/ssrn.5986197,crossref:10.2139/ssrn.5986197,Crossref,,,https://doi.org/10.2139/ssrn.5986197,smart coastal infrastructure flood risk adaptation,2026-07-24T11:50:58.840571+00:00,Crossref open metadata
"Adaptation to Flooding in St. Augustine, USA","Ezekiel Grant, Miguel Esteban, Onuki Motoharu, Gerasimos Voulgaris",2024,10.59490/jcrfr.2024.0014,crossref:10.59490/jcrfr.2024.0014,Crossref,,Journal of Coastal and Riverine Flood Risk,https://doi.org/10.59490/jcrfr.2024.0014,smart coastal infrastructure flood risk adaptation,2026-07-24T11:50:58.840524+00:00,Crossref open metadata
"Author comment: Is the coastal future green, grey or hybrid? Diverse perspectives on coastal flood risk management and adaptation in the UK — R2/PR7",Elina Apine,2024,10.1017/cft.2024.4.pr7,crossref:10.1017/cft.2024.4.pr7,Crossref,,,https://doi.org/10.1017/cft.2024.4.pr7,smart coastal infrastructure flood risk adaptation,2026-07-24T11:50:58.840456+00:00,Crossref open metadata
"Decision: Is the coastal future green, grey or hybrid? Diverse perspectives on coastal flood risk management and adaptation in the UK — R1/PR6",Unknown,2024,10.1017/cft.2024.4.pr6,crossref:10.1017/cft.2024.4.pr6,Crossref,,,https://doi.org/10.1017/cft.2024.4.pr6,smart coastal infrastructure flood risk adaptation,2026-07-24T11:50:58.840437+00:00,Crossref open metadata
"Decision: Is the coastal future green, grey or hybrid? Diverse perspectives on coastal flood risk management and adaptation in the UK — R2/PR9",Unknown,2024,10.1017/cft.2024.4.pr9,crossref:10.1017/cft.2024.4.pr9,Crossref,,,https://doi.org/10.1017/cft.2024.4.pr9,smart coastal infrastructure flood risk adaptation,2026-07-24T11:50:58.840421+00:00,Crossref open metadata
Development of a common conceptual framework for the adaptation of coastal flood protection systems,"Marc Igigabel, Marissa Yates, Youssef Diab",2024,10.1080/23789689.2024.2328985,crossref:10.1080/23789689.2024.2328985,Crossref,,Sustainable and Resilient Infrastructure,https://doi.org/10.1080/23789689.2024.2328985,smart coastal infrastructure flood risk adaptation,2026-07-24T11:50:58.840492+00:00,Crossref open metadata
"Is the coastal future green, grey or hybrid? Diverse perspectives on coastal flood risk management and adaptation in the UK","Elina Apine, Tim Stojanovic",2024,10.1017/cft.2024.4,crossref:10.1017/cft.2024.4,Crossref,,Cambridge Prisms: Coastal Futures,https://doi.org/10.1017/cft.2024.4,smart coastal infrastructure flood risk adaptation,2026-07-24T11:50:58.840599+00:00,Crossref open metadata
"Recommendation: Is the coastal future green, grey or hybrid? Diverse perspectives on coastal flood risk management and adaptation in the UK — R1/PR5",Unknown,2024,10.1017/cft.2024.4.pr5,crossref:10.1017/cft.2024.4.pr5,Crossref,,,https://doi.org/10.1017/cft.2024.4.pr5,smart coastal infrastructure flood risk adaptation,2026-07-24T11:50:58.840434+00:00,Crossref open metadata
"Recommendation: Is the coastal future green, grey or hybrid? Diverse perspectives on coastal flood risk management and adaptation in the UK — R2/PR8",Unknown,2024,10.1017/cft.2024.4.pr8,crossref:10.1017/cft.2024.4.pr8,Crossref,,,https://doi.org/10.1017/cft.2024.4.pr8,smart coastal infrastructure flood risk adaptation,2026-07-24T11:50:58.840418+00:00,Crossref open metadata
A review of climate change-induced flood impacts and adaptation of coastal infrastructure systems in the United States,"Ashish Shrestha, Gregory J Howland, Christopher M Chini",2023,10.1088/2634-4505/ad097b,crossref:10.1088/2634-4505/ad097b,Crossref,,Environmental Research: Infrastructure and Sustainability,https://doi.org/10.1088/2634-4505/ad097b,smart coastal infrastructure flood risk adaptation,2026-07-24T11:50:58.840532+00:00,Crossref open metadata
"Author comment: Is the coastal future green, grey or hybrid? Diverse perspectives on coastal flood risk management and adaptation in the UK — R0/PR1",Elina Apine,2023,10.1017/cft.2024.4.pr1,crossref:10.1017/cft.2024.4.pr1,Crossref,,,https://doi.org/10.1017/cft.2024.4.pr1,smart coastal infrastructure flood risk adaptation,2026-07-24T11:50:58.840452+00:00,Crossref open metadata
"Author comment: Is the coastal future green, grey or hybrid? Diverse perspectives on coastal flood risk management and adaptation in the UK — R1/PR4",Elina Apine,2023,10.1017/cft.2024.4.pr4,crossref:10.1017/cft.2024.4.pr4,Crossref,,,https://doi.org/10.1017/cft.2024.4.pr4,smart coastal infrastructure flood risk adaptation,2026-07-24T11:50:58.840459+00:00,Crossref open metadata
"Decision: Is the coastal future green, grey or hybrid? Diverse perspectives on coastal flood risk management and adaptation in the UK — R0/PR3",Unknown,2023,10.1017/cft.2024.4.pr3,crossref:10.1017/cft.2024.4.pr3,Crossref,,,https://doi.org/10.1017/cft.2024.4.pr3,smart coastal infrastructure flood risk adaptation,2026-07-24T11:50:58.840425+00:00,Crossref open metadata
DEVELOPMENT OF FLOOD RISK REDUCTION INVESTMENT STRATEGIES THROUGH GLOBAL FLOOD RISK TOOL AND APPLICATION OF ADAPTATION PATHWAYS,"Matthijs Bos, Michael van de Watering, Joost Trommelen",2023,10.9753/icce.v37.management.67,crossref:10.9753/icce.v37.management.67,Crossref,,Coastal Engineering Proceedings,https://doi.org/10.9753/icce.v37.management.67,smart coastal infrastructure flood risk adaptation,2026-07-24T11:50:58.840414+00:00,Crossref open metadata
"Recommendation: Is the coastal future green, grey or hybrid? Diverse perspectives on coastal flood risk management and adaptation in the UK — R0/PR2",Unknown,2023,10.1017/cft.2024.4.pr2,crossref:10.1017/cft.2024.4.pr2,Crossref,,,https://doi.org/10.1017/cft.2024.4.pr2,smart coastal infrastructure flood risk adaptation,2026-07-24T11:50:58.840428+00:00,Crossref open metadata
Assessing Adaptation Strategies Against Flood Risk In Urban Coastal Areas Through Izmir Karsıyaka Coastline Case,çağla ercanlı,2022,10.14744/megaron.2022.46666,crossref:10.14744/megaron.2022.46666,Crossref,,"MEGARON / Yıldız Technical University, Faculty of Architecture E-Journal",https://doi.org/10.14744/megaron.2022.46666,smart coastal infrastructure flood risk adaptation,2026-07-24T11:50:58.840592+00:00,Crossref open metadata
Coastal Flood Risk Reduction,Unknown,2022,10.1016/c2020-0-02449-7,crossref:10.1016/c2020-0-02449-7,Crossref,,,https://doi.org/10.1016/c2020-0-02449-7,smart coastal infrastructure flood risk adaptation,2026-07-24T11:50:58.840554+00:00,Crossref open metadata
Cost-benefit analysis of a proposed coastal infrastructure for reducing storm surge-induced impact in the Upper Texas Coast,"Meri Davlasheridze, Kayode O. Atoba",2022,10.1016/b978-0-323-85251-7.00008-1,crossref:10.1016/b978-0-323-85251-7.00008-1,Crossref,,Coastal Flood Risk Reduction,https://doi.org/10.1016/b978-0-323-85251-7.00008-1,smart coastal infrastructure flood risk adaptation,2026-07-24T11:50:58.840500+00:00,Crossref open metadata
Designing and implementing coastal dunes for flood risk reduction,Jens Figlus,2022,10.1016/b978-0-323-85251-7.00021-4,crossref:10.1016/b978-0-323-85251-7.00021-4,Crossref,,Coastal Flood Risk Reduction,https://doi.org/10.1016/b978-0-323-85251-7.00021-4,smart coastal infrastructure flood risk adaptation,2026-07-24T11:50:58.840478+00:00,Crossref open metadata
Flood risk reduction for Galveston Bay: Preliminary design of a coastal barrier system,"Sebastiaan N. Jonkman, Erik. C. van Berchum",2022,10.1016/b978-0-323-85251-7.00019-6,crossref:10.1016/b978-0-323-85251-7.00019-6,Crossref,,Coastal Flood Risk Reduction,https://doi.org/10.1016/b978-0-323-85251-7.00019-6,smart coastal infrastructure flood risk adaptation,2026-07-24T11:50:58.840584+00:00,Crossref open metadata
Green infrastructure-based design in Texas coastal communities,"Galen Newman, Dongying Li",2022,10.1016/b978-0-323-85251-7.00017-2,crossref:10.1016/b978-0-323-85251-7.00017-2,Crossref,,Coastal Flood Risk Reduction,https://doi.org/10.1016/b978-0-323-85251-7.00017-2,smart coastal infrastructure flood risk adaptation,2026-07-24T11:50:58.840400+00:00,Crossref open metadata
Implications of subsidence for coastal flood risk and adaptation in China,"Robert Nicholls, Jiayi Fang",2022,10.5194/egusphere-egu22-6617,crossref:10.5194/egusphere-egu22-6617,Crossref,,,https://doi.org/10.5194/egusphere-egu22-6617,smart coastal infrastructure flood risk adaptation,2026-07-24T11:50:58.840405+00:00,Crossref open metadata
Infrastructure impacts and vulnerability to coastal flood events,"Jamie E. Padgett, Pranavesh Panakkal, Catalina González-Dueñas",2022,10.1016/b978-0-323-85251-7.00012-3,crossref:10.1016/b978-0-323-85251-7.00012-3,Crossref,,Coastal Flood Risk Reduction,https://doi.org/10.1016/b978-0-323-85251-7.00012-3,smart coastal infrastructure flood risk adaptation,2026-07-24T11:50:58.840371+00:00,Crossref open metadata
Introduction to the Coastal Flood Risk Reduction Program,"Samuel Brody, Baukje Bee Kothuis, Yoonjeong Lee",2022,10.1016/b978-0-323-85251-7.00001-9,crossref:10.1016/b978-0-323-85251-7.00001-9,Crossref,,Coastal Flood Risk Reduction,https://doi.org/10.1016/b978-0-323-85251-7.00001-9,smart coastal infrastructure flood risk adaptation,2026-07-24T11:50:58.840516+00:00,Crossref open metadata
The benefits of coastal adaptation through conservation of foreshore vegetation,"Timothy Tiggeloven, Hans de Moel, Vincent T. M. van Zelst, Bregje K. van Wesenbeeck, Hessel C. Winsemius, Dirk Eilander, Philip J. Ward",2022,10.1111/jfr3.12790,crossref:10.1111/jfr3.12790,Crossref,,Journal of Flood Risk Management,https://doi.org/10.1111/jfr3.12790,smart coastal infrastructure flood risk adaptation,2026-07-24T11:50:58.840469+00:00,Crossref open metadata
Towards nature-based and hybrid adaptation to coastal flood risk: a global perspective,"Timothy Tiggeloven, Hans de Moel, Philip Ward",2022,10.5194/iahs2022-246,crossref:10.5194/iahs2022-246,Crossref,,,https://doi.org/10.5194/iahs2022-246,smart coastal infrastructure flood risk adaptation,2026-07-24T11:50:58.840464+00:00,Crossref open metadata
Climate change impacts and adaptation for coastal transport infrastructure,Unknown,2020,10.18356/b696af4a-en,crossref:10.18356/b696af4a-en,Crossref,,Climate Change Impacts and Adaptation for Coastal Transport Infrastructure,https://doi.org/10.18356/b696af4a-en,smart coastal infrastructure flood risk adaptation,2026-07-24T11:50:58.840595+00:00,Crossref open metadata
Explaining communities' adaptation strategies for coastal flood risk: Vulnerability and institutional factors,"Stephanie E. Chang, Jackie Z. K. Yip, Tugce Conger, Greg Oulahen, Emily Gray, Michelle Marteleira",2020,10.1111/jfr3.12646,crossref:10.1111/jfr3.12646,Crossref,,Journal of Flood Risk Management,https://doi.org/10.1111/jfr3.12646,smart coastal infrastructure flood risk adaptation,2026-07-24T11:50:58.840505+00:00,Crossref open metadata
Green Infrastructure Planning as a Climate Change and Risk Adaptation Tool in Coastal Urban Areas,"Renato Monteiro, José Carlos Ferreira",2020,10.2112/si95-173.1,crossref:10.2112/si95-173.1,Crossref,,Journal of Coastal Research,https://doi.org/10.2112/si95-173.1,smart coastal infrastructure flood risk adaptation,2026-07-24T11:50:58.840496+00:00,Crossref open metadata
"New Hampshire Coastal Flood Risk Summary, Part II: Guidance for Using Scientific Projections",Unknown,2020,10.34051/p/2020.383,crossref:10.34051/p/2020.383,Crossref,,,https://doi.org/10.34051/p/2020.383,smart coastal infrastructure flood risk adaptation,2026-07-24T11:50:58.840512+00:00,Crossref open metadata
The political complexity of coastal flood risk reduction: lessons for climate adaptation public works in the U.S.,"D.J. Rasmussen, Michael Oppenheimer, Robert E Kopp, Rachael Shwom",2020,10.1002/essoar.10502705.2,crossref:10.1002/essoar.10502705.2,Crossref,,,https://doi.org/10.1002/essoar.10502705.2,smart coastal infrastructure flood risk adaptation,2026-07-24T11:50:58.840528+00:00,Crossref open metadata
"An evidence based approach to evaluating flood adaptation effectiveness including climate change considerations for coastal cities: City of Port Phillip, Victoria, Australia","Mahesh Prakash, Raymond Cohen, James Hilton, Shariar H. Khan",2019,10.1111/jfr3.12556,crossref:10.1111/jfr3.12556,Crossref,,Journal of Flood Risk Management,https://doi.org/10.1111/jfr3.12556,smart coastal infrastructure flood risk adaptation,2026-07-24T11:50:58.840539+00:00,Crossref open metadata
Global scale benefit-cost analysis of coastal flood adaptation to different flood risk drivers,"Timothy Tiggeloven, Hans de Moel, Hessel C. Winsemius, Dirk Eilander, Gilles Erkens, Eskedar Gebremedhin, Andres Diaz Loaiza, Samantha Kuzma, Tianyi Luo, Charles Iceland, Arno Bouwman, Jolien van Huijstee, Willem Ligtvoet, Philip J. Ward",2019,10.5194/nhess-2019-330,crossref:10.5194/nhess-2019-330,Crossref,,,https://doi.org/10.5194/nhess-2019-330,smart coastal infrastructure flood risk adaptation,2026-07-24T11:50:58.840564+00:00,Crossref open metadata
Extended Reality Vocational Training’s Ability to Improve Soft Skills Development and Increase Equity in the Workforce,Bill Boland,2023,10.5772/acrt.22,crossref:10.5772/acrt.22,Crossref,,"AI, Computer Science and Robotics Technology",https://doi.org/10.5772/acrt.22,offshore robotics workforce skills competences training professional development,2026-07-24T11:50:59.456527+00:00,Crossref open metadata
"Robotics Workforce Training, Offshore Energy Transformation","Wenyu Zuo, John Allen, James B Dabney, Ramanan Krishnamoorti",2023,10.4043/32666-ms,crossref:10.4043/32666-ms,Crossref,,Offshore Technology Conference,https://doi.org/10.4043/32666-ms,offshore robotics workforce skills competences training professional development,2026-07-24T11:50:59.456364+00:00,Crossref open metadata
Teaching BNCC Competences Through Robotics Aiming the Development of Soft Skills,"Laila Pereira El Haddad, Luis Felipe Rodrigues de Brito Campos, Tatiana F. P. A. Taveira Pazelli",2023,10.1109/lars/sbr/wre59448.2023.10332996,crossref:10.1109/lars/sbr/wre59448.2023.10332996,Crossref,,"2023 Latin American Robotics Symposium (LARS), 2023 Brazilian Symposium on Robotics (SBR), and 2023 Workshop on Robotics in Education (WRE)",https://doi.org/10.1109/lars/sbr/wre59448.2023.10332996,offshore robotics workforce skills competences training professional development,2026-07-24T11:50:59.456497+00:00,Crossref open metadata
AI-Powered Adaptive Learning Media for ECDIS Training in Indonesian Maritime Education Management (Digital Navigation Pedagogy),"Panderaja Soritua Sijabat, Marudut Bernadtua Simanjuntak",2026,10.31764/ijeca.v9i1.38275,crossref:10.31764/ijeca.v9i1.38275,Crossref,,IJECA (International Journal of Education and Curriculum Application),https://doi.org/10.31764/ijeca.v9i1.38275,maritime robotics engineer education learning outcomes curriculum qualification,2026-07-24T11:51:00.100168+00:00,Crossref open metadata
Learning to Engineer: Integrating Robotics-Centred Project-Based Learning in Early Undergraduate Education,Pg Emeroylariffion Abas,2026,10.3390/educsci16010105,crossref:10.3390/educsci16010105,Crossref,,Education Sciences,https://doi.org/10.3390/educsci16010105,maritime robotics engineer education learning outcomes curriculum qualification,2026-07-24T11:51:00.100015+00:00,Crossref open metadata
AI-Driven Curriculum Design in Higher Education,Muhammad Usman Tariq,2025,10.4018/979-8-3373-2752-5.ch002,crossref:10.4018/979-8-3373-2752-5.ch002,Crossref,,Advances in Computational Intelligence and Robotics,https://doi.org/10.4018/979-8-3373-2752-5.ch002,maritime robotics engineer education learning outcomes curriculum qualification,2026-07-24T11:51:00.100084+00:00,Crossref open metadata
AI-Powered Assessment and Feedback,"Nihal Kapoor, Amrik Singh, Sandeep Kulshreshtha, Lalit Mohan Sharma",2025,10.4018/979-8-3373-2752-5.ch012,crossref:10.4018/979-8-3373-2752-5.ch012,Crossref,,Advances in Computational Intelligence and Robotics,https://doi.org/10.4018/979-8-3373-2752-5.ch012,maritime robotics engineer education learning outcomes curriculum qualification,2026-07-24T11:51:00.100102+00:00,Crossref open metadata
Conceptualizing a Novel Generative Maritime Learning Management System,"Vedat Dogancan, Kadir Cicek, Metin Celik",2025,10.4018/979-8-3373-7057-6.ch004,crossref:10.4018/979-8-3373-7057-6.ch004,Crossref,,Advances in Computational Intelligence and Robotics,https://doi.org/10.4018/979-8-3373-7057-6.ch004,maritime robotics engineer education learning outcomes curriculum qualification,2026-07-24T11:51:00.100115+00:00,Crossref open metadata
Leveraging Artificial Intelligence to Foster Personalized Learning Pathways in Higher Education,"Fransisco Chindongo Ntjamba, Daniel Opotamutale Ashipala",2025,10.4018/979-8-3373-2752-5.ch004,crossref:10.4018/979-8-3373-2752-5.ch004,Crossref,,Advances in Computational Intelligence and Robotics,https://doi.org/10.4018/979-8-3373-2752-5.ch004,maritime robotics engineer education learning outcomes curriculum qualification,2026-07-24T11:51:00.100164+00:00,Crossref open metadata
Maritime Learning Innovation Based on the 2013 Curriculum in Early Childhood Education,Nuryati Nuryati,2025,10.37680/scaffolding.v7i3.7987,crossref:10.37680/scaffolding.v7i3.7987,Crossref,,Scaffolding: Jurnal Pendidikan Islam dan Multikulturalisme,https://doi.org/10.37680/scaffolding.v7i3.7987,maritime robotics engineer education learning outcomes curriculum qualification,2026-07-24T11:51:00.100126+00:00,Crossref open metadata
Revolutionizing Higher Education,"N. Vinodh, A. K. Subramani, R. Swadhi, S. Kumaresh, K. Gayathri",2025,10.4018/979-8-3373-2752-5.ch006,crossref:10.4018/979-8-3373-2752-5.ch006,Crossref,,Advances in Computational Intelligence and Robotics,https://doi.org/10.4018/979-8-3373-2752-5.ch006,maritime robotics engineer education learning outcomes curriculum qualification,2026-07-24T11:51:00.100160+00:00,Crossref open metadata
An Approach Based on Learning by Teaching to Support the Vertical Alignment of the Educational Robotics Curriculum,"Ilenia Fronza, Gennaro Iaccarino, Luis Corral",2024,10.5220/0012551500003693,crossref:10.5220/0012551500003693,Crossref,,Proceedings of the 16th International Conference on Computer Supported Education,https://doi.org/10.5220/0012551500003693,maritime robotics engineer education learning outcomes curriculum qualification,2026-07-24T11:51:00.100081+00:00,Crossref open metadata
Conduct of Engineering Project Engineer Qualification Standard,"Michael Richardson, J. Graves, Ruby Molinar",2023,10.2172/2205017,crossref:10.2172/2205017,Crossref,,,https://doi.org/10.2172/2205017,maritime robotics engineer education learning outcomes curriculum qualification,2026-07-24T11:51:00.100189+00:00,Crossref open metadata
Design Engineer Qualification Standard,"Stanley Hayes, Michael Richardson, Daniel Tepley",2023,10.2172/2205013,crossref:10.2172/2205013,Crossref,,,https://doi.org/10.2172/2205013,maritime robotics engineer education learning outcomes curriculum qualification,2026-07-24T11:51:00.100098+00:00,Crossref open metadata
Incorporating virtual reality into maritime safety training to enhance competency-based learning outcomes,Hesham Helal,2022,10.5821/mt.11414,crossref:10.5821/mt.11414,Crossref,,Maritime Transport Conference,https://doi.org/10.5821/mt.11414,maritime robotics engineer education learning outcomes curriculum qualification,2026-07-24T11:51:00.100146+00:00,Crossref open metadata
Assessing and Benchmarking Learning Outcomes of Robotics-Enabled STEM Education,S. M. Mizanoor Rahman,2021,10.3390/educsci11020084,crossref:10.3390/educsci11020084,Crossref,,Education Sciences,https://doi.org/10.3390/educsci11020084,maritime robotics engineer education learning outcomes curriculum qualification,2026-07-24T11:51:00.100111+00:00,Crossref open metadata
Maritime Education and Training (MET) Curriculum Challenges in the Twenty-First Century,Nomzamo C. Phewa,2021,10.1007/978-3-030-64088-0_15,crossref:10.1007/978-3-030-64088-0_15,Crossref,,The 1st International Conference on Maritime Education and Development,https://doi.org/10.1007/978-3-030-64088-0_15,maritime robotics engineer education learning outcomes curriculum qualification,2026-07-24T11:51:00.100199+00:00,Crossref open metadata
Modern conditions for ensuring competencies and learning outcomes by distance learning,"M. Riabchykov, O. Riabchykova",2021,10.32820/2074-8922-2021-71-70-78,crossref:10.32820/2074-8922-2021-71-70-78,Crossref,,Problems of engineer-pedagogical education,https://doi.org/10.32820/2074-8922-2021-71-70-78,maritime robotics engineer education learning outcomes curriculum qualification,2026-07-24T11:51:00.100019+00:00,Crossref open metadata
Present state of improvement of qualification of teachers of higher education institutions in the field of intellectual property,Yu. Chernenko,2020,10.32820/2074-8922-2020-67-44-54,crossref:10.32820/2074-8922-2020-67-44-54,Crossref,,Problems of engineer-pedagogical education,https://doi.org/10.32820/2074-8922-2020-67-44-54,maritime robotics engineer education learning outcomes curriculum qualification,2026-07-24T11:51:00.100132+00:00,Crossref open metadata
Educational Robotics for Reducing Early School Leaving from the Perspective of Sustainable Education,"Linda Daniela, Raimonds Strods",2019,10.1007/978-3-030-19913-5_2,crossref:10.1007/978-3-030-19913-5_2,Crossref,,Smart Learning with Educational Robotics,https://doi.org/10.1007/978-3-030-19913-5_2,maritime robotics engineer education learning outcomes curriculum qualification,2026-07-24T11:51:00.100122+00:00,Crossref open metadata
The Use of Robotics for STEM Education in Primary Schools: Teachers’ Perceptions,Ahmad Khanlari,2019,10.1007/978-3-030-19913-5_11,crossref:10.1007/978-3-030-19913-5_11,Crossref,,Smart Learning with Educational Robotics,https://doi.org/10.1007/978-3-030-19913-5_11,maritime robotics engineer education learning outcomes curriculum qualification,2026-07-24T11:51:00.100065+00:00,Crossref open metadata
Adaptive neural pose regression enabled by updatable graphics-based digital twin for robust UAV localization in GPS-denied civil infrastructure,"Thomas Matiki, Yasutaka Narazaki, Girish Chowdhary, Billie F. Spencer",2026,10.1016/j.robot.2026.105570,crossref:10.1016/j.robot.2026.105570,Crossref,,Robotics and Autonomous Systems,https://doi.org/10.1016/j.robot.2026.105570,offshore robotics AI digital twin autonomous systems resilience,2026-07-24T11:51:02.281552+00:00,Crossref open metadata
AI-Driven Digital Twin Maintenance Automation in AR/VR,G. Karthika,2026,10.4018/979-8-2600-2701-1.ch009,crossref:10.4018/979-8-2600-2701-1.ch009,Crossref,,Advances in Computational Intelligence and Robotics,https://doi.org/10.4018/979-8-2600-2701-1.ch009,offshore robotics AI digital twin autonomous systems resilience,2026-07-24T11:51:02.281652+00:00,Crossref open metadata
"Aquaculture Robotics: Challenges, Opportunities and Future Prospects and the Role of Digital Twin Technology and Autonomous Solutions","Linn D. Evjemo, Sveinung J. Ohrem, Biao Su, Martin Føre, Eleni Kelasidi",2026,10.1007/978-3-032-10362-8_2,crossref:10.1007/978-3-032-10362-8_2,Crossref,,Aquatic Production Systems,https://doi.org/10.1007/978-3-032-10362-8_2,offshore robotics AI digital twin autonomous systems resilience,2026-07-24T11:51:02.281579+00:00,Crossref open metadata
Digital Twin Frameworks for AI-Driven Wind Turbine Monitoring and Predictive Maintenance,Nguyen Duc Thuan,2026,10.4018/979-8-3373-4159-0.ch007,crossref:10.4018/979-8-3373-4159-0.ch007,Crossref,,Advances in Computational Intelligence and Robotics,https://doi.org/10.4018/979-8-3373-4159-0.ch007,offshore robotics AI digital twin autonomous systems resilience,2026-07-24T11:51:02.281680+00:00,Crossref open metadata
Quantum–AI Drone Intelligence: Aerial Robotics and Autonomous Navigation Systems,Murali Krishna Pasupuleti,2026,10.62311/nesx/rb5j-978-81-687760-5-0,crossref:10.62311/nesx/rb5j-978-81-687760-5-0,Crossref,,,https://doi.org/10.62311/nesx/rb5j-978-81-687760-5-0,offshore robotics AI digital twin autonomous systems resilience,2026-07-24T11:51:02.281676+00:00,Crossref open metadata
Scalable Digital Twin Workflows with Subsea Robotics for Offshore Integrity Management,S. Browns,2026,10.4043/37093-ms,crossref:10.4043/37093-ms,Crossref,,Offshore Technology Conference,https://doi.org/10.4043/37093-ms,offshore robotics AI digital twin autonomous systems resilience,2026-07-24T11:51:02.281483+00:00,Crossref open metadata
"Towards Trustworthy Autonomous Logistics Through AI Assurance, Security, and Explainability Frameworks","Duggirala Aravind, Suzan Fouad Bakr, N. V. Suresh",2026,10.4018/979-8-3373-8841-0.ch002,crossref:10.4018/979-8-3373-8841-0.ch002,Crossref,,Advances in Computational Intelligence and Robotics,https://doi.org/10.4018/979-8-3373-8841-0.ch002,offshore robotics AI digital twin autonomous systems resilience,2026-07-24T11:51:02.281609+00:00,Crossref open metadata
A Digital Twin Enabled Runtime Analysis and Mitigation for Autonomous Robots Under Uncertainties,"Jalil Boudjadar, Mirgita Frasheri",2025,10.5220/0013772600003982,crossref:10.5220/0013772600003982,Crossref,,"Proceedings of the 22nd International Conference on Informatics in Control, Automation and Robotics",https://doi.org/10.5220/0013772600003982,offshore robotics AI digital twin autonomous systems resilience,2026-07-24T11:51:02.281595+00:00,Crossref open metadata
AI algorithm for predicting and optimizing trajectory of massive UAV swarm,"Amit Raj, Kapil Ahuja, Yann Busnel",2025,10.1016/j.robot.2024.104910,crossref:10.1016/j.robot.2024.104910,Crossref,,Robotics and Autonomous Systems,https://doi.org/10.1016/j.robot.2024.104910,offshore robotics AI digital twin autonomous systems resilience,2026-07-24T11:51:02.281643+00:00,Crossref open metadata
AI Security in Agricultural Robotics and Autonomous Farming Systems,"Derek Mohammed, Helen MacLennan, Senny Luckyardi",2025,10.4018/979-8-3373-6876-4.ch009,crossref:10.4018/979-8-3373-6876-4.ch009,Crossref,,Advances in Computational Intelligence and Robotics,https://doi.org/10.4018/979-8-3373-6876-4.ch009,offshore robotics AI digital twin autonomous systems resilience,2026-07-24T11:51:02.281656+00:00,Crossref open metadata
Autonomous Cyber Underwriting Agents Reinventing Risk Evaluation Through Reinforcement Learning and Multi-Agent Systems,"Salam Al E'mari, Yousef Sanjalawe, Fadi Fataftah",2025,10.4018/979-8-3373-5545-0.ch002,crossref:10.4018/979-8-3373-5545-0.ch002,Crossref,,Advances in Computational Intelligence and Robotics,https://doi.org/10.4018/979-8-3373-5545-0.ch002,offshore robotics AI digital twin autonomous systems resilience,2026-07-24T11:51:02.281569+00:00,Crossref open metadata
Enabling scalable inspection of offshore mooring systems using cost-effective autonomous underwater drones,"Dong Trong Nguyen, Christian Lindahl Elseth, Jakob Rude Øvstaas, Nikolai Arntzen, Geir Hamre, Dag-Børre Lillestøl",2025,10.3389/frobt.2025.1655242,crossref:10.3389/frobt.2025.1655242,Crossref,,Frontiers in Robotics and AI,https://doi.org/10.3389/frobt.2025.1655242,offshore robotics AI digital twin autonomous systems resilience,2026-07-24T11:51:02.281636+00:00,Crossref open metadata
Enhancing fault detection and performance for UAVs with digital twin systems in search and rescue missions,"Cara Rose, Robert McMurray, Muhammad Usman Hadi",2025,10.1016/j.robot.2025.105186,crossref:10.1016/j.robot.2025.105186,Crossref,,Robotics and Autonomous Systems,https://doi.org/10.1016/j.robot.2025.105186,offshore robotics AI digital twin autonomous systems resilience,2026-07-24T11:51:02.281489+00:00,Crossref open metadata
Hybrid Physics-AI Digital Twin Framework for Shared Mooring Systems in Deepwater Floating Offshore Wind Farms,"Mahtab Shahin, Ahmed Nagi Nasr, Avleen Malhi, Sanja Bauk, Osiris Valdez Banda, Pentti Kujala, Ralf-Martin Soe, Shan Wang",2025,10.36227/techrxiv.176703996.62757261/v1,crossref:10.36227/techrxiv.176703996.62757261/v1,Crossref,,,https://doi.org/10.36227/techrxiv.176703996.62757261/v1,offshore robotics AI digital twin autonomous systems resilience,2026-07-24T11:51:02.281649+00:00,Crossref open metadata
Privacy-Preserving Autonomous AI Systems,Widi Aribowo,2025,10.4018/979-8-3373-6876-4.ch002,crossref:10.4018/979-8-3373-6876-4.ch002,Crossref,,Advances in Computational Intelligence and Robotics,https://doi.org/10.4018/979-8-3373-6876-4.ch002,offshore robotics AI digital twin autonomous systems resilience,2026-07-24T11:51:02.281694+00:00,Crossref open metadata
The Economic Impact of Autonomous Systems and Robotics on the Labor Market in the Logistics Sector,Ranya Mahfouz,2025,10.4018/979-8-3373-7006-4.ch004,crossref:10.4018/979-8-3373-7006-4.ch004,Crossref,,Advances in Computational Intelligence and Robotics,https://doi.org/10.4018/979-8-3373-7006-4.ch004,offshore robotics AI digital twin autonomous systems resilience,2026-07-24T11:51:02.281639+00:00,Crossref open metadata
Towards a Digital Twin for Autonomous Warehouse Fleet Control,Ryan Florin,2025,10.1109/airc64931.2025.11077478,crossref:10.1109/airc64931.2025.11077478,Crossref,,"2025 6th International Conference on Artificial Intelligence, Robotics and Control (AIRC)",https://doi.org/10.1109/airc64931.2025.11077478,offshore robotics AI digital twin autonomous systems resilience,2026-07-24T11:51:02.281691+00:00,Crossref open metadata
Digital twin‐based multi‐objective autonomous vehicle navigation approach as applied in infrastructure construction,"Tingjun Lei, Timothy Sellers, Chaomin Luo, Lei Cao, Zhuming Bi",2024,10.1049/csy2.12110,crossref:10.1049/csy2.12110,Crossref,,IET Cyber-Systems and Robotics,https://doi.org/10.1049/csy2.12110,offshore robotics AI digital twin autonomous systems resilience,2026-07-24T11:51:02.281670+00:00,Crossref open metadata
Evaluating Customer Satisfaction and Trust in Autonomous AI Banking Systems,"Aruna Kasinathan, Shrilatha Sampath, Hemalatha Sampath",2024,10.4018/979-8-3693-5767-5.ch006,crossref:10.4018/979-8-3693-5767-5.ch006,Crossref,,Advances in Computational Intelligence and Robotics,https://doi.org/10.4018/979-8-3693-5767-5.ch006,offshore robotics AI digital twin autonomous systems resilience,2026-07-24T11:51:02.281606+00:00,Crossref open metadata
Fog Cloud Computing and IoT Integration for AI enabled Autonomous Systems in Robotics,"Kiran Deep Singh, Prabhdeep Singh",2024,10.4108/airo.3617,crossref:10.4108/airo.3617,Crossref,,EAI Endorsed Transactions on AI and Robotics,https://doi.org/10.4108/airo.3617,offshore robotics AI digital twin autonomous systems resilience,2026-07-24T11:51:02.281624+00:00,Crossref open metadata
Intelligent Robotics: AI-Driven Solutions for Autonomous Systems and Smart Machines,Murali Krishna Pasupuleti,2024,10.62311/nesx/905742,crossref:10.62311/nesx/905742,Crossref,,AI in Robotics for Autonomous Systems: Tools for Building Intelligent Machines,https://doi.org/10.62311/nesx/905742,offshore robotics AI digital twin autonomous systems resilience,2026-07-24T11:51:02.281521+00:00,Crossref open metadata
Digital Twin and Human Digital Twin for Practical Implementation in Industry 5.0,Atıl Emre Coşgun,2023,10.4018/978-1-6684-7791-5.ch007,crossref:10.4018/978-1-6684-7791-5.ch007,Crossref,,Advances in Computational Intelligence and Robotics,https://doi.org/10.4018/978-1-6684-7791-5.ch007,offshore robotics AI digital twin autonomous systems resilience,2026-07-24T11:51:02.281494+00:00,Crossref open metadata
Hardware-in-the-loop and Digital Twin Enabled Autonomous Robotics-assisted Environment Inspection<sup>*</sup>,"Johnny Li, Bo Shang, Iresh Jayawardana, Genda Chen",2023,10.1109/isas59543.2023.10164352,crossref:10.1109/isas59543.2023.10164352,Crossref,,2023 6th International Symposium on Autonomous Systems (ISAS),https://doi.org/10.1109/isas59543.2023.10164352,offshore robotics AI digital twin autonomous systems resilience,2026-07-24T11:51:02.281543+00:00,Crossref open metadata
"Smart Manufacturing Using Internet of Things, Artificial Intelligence, and Digital Twin Technology","Amit Kumar Tyagi, Richa Richa",2023,10.4018/978-1-6684-7791-5.ch008,crossref:10.4018/978-1-6684-7791-5.ch008,Crossref,,Advances in Computational Intelligence and Robotics,https://doi.org/10.4018/978-1-6684-7791-5.ch008,offshore robotics AI digital twin autonomous systems resilience,2026-07-24T11:51:02.281620+00:00,Crossref open metadata
A survey of Behavior Trees in robotics and AI,"Matteo Iovino, Edvards Scukins, Jonathan Styrud, Petter Ögren, Christian Smith",2022,10.1016/j.robot.2022.104096,crossref:10.1016/j.robot.2022.104096,Crossref,,Robotics and Autonomous Systems,https://doi.org/10.1016/j.robot.2022.104096,offshore robotics AI digital twin autonomous systems resilience,2026-07-24T11:51:02.281587+00:00,Crossref open metadata
Combining the Process and Maintenance Digital Twin to Create an Autonomous Production Platform,Bob Okhuijsen,2022,10.4043/31773-ms,crossref:10.4043/31773-ms,Crossref,,Offshore Technology Conference,https://doi.org/10.4043/31773-ms,offshore robotics AI digital twin autonomous systems resilience,2026-07-24T11:51:02.281511+00:00,Crossref open metadata
A Hierarchical Trajectory Model of Cyber Resilience in Safety-Critical Cyber-Physical Systems,"Kirsty Perrett, Ian David Wilson",2026,10.21203/rs.3.rs-9193681/v1,crossref:10.21203/rs.3.rs-9193681/v1,Crossref,,,https://doi.org/10.21203/rs.3.rs-9193681/v1,maritime cyber-physical systems climate adaptation safety port-city,2026-07-24T11:51:03.094013+00:00,Crossref open metadata
Climate Change Adaptation Frameworks for Port Infrastructure and Workforce Safety: Integrated Risk Management and Human Resource Resilience in Indonesian Maritime Operations,Rosna Yuherlina Siahaan,2026,10.61132/ijmicse.v3i1.374,crossref:10.61132/ijmicse.v3i1.374,Crossref,,"International Journal of Mechanical, Industrial and Control Systems Engineering",https://doi.org/10.61132/ijmicse.v3i1.374,maritime cyber-physical systems climate adaptation safety port-city,2026-07-24T11:51:03.093823+00:00,Crossref open metadata
Cyber-physical systems for climate adaptation: Pathways to sustainable technological progress in Greek regions,"Elias G. Carayannis, Kyriaki I. Kafka, Pantelis C. Kostis, Theodora Valvi",2026,10.1016/j.technovation.2026.103479,crossref:10.1016/j.technovation.2026.103479,Crossref,,Technovation,https://doi.org/10.1016/j.technovation.2026.103479,maritime cyber-physical systems climate adaptation safety port-city,2026-07-24T11:51:03.093927+00:00,Crossref open metadata
ENHANCING PORT CYBER RESILIENCE THROUGH CYBER PHYSICAL SECURITY ASSESSMENT,"Iosif Progoulakis, Nikitas Nikitakos, Theodoros Lilas, Ioannis K. Dagkinis",2026,10.21622/marlog.2026.15.1.103,crossref:10.21622/marlog.2026.15.1.103,Crossref,,International Maritime Transport and Logistic Journal,https://doi.org/10.21622/marlog.2026.15.1.103,maritime cyber-physical systems climate adaptation safety port-city,2026-07-24T11:51:03.093839+00:00,Crossref open metadata
A DRL-based Cyber-Physical Control Framework for Real-Time Maritime Collision Avoidance,"Zhao Yue, Wang Renqiang",2025,10.1109/icoici65217.2025.11252815,crossref:10.1109/icoici65217.2025.11252815,Crossref,,2025 3rd International Conference on Intelligent Cyber Physical Systems and Internet of Things (ICoICI),https://doi.org/10.1109/icoici65217.2025.11252815,maritime cyber-physical systems climate adaptation safety port-city,2026-07-24T11:51:03.093969+00:00,Crossref open metadata
Approaching Proactive Self-Adaptation in Nonlinear Cyber-Physical Systems,"Farid Edrisi, Diego Perez-Palacin, Mauro Caporuscio, Raffaela Mirandola",2025,10.36227/techrxiv.173948780.04650710/v1,crossref:10.36227/techrxiv.173948780.04650710/v1,Crossref,,,https://doi.org/10.36227/techrxiv.173948780.04650710/v1,maritime cyber-physical systems climate adaptation safety port-city,2026-07-24T11:51:03.094024+00:00,Crossref open metadata
Enhanced Maritime Safety Through Intelligent Life Jackets Featuring Real-Time Location and Long-Range IoT Connectivity,J Surendiran,2025,10.1109/icoici65217.2025.11254508,crossref:10.1109/icoici65217.2025.11254508,Crossref,,2025 3rd International Conference on Intelligent Cyber Physical Systems and Internet of Things (ICoICI),https://doi.org/10.1109/icoici65217.2025.11254508,maritime cyber-physical systems climate adaptation safety port-city,2026-07-24T11:51:03.093912+00:00,Crossref open metadata
HoneyShip: Unveiling Cyber Threats to Maritime VSAT Systems with a High-Interaction Honeypot,"Stern Brouwer, Jeroen Pijpker, Fadi Mohsen",2025,10.1109/icps65515.2025.11087909,crossref:10.1109/icps65515.2025.11087909,Crossref,,2025 IEEE 8th International Conference on Industrial Cyber-Physical Systems (ICPS),https://doi.org/10.1109/icps65515.2025.11087909,maritime cyber-physical systems climate adaptation safety port-city,2026-07-24T11:51:03.093977+00:00,Crossref open metadata
Integrating Cyber-Physical Systems and Climate Change Adaptation for Sustainable Technological Progress Ambidextrous Sustainability in the Era of Industry 5.0 and Society 5.0,"Elias G. Carayannis, KYRIAKI KAFKA, Pantelis Kostis, THEODORA VALVI",2025,10.2139/ssrn.5288295,crossref:10.2139/ssrn.5288295,Crossref,,,https://doi.org/10.2139/ssrn.5288295,maritime cyber-physical systems climate adaptation safety port-city,2026-07-24T11:51:03.093920+00:00,Crossref open metadata
Safety Climate in Maritime Transportation,"Murat YORULMAZ, Durmuş Ali YANIK, Ezgi MANSUROĞLU",2025,10.59617/efepub20242333,crossref:10.59617/efepub20242333,Crossref,,,https://doi.org/10.59617/efepub20242333,maritime cyber-physical systems climate adaptation safety port-city,2026-07-24T11:51:03.093875+00:00,Crossref open metadata
"Systematic Review of Dangerous Goods Handling in Port Operations: Safety Management Systems, Risk Assessment, and Technological Innovations","Adelio Shatara Nugraha, Nur Azisah",2025,10.62012/mp.vi.45889,crossref:10.62012/mp.vi.45889,Crossref,,Maritime Park: Journal of Maritime Technology and Society,https://doi.org/10.62012/mp.vi.45889,maritime cyber-physical systems climate adaptation safety port-city,2026-07-24T11:51:03.093980+00:00,Crossref open metadata
A General Walkthrough of the Cyber-Physical Systems Concerning Security Threats and Safety Measures,Indranath Roy,2024,10.1201/9781003406105-4,crossref:10.1201/9781003406105-4,Crossref,,Intelligent Security Solutions for Cyber-Physical Systems,https://doi.org/10.1201/9781003406105-4,maritime cyber-physical systems climate adaptation safety port-city,2026-07-24T11:51:03.093908+00:00,Crossref open metadata
Iterative Model Checking for Safety-Critical Problems in Cyber-Physical Systems,"Guangyao Chen, Zhihao Jiang",2024,10.1109/iccps61052.2024.00032,crossref:10.1109/iccps61052.2024.00032,Crossref,,2024 ACM/IEEE 15th International Conference on Cyber-Physical Systems (ICCPS),https://doi.org/10.1109/iccps61052.2024.00032,maritime cyber-physical systems climate adaptation safety port-city,2026-07-24T11:51:03.093954+00:00,Crossref open metadata
"Safety Systems, Controls, and Cyber-Physical Systems","Justin Starr, Christopher Quick",2024,10.1201/9781003288169-7,crossref:10.1201/9781003288169-7,Crossref,,Robotic Safety Systems,https://doi.org/10.1201/9781003288169-7,maritime cyber-physical systems climate adaptation safety port-city,2026-07-24T11:51:03.093895+00:00,Crossref open metadata
Evaluation of a Cyber Risk Assessment Approach for Cyber-Physical Systems: Maritime and Energy Use Cases,"Ahmed Amro, Vasileios Gkioulos",2023,10.20944/preprints202303.0135.v1,crossref:10.20944/preprints202303.0135.v1,Crossref,,,https://doi.org/10.20944/preprints202303.0135.v1,maritime cyber-physical systems climate adaptation safety port-city,2026-07-24T11:51:03.093888+00:00,Crossref open metadata
How to ensure safety of learning-enabled cyber-physical systems?,"Nicola Paoletti, Jim Woodcock",2023,10.1017/cbp.2023.2,crossref:10.1017/cbp.2023.2,Crossref,,Research Directions: Cyber-Physical Systems,https://doi.org/10.1017/cbp.2023.2,maritime cyber-physical systems climate adaptation safety port-city,2026-07-24T11:51:03.093880+00:00,Crossref open metadata
Cyber-Physical Systems,Frank J. Furrer,2022,10.1007/978-3-658-37182-1_2,crossref:10.1007/978-3-658-37182-1_2,Crossref,,Safety and Security of Cyber-Physical Systems,https://doi.org/10.1007/978-3-658-37182-1_2,maritime cyber-physical systems climate adaptation safety port-city,2026-07-24T11:51:03.093891+00:00,Crossref open metadata
"Threats, Security and Safety of Cyber-Physical Systems in Construction Industry","Khalid Mhmoud Alzubi, Wesam Salah Alaloul, Abdul Hannan Qureshi",2022,10.1201/9781003190134-8,crossref:10.1201/9781003190134-8,Crossref,,Cyber-Physical Systems in the Construction Sector,https://doi.org/10.1201/9781003190134-8,maritime cyber-physical systems climate adaptation safety port-city,2026-07-24T11:51:03.093996+00:00,Crossref open metadata
Cyber-physical Maritime Robotic Systems,João Tasso de Figueiredo Borges de Sousa,2021,10.1007/978-1-4471-5102-9_100116-1,crossref:10.1007/978-1-4471-5102-9_100116-1,Crossref,,Encyclopedia of Systems and Control,https://doi.org/10.1007/978-1-4471-5102-9_100116-1,maritime cyber-physical systems climate adaptation safety port-city,2026-07-24T11:51:03.093934+00:00,Crossref open metadata
Cyber-Risk: Cyber-Physical Systems Versus Information Technology Systems,"Carlos Barreto, Galina Schwartz, Alvaro A. Cardenas",2021,10.1007/978-3-030-65048-3_14,crossref:10.1007/978-3-030-65048-3_14,Crossref,,Lecture Notes in Control and Information Sciences,https://doi.org/10.1007/978-3-030-65048-3_14,maritime cyber-physical systems climate adaptation safety port-city,2026-07-24T11:51:03.093973+00:00,Crossref open metadata
Operational Safety Verification of Cyber Physical Industry 4.0 Applications,Unknown,2021,10.1109/icps49255.2021.9468193,crossref:10.1109/icps49255.2021.9468193,Crossref,,2021 4th IEEE International Conference on Industrial Cyber-Physical Systems (ICPS),https://doi.org/10.1109/icps49255.2021.9468193,maritime cyber-physical systems climate adaptation safety port-city,2026-07-24T11:51:03.093923+00:00,Crossref open metadata
Human-in-the-Loop Cyber-Physical Systems for Construction Safety,"Sahel Eskandar, Jun Wang, Saiedeh Razavi",2020,10.1007/978-3-030-41560-0_9,crossref:10.1007/978-3-030-41560-0_9,Crossref,,Cyber-Physical Systems in the Built Environment,https://doi.org/10.1007/978-3-030-41560-0_9,maritime cyber-physical systems climate adaptation safety port-city,2026-07-24T11:51:03.093950+00:00,Crossref open metadata
Insights from recent economic modeling on port adaptation to climate change effects,"Laingo M. Randrianarisoa, Kun Wang, Anming Zhang",2020,10.1016/b978-0-12-819134-7.00004-6,crossref:10.1016/b978-0-12-819134-7.00004-6,Crossref,,Maritime Transport and Regional Sustainability,https://doi.org/10.1016/b978-0-12-819134-7.00004-6,maritime cyber-physical systems climate adaptation safety port-city,2026-07-24T11:51:03.093943+00:00,Crossref open metadata
Data-Driven Safety Verification of Complex Cyber-Physical Systems,"Chuchu Fan, Sayan Mitra",2019,10.1007/978-3-030-13050-3_5,crossref:10.1007/978-3-030-13050-3_5,Crossref,,Design Automation of Cyber-Physical Systems,https://doi.org/10.1007/978-3-030-13050-3_5,maritime cyber-physical systems climate adaptation safety port-city,2026-07-24T11:51:03.093884+00:00,Crossref open metadata
Perspectives on Securing Cyber Physical Systems,Zach Furness,2019,10.1002/9781119552482.ch11,crossref:10.1002/9781119552482.ch11,Crossref,,Complexity Challenges in Cyber Physical Systems,https://doi.org/10.1002/9781119552482.ch11,maritime cyber-physical systems climate adaptation safety port-city,2026-07-24T11:51:03.093984+00:00,Crossref open metadata
Safety Analysis of Barge Maneuvers in Restricted Port Area,Unknown,2019,10.23977/mastic.002,crossref:10.23977/mastic.002,Crossref,,Maritime Safety International Conference (MASTIC 2018),https://doi.org/10.23977/mastic.002,maritime cyber-physical systems climate adaptation safety port-city,2026-07-24T11:51:03.093915+00:00,Crossref open metadata
Qualification of AM-Parts for The Offshore Industry,"Ole-Bjørn Ellingsen Moe, Bertrand Henri Benoit Maillon",2021,10.4043/30971-ms,crossref:10.4043/30971-ms,Crossref,,Offshore Technology Conference,https://doi.org/10.4043/30971-ms,offshore robotics EQF qualification framework micro-credential learning outcomes,2026-07-24T11:51:03.891760+00:00,Crossref open metadata
Drying of silk in re-reeling process by infra red technique,N. Gokarneshan,2025,10.1201/9781003735427-17,crossref:10.1201/9781003735427-17,Crossref,,Advances in Silk Research,https://doi.org/10.1201/9781003735427-17,infra & robotics maritimisation marinization oceanisation hydrosocial de-base-re hypothesis verification indicators,2026-07-24T11:51:04.338199+00:00,Crossref open metadata
Robotics for Approaches to the Lateral Skull Base,"Joachim Oertel, Jason Degiannis",2023,10.1007/978-3-031-38376-2_7,crossref:10.1007/978-3-031-38376-2_7,Crossref,,Robotics in Skull-Base Surgery,https://doi.org/10.1007/978-3-031-38376-2_7,infra & robotics maritimisation marinization oceanisation hydrosocial de-base-re hypothesis verification indicators,2026-07-24T11:51:04.338119+00:00,Crossref open metadata
Robotics in Transoral Approaches of the Skull Base,"Joachim Oertel, Jason Degiannis",2023,10.1007/978-3-031-38376-2_2,crossref:10.1007/978-3-031-38376-2_2,Crossref,,Robotics in Skull-Base Surgery,https://doi.org/10.1007/978-3-031-38376-2_2,infra & robotics maritimisation marinization oceanisation hydrosocial de-base-re hypothesis verification indicators,2026-07-24T11:51:04.338126+00:00,Crossref open metadata
The virtual-real hybrid verification technology of manned and unmanned multi-aircraft cooperative base on LVC,"Wenqiang Yin, Ran An, Zhengyan He, Wei Zhang",2023,10.1109/iditr57726.2023.10145939,crossref:10.1109/iditr57726.2023.10145939,Crossref,,2023 2nd International Conference on Innovations and Development of Information Technologies and Robotics (IDITR),https://doi.org/10.1109/iditr57726.2023.10145939,infra & robotics maritimisation marinization oceanisation hydrosocial de-base-re hypothesis verification indicators,2026-07-24T11:51:04.338178+00:00,Crossref open metadata
Infra-generations,Peter Kraftl,2020,10.4324/9781315110011-6,crossref:10.4324/9781315110011-6,Crossref,,After Childhood,https://doi.org/10.4324/9781315110011-6,infra & robotics maritimisation marinization oceanisation hydrosocial de-base-re hypothesis verification indicators,2026-07-24T11:51:04.338112+00:00,Crossref open metadata
Verification Of The Hypothesis Concerning The Optical / Rheological Properties Change Of A Clotting Native Blood Drop Correlated With The Erythrocytes Aging And Morphology Transformation Processes,"Grigorev Georgii Vladimirovich, Wang Xiaohao, Qian Xiang",2019,10.1109/rcar47638.2019.9043957,crossref:10.1109/rcar47638.2019.9043957,Crossref,,2019 IEEE International Conference on Real-time Computing and Robotics (RCAR),https://doi.org/10.1109/rcar47638.2019.9043957,infra & robotics maritimisation marinization oceanisation hydrosocial de-base-re hypothesis verification indicators,2026-07-24T11:51:04.338160+00:00,Crossref open metadata
LLM-augmented semantic embeddings enable Cross-Lingual mapping of medical procedure terms,"Hugo Guillen-Ramirez, Karen Triep, Christophe Gaudet-Blavignac, Baljit Phull, Guido Beldi, Olga Endrich",2026,10.1038/s41598-025-34778-7,crossref:10.1038/s41598-025-34778-7,Crossref,,Scientific Reports,https://doi.org/10.1038/s41598-025-34778-7,infra & robotics qmbd axis translation marine maritime oceanic hydronization theory terms taxonomy mapping,2026-07-24T11:51:06.234417+00:00,Crossref open metadata
JOE Call for Papers - Special Issue on Maritime Informatics and Robotics: Advances from the IEEE Symposium on Maritime Informatics &amp; Robotics,Unknown,2025,10.1109/joe.2025.3527081,crossref:10.1109/joe.2025.3527081,Crossref,,IEEE Journal of Oceanic Engineering,https://doi.org/10.1109/joe.2025.3527081,infra & robotics qmbd axis translation marine maritime oceanic hydronization theory terms taxonomy mapping,2026-07-24T11:51:06.234325+00:00,Crossref open metadata
Modeling and Simulation of Sidescan Using Conditional Generative Adversarial Network,"Nils Bore, John Folkesson",2021,10.1109/joe.2020.2980456,crossref:10.1109/joe.2020.2980456,Crossref,,IEEE Journal of Oceanic Engineering,https://doi.org/10.1109/joe.2020.2980456,infra & robotics qmbd axis translation marine maritime oceanic hydronization theory terms taxonomy mapping,2026-07-24T11:51:06.234497+00:00,Crossref open metadata
Guest Editorial Pushing for Higher Autonomy and Cooperative Behaviors in Maritime Robotics,"Vladimir Djapic, Thomas B. Curtin, William J. Kirkwood, John R. Potter, Nuno A. Cruz",2019,10.1109/joe.2019.2899541,crossref:10.1109/joe.2019.2899541,Crossref,,IEEE Journal of Oceanic Engineering,https://doi.org/10.1109/joe.2019.2899541,infra & robotics qmbd axis translation marine maritime oceanic hydronization theory terms taxonomy mapping,2026-07-24T11:51:06.234505+00:00,Crossref open metadata
Multimodal Sensor Fusion for Robust Obstacle Detection and Classification in the Maritime RobotX Challenge,"Leo Stanislas, Matthew Dunbabin",2019,10.1109/joe.2018.2868488,crossref:10.1109/joe.2018.2868488,Crossref,,IEEE Journal of Oceanic Engineering,https://doi.org/10.1109/joe.2018.2868488,infra & robotics qmbd axis translation marine maritime oceanic hydronization theory terms taxonomy mapping,2026-07-24T11:51:06.234470+00:00,Crossref open metadata
Three-Dimensional Reconstruction of a Marine Floating Structure With an Unmanned Surface Vessel,"Jungwook Han, Jinwhan Kim",2019,10.1109/joe.2018.2862618,crossref:10.1109/joe.2018.2862618,Crossref,,IEEE Journal of Oceanic Engineering,https://doi.org/10.1109/joe.2018.2862618,infra & robotics qmbd axis translation marine maritime oceanic hydronization theory terms taxonomy mapping,2026-07-24T11:51:06.234537+00:00,Crossref open metadata
Role of Microfinance to Improve Livelihoods of Small Scale Inland and Coastal Fisheries Communities in Africa,"Grace Andrew Kakama, Jón Geir Pétursson, Daði Már Kristófersson, Lilian Joshua Ibengwe, Tumi Tómasson",2026,10.1007/978-3-032-19927-0_23,crossref:10.1007/978-3-032-19927-0_23,Crossref,,Handbook of Sustainable Blue Economy,https://doi.org/10.1007/978-3-032-19927-0_23,small scale fisheries livelihoods blue economy governance,2026-07-24T11:51:06.682918+00:00,Crossref open metadata
Safe Space for Small-Scale Fisheries in Blue Economy Transformations,"Jewel Das, Md. Ruyel Miah, Mohammad Mahmudul Islam, Prateep Kumar Nayak, Marion Glaser",2026,10.1007/978-3-032-19927-0_47,crossref:10.1007/978-3-032-19927-0_47,Crossref,,Handbook of Sustainable Blue Economy,https://doi.org/10.1007/978-3-032-19927-0_47,small scale fisheries livelihoods blue economy governance,2026-07-24T11:51:06.682959+00:00,Crossref open metadata
Sustaining Peru’s Small-Scale Fisheries: Exploited Biodiversity and Blue Economy Perspectives,Víctor Aramayo,2026,10.1007/978-3-032-19927-0_110,crossref:10.1007/978-3-032-19927-0_110,Crossref,,Handbook of Sustainable Blue Economy,https://doi.org/10.1007/978-3-032-19927-0_110,small scale fisheries livelihoods blue economy governance,2026-07-24T11:51:06.682898+00:00,Crossref open metadata
Women's contribution to community livelihoods and nutritional security in the small-scale fisheries sector in Madagascar,Unknown,2025,10.4060/cd0520en,crossref:10.4060/cd0520en,Crossref,,,https://doi.org/10.4060/cd0520en,small scale fisheries livelihoods blue economy governance,2026-07-24T11:51:06.682984+00:00,Crossref open metadata
Implementing the Small-Scale Fisheries Guidelines for gender-equitable and climate-resilient food systems and livelihoods,Unknown,2024,10.4060/cd0102en,crossref:10.4060/cd0102en,Crossref,,,https://doi.org/10.4060/cd0102en,small scale fisheries livelihoods blue economy governance,2026-07-24T11:51:06.683023+00:00,Crossref open metadata
Small-scale fisheries governance,Unknown,2024,10.4060/cc9784en,crossref:10.4060/cc9784en,Crossref,,,https://doi.org/10.4060/cc9784en,small scale fisheries livelihoods blue economy governance,2026-07-24T11:51:06.682933+00:00,Crossref open metadata
The contribution of small-scale fisheries to healthy food systems and sustainable livelihoods in the Southern African Development Community,Unknown,2024,10.4060/cd0770en,crossref:10.4060/cd0770en,Crossref,,,https://doi.org/10.4060/cd0770en,small scale fisheries livelihoods blue economy governance,2026-07-24T11:51:06.683075+00:00,Crossref open metadata
The contribution of small-scale fisheries to healthy food systems and sustainable livelihoods in the United Republic of Tanzania,Unknown,2024,10.4060/cc7606en,crossref:10.4060/cc7606en,Crossref,,,https://doi.org/10.4060/cc7606en,small scale fisheries livelihoods blue economy governance,2026-07-24T11:51:06.683053+00:00,Crossref open metadata
"Blue Economy, Blue Growth, Social Equity and Small-scale Fisheries: A Global and National Level Review",Jewel Das,2023,10.22158/sssr.v4n1p38,crossref:10.22158/sssr.v4n1p38,Crossref,,Studies in Social Science Research,https://doi.org/10.22158/sssr.v4n1p38,small scale fisheries livelihoods blue economy governance,2026-07-24T11:51:06.683011+00:00,Crossref open metadata
Market Initiatives of Small-Scale Fisheries in the Mediterranean: Innovation in Support of Sustainable Blue Economy,"Jerneja Penca, Alicia Said",2023,10.1007/978-3-031-20740-2_16,crossref:10.1007/978-3-031-20740-2_16,Crossref,,MARE Publication Series,https://doi.org/10.1007/978-3-031-20740-2_16,small scale fisheries livelihoods blue economy governance,2026-07-24T11:51:06.683001+00:00,Crossref open metadata
The contribution of small-scale fisheries to healthy food systems and sustainable livelihoods in Uganda,Unknown,2023,10.4060/cc7604en,crossref:10.4060/cc7604en,Crossref,,,https://doi.org/10.4060/cc7604en,small scale fisheries livelihoods blue economy governance,2026-07-24T11:51:06.682966+00:00,Crossref open metadata
The contribution of women in small-scale fisheries to healthy food systems and sustainable livelihoods in Ghana,Unknown,2023,10.4060/cc7630en,crossref:10.4060/cc7630en,Crossref,,,https://doi.org/10.4060/cc7630en,small scale fisheries livelihoods blue economy governance,2026-07-24T11:51:06.683030+00:00,Crossref open metadata
The contribution of women in small-scale fisheries to healthy food systems and sustainable livelihoods in Malawi,Unknown,2023,10.4060/cc7629en,crossref:10.4060/cc7629en,Crossref,,,https://doi.org/10.4060/cc7629en,small scale fisheries livelihoods blue economy governance,2026-07-24T11:51:06.683007+00:00,Crossref open metadata
The contribution of women in small-scale fisheries to healthy food systems and sustainable livelihoods in the Philippines,Unknown,2023,10.4060/cc7603en,crossref:10.4060/cc7603en,Crossref,,,https://doi.org/10.4060/cc7603en,small scale fisheries livelihoods blue economy governance,2026-07-24T11:51:06.683042+00:00,Crossref open metadata
The contribution of women in small-scale fisheries to healthy food systems and sustainable livelihoods in Uganda,Unknown,2023,10.4060/cc5369en,crossref:10.4060/cc5369en,Crossref,,,https://doi.org/10.4060/cc5369en,small scale fisheries livelihoods blue economy governance,2026-07-24T11:51:06.683016+00:00,Crossref open metadata
Adopting a Blue Justice Lens for Japanese Small-Scale Fisheries: Important Insights from the Case of the Inatori Kinme Fishery,Yinji Li,2022,10.1007/978-3-030-89624-9_15,crossref:10.1007/978-3-030-89624-9_15,Crossref,,MARE Publication Series,https://doi.org/10.1007/978-3-030-89624-9_15,small scale fisheries livelihoods blue economy governance,2026-07-24T11:51:06.682930+00:00,Crossref open metadata
An Evaluation of Multidimensional Justice Conflicts in Small-Scale Fisheries in Nigeria,Foluke Omotayo Areola,2022,10.1007/978-3-030-89624-9_9,crossref:10.1007/978-3-030-89624-9_9,Crossref,,MARE Publication Series,https://doi.org/10.1007/978-3-030-89624-9_9,small scale fisheries livelihoods blue economy governance,2026-07-24T11:51:06.682940+00:00,Crossref open metadata
Blue Justice and Small-Scale Fisher Migration: A Case Study from Sri Lanka,"Dilanthi Koralagama, Maarten Bavinck",2022,10.1007/978-3-030-89624-9_7,crossref:10.1007/978-3-030-89624-9_7,Crossref,,MARE Publication Series,https://doi.org/10.1007/978-3-030-89624-9_7,small scale fisheries livelihoods blue economy governance,2026-07-24T11:51:06.682955+00:00,Crossref open metadata
"Blue Justice and Small-Scale Fisher Mobilizations in Istanbul, Turkey: Justice Claims, Political Agency, and Alliances","Pinar Ertör-Akyazi, Irmak Ertör",2022,10.1007/978-3-030-89624-9_30,crossref:10.1007/978-3-030-89624-9_30,Crossref,,MARE Publication Series,https://doi.org/10.1007/978-3-030-89624-9_30,small scale fisheries livelihoods blue economy governance,2026-07-24T11:51:06.682997+00:00,Crossref open metadata
Blue Justice in Three Governance Orders,"Svein Jentoft, Ratana Chuenpagdee",2022,10.1007/978-3-030-89624-9_2,crossref:10.1007/978-3-030-89624-9_2,Crossref,,MARE Publication Series,https://doi.org/10.1007/978-3-030-89624-9_2,small scale fisheries livelihoods blue economy governance,2026-07-24T11:51:06.682890+00:00,Crossref open metadata
Governance for Blue Justice: Examining Struggles and Contradictions in Atlantic Canada’s Small-Scale Fisheries,"Evan J. Andrews, Jack Daly, Mostafa El Halimi, Ratana Chuenpagdee",2022,10.1007/978-3-030-89624-9_5,crossref:10.1007/978-3-030-89624-9_5,Crossref,,MARE Publication Series,https://doi.org/10.1007/978-3-030-89624-9_5,small scale fisheries livelihoods blue economy governance,2026-07-24T11:51:06.682878+00:00,Crossref open metadata
Institutionalizing Injustice? Aligning Governance Orders in Swedish Small-Scale Fisheries,"Sebastian Linke, Maris Boyd Gillette, Svein Jentoft",2022,10.1007/978-3-030-89624-9_28,crossref:10.1007/978-3-030-89624-9_28,Crossref,,MARE Publication Series,https://doi.org/10.1007/978-3-030-89624-9_28,small scale fisheries livelihoods blue economy governance,2026-07-24T11:51:06.682885+00:00,Crossref open metadata
Legalized Injustices: Old Providence Island (Colombia) Small-Scale Fisheries in the Context of Geopolitical Disputes and State Power,Ana Isabel Márquez-Pérez,2022,10.1007/978-3-030-89624-9_12,crossref:10.1007/978-3-030-89624-9_12,Crossref,,MARE Publication Series,https://doi.org/10.1007/978-3-030-89624-9_12,small scale fisheries livelihoods blue economy governance,2026-07-24T11:51:06.682991+00:00,Crossref open metadata
Making Pescatourism Just for Small-Scale Fisheries: The Case of Turkey and Lessons for Others,"Vahdet Ünal, Irmak Ertör, Pınar Ertör-Akyazi, Sezgin Tunca",2022,10.1007/978-3-030-89624-9_17,crossref:10.1007/978-3-030-89624-9_17,Crossref,,MARE Publication Series,https://doi.org/10.1007/978-3-030-89624-9_17,small scale fisheries livelihoods blue economy governance,2026-07-24T11:51:06.683039+00:00,Crossref open metadata
"Making Sense of Multidimensional Injustice for Creating Viable Small-Scale Fisheries in Chilika Lagoon, Bay of Bengal",Prateep Kumar Nayak,2022,10.1007/978-3-030-89624-9_11,crossref:10.1007/978-3-030-89624-9_11,Crossref,,MARE Publication Series,https://doi.org/10.1007/978-3-030-89624-9_11,small scale fisheries livelihoods blue economy governance,2026-07-24T11:51:06.682981+00:00,Crossref open metadata
Marginalization and Reinvention of Small-Scale Fisheries: A Finnish Case Study of Social Justice,"Pekka Salmi, Kristina Svels",2022,10.1007/978-3-030-89624-9_8,crossref:10.1007/978-3-030-89624-9_8,Crossref,,MARE Publication Series,https://doi.org/10.1007/978-3-030-89624-9_8,small scale fisheries livelihoods blue economy governance,2026-07-24T11:51:06.682963+00:00,Crossref open metadata
Perception and Reality of Justice in the Small-Scale Fisheries of Nigeria,Shehu Latunji Akintola,2022,10.1007/978-3-030-89624-9_10,crossref:10.1007/978-3-030-89624-9_10,Crossref,,MARE Publication Series,https://doi.org/10.1007/978-3-030-89624-9_10,small scale fisheries livelihoods blue economy governance,2026-07-24T11:51:06.682937+00:00,Crossref open metadata
Small-Scale Fisheries in the Blue Economy,Svein Jentoft,2022,10.1007/978-3-030-89624-9_1,crossref:10.1007/978-3-030-89624-9_1,Crossref,,MARE Publication Series,https://doi.org/10.1007/978-3-030-89624-9_1,small scale fisheries livelihoods blue economy governance,2026-07-24T11:51:06.682843+00:00,Crossref open metadata
"Small-Scale Fishers in the Time of COVID-19: Reinforcing the Inequalities in the Food, Economic, and Governance Systems in South Africa and Zimbabwe","Moenieba Isaacs, Joseph Ginindza, Wilson Mhlanga",2022,10.1007/978-3-030-89624-9_22,crossref:10.1007/978-3-030-89624-9_22,Crossref,,MARE Publication Series,https://doi.org/10.1007/978-3-030-89624-9_22,small scale fisheries livelihoods blue economy governance,2026-07-24T11:51:06.682977+00:00,Crossref open metadata
"Social Conflicts and Fishery Governance Systems in the Estuary and Coast of Pará, Amazonia, Brazil","Edna Ferreira Alencar, Edmir Amanajás Celestino, Adriana Guimarães Abreu",2022,10.1007/978-3-030-89624-9_13,crossref:10.1007/978-3-030-89624-9_13,Crossref,,MARE Publication Series,https://doi.org/10.1007/978-3-030-89624-9_13,small scale fisheries livelihoods blue economy governance,2026-07-24T11:51:06.683064+00:00,Crossref open metadata
Strengthening Capabilities of Individuals and Communities Through a Small-Scale Fisheries Academy,"Cornelia E. Nauen, Maria Fernanda Arraes Treffner",2022,10.1007/978-3-030-89624-9_32,crossref:10.1007/978-3-030-89624-9_32,Crossref,,MARE Publication Series,https://doi.org/10.1007/978-3-030-89624-9_32,small scale fisheries livelihoods blue economy governance,2026-07-24T11:51:06.682973+00:00,Crossref open metadata
Towards Blue Justice for Small-Scale Fisheries,"Ratana Chuenpagdee, Alicia Bugeja-Said, Moenieba Isaacs, Svein Jentoft",2022,10.1007/978-3-030-89624-9_35,crossref:10.1007/978-3-030-89624-9_35,Crossref,,MARE Publication Series,https://doi.org/10.1007/978-3-030-89624-9_35,small scale fisheries livelihoods blue economy governance,2026-07-24T11:51:06.682909+00:00,Crossref open metadata
Understanding Gender Equality in Small-Scale Fisheries and Its Role in Enhancing Blue Justice,Adam Soliman,2022,10.1007/978-3-030-89624-9_33,crossref:10.1007/978-3-030-89624-9_33,Crossref,,MARE Publication Series,https://doi.org/10.1007/978-3-030-89624-9_33,small scale fisheries livelihoods blue economy governance,2026-07-24T11:51:06.682913+00:00,Crossref open metadata
"History, Status and Governance of Small-Scale Fisheries in Arkhangelsk Oblast, Northwest Russia",Masha Shaw,2020,10.1007/978-3-030-37371-9_22,crossref:10.1007/978-3-030-37371-9_22,Crossref,,MARE Publication Series,https://doi.org/10.1007/978-3-030-37371-9_22,small scale fisheries livelihoods blue economy governance,2026-07-24T11:51:06.683068+00:00,Crossref open metadata
Losing Space: The Rise of the Blue Economy and the Marginalisation of Small-Scale Fishers in Cyprus,Maria Hadjimichael,2020,10.1007/978-3-030-37371-9_6,crossref:10.1007/978-3-030-37371-9_6,Crossref,,MARE Publication Series,https://doi.org/10.1007/978-3-030-37371-9_6,small scale fisheries livelihoods blue economy governance,2026-07-24T11:51:06.682902+00:00,Crossref open metadata
"Small-Scale Fisheries Governance in Norway: Hierarchy, Institutions and Markets",Jahn Petter Johnsen,2020,10.1007/978-3-030-37371-9_21,crossref:10.1007/978-3-030-37371-9_21,Crossref,,MARE Publication Series,https://doi.org/10.1007/978-3-030-37371-9_21,small scale fisheries livelihoods blue economy governance,2026-07-24T11:51:06.683057+00:00,Crossref open metadata
The Role of Marine Protected Areas In Sustainable Fisheries Development In Vietnam,Quan Nguyen Van,2025,10.5194/oos2025-1591,crossref:10.5194/oos2025-1591,Crossref,,,https://doi.org/10.5194/oos2025-1591,fisheries management sustainability marine protected areas,2026-07-24T11:51:07.380521+00:00,Crossref open metadata
Economic value of Marine Protected Areas in British waters for Dutch fisheries,Lennert van de Pol,2024,10.18174/670489,crossref:10.18174/670489,Crossref,,,https://doi.org/10.18174/670489,fisheries management sustainability marine protected areas,2026-07-24T11:51:07.380517+00:00,Crossref open metadata
Marine protected areas – a review of their potential effects on lobster population size &amp; structure and fisheries management,Ehud Spanier,2024,10.1016/j.fishres.2024.107025,crossref:10.1016/j.fishres.2024.107025,Crossref,,Fisheries Research,https://doi.org/10.1016/j.fishres.2024.107025,fisheries management sustainability marine protected areas,2026-07-24T11:51:07.380435+00:00,Crossref open metadata
Technical plan for marine protected areas to support fisheries management in Fisheries Management Area 714,Unknown,2024,10.4060/cc9280en,crossref:10.4060/cc9280en,Crossref,,,https://doi.org/10.4060/cc9280en,fisheries management sustainability marine protected areas,2026-07-24T11:51:07.380370+00:00,Crossref open metadata
Unveiling interconnectedness between marine protected and non‐protected areas in Tanzania: Insights from barred mudskipper (<i>Periophthalmus argentilineatus</i>) population genetic structure,Cyrus Rumisha,2024,10.1111/fme.12722,crossref:10.1111/fme.12722,Crossref,,Fisheries Management and Ecology,https://doi.org/10.1111/fme.12722,fisheries management sustainability marine protected areas,2026-07-24T11:51:07.380491+00:00,Crossref open metadata
Fisheries and Marine Protected Areas,Unknown,2023,10.1002/9781119511847.ch18,crossref:10.1002/9781119511847.ch18,Crossref,,Sustainable Fishery Systems,https://doi.org/10.1002/9781119511847.ch18,fisheries management sustainability marine protected areas,2026-07-24T11:51:07.380497+00:00,Crossref open metadata
Marine Protected Areas (MPAs),"Kirsten GRORUD-COLVERT, Sarah E. LESTER",2023,10.2307/jj.9561413.58,crossref:10.2307/jj.9561413.58,Crossref,,Berkshire Encyclopedia of Sustainability 5/10,https://doi.org/10.2307/jj.9561413.58,fisheries management sustainability marine protected areas,2026-07-24T11:51:07.380456+00:00,Crossref open metadata
Environmental Democracy in Marine Protected Areas Management,Unknown,2022,10.1017/9781108914833.007,crossref:10.1017/9781108914833.007,Crossref,,Regulating the Sea,https://doi.org/10.1017/9781108914833.007,fisheries management sustainability marine protected areas,2026-07-24T11:51:07.380399+00:00,Crossref open metadata
Risk-Based Regulation,Unknown,2022,10.1017/9781108914833.005,crossref:10.1017/9781108914833.005,Crossref,,Regulating the Sea,https://doi.org/10.1017/9781108914833.005,fisheries management sustainability marine protected areas,2026-07-24T11:51:07.380473+00:00,Crossref open metadata
Management of bivalve fisheries in marine protected areas,"Pernille Nielsen, Mette Møller Nielsen, Ciaran McLaverty, Kasper Kristensen, Kerstin Geitner, Jeppe Olsen, Camille Saurel, Jens Kjerulf Petersen",2021,10.1016/j.marpol.2020.104357,crossref:10.1016/j.marpol.2020.104357,Crossref,,Marine Policy,https://doi.org/10.1016/j.marpol.2020.104357,fisheries management sustainability marine protected areas,2026-07-24T11:51:07.380535+00:00,Crossref open metadata
Marine Protected Areas (MPAs) as a Fisheries Management Tool for the Nassau Grouper (Epinephelus striatus) in Belize,Lisa S. Beneditti,2021,10.32920/ryerson.14663472,crossref:10.32920/ryerson.14663472,Crossref,,,https://doi.org/10.32920/ryerson.14663472,fisheries management sustainability marine protected areas,2026-07-24T11:51:07.380424+00:00,Crossref open metadata
Developing a fisheries management plan for the Pitcairn Islands Marine Reserve,"Terence P. Dawson, Robert A. Irving",2020,10.1016/b978-0-08-102698-4.00014-9,crossref:10.1016/b978-0-08-102698-4.00014-9,Crossref,,Marine Protected Areas,https://doi.org/10.1016/b978-0-08-102698-4.00014-9,fisheries management sustainability marine protected areas,2026-07-24T11:51:07.380420+00:00,Crossref open metadata
Editorial: Marine protected areas and small-scale fisheries,Karim Erzini,2020,10.1016/j.aaf.2020.09.002,crossref:10.1016/j.aaf.2020.09.002,Crossref,,Aquaculture and Fisheries,https://doi.org/10.1016/j.aaf.2020.09.002,fisheries management sustainability marine protected areas,2026-07-24T11:51:07.380494+00:00,Crossref open metadata
Predictive modelling of illegal fishing in no‐take marine protected areas,"Tom R. Davis, David Harasti",2020,10.1111/fme.12412,crossref:10.1111/fme.12412,Crossref,,Fisheries Management and Ecology,https://doi.org/10.1111/fme.12412,fisheries management sustainability marine protected areas,2026-07-24T11:51:07.380487+00:00,Crossref open metadata
The role of coastal communities in the sustainable management of marine protected areas,"Fernanda Balata, Chris Williams",2020,10.1016/b978-0-08-102698-4.00006-x,crossref:10.1016/b978-0-08-102698-4.00006-x,Crossref,,Marine Protected Areas,https://doi.org/10.1016/b978-0-08-102698-4.00006-x,fisheries management sustainability marine protected areas,2026-07-24T11:51:07.380528+00:00,Crossref open metadata
Are multiple-use marine protected areas meeting fishers’ proposals? Strengths and constraints in fisheries’ management in Brazil,"Heitor Schulz Macedo, Rodrigo Pereira Medeiros, Patrick McConney",2019,10.1016/j.marpol.2018.11.007,crossref:10.1016/j.marpol.2018.11.007,Crossref,,Marine Policy,https://doi.org/10.1016/j.marpol.2018.11.007,fisheries management sustainability marine protected areas,2026-07-24T11:51:07.380568+00:00,Crossref open metadata
Ecosystem-Based Management and Marine Protected Areas,"Ray Hilborn, Ulrike Hilborn",2019,10.1093/oso/9780198839767.003.0014,crossref:10.1093/oso/9780198839767.003.0014,Crossref,,Ocean Recovery,https://doi.org/10.1093/oso/9780198839767.003.0014,fisheries management sustainability marine protected areas,2026-07-24T11:51:07.380393+00:00,Crossref open metadata
Effectiveness of deepwater marine protected areas: Implication for Okinawan demersal fisheries management,"Masato Uehara, Akihiko Ebisawa, Itaru Ohta, Yoshimasa Aonuma",2019,10.1016/j.fishres.2019.03.018,crossref:10.1016/j.fishres.2019.03.018,Crossref,,Fisheries Research,https://doi.org/10.1016/j.fishres.2019.03.018,fisheries management sustainability marine protected areas,2026-07-24T11:51:07.380439+00:00,Crossref open metadata
Marine protected areas,"Pedro Solano, Alfredo Gálvez",2019,10.4324/9780429426520-7,crossref:10.4324/9780429426520-7,Crossref,,Marine and Fisheries Policies in Latin America,https://doi.org/10.4324/9780429426520-7,fisheries management sustainability marine protected areas,2026-07-24T11:51:07.380580+00:00,Crossref open metadata
Does social stability risk assessment improve social governance level in China?,"Luming Yan, Ruilian Zhang, Ming Ji, Yujian Li",2026,10.1016/j.eiar.2026.108342,crossref:10.1016/j.eiar.2026.108342,Crossref,,Environmental Impact Assessment Review,https://doi.org/10.1016/j.eiar.2026.108342,aquaculture social licence environmental impact governance,2026-07-24T11:51:08.298812+00:00,Crossref open metadata
"Environmental, social, and governance advocacy of global institutional investors: reshaping the governance of mission, social impact, and purpose",Jinsuk Choi,2026,10.4337/9781035324965.00031,crossref:10.4337/9781035324965.00031,Crossref,,Advancing Corporate Governance Research,https://doi.org/10.4337/9781035324965.00031,aquaculture social licence environmental impact governance,2026-07-24T11:51:08.298743+00:00,Crossref open metadata
"Environmental, social and governance impact of integrated resorts",Desmond Lam,2026,10.4324/9781003585985-8,crossref:10.4324/9781003585985-8,Crossref,,Casino Management in Integrated Resorts,https://doi.org/10.4324/9781003585985-8,aquaculture social licence environmental impact governance,2026-07-24T11:51:08.298826+00:00,Crossref open metadata
"Impact of Environmental, Social and Governance (ESG), Digitalization, Internal Control On Financial Performance and Firm Value","Aisyah Nur Rahmita, Eny Maryanti",2026,10.21070/ups.11005,crossref:10.21070/ups.11005,Crossref,,,https://doi.org/10.21070/ups.11005,aquaculture social licence environmental impact governance,2026-07-24T11:51:08.298747+00:00,Crossref open metadata
"Social inequality: Practicing environmental, social and governance principle in China","Tong Wu, Haidong Zhang, Mengqi Ji, Ruilian Zhang",2026,10.1016/j.eiar.2025.108069,crossref:10.1016/j.eiar.2025.108069,Crossref,,Environmental Impact Assessment Review,https://doi.org/10.1016/j.eiar.2025.108069,aquaculture social licence environmental impact governance,2026-07-24T11:51:08.298687+00:00,Crossref open metadata
Social Licence and Legal Licence,"Charles Sampford, Melea Lewis",2026,10.4324/9781003598992-4,crossref:10.4324/9781003598992-4,Crossref,,Ethics and Social Licence in the Blue Economy,https://doi.org/10.4324/9781003598992-4,aquaculture social licence environmental impact governance,2026-07-24T11:51:08.298757+00:00,Crossref open metadata
"The Evolution and Impact of Environmental, Social, and Governance (ESG) Factors on Corporate Performance","Vikul Goyal, Bhavna Yadav",2026,10.1201/9781003503804-3,crossref:10.1201/9781003503804-3,Crossref,,"Environmental, Social and Corporate Governance and Climate Risk Management",https://doi.org/10.1201/9781003503804-3,aquaculture social licence environmental impact governance,2026-07-24T11:51:08.298716+00:00,Crossref open metadata
AI Commons (AIC) Licence Suite: A Modular Framework for Impact-Oriented AI Governance,Em M. Lenartowicz,2025,10.2139/ssrn.5848523,crossref:10.2139/ssrn.5848523,Crossref,,SSRN Electronic Journal,https://doi.org/10.2139/ssrn.5848523,aquaculture social licence environmental impact governance,2026-07-24T11:51:08.298719+00:00,Crossref open metadata
"Environmental Criteria, Strategies and Impacts",Unknown,2025,10.64054/9798270715366-2,crossref:10.64054/9798270715366-2,Crossref,,"Environmental, Social, and Governance (ESG) - Theoretical Insights, Corporate Strategies, and Market Impact",https://doi.org/10.64054/9798270715366-2,aquaculture social licence environmental impact governance,2026-07-24T11:51:08.298712+00:00,Crossref open metadata
"Environmental Expertise, Social Variability, and Board Governance Models' Impact on Corporate Financial Performance","Md Jahidur Rahman, Tarek Rana, Hongtao Zhu, Chen Zhuo, Sajjad Khan",2025,10.4324/9781003488934-3,crossref:10.4324/9781003488934-3,Crossref,,"Environmental, Social and Governance Accounting and Auditing",https://doi.org/10.4324/9781003488934-3,aquaculture social licence environmental impact governance,2026-07-24T11:51:08.298761+00:00,Crossref open metadata
"Impact of ESG (Environmental, Social, and Governance) Factors on Financial Performance",Kritika Sharma,2025,10.2139/ssrn.5385329,crossref:10.2139/ssrn.5385329,Crossref,,,https://doi.org/10.2139/ssrn.5385329,aquaculture social licence environmental impact governance,2026-07-24T11:51:08.298698+00:00,Crossref open metadata
"Missing Value Imputation in Environmental, Social, and Governance Data: An Impact on Emissions Scores",Nicholas Downing,2025,10.2139/ssrn.5254446,crossref:10.2139/ssrn.5254446,Crossref,,,https://doi.org/10.2139/ssrn.5254446,aquaculture social licence environmental impact governance,2026-07-24T11:51:08.298801+00:00,Crossref open metadata
Securing a social licence for development projects: A fuzzy-set qualitative comparative analysis of land expropriation cases in China,"Xiuyun Yang, Meng Chen, Qiuping Chen",2025,10.1016/j.eiar.2025.107865,crossref:10.1016/j.eiar.2025.107865,Crossref,,Environmental Impact Assessment Review,https://doi.org/10.1016/j.eiar.2025.107865,aquaculture social licence environmental impact governance,2026-07-24T11:51:08.298708+00:00,Crossref open metadata
"Social Criteria, Principles and Practices",Unknown,2025,10.64054/9798270715366-3,crossref:10.64054/9798270715366-3,Crossref,,"Environmental, Social, and Governance (ESG) - Theoretical Insights, Corporate Strategies, and Market Impact",https://doi.org/10.64054/9798270715366-3,aquaculture social licence environmental impact governance,2026-07-24T11:51:08.298729+00:00,Crossref open metadata
Socio-environmental impact assessment as a New Governance tool for mining projects,Antonio Aledo Tur,2025,10.4324/9781032622828-5,crossref:10.4324/9781032622828-5,Crossref,,Sustainable Mining Governance,https://doi.org/10.4324/9781032622828-5,aquaculture social licence environmental impact governance,2026-07-24T11:51:08.298695+00:00,Crossref open metadata
"Supply Chain Risk: Environmental, Social and Governance Three-Dimensional Impact and Challenges",Keyou Zeng,2025,10.5220/0014889300005059,crossref:10.5220/0014889300005059,Crossref,,"Proceedings of the 1st International Conference on Finance, Economics and Social Science",https://doi.org/10.5220/0014889300005059,aquaculture social licence environmental impact governance,2026-07-24T11:51:08.298667+00:00,Crossref open metadata
"The Impact of Environmental, Social, and Governance (ESG) Performance on Stock Returns: An Empirical Analysis",Soumya Upadhyay,2025,10.47191/jefms/v8-i10-50,crossref:10.47191/jefms/v8-i10-50,Crossref,,"Journal of Economics, Finance And Management Studies",https://doi.org/10.47191/jefms/v8-i10-50,aquaculture social licence environmental impact governance,2026-07-24T11:51:08.298773+00:00,Crossref open metadata
"The Impact of Equity Concentration on Corporate Performance under the Environmental, Social, Governance Framework: Based on A-Share Manufacturing Listed Companies",Xuanlin Wan,2025,10.5220/0014602200005059,crossref:10.5220/0014602200005059,Crossref,,"Proceedings of the 1st International Conference on Finance, Economics and Social Science",https://doi.org/10.5220/0014602200005059,aquaculture social licence environmental impact governance,2026-07-24T11:51:08.298852+00:00,Crossref open metadata
The social licence of salmon aquaculture in Tasmania: Fulfilling the social bargain,"Andrew Buckwell, Syezlin Hasan, Alana Knight, Christopher Fleming, Jeremy Harte, James C.R. Smart",2025,10.1016/j.marpol.2025.106653,crossref:10.1016/j.marpol.2025.106653,Crossref,,Marine Policy,https://doi.org/10.1016/j.marpol.2025.106653,aquaculture social licence environmental impact governance,2026-07-24T11:51:08.298819+00:00,Crossref open metadata
"Decision letter for ""Does voluntary environmental, social, and governance disclosure impact initial public offer withdrawal risk?""",Unknown,2024,10.1111/beer.12678/v3/decision1,crossref:10.1111/beer.12678/v3/decision1,Crossref,,,https://doi.org/10.1111/beer.12678/v3/decision1,aquaculture social licence environmental impact governance,2026-07-24T11:51:08.298849+00:00,Crossref open metadata
The social licence to operate,Thomas Clarke,2024,10.4337/9781839107061.ch132,crossref:10.4337/9781839107061.ch132,Crossref,,Elgar Encyclopedia of Corporate Governance,https://doi.org/10.4337/9781839107061.ch132,aquaculture social licence environmental impact governance,2026-07-24T11:51:08.298664+00:00,Crossref open metadata
"How environmental, social and governance (ESG) investing controversies can impact fossil fuels",Sibo Chen,2023,10.64628/aam.rw7arahyp,crossref:10.64628/aam.rw7arahyp,Crossref,,,https://doi.org/10.64628/aam.rw7arahyp,aquaculture social licence environmental impact governance,2026-07-24T11:51:08.298788+00:00,Crossref open metadata
"Review for ""Does voluntary environmental, social, and governance disclosure impact initial public offer withdrawal risk?""",Unknown,2023,10.1111/beer.12678/v1/review1,crossref:10.1111/beer.12678/v1/review1,Crossref,,,https://doi.org/10.1111/beer.12678/v1/review1,aquaculture social licence environmental impact governance,2026-07-24T11:51:08.298791+00:00,Crossref open metadata
Responsible research and innovation and social licence to operate: aligning concepts for advancing marine innovation and development governance,"Peter Edwards, Aysha Fleming, Rachel Kelly",2021,10.1016/j.cosust.2020.11.003,crossref:10.1016/j.cosust.2020.11.003,Crossref,,Current Opinion in Environmental Sustainability,https://doi.org/10.1016/j.cosust.2020.11.003,aquaculture social licence environmental impact governance,2026-07-24T11:51:08.298691+00:00,Crossref open metadata
"The impact of marine spatial planning legislation on environmental authorisation, permit and licence requirements in Algoa Bay",Denning Metuge,2021,10.47348/joga/2021/a3,crossref:10.47348/joga/2021/a3,Crossref,,Journal of Ocean Governance in Africa (iilwandle zethu),https://doi.org/10.47348/joga/2021/a3,aquaculture social licence environmental impact governance,2026-07-24T11:51:08.298678+00:00,Crossref open metadata
ESG investing-organizations having direct impact,John Hill,2020,10.1016/b978-0-12-818692-3.00015-3,crossref:10.1016/b978-0-12-818692-3.00015-3,Crossref,,"Environmental, Social, and Governance (ESG) Investing",https://doi.org/10.1016/b978-0-12-818692-3.00015-3,aquaculture social licence environmental impact governance,2026-07-24T11:51:08.298835+00:00,Crossref open metadata
"ESG, SRI, and impact investing",John Hill,2020,10.1016/b978-0-12-818692-3.00002-5,crossref:10.1016/b978-0-12-818692-3.00002-5,Crossref,,"Environmental, Social, and Governance (ESG) Investing",https://doi.org/10.1016/b978-0-12-818692-3.00002-5,aquaculture social licence environmental impact governance,2026-07-24T11:51:08.298808+00:00,Crossref open metadata
Social licence and aquaculture: Towards a research agenda,"Charles Mather, Lucia Fanning",2019,10.1016/j.marpol.2018.10.049,crossref:10.1016/j.marpol.2018.10.049,Crossref,,Marine Policy,https://doi.org/10.1016/j.marpol.2018.10.049,aquaculture social licence environmental impact governance,2026-07-24T11:51:08.298739+00:00,Crossref open metadata
Development of Islamic Religious Education Curriculum Design Based on Learning Outcomes in the Implementation of the Independent Curriculum,"Rahayu Suprapti, Meli Puspita, Abdurrahmansyah, Nurlaila",2026,10.32923/424j4g58,crossref:10.32923/424j4g58,Crossref,,Sustainable Jurnal Kajian Mutu Pendidikan,https://doi.org/10.32923/424j4g58,aquaculture education learning outcomes curriculum qualification,2026-07-24T11:51:09.498306+00:00,Crossref open metadata
"AI for Climate Resilience: Hazard Forecasting, Vulnerability Mapping, and Adaptation Planning",Murali Krishna Pasupuleti,2026,10.62311/nesx/rb-978-81-999639-9-3,crossref:10.62311/nesx/rb-978-81-999639-9-3,Crossref,,,https://doi.org/10.62311/nesx/rb-978-81-999639-9-3,fisheries AI digital twin resilience climate adaptation just transition,2026-07-24T11:51:09.985404+00:00,Crossref open metadata
AI-Enabled Climate Adaptation and Resilience for Vulnerable Populations in the Global South,Sameen Rafi,2026,10.4018/979-8-3373-9978-2.ch010,crossref:10.4018/979-8-3373-9978-2.ch010,Crossref,,Advances in Computational Intelligence and Robotics,https://doi.org/10.4018/979-8-3373-9978-2.ch010,fisheries AI digital twin resilience climate adaptation just transition,2026-07-24T11:51:09.985541+00:00,Crossref open metadata
"Digital Adaptation, Algorithmic Coloniality, and Vernacular Climate Politics: Contesting Digital Governance in Bihar’s Agricultural Just Transitions",Vidya  Sagar Pancholi,2026,10.2139/ssrn.6568991,crossref:10.2139/ssrn.6568991,Crossref,,,https://doi.org/10.2139/ssrn.6568991,fisheries AI digital twin resilience climate adaptation just transition,2026-07-24T11:51:09.985420+00:00,Crossref open metadata
LINK Urban Digital Twinning (LINKUDT): Advancing Climate Adaptation and Planning Acceleration through Interoperable Digital Twin Ecosystems,"Simon Jirka, Jörg Radtke, Julia Reiß",2026,10.5194/egusphere-egu26-17814,crossref:10.5194/egusphere-egu26-17814,Crossref,,,https://doi.org/10.5194/egusphere-egu26-17814,fisheries AI digital twin resilience climate adaptation just transition,2026-07-24T11:51:09.985440+00:00,Crossref open metadata
Perceived AI-Driven Digital Twin Work Environments and Workforce Adaptation,"S. Vijayarani, Anto Pravin Singh D., M. Sowmiya",2026,10.4018/979-8-2600-1669-5.ch002,crossref:10.4018/979-8-2600-1669-5.ch002,Crossref,,Digital Twin Applications and Cognitive Enterprise Transformation Across Industries,https://doi.org/10.4018/979-8-2600-1669-5.ch002,fisheries AI digital twin resilience climate adaptation just transition,2026-07-24T11:51:09.985550+00:00,Crossref open metadata
"Building Resilience for Adaptation to Climate Change in High Value Marine Fisheries: A Case on Lobster Fisheries, Sri Lanka","B. M. R. L. Basnayake, D. A. M. De Silva, U. S. P. K. Liyanage",2025,10.1007/978-3-031-75826-3_26,crossref:10.1007/978-3-031-75826-3_26,Crossref,,Climate Change Adaptation in the Built Environment,https://doi.org/10.1007/978-3-031-75826-3_26,fisheries AI digital twin resilience climate adaptation just transition,2026-07-24T11:51:09.985488+00:00,Crossref open metadata
Digital Twin-Enabled Climate Adaptation and Sustainability,Sohard Pratap Singh,2025,10.55938/wlp.v2i7.314,crossref:10.55938/wlp.v2i7.314,Crossref,,Plant Digital Twins: The Fusion of Biology and Artificial Intelligence,https://doi.org/10.55938/wlp.v2i7.314,fisheries AI digital twin resilience climate adaptation just transition,2026-07-24T11:51:09.985470+00:00,Crossref open metadata
Event-Based Ecotourism Integrated with Digital Citizen Science Framework for Blue Carbon Ecosystem Management in Indonesia,"Bambang Semedi, Muhammad Arif Asadi, Citra S.U. Dewi, Wike Wike, Akhmad Zainuri, Dano Purba, Frida Sidik, Oktiyas Muzaky Luthfi, Dhira K. Saputra",2025,10.21776/ub.ecsofim.2025.013.01.04,crossref:10.21776/ub.ecsofim.2025.013.01.04,Crossref,,Economic and Social of Fisheries and Marine Journal,https://doi.org/10.21776/ub.ecsofim.2025.013.01.04,fisheries AI digital twin resilience climate adaptation just transition,2026-07-24T11:51:09.985498+00:00,Crossref open metadata
&amp;#160;Awareness and expectations from the climate change adaptation digital twin,"Marta Terrado, Eulàlia Baulenas, Gerrit Versteeg, Dragana Bojovic",2024,10.5194/ems2024-601,crossref:10.5194/ems2024-601,Crossref,,,https://doi.org/10.5194/ems2024-601,fisheries AI digital twin resilience climate adaptation just transition,2026-07-24T11:51:09.985512+00:00,Crossref open metadata
Customer Perceptions of In-Store Identification,"Tiina Kemppainen, Lauri Frank",2024,10.18690/um.fov.4.2024.38,crossref:10.18690/um.fov.4.2024.38,Crossref,,Resilience Through Digital Innovation: Enabling the Twin Transition,https://doi.org/10.18690/um.fov.4.2024.38,fisheries AI digital twin resilience climate adaptation just transition,2026-07-24T11:51:09.985463+00:00,Crossref open metadata
Decision Analytics—Less Expected Motivators for HEPA Programs,Christer Carlsson,2024,10.18690/um.fov.4.2024.25,crossref:10.18690/um.fov.4.2024.25,Crossref,,Resilience Through Digital Innovation: Enabling the Twin Transition,https://doi.org/10.18690/um.fov.4.2024.25,fisheries AI digital twin resilience climate adaptation just transition,2026-07-24T11:51:09.985443+00:00,Crossref open metadata
Designing and Evaluating an LLM-based Health AI Research Assistant for Hypertension Self-Management; Using Health Claims Metadata Criteria,"Luuk P.A. Simons, Pradeep K. Murukannaiah, Mark A. Neerincx",2024,10.18690/um.fov.4.2024.16,crossref:10.18690/um.fov.4.2024.16,Crossref,,Resilience Through Digital Innovation: Enabling the Twin Transition,https://doi.org/10.18690/um.fov.4.2024.16,fisheries AI digital twin resilience climate adaptation just transition,2026-07-24T11:51:09.985478+00:00,Crossref open metadata
Digital Asset Creation and Orchestration: Empirical Evidence from Industrial Manufacturing,"Gabriele Piccoli, Joaquin Rodriguez",2024,10.18690/um.fov.4.2024.2,crossref:10.18690/um.fov.4.2024.2,Crossref,,Resilience Through Digital Innovation: Enabling the Twin Transition,https://doi.org/10.18690/um.fov.4.2024.2,fisheries AI digital twin resilience climate adaptation just transition,2026-07-24T11:51:09.985431+00:00,Crossref open metadata
Enhancing Process Model Visualisation to Facilitate the Understanding of Stakeholders,Iris Mulder,2024,10.18690/um.fov.4.2024.52,crossref:10.18690/um.fov.4.2024.52,Crossref,,Resilience Through Digital Innovation: Enabling the Twin Transition,https://doi.org/10.18690/um.fov.4.2024.52,fisheries AI digital twin resilience climate adaptation just transition,2026-07-24T11:51:09.985531+00:00,Crossref open metadata
Ethnical Anthropomorphism in Human-Robot Interaction: Personalized Robot Tutors,Annemae van de Hoef,2024,10.18690/um.fov.4.2024.20,crossref:10.18690/um.fov.4.2024.20,Crossref,,Resilience Through Digital Innovation: Enabling the Twin Transition,https://doi.org/10.18690/um.fov.4.2024.20,fisheries AI digital twin resilience climate adaptation just transition,2026-07-24T11:51:09.985554+00:00,Crossref open metadata
European Companies' Readiness and Challenges in Data Economy,Marikka Heikkilä,2024,10.18690/um.fov.4.2024.37,crossref:10.18690/um.fov.4.2024.37,Crossref,,Resilience Through Digital Innovation: Enabling the Twin Transition,https://doi.org/10.18690/um.fov.4.2024.37,fisheries AI digital twin resilience climate adaptation just transition,2026-07-24T11:51:09.985447+00:00,Crossref open metadata
Harnessing AI to assess corporate adaptation plans on alignment with climate adaptation and resilience goals,"Roberto Spacey Mart&iacute;n, Nicola Ranger, Tobias Schimanski, Markus Leippold",2024,10.2139/ssrn.4878341,crossref:10.2139/ssrn.4878341,Crossref,,,https://doi.org/10.2139/ssrn.4878341,fisheries AI digital twin resilience climate adaptation just transition,2026-07-24T11:51:09.985503+00:00,Crossref open metadata
Responsible Implementation of AI in Higher Education: Ethical Factors Guiding Dutch IT Teachers,"John van Meerten, Koen Smit, Marlies van Steenbergen, Matthijs Berkhout",2024,10.18690/um.fov.4.2024.19,crossref:10.18690/um.fov.4.2024.19,Crossref,,Resilience Through Digital Innovation: Enabling the Twin Transition,https://doi.org/10.18690/um.fov.4.2024.19,fisheries AI digital twin resilience climate adaptation just transition,2026-07-24T11:51:09.985413+00:00,Crossref open metadata
Strengthening Resilience in a Danish Health System – A Longitudinal Study,"Jarl Tuxen, Morten Boesen, Erik Leth Møller",2024,10.18690/um.fov.4.2024.44,crossref:10.18690/um.fov.4.2024.44,Crossref,,Resilience Through Digital Innovation: Enabling the Twin Transition,https://doi.org/10.18690/um.fov.4.2024.44,fisheries AI digital twin resilience climate adaptation just transition,2026-07-24T11:51:09.985474+00:00,Crossref open metadata
Towards Social Digital Twins – An Integrated Sociotechnical Approach for the Urban Energy Transition,"Steven P. Haveman, Xiao Peng, Ran Zhang, Tadeo-Baldiri Salcedo-Rahola",2024,10.18690/um.fov.4.2024.28,crossref:10.18690/um.fov.4.2024.28,Crossref,,Resilience Through Digital Innovation: Enabling the Twin Transition,https://doi.org/10.18690/um.fov.4.2024.28,fisheries AI digital twin resilience climate adaptation just transition,2026-07-24T11:51:09.985520+00:00,Crossref open metadata
Unmasking Biases and Mapping the Landscape of AI Adoption in Diverse Business Functions Through a Delphi Study,"Amogha Ammava Sudarshan, Isabella Seeber",2024,10.18690/um.fov.4.2024.8,crossref:10.18690/um.fov.4.2024.8,Crossref,,Resilience Through Digital Innovation: Enabling the Twin Transition,https://doi.org/10.18690/um.fov.4.2024.8,fisheries AI digital twin resilience climate adaptation just transition,2026-07-24T11:51:09.985400+00:00,Crossref open metadata
Climate change adaptation policies to foster resilience in agriculture,Unknown,2023,10.1787/5fa2c770-en,crossref:10.1787/5fa2c770-en,Crossref,,"OECD Food, Agriculture and Fisheries Papers",https://doi.org/10.1787/5fa2c770-en,fisheries AI digital twin resilience climate adaptation just transition,2026-07-24T11:51:09.985390+00:00,Crossref open metadata
Compound flood forecasting and climate adaptation Destination Earth digital twin,"Albrecht Weerts, Kun Yan, Frederiek Sperna Weiland",2023,10.5194/egusphere-egu23-9262,crossref:10.5194/egusphere-egu23-9262,Crossref,,,https://doi.org/10.5194/egusphere-egu23-9262,fisheries AI digital twin resilience climate adaptation just transition,2026-07-24T11:51:09.985427+00:00,Crossref open metadata
"Ensure a Just Transition by Creating Healthy, Safe, Just, and Equitable Climate-Resilient Local Physical/Built, Economic, and Ecological Conditions",Bob Doppelt,2023,10.4324/9781003262442-12,crossref:10.4324/9781003262442-12,Crossref,,Preventing and Healing Climate Traumas,https://doi.org/10.4324/9781003262442-12,fisheries AI digital twin resilience climate adaptation just transition,2026-07-24T11:51:09.985523+00:00,Crossref open metadata
Climate change adaptation digital twin to support decision making,"Jenni Kontkanen, Pekka Manninen, Francisco Doblas-Reyes, Sami Niemelä, Bjorn Stevens",2022,10.5194/egusphere-egu22-13542,crossref:10.5194/egusphere-egu22-13542,Crossref,,,https://doi.org/10.5194/egusphere-egu22-13542,fisheries AI digital twin resilience climate adaptation just transition,2026-07-24T11:51:09.985507+00:00,Crossref open metadata
10. A brief conservationist’s guide to self-governance with illustrations from small-scale fisheries,Xavier Basurto,2025,10.11647/obp.0395.10,crossref:10.11647/obp.0395.10,Crossref,,Navigating Our Way to Solutions in Marine Conservation,https://doi.org/10.11647/obp.0395.10,small scale fisheries blue economy labour ocean literacy marine governance,2026-07-24T11:51:11.554364+00:00,Crossref open metadata
17. Blue Justice principles for small-scale fisheries in marine protected areas,"Ratana Chuenpagdee, Svein Jentoft",2025,10.11647/obp.0395.17,crossref:10.11647/obp.0395.17,Crossref,,Navigating Our Way to Solutions in Marine Conservation,https://doi.org/10.11647/obp.0395.17,small scale fisheries blue economy labour ocean literacy marine governance,2026-07-24T11:51:11.554294+00:00,Crossref open metadata
Advancing a sustainable Blue Economy - case study: fisheries governance in the Indian Ocean,Erika Techera,2023,10.4337/9781839107696.00030,crossref:10.4337/9781839107696.00030,Crossref,,Research Handbook on Ocean Governance Law,https://doi.org/10.4337/9781839107696.00030,small scale fisheries blue economy labour ocean literacy marine governance,2026-07-24T11:51:11.554304+00:00,Crossref open metadata
Heartbeats of the Ocean,Sunil D. Santha,2023,10.4324/9781003375333-2,crossref:10.4324/9781003375333-2,Crossref,,"Climate Change, Small-Scale Fisheries, and Blue Justice",https://doi.org/10.4324/9781003375333-2,small scale fisheries blue economy labour ocean literacy marine governance,2026-07-24T11:51:11.554416+00:00,Crossref open metadata
Mother Ocean Has a Fever,Sunil D. Santha,2023,10.4324/9781003375333-4,crossref:10.4324/9781003375333-4,Crossref,,"Climate Change, Small-Scale Fisheries, and Blue Justice",https://doi.org/10.4324/9781003375333-4,small scale fisheries blue economy labour ocean literacy marine governance,2026-07-24T11:51:11.554428+00:00,Crossref open metadata
The Churning of the Ocean,Sunil D. Santha,2023,10.4324/9781003375333-7,crossref:10.4324/9781003375333-7,Crossref,,"Climate Change, Small-Scale Fisheries, and Blue Justice",https://doi.org/10.4324/9781003375333-7,small scale fisheries blue economy labour ocean literacy marine governance,2026-07-24T11:51:11.554425+00:00,Crossref open metadata
When Mountains Reach the Ocean,Sunil D. Santha,2023,10.4324/9781003375333-6,crossref:10.4324/9781003375333-6,Crossref,,"Climate Change, Small-Scale Fisheries, and Blue Justice",https://doi.org/10.4324/9781003375333-6,small scale fisheries blue economy labour ocean literacy marine governance,2026-07-24T11:51:11.554440+00:00,Crossref open metadata
Blue Justice,Unknown,2022,10.1007/978-3-030-89624-9,crossref:10.1007/978-3-030-89624-9,Crossref,,MARE Publication Series,https://doi.org/10.1007/978-3-030-89624-9,small scale fisheries blue economy labour ocean literacy marine governance,2026-07-24T11:51:11.554341+00:00,Crossref open metadata
Blue Justice and Inland Fisheries: How Justice Principles Could Support Transformative Knowledge Production in the Mekong Region,"Robert I. Arthur, Richard M. Friend",2022,10.1007/978-3-030-89624-9_19,crossref:10.1007/978-3-030-89624-9_19,Crossref,,MARE Publication Series,https://doi.org/10.1007/978-3-030-89624-9_19,small scale fisheries blue economy labour ocean literacy marine governance,2026-07-24T11:51:11.554368+00:00,Crossref open metadata
Coastal Small-Scale Fisheries in Brazil: Resentment Against Policy Disarray,"Sérgio Macedo Gomes de Mattos, Jocemar Tomasino Mendonça, Beatriz Mesquita Pedrosa Ferreira, Mariana Paul de Souza Mattos, Matias John Wojciechowski, Leopoldo Cavaleri Gerhardinger",2022,10.1007/978-3-030-89624-9_3,crossref:10.1007/978-3-030-89624-9_3,Crossref,,MARE Publication Series,https://doi.org/10.1007/978-3-030-89624-9_3,small scale fisheries blue economy labour ocean literacy marine governance,2026-07-24T11:51:11.554401+00:00,Crossref open metadata
"Collective Experiences, Lessons, and Reflections About Blue Justice","Ratana Chuenpagdee, Moenieba Isaacs, Alicia Bugeja-Said, Svein Jentoft",2022,10.1007/978-3-030-89624-9_34,crossref:10.1007/978-3-030-89624-9_34,Crossref,,MARE Publication Series,https://doi.org/10.1007/978-3-030-89624-9_34,small scale fisheries blue economy labour ocean literacy marine governance,2026-07-24T11:51:11.554384+00:00,Crossref open metadata
Exploring Challenges of “Blue Justice” in Landlocked Mountainous Countries: The Case of Nepal,Tek Bahadur Gurung,2022,10.1007/978-3-030-89624-9_18,crossref:10.1007/978-3-030-89624-9_18,Crossref,,MARE Publication Series,https://doi.org/10.1007/978-3-030-89624-9_18,small scale fisheries blue economy labour ocean literacy marine governance,2026-07-24T11:51:11.554380+00:00,Crossref open metadata
Feeling the Pinch: Perceived Marginalization of Small-Scale Commercial Crab Fishers by an Expanding Recreational Sector,"Clara Obregón, Michael Hughes, James R. Tweedley, Neil R. Loneragan",2022,10.1007/978-3-030-89624-9_16,crossref:10.1007/978-3-030-89624-9_16,Crossref,,MARE Publication Series,https://doi.org/10.1007/978-3-030-89624-9_16,small scale fisheries blue economy labour ocean literacy marine governance,2026-07-24T11:51:11.554409+00:00,Crossref open metadata
Pescastemic Rights for Blue Justice: Aquaculture and Coal Power Complexes in Chile,Jeremy Anbleyth-Evans,2022,10.1007/978-3-030-89624-9_27,crossref:10.1007/978-3-030-89624-9_27,Crossref,,MARE Publication Series,https://doi.org/10.1007/978-3-030-89624-9_27,small scale fisheries blue economy labour ocean literacy marine governance,2026-07-24T11:51:11.554371+00:00,Crossref open metadata
Small-scale fisheries in the blue economy: Review of scholarly papers and multilateral documents,"Raymond K. Ayilu, Michael Fabinyi, Kate Barclay",2022,10.1016/j.ocecoaman.2021.105982,crossref:10.1016/j.ocecoaman.2021.105982,Crossref,,Ocean &amp; Coastal Management,https://doi.org/10.1016/j.ocecoaman.2021.105982,small scale fisheries blue economy labour ocean literacy marine governance,2026-07-24T11:51:11.554345+00:00,Crossref open metadata
Social (In)Justice for Small-Scale Fisherfolk in the Turks and Caicos Islands: Struggling to Stay Afloat in a Tax Haven,"Marta C. Calosso, John A. B. Claydon",2022,10.1007/978-3-030-89624-9_4,crossref:10.1007/978-3-030-89624-9_4,Crossref,,MARE Publication Series,https://doi.org/10.1007/978-3-030-89624-9_4,small scale fisheries blue economy labour ocean literacy marine governance,2026-07-24T11:51:11.554432+00:00,Crossref open metadata
Gender and Blue Justice in small-scale fisheries governance,"Madeleine Gustavsson, Katia Frangoudes, Lars Lindström, María Catalina Álvarez Burgos, Maricela de la Torre-Castro",2021,10.1016/j.marpol.2021.104743,crossref:10.1016/j.marpol.2021.104743,Crossref,,Marine Policy,https://doi.org/10.1016/j.marpol.2021.104743,small scale fisheries blue economy labour ocean literacy marine governance,2026-07-24T11:51:11.554350+00:00,Crossref open metadata
Comparative study of the histology and Micro-CT scan of the goldfish hood,"Jinghang Zhang, Jingtong Zhou, Yiling Pan, Wei He, Chenhong Li",2026,10.1016/j.aaf.2024.10.002,crossref:10.1016/j.aaf.2024.10.002,Crossref,,Aquaculture and Fisheries,https://doi.org/10.1016/j.aaf.2024.10.002,fisheries aquaculture EQF qualification framework micro-credential learning outcomes,2026-07-24T11:51:12.063946+00:00,Crossref open metadata
How co-approaches contribute to a framework for sustainable circular economic transition work in the Norwegian fisheries and aquaculture sectors,Megan Palmer-Abbs,2026,10.4324/9781003616771-8,crossref:10.4324/9781003616771-8,Crossref,,Managing Marine Plastic Pollution in Norway,https://doi.org/10.4324/9781003616771-8,fisheries aquaculture EQF qualification framework micro-credential learning outcomes,2026-07-24T11:51:12.063930+00:00,Crossref open metadata
Unveiling Gender Inequities in Small‐Scale Fisheries and Aquaculture in East Africa: a Harvard Analytical Framework Approach,"Kevin Okoth Ouko, Cherine Lando Yugi, Modock Odiwuor Oketch, Lucy Njogu, Jimmy Brian Mboya, Robert John Ogola, Danstone Aboge, Mavindu Muthoka, Dick Chune Midamba",2026,10.1002/aff2.70210,crossref:10.1002/aff2.70210,Crossref,,"Aquaculture, Fish and Fisheries",https://doi.org/10.1002/aff2.70210,fisheries aquaculture EQF qualification framework micro-credential learning outcomes,2026-07-24T11:51:12.063975+00:00,Crossref open metadata
World fisheries and aquaculture production,Unknown,2026,10.4060/cd8357en-fig1.3,crossref:10.4060/cd8357en-fig1.3,Crossref,,The State of World Fisheries and Aquaculture 2026,https://doi.org/10.4060/cd8357en-fig1.3,fisheries aquaculture EQF qualification framework micro-credential learning outcomes,2026-07-24T11:51:12.063978+00:00,Crossref open metadata
Erratum to “Stakeholder Perspectives on the 2023 Ghana National Aquaculture Development Plan: An Integration Within the Ecosystem Approach Framework”,Unknown,2025,10.1002/aff2.70109,crossref:10.1002/aff2.70109,Crossref,,"Aquaculture, Fish and Fisheries",https://doi.org/10.1002/aff2.70109,fisheries aquaculture EQF qualification framework micro-credential learning outcomes,2026-07-24T11:51:12.063821+00:00,Crossref open metadata
Machine Vision Applications for Welfare Monitoring in Aquaculture: Challenges and Opportunities,"Amy Fitzgerald, Christos C. Ioannou, Sofia Consuegra, Andrew Dowsey, Carlos Garcia de Leaniz",2025,10.1002/aff2.70036,crossref:10.1002/aff2.70036,Crossref,,"Aquaculture, Fish and Fisheries",https://doi.org/10.1002/aff2.70036,fisheries aquaculture EQF qualification framework micro-credential learning outcomes,2026-07-24T11:51:12.063958+00:00,Crossref open metadata
A framework for risk analysis of the shellfish aquaculture: The case of the Mediterranean mussel farming in Greece,"John A. Theodorou, Ioannis Tzovenis",2023,10.1016/j.aaf.2021.04.002,crossref:10.1016/j.aaf.2021.04.002,Crossref,,Aquaculture and Fisheries,https://doi.org/10.1016/j.aaf.2021.04.002,fisheries aquaculture EQF qualification framework micro-credential learning outcomes,2026-07-24T11:51:12.063825+00:00,Crossref open metadata
Effective algorithmic operational framework for fish texture evaluation in industry: Achieving maturity,"D. Dimogianopoulos, K. Grigorakis",2023,10.1016/j.aaf.2020.10.001,crossref:10.1016/j.aaf.2020.10.001,Crossref,,Aquaculture and Fisheries,https://doi.org/10.1016/j.aaf.2020.10.001,fisheries aquaculture EQF qualification framework micro-credential learning outcomes,2026-07-24T11:51:12.063986+00:00,Crossref open metadata
"A combination of learning and non-learning based method for enhancement, compression and reconstruction of underwater images","Rashmi S. Nair, Sandanam Domnic",2022,10.1016/j.aaf.2021.10.006,crossref:10.1016/j.aaf.2021.10.006,Crossref,,Aquaculture and Fisheries,https://doi.org/10.1016/j.aaf.2021.10.006,fisheries aquaculture EQF qualification framework micro-credential learning outcomes,2026-07-24T11:51:12.063837+00:00,Crossref open metadata
Applications of data mining and machine learning framework in aquaculture and fisheries: A review,"J. Gladju, Biju Sam Kamalam, A. Kanagaraj",2022,10.1016/j.atech.2022.100061,crossref:10.1016/j.atech.2022.100061,Crossref,,Smart Agricultural Technology,https://doi.org/10.1016/j.atech.2022.100061,fisheries aquaculture EQF qualification framework micro-credential learning outcomes,2026-07-24T11:51:12.063913+00:00,Crossref open metadata
"Legal framework, research, and some peripheral issues","Ágúst Einarsson, Ásta Dís Óladóttir",2021,10.1016/b978-0-12-821056-7.00003-2,crossref:10.1016/b978-0-12-821056-7.00003-2,Crossref,,Fisheries and Aquaculture,https://doi.org/10.1016/b978-0-12-821056-7.00003-2,fisheries aquaculture EQF qualification framework micro-credential learning outcomes,2026-07-24T11:51:12.063941+00:00,Crossref open metadata
AQUA-TNET lifelong learning strategy changes E &amp; T attitudes towards ECVET implementation and the EQF,"Sónia Seixas, Margaret Eleftheriou",2020,10.1007/s10499-020-00560-x,crossref:10.1007/s10499-020-00560-x,Crossref,,Aquaculture International,https://doi.org/10.1007/s10499-020-00560-x,fisheries aquaculture EQF qualification framework micro-credential learning outcomes,2026-07-24T11:51:12.063810+00:00,Crossref open metadata
Crayfish Aquaculture,W. Ray McClain,2020,10.1093/oso/9780190865627.003.0011,crossref:10.1093/oso/9780190865627.003.0011,Crossref,,Fisheries and Aquaculture,https://doi.org/10.1093/oso/9780190865627.003.0011,fisheries aquaculture EQF qualification framework micro-credential learning outcomes,2026-07-24T11:51:12.063937+00:00,Crossref open metadata
Shrimp Fisheries,Raymond T. Bauer,2020,10.1093/oso/9780190865627.003.0004,crossref:10.1093/oso/9780190865627.003.0004,Crossref,,Fisheries and Aquaculture,https://doi.org/10.1093/oso/9780190865627.003.0004,fisheries aquaculture EQF qualification framework micro-credential learning outcomes,2026-07-24T11:51:12.063953+00:00,Crossref open metadata
Squat Lobster Fisheries,Mariano J. Diez,2020,10.1093/oso/9780190865627.003.0005,crossref:10.1093/oso/9780190865627.003.0005,Crossref,,Fisheries and Aquaculture,https://doi.org/10.1093/oso/9780190865627.003.0005,fisheries aquaculture EQF qualification framework micro-credential learning outcomes,2026-07-24T11:51:12.063996+00:00,Crossref open metadata
Sustainable aquaculture through the One Health lens,"G. D. Stentiford, I. J. Bateman, S. J. Hinchliffe, D. Bass, R. Hartnell, E. M. Santos, M. J. Devlin, S. W. Feist, N. G. H. Taylor, D. W. Verner-Jeffreys, R. van Aerle, E. J. Peeler, W. A. Higman, L. Smith, R. Baines, D. C. Behringer, I. Katsiadaki, H. E. Froehlich, C. R. Tyler",2020,10.1038/s43016-020-0127-5,crossref:10.1038/s43016-020-0127-5,Crossref,,Nature Food,https://doi.org/10.1038/s43016-020-0127-5,fisheries aquaculture EQF qualification framework micro-credential learning outcomes,2026-07-24T11:51:12.063885+00:00,Crossref open metadata
UV irradiation and micro filtration effects on micro particle development and microbial water quality in recirculation aquaculture systems,"Kim João de Jesus Gregersen, Per Bovbjerg Pedersen, Lars-Flemming Pedersen, Dibo Liu, Johanne Dalsgaard",2020,10.1016/j.aquaculture.2019.734785,crossref:10.1016/j.aquaculture.2019.734785,Crossref,,Aquaculture,https://doi.org/10.1016/j.aquaculture.2019.734785,fisheries aquaculture EQF qualification framework micro-credential learning outcomes,2026-07-24T11:51:12.063983+00:00,Crossref open metadata
Editorial: Aquaculture genomics,Adelino V.M. Canário,2019,10.1016/j.aaf.2018.12.005,crossref:10.1016/j.aaf.2018.12.005,Crossref,,Aquaculture and Fisheries,https://doi.org/10.1016/j.aaf.2018.12.005,fisheries aquaculture EQF qualification framework micro-credential learning outcomes,2026-07-24T11:51:12.063993+00:00,Crossref open metadata
Revisiting the FJH Hypothesis: New Data and New Measure for an Old Question on Social Mobility,"Marqúes Perales Ildefonso, Xiaowei Sun",2025,10.1007/s11205-025-03559-0,crossref:10.1007/s11205-025-03559-0,Crossref,,Social Indicators Research,https://doi.org/10.1007/s11205-025-03559-0,living res. maritimisation marinization oceanisation hydrosocial de-base-re hypothesis verification indicators,2026-07-24T11:51:13.775164+00:00,Crossref open metadata
Establishment of Data-base Prediction Indicators for Risk Group of Elderly Living alone,Moon Sun Song,2022,10.31888/jkgs.2022.42.2.273,crossref:10.31888/jkgs.2022.42.2.273,Crossref,,Korea Gerontological Society,https://doi.org/10.31888/jkgs.2022.42.2.273,living res. maritimisation marinization oceanisation hydrosocial de-base-re hypothesis verification indicators,2026-07-24T11:51:13.775137+00:00,Crossref open metadata
Re-examination of pollution haven hypothesis for Turkey with Fourier approach,Nilgun Cil,2022,10.1007/s11356-022-22800-8,crossref:10.1007/s11356-022-22800-8,Crossref,,Environmental Science and Pollution Research,https://doi.org/10.1007/s11356-022-22800-8,living res. maritimisation marinization oceanisation hydrosocial de-base-re hypothesis verification indicators,2026-07-24T11:51:13.775214+00:00,Crossref open metadata
Which Income Inequality Influences Which Health Indicators? Analysis of the Income Inequality Hypothesis with Market and Disposable Gini Indicators,Ki-tae Kim,2019,10.1007/s11205-019-02129-5,crossref:10.1007/s11205-019-02129-5,Crossref,,Social Indicators Research,https://doi.org/10.1007/s11205-019-02129-5,living res. maritimisation marinization oceanisation hydrosocial de-base-re hypothesis verification indicators,2026-07-24T11:51:13.775119+00:00,Crossref open metadata
Illustrated Glossary of Bivalve Terms,Unknown,2021,10.2307/j.ctv1zm2v56.69,crossref:10.2307/j.ctv1zm2v56.69,Crossref,,Seashells of Southern Florida,https://doi.org/10.2307/j.ctv1zm2v56.69,living res. qmbd axis translation marine maritime oceanic hydronization theory terms taxonomy mapping,2026-07-24T11:51:15.626057+00:00,Crossref open metadata
Systematics and Taxonomy,"Yong Huang, Yuqing Guo",2021,10.1007/978-981-16-3836-7_4,crossref:10.1007/978-981-16-3836-7_4,Crossref,,Free-living Marine Nematodes from the East China Sea,https://doi.org/10.1007/978-981-16-3836-7_4,living res. qmbd axis translation marine maritime oceanic hydronization theory terms taxonomy mapping,2026-07-24T11:51:15.626001+00:00,Crossref open metadata
"Deep seabed mining, the International Seabed Authority, and the Sustainable Development Goals","Aline Jaeckel, Pradeep A. Singh",2026,10.4337/9781803923574.00030,crossref:10.4337/9781803923574.00030,Crossref,,The Elgar Companion to Ocean Governance and the Sustainable Development Goals,https://doi.org/10.4337/9781803923574.00030,seabed mining governance environmental impact social licence,2026-07-24T11:51:16.100606+00:00,Crossref open metadata
Environmental impact assessment in deep seabed mining: lessons from global best practices for the International Seabed Authority,Shushmita Ahmed,2026,10.1080/18366503.2026.2653296,crossref:10.1080/18366503.2026.2653296,Crossref,,Australian Journal of Maritime &amp; Ocean Affairs,https://doi.org/10.1080/18366503.2026.2653296,seabed mining governance environmental impact social licence,2026-07-24T11:51:16.100552+00:00,Crossref open metadata
Seabed mining requires timely governance,Carsten Rühlemann,2026,10.1126/science.aei7769,crossref:10.1126/science.aei7769,Crossref,,Science,https://doi.org/10.1126/science.aei7769,seabed mining governance environmental impact social licence,2026-07-24T11:51:16.100556+00:00,Crossref open metadata
Conclusion,André Xavier,2025,10.4324/9781032622828-15,crossref:10.4324/9781032622828-15,Crossref,,Sustainable Mining Governance,https://doi.org/10.4324/9781032622828-15,seabed mining governance environmental impact social licence,2026-07-24T11:51:16.100559+00:00,Crossref open metadata
Critical minerals and the geopolitics of contemporary industrial mining,Stephen Teeuwen,2025,10.4324/9781032622828-8,crossref:10.4324/9781032622828-8,Crossref,,Sustainable Mining Governance,https://doi.org/10.4324/9781032622828-8,seabed mining governance environmental impact social licence,2026-07-24T11:51:16.100596+00:00,Crossref open metadata
Governance and mining governance,"J. Andrés Domínguez-Gómez, Alexander Ruser",2025,10.4324/9781032622828-3,crossref:10.4324/9781032622828-3,Crossref,,Sustainable Mining Governance,https://doi.org/10.4324/9781032622828-3,seabed mining governance environmental impact social licence,2026-07-24T11:51:16.100430+00:00,Crossref open metadata
Governance and social participation in mining projects,"Rocío Muñoz-Moreno, Teresa González Gómez",2025,10.4324/9781032622828-6,crossref:10.4324/9781032622828-6,Crossref,,Sustainable Mining Governance,https://doi.org/10.4324/9781032622828-6,seabed mining governance environmental impact social licence,2026-07-24T11:51:16.100434+00:00,Crossref open metadata
Governance and the social license to operate,"Jacques Demajorovic, Adriano Augusto França Pimenta",2025,10.4324/9781032622828-4,crossref:10.4324/9781032622828-4,Crossref,,Sustainable Mining Governance,https://doi.org/10.4324/9781032622828-4,seabed mining governance environmental impact social licence,2026-07-24T11:51:16.100538+00:00,Crossref open metadata
Governance issues in artisanal and small-scale mining,"Clara De Holanda Araujo, Bern Klein, André Xavier",2025,10.4324/9781032622828-9,crossref:10.4324/9781032622828-9,Crossref,,Sustainable Mining Governance,https://doi.org/10.4324/9781032622828-9,seabed mining governance environmental impact social licence,2026-07-24T11:51:16.100544+00:00,Crossref open metadata
Governance of mining waste,Simone Picarelli,2025,10.4324/9781032622828-12,crossref:10.4324/9781032622828-12,Crossref,,Sustainable Mining Governance,https://doi.org/10.4324/9781032622828-12,seabed mining governance environmental impact social licence,2026-07-24T11:51:16.100425+00:00,Crossref open metadata
History of governance in mining,"Agustín Galán Garcia, Roberto Fernandez Villarino",2025,10.4324/9781032622828-2,crossref:10.4324/9781032622828-2,Crossref,,Sustainable Mining Governance,https://doi.org/10.4324/9781032622828-2,seabed mining governance environmental impact social licence,2026-07-24T11:51:16.100462+00:00,Crossref open metadata
Main debates in community mining politics,Rodolfo Tarraubella,2025,10.4324/9781032622828-10,crossref:10.4324/9781032622828-10,Crossref,,Sustainable Mining Governance,https://doi.org/10.4324/9781032622828-10,seabed mining governance environmental impact social licence,2026-07-24T11:51:16.100530+00:00,Crossref open metadata
The Implementation of the Social Licence to Operate (SLO) Concept in Nickel Mining Governance in Kolaka Regency,Umirul Ham,2025,10.22146/pcd.v13i1.16659,crossref:10.22146/pcd.v13i1.16659,Crossref,,PCD Journal,https://doi.org/10.22146/pcd.v13i1.16659,seabed mining governance environmental impact social licence,2026-07-24T11:51:16.100468+00:00,Crossref open metadata
The Potential Impact of Seabed Mining on Critical Mineral Supply Chains and Global Geopolitics,Unknown,2025,10.7249/rra3560-1,crossref:10.7249/rra3560-1,Crossref,,,https://doi.org/10.7249/rra3560-1,seabed mining governance environmental impact social licence,2026-07-24T11:51:16.100534+00:00,Crossref open metadata
Unveiling gender dynamics for inclusive mining governance,"Marion Provencher, Ege Tekinbas",2025,10.4324/9781032622828-7,crossref:10.4324/9781032622828-7,Crossref,,Sustainable Mining Governance,https://doi.org/10.4324/9781032622828-7,seabed mining governance environmental impact social licence,2026-07-24T11:51:16.100458+00:00,Crossref open metadata
Water governance challenges in Mongolian Gobi Desert and Forest-Steppe mining regions,Bolormaa Purevjav,2025,10.4324/9781032622828-13,crossref:10.4324/9781032622828-13,Crossref,,Sustainable Mining Governance,https://doi.org/10.4324/9781032622828-13,seabed mining governance environmental impact social licence,2026-07-24T11:51:16.100499+00:00,Crossref open metadata
Deep-seabed mining: an environmental concern and a holistic social environmental justice issue,"Sandra Cassotta, Michael Goodsite",2024,10.3389/focsu.2024.1355965,crossref:10.3389/focsu.2024.1355965,Crossref,,Frontiers in Ocean Sustainability,https://doi.org/10.3389/focsu.2024.1355965,seabed mining governance environmental impact social licence,2026-07-24T11:51:16.100524+00:00,Crossref open metadata
Blue Economy's Deep Seabed Mining,Pablo Ferrara,2023,10.4324/9781003284437-16,crossref:10.4324/9781003284437-16,Crossref,,Mining Law and Governance in Africa,https://doi.org/10.4324/9781003284437-16,seabed mining governance environmental impact social licence,2026-07-24T11:51:16.100449+00:00,Crossref open metadata
Foreword,Unknown,2023,10.1017/9781108770125.001,crossref:10.1017/9781108770125.001,Crossref,,International Environmental Obligations and Liabilities in Deep Seabed Mining,https://doi.org/10.1017/9781108770125.001,seabed mining governance environmental impact social licence,2026-07-24T11:51:16.100590+00:00,Crossref open metadata
Index,Unknown,2023,10.1017/9781108770125.013,crossref:10.1017/9781108770125.013,Crossref,,International Environmental Obligations and Liabilities in Deep Seabed Mining,https://doi.org/10.1017/9781108770125.013,seabed mining governance environmental impact social licence,2026-07-24T11:51:16.100599+00:00,Crossref open metadata
International Environmental Liabilities of the Sponsoring State and the International Seabed Authority,Unknown,2023,10.1017/9781108770125.010,crossref:10.1017/9781108770125.010,Crossref,,International Environmental Obligations and Liabilities in Deep Seabed Mining,https://doi.org/10.1017/9781108770125.010,seabed mining governance environmental impact social licence,2026-07-24T11:51:16.100491+00:00,Crossref open metadata
International Environmental Obligations and Liabilities in Deep Seabed Mining,Linlin Sun,2023,10.1017/9781108770125,crossref:10.1017/9781108770125,Crossref,,,https://doi.org/10.1017/9781108770125,seabed mining governance environmental impact social licence,2026-07-24T11:51:16.100593+00:00,Crossref open metadata
International Seabed Authority and Its Environmental Mandate,Unknown,2023,10.1017/9781108770125.005,crossref:10.1017/9781108770125.005,Crossref,,International Environmental Obligations and Liabilities in Deep Seabed Mining,https://doi.org/10.1017/9781108770125.005,seabed mining governance environmental impact social licence,2026-07-24T11:51:16.100438+00:00,Crossref open metadata
Process and Development of Stakeholder Engagement in Environmental Impact Assessment for Deep Seabed Mining,"Lei Zheng, Yuxin Wang",2023,10.2139/ssrn.4560901,crossref:10.2139/ssrn.4560901,Crossref,,,https://doi.org/10.2139/ssrn.4560901,seabed mining governance environmental impact social licence,2026-07-24T11:51:16.100411+00:00,Crossref open metadata
Public participation in the governance of deep-seabed mining in the Area,"Jeff Ardron, Hannah Lily, Aline Jaeckel",2023,10.4337/9781789909081.00026,crossref:10.4337/9781789909081.00026,Crossref,,Research Handbook on International Marine Environmental Law,https://doi.org/10.4337/9781789909081.00026,seabed mining governance environmental impact social licence,2026-07-24T11:51:16.100480+00:00,Crossref open metadata
Stakeholder Engagement In Environmental Impact Assessment for Deep Seabed Mining from the Perspective of a Maritime Community with a Shared Future,"Lei Zheng, Yuxin Wang",2023,10.2139/ssrn.4526691,crossref:10.2139/ssrn.4526691,Crossref,,,https://doi.org/10.2139/ssrn.4526691,seabed mining governance environmental impact social licence,2026-07-24T11:51:16.100484+00:00,Crossref open metadata
Taking Precautionary Approaches to the Governance of Commercial Deep Seabed Mining: Law-Making of International Seabed Authority and Multi-Subject Participation,"Jinpeng Wang, Wenqi Jiang, Chuanjuan Wang, Dahai Liu",2023,10.3390/su15086414,crossref:10.3390/su15086414,Crossref,,Sustainability,https://doi.org/10.3390/su15086414,seabed mining governance environmental impact social licence,2026-07-24T11:51:16.100495+00:00,Crossref open metadata
Deep impact: ocean seabed mining,Pradeep Singh,2022,10.54377/ed5a-5a0e,crossref:10.54377/ed5a-5a0e,Crossref,,,https://doi.org/10.54377/ed5a-5a0e,seabed mining governance environmental impact social licence,2026-07-24T11:51:16.100416+00:00,Crossref open metadata
China’s Legislation in Relation to Deep Seabed Mining in the Area,Xiangxin Xu,2021,10.1163/9789004472341_006,crossref:10.1163/9789004472341_006,Crossref,,Responsibility to Ensure,https://doi.org/10.1163/9789004472341_006,seabed mining governance environmental impact social licence,2026-07-24T11:51:16.100514+00:00,Crossref open metadata
Key Elements of “Reasonably Appropriate” Sponsoring States’ Environmental Legislation for Deep Seabed Mining in the Area,Xiangxin Xu,2021,10.1163/9789004472341_005,crossref:10.1163/9789004472341_005,Crossref,,Responsibility to Ensure,https://doi.org/10.1163/9789004472341_005,seabed mining governance environmental impact social licence,2026-07-24T11:51:16.100503+00:00,Crossref open metadata
Mining Impacts on the Marine Environment and Deep Seabed Mining Regime,Xiangxin Xu,2021,10.1163/9789004472341_003,crossref:10.1163/9789004472341_003,Crossref,,Responsibility to Ensure,https://doi.org/10.1163/9789004472341_003,seabed mining governance environmental impact social licence,2026-07-24T11:51:16.100465+00:00,Crossref open metadata
Environmental governance of deep seabed mining - Scientific insights and food for thought,"S. Christiansen, H. Ginzky, K. Houghton, A. Vink",2020,10.1016/j.marpol.2020.103827,crossref:10.1016/j.marpol.2020.103827,Crossref,,Marine Policy,https://doi.org/10.1016/j.marpol.2020.103827,seabed mining governance environmental impact social licence,2026-07-24T11:51:16.100549+00:00,Crossref open metadata
Deep Seabed Mining and the Marine Environment,Aline L. Jaeckel,2019,10.1163/9789004332287_002,crossref:10.1163/9789004332287_002,Crossref,,The International Seabed Authority and the Precautionary Principle,https://doi.org/10.1163/9789004332287_002,seabed mining governance environmental impact social licence,2026-07-24T11:51:16.100445+00:00,Crossref open metadata
The Environmental Mandate of the ISA,Aline L. Jaeckel,2019,10.1163/9789004332287_005,crossref:10.1163/9789004332287_005,Crossref,,The International Seabed Authority and the Precautionary Principle,https://doi.org/10.1163/9789004332287_005,seabed mining governance environmental impact social licence,2026-07-24T11:51:16.100565+00:00,Crossref open metadata
Archetypical patterns of barriers and enablers to policy coherence in European marine and coastal governance: a systematic review,"Saskia Trubbach, Ellen Johannesen, Froukje Maria Platjouw",2026,10.3389/focsu.2026.1768173,crossref:10.3389/focsu.2026.1768173,Crossref,,Frontiers in Ocean Sustainability,https://doi.org/10.3389/focsu.2026.1768173,marine aggregates extraction coastal governance sustainability,2026-07-24T11:51:17.054143+00:00,Crossref open metadata
Lightweight expanded clay aggregates in a coastal ecosystem: a spatial snapshot of an overlooked marine litter component,Mário Cerqueira,2026,10.1016/j.marpolbul.2026.119748,crossref:10.1016/j.marpolbul.2026.119748,Crossref,,Marine Pollution Bulletin,https://doi.org/10.1016/j.marpolbul.2026.119748,marine aggregates extraction coastal governance sustainability,2026-07-24T11:51:17.054162+00:00,Crossref open metadata
Recalibrating Coastal and Marine Environmental Governance Through Integrated Data Infrastructures: The EMMERA Platform,"Angelos Menelaou, Michalis Makrominas, Evi Plomaritou, Carola Hein",2026,10.3390/su18147144,crossref:10.3390/su18147144,Crossref,,Sustainability,https://doi.org/10.3390/su18147144,marine aggregates extraction coastal governance sustainability,2026-07-24T11:51:17.054083+00:00,Crossref open metadata
Coastal and Marine Governance and Protection,Unknown,2025,10.3390/books978-3-7258-5626-8,crossref:10.3390/books978-3-7258-5626-8,Crossref,,,https://doi.org/10.3390/books978-3-7258-5626-8,marine aggregates extraction coastal governance sustainability,2026-07-24T11:51:17.054179+00:00,Crossref open metadata
Policy and Governance Approaches for Coastal and Marine Pollution Management,Chandrasekara SSK,2025,10.1002/9781394237029.ch18,crossref:10.1002/9781394237029.ch18,Crossref,,Coastal and Marine Pollution,https://doi.org/10.1002/9781394237029.ch18,marine aggregates extraction coastal governance sustainability,2026-07-24T11:51:17.054132+00:00,Crossref open metadata
Coastal cities governance in the context of integrated coastal zonal management: a sustainable development goal perspective under international environmental law for ‘coastal sustainability’,"Shijun Zhang, Qian Wu, M. Jahanzeb Butt, Yan-Ming Lv, Yan-E- Wang",2024,10.3389/fmars.2024.1364554,crossref:10.3389/fmars.2024.1364554,Crossref,,Frontiers in Marine Science,https://doi.org/10.3389/fmars.2024.1364554,marine aggregates extraction coastal governance sustainability,2026-07-24T11:51:17.054108+00:00,Crossref open metadata
Author comment: The role of art in coastal and marine sustainability — R1/PR6,Ana Matias,2023,10.1017/cft.2023.13.pr6,crossref:10.1017/cft.2023.13.pr6,Crossref,,,https://doi.org/10.1017/cft.2023.13.pr6,marine aggregates extraction coastal governance sustainability,2026-07-24T11:51:17.054196+00:00,Crossref open metadata
Decision: The role of art in coastal and marine sustainability — R0/PR5,Unknown,2023,10.1017/cft.2023.13.pr5,crossref:10.1017/cft.2023.13.pr5,Crossref,,,https://doi.org/10.1017/cft.2023.13.pr5,marine aggregates extraction coastal governance sustainability,2026-07-24T11:51:17.054153+00:00,Crossref open metadata
Decision: The role of art in coastal and marine sustainability — R1/PR10,Unknown,2023,10.1017/cft.2023.13.pr10,crossref:10.1017/cft.2023.13.pr10,Crossref,,,https://doi.org/10.1017/cft.2023.13.pr10,marine aggregates extraction coastal governance sustainability,2026-07-24T11:51:17.054156+00:00,Crossref open metadata
Recommendation: The role of art in coastal and marine sustainability — R0/PR4,Unknown,2023,10.1017/cft.2023.13.pr4,crossref:10.1017/cft.2023.13.pr4,Crossref,,,https://doi.org/10.1017/cft.2023.13.pr4,marine aggregates extraction coastal governance sustainability,2026-07-24T11:51:17.054150+00:00,Crossref open metadata
Recommendation: The role of art in coastal and marine sustainability — R1/PR9,Unknown,2023,10.1017/cft.2023.13.pr9,crossref:10.1017/cft.2023.13.pr9,Crossref,,,https://doi.org/10.1017/cft.2023.13.pr9,marine aggregates extraction coastal governance sustainability,2026-07-24T11:51:17.054147+00:00,Crossref open metadata
Review: The role of art in coastal and marine sustainability — R0/PR2,Unknown,2023,10.1017/cft.2023.13.pr2,crossref:10.1017/cft.2023.13.pr2,Crossref,,,https://doi.org/10.1017/cft.2023.13.pr2,marine aggregates extraction coastal governance sustainability,2026-07-24T11:51:17.054119+00:00,Crossref open metadata
Review: The role of art in coastal and marine sustainability — R0/PR3,Unknown,2023,10.1017/cft.2023.13.pr3,crossref:10.1017/cft.2023.13.pr3,Crossref,,,https://doi.org/10.1017/cft.2023.13.pr3,marine aggregates extraction coastal governance sustainability,2026-07-24T11:51:17.054126+00:00,Crossref open metadata
Review: The role of art in coastal and marine sustainability — R1/PR7,Unknown,2023,10.1017/cft.2023.13.pr7,crossref:10.1017/cft.2023.13.pr7,Crossref,,,https://doi.org/10.1017/cft.2023.13.pr7,marine aggregates extraction coastal governance sustainability,2026-07-24T11:51:17.054123+00:00,Crossref open metadata
Review: The role of art in coastal and marine sustainability — R1/PR8,Unknown,2023,10.1017/cft.2023.13.pr8,crossref:10.1017/cft.2023.13.pr8,Crossref,,,https://doi.org/10.1017/cft.2023.13.pr8,marine aggregates extraction coastal governance sustainability,2026-07-24T11:51:17.054112+00:00,Crossref open metadata
Author comment: The role of art in coastal and marine sustainability — R0/PR1,Ana Matias,2022,10.1017/cft.2023.13.pr1,crossref:10.1017/cft.2023.13.pr1,Crossref,,,https://doi.org/10.1017/cft.2023.13.pr1,marine aggregates extraction coastal governance sustainability,2026-07-24T11:51:17.054170+00:00,Crossref open metadata
Marine Fisheries Act 2020 of Bangladesh: A Missed Opportunity for Sustainability and Collaborative Governance,"Abdullah Al Arif, Md Saiful Karim",2022,10.1163/15718085-bja10075,crossref:10.1163/15718085-bja10075,Crossref,,The International Journal of Marine and Coastal Law,https://doi.org/10.1163/15718085-bja10075,marine aggregates extraction coastal governance sustainability,2026-07-24T11:51:17.054099+00:00,Crossref open metadata
"Perspectives on building climate resilience via marine and coastal management from the governance frontline in Victoria, Australia",Anthony Boxshall,2022,10.1016/j.ocecoaman.2022.106291,crossref:10.1016/j.ocecoaman.2022.106291,Crossref,,Ocean &amp; Coastal Management,https://doi.org/10.1016/j.ocecoaman.2022.106291,marine aggregates extraction coastal governance sustainability,2026-07-24T11:51:17.054268+00:00,Crossref open metadata
Marine Fisheries Governance in China: Low-Efficacy Policies and Future Adjustments,"Lijun Wang, Tao Li",2021,10.1080/08920753.2021.1928454,crossref:10.1080/08920753.2021.1928454,Crossref,,Coastal Management,https://doi.org/10.1080/08920753.2021.1928454,marine aggregates extraction coastal governance sustainability,2026-07-24T11:51:17.054229+00:00,Crossref open metadata
Modeling to evaluate coastal governance in Brazil,"Marinez E.G. Scherer, Milton L. Asmus",2021,10.1016/j.marpol.2021.104501,crossref:10.1016/j.marpol.2021.104501,Crossref,,Marine Policy,https://doi.org/10.1016/j.marpol.2021.104501,marine aggregates extraction coastal governance sustainability,2026-07-24T11:51:17.054166+00:00,Crossref open metadata
Polycentricity and adaptive governance of transboundary marine socio-ecological systems,"Arthur Omondi Tuda, Salit Kark, Alice Newton",2021,10.1016/j.ocecoaman.2020.105412,crossref:10.1016/j.ocecoaman.2020.105412,Crossref,,Ocean &amp; Coastal Management,https://doi.org/10.1016/j.ocecoaman.2020.105412,marine aggregates extraction coastal governance sustainability,2026-07-24T11:51:17.054261+00:00,Crossref open metadata
Countermeasures for Marine Environmental Pollution Governance: An Ecological Civilization Perspective,"Xingmin Chen, Jianguo Zheng",2020,10.2112/si106-082.1,crossref:10.2112/si106-082.1,Crossref,,Journal of Coastal Research,https://doi.org/10.2112/si106-082.1,marine aggregates extraction coastal governance sustainability,2026-07-24T11:51:17.054251+00:00,Crossref open metadata
Ecological Evolution Governance of Marine Fishery Communities-Evolutionary Game Model-Based Analysis,Hong Wei,2020,10.2112/jcr-si107-076.1,crossref:10.2112/jcr-si107-076.1,Crossref,,Journal of Coastal Research,https://doi.org/10.2112/jcr-si107-076.1,marine aggregates extraction coastal governance sustainability,2026-07-24T11:51:17.054244+00:00,Crossref open metadata
Effects of Corporate Governance on R&amp;D Investment in Marine Technology Enterprises,Shanshan Gu,2020,10.2112/jcr-si110-040.1,crossref:10.2112/jcr-si110-040.1,Crossref,,Journal of Coastal Research,https://doi.org/10.2112/jcr-si110-040.1,marine aggregates extraction coastal governance sustainability,2026-07-24T11:51:17.054232+00:00,Crossref open metadata
Policy Formulation of The Marine Governance In The Coastal Southern Lebak Regency Banten Province,"Delly Maulana, Arif Nugroho",2020,10.14710/jil.18.3.565-571,crossref:10.14710/jil.18.3.565-571,Crossref,,Jurnal Ilmu Lingkungan,https://doi.org/10.14710/jil.18.3.565-571,marine aggregates extraction coastal governance sustainability,2026-07-24T11:51:17.054139+00:00,Crossref open metadata
Welfare economics and wicked problems in coastal and marine governance,Rolf A. Groeneveld,2020,10.1016/j.marpol.2020.103945,crossref:10.1016/j.marpol.2020.103945,Crossref,,Marine Policy,https://doi.org/10.1016/j.marpol.2020.103945,marine aggregates extraction coastal governance sustainability,2026-07-24T11:51:17.054116+00:00,Crossref open metadata
"Closing marine governance gaps? Sweden's marine spatial planning, the ecosystem approach to management and stakeholders' views",Mikael Karlsson,2019,10.1016/j.ocecoaman.2019.104833,crossref:10.1016/j.ocecoaman.2019.104833,Crossref,,Ocean &amp; Coastal Management,https://doi.org/10.1016/j.ocecoaman.2019.104833,marine aggregates extraction coastal governance sustainability,2026-07-24T11:51:17.054211+00:00,Crossref open metadata
Evolution of Marine Environmental Governance Policy in China,"Jinkai Yu, Wenjing Bi",2019,10.3390/su11185076,crossref:10.3390/su11185076,Crossref,,Sustainability,https://doi.org/10.3390/su11185076,marine aggregates extraction coastal governance sustainability,2026-07-24T11:51:17.054173+00:00,Crossref open metadata
Indicator-Based Sustainability Assessment Tool to Support Coastal and Marine Management,"Donalda Karnauskaitė, Gerald Schernewski, Josianne G. Støttrup, Marija Kataržytė",2019,10.3390/su11113175,crossref:10.3390/su11113175,Crossref,,Sustainability,https://doi.org/10.3390/su11113175,marine aggregates extraction coastal governance sustainability,2026-07-24T11:51:17.054238+00:00,Crossref open metadata
Advancing Security and Transparency for the Governance of Critical Raw Materials in Central Asia,Unknown,2026,10.1787/42a74a65-en,crossref:10.1787/42a74a65-en,Crossref,,,https://doi.org/10.1787/42a74a65-en,critical raw materials offshore extraction governance,2026-07-24T11:51:17.450882+00:00,Crossref open metadata
"Mining policy in Spain: Legislative evolution, governance challenges, and alignment with the European critical raw materials framework",Antonio Alonso-Jiménez,2026,10.1016/j.exis.2026.101964,crossref:10.1016/j.exis.2026.101964,Crossref,,The Extractive Industries and Society,https://doi.org/10.1016/j.exis.2026.101964,critical raw materials offshore extraction governance,2026-07-24T11:51:17.451038+00:00,Crossref open metadata
The Geoeconomics of Trade in Critical Raw Materials,Hakan Yilmazkuday,2026,10.2139/ssrn.6452059,crossref:10.2139/ssrn.6452059,Crossref,,,https://doi.org/10.2139/ssrn.6452059,critical raw materials offshore extraction governance,2026-07-24T11:51:17.451035+00:00,Crossref open metadata
Cutting-edge Global Technologies for Extraction and Processing of Critical and Strategic Raw Materials: A Review,"Yoan Hristov, Vessela Petrova",2025,10.55549/epstem.1152,crossref:10.55549/epstem.1152,Crossref,,"The Eurasia Proceedings of Science, Technology, Engineering and Mathematics",https://doi.org/10.55549/epstem.1152,critical raw materials offshore extraction governance,2026-07-24T11:51:17.451023+00:00,Crossref open metadata
Enrichment conditions of critical raw materials in sphalerite from VMS-type ore deposits – opportunities for more cost-effective and sustainable metal extraction,"Botond Gereczi, Gabriella B. Kiss, Viktor Bertrandsson Erlandsson, Vasilios Melfos",2025,10.7185/gold2025.27557,crossref:10.7185/gold2025.27557,Crossref,,Goldschmidt2025 abstracts,https://doi.org/10.7185/gold2025.27557,critical raw materials offshore extraction governance,2026-07-24T11:51:17.451010+00:00,Crossref open metadata
"Extraction of Critical Raw Materials from Geothermal Precipitates from Reykjanes, Iceland","Lea Krohn, Maren Brehme, Simona Regenspurg",2025,10.7185/gold2025.26778,crossref:10.7185/gold2025.26778,Crossref,,Goldschmidt2025 abstracts,https://doi.org/10.7185/gold2025.26778,critical raw materials offshore extraction governance,2026-07-24T11:51:17.450920+00:00,Crossref open metadata
Extraction of Critical Raw Materials from Waste Printed Circuit Boards Using Machine Learning and Computer Vision,"Muhammad Mohsin, Stefano Rovetta, Francesco Masulli, Alberto Cabri",2025,10.36227/techrxiv.174494586.62661948/v1,crossref:10.36227/techrxiv.174494586.62661948/v1,Crossref,,,https://doi.org/10.36227/techrxiv.174494586.62661948/v1,critical raw materials offshore extraction governance,2026-07-24T11:51:17.450942+00:00,Crossref open metadata
Extraction of Lattice-Bound Critical Raw Materials from Joma Mine Tailings Via Nano3-H2so4 Lixiviant System,"Nikita Malafeevskiy, Mustafa  K. Guner, Vladislav Slabov, Rune B. Larsen, Kurt Aasly",2025,10.2139/ssrn.5393021,crossref:10.2139/ssrn.5393021,Crossref,,,https://doi.org/10.2139/ssrn.5393021,critical raw materials offshore extraction governance,2026-07-24T11:51:17.450957+00:00,Crossref open metadata
Innovative Technologies for Waste Reduction in the Extraction and Processing of Critical Raw Materials,Vessela Petrova,2025,10.55549/epstem.1153,crossref:10.55549/epstem.1153,Crossref,,"The Eurasia Proceedings of Science, Technology, Engineering and Mathematics",https://doi.org/10.55549/epstem.1153,critical raw materials offshore extraction governance,2026-07-24T11:51:17.451006+00:00,Crossref open metadata
"The ESG Spectrum: Differentiated Market Reactions to Environmental, Social, and Governance Performance in the Critical Raw Materials Sector",Henry Onomakpo Onomakpo,2025,10.20944/preprints202506.2367.v1,crossref:10.20944/preprints202506.2367.v1,Crossref,,,https://doi.org/10.20944/preprints202506.2367.v1,critical raw materials offshore extraction governance,2026-07-24T11:51:17.450946+00:00,Crossref open metadata
From Critical Raw Materials to Circular Raw Materials,"Joost M. van Gaalen, J. Chris Slootweg",2024,10.1002/cssc.202401170,crossref:10.1002/cssc.202401170,Crossref,,ChemSusChem,https://doi.org/10.1002/cssc.202401170,critical raw materials offshore extraction governance,2026-07-24T11:51:17.451063+00:00,Crossref open metadata
Microbial Extraction of Critical Raw Materials (CRM) and Gold Recovery from outdated Printed Circuit Boards (PCBs),"Mahdi Amiribostanabad, Frank Haubrich, Jana Pinka, Mirko Martin",2024,10.34135/nbc.2101,crossref:10.34135/nbc.2101,Crossref,,Nova Biotechnologica et Chimica,https://doi.org/10.34135/nbc.2101,critical raw materials offshore extraction governance,2026-07-24T11:51:17.451078+00:00,Crossref open metadata
Unpacking the Critical Raw Materials Act,Ioannis Kampourakis,2024,10.59704/1094d5793279f771,crossref:10.59704/1094d5793279f771,Crossref,,,https://doi.org/10.59704/1094d5793279f771,critical raw materials offshore extraction governance,2026-07-24T11:51:17.450994+00:00,Crossref open metadata
Decarbonization and Critical Raw Materials,Andrew DeWit,2023,10.1007/978-981-99-4771-3_14,crossref:10.1007/978-981-99-4771-3_14,Crossref,,Governance for a Sustainable Future,https://doi.org/10.1007/978-981-99-4771-3_14,critical raw materials offshore extraction governance,2026-07-24T11:51:17.450938+00:00,Crossref open metadata
Environmental and social impacts of recycling critical raw materials,"Srabani Mishra, Sandeep Panda, Ata Akcil",2023,10.1201/9781003218920-6,crossref:10.1201/9781003218920-6,Crossref,,Critical Materials and Sustainability Transition,https://doi.org/10.1201/9781003218920-6,critical raw materials offshore extraction governance,2026-07-24T11:51:17.451071+00:00,Crossref open metadata
"Environmental, social, and economic implications of critical raw materials’ extraction from residues","Paola Altamura, Francesca Ceruti, Silvio Viglia, Antoine Beylot, Laura Cutaia",2023,10.1016/b978-0-323-95175-3.00005-2,crossref:10.1016/b978-0-323-95175-3.00005-2,Crossref,,Mining and Processing Residues,https://doi.org/10.1016/b978-0-323-95175-3.00005-2,critical raw materials offshore extraction governance,2026-07-24T11:51:17.450962+00:00,Crossref open metadata
Processing and extraction of critical raw materials from residues,"Olga Chernoburova, Alexandre Chagnes",2023,10.1016/b978-0-323-95175-3.00003-9,crossref:10.1016/b978-0-323-95175-3.00003-9,Crossref,,Mining and Processing Residues,https://doi.org/10.1016/b978-0-323-95175-3.00003-9,critical raw materials offshore extraction governance,2026-07-24T11:51:17.450928+00:00,Crossref open metadata
"Raw materials, or sacred beings? Lithium extraction puts two worldviews into tension",Mario Hernández,2023,10.64628/aai.g7vrffksk,crossref:10.64628/aai.g7vrffksk,Crossref,,,https://doi.org/10.64628/aai.g7vrffksk,critical raw materials offshore extraction governance,2026-07-24T11:51:17.451082+00:00,Crossref open metadata
Critical Raw Materials for the Energy Transition,Kathryn Goodenough,2022,10.46427/gold2022.12969,crossref:10.46427/gold2022.12969,Crossref,,Goldschmidt2022 abstracts,https://doi.org/10.46427/gold2022.12969,critical raw materials offshore extraction governance,2026-07-24T11:51:17.451031+00:00,Crossref open metadata
Critical Raw Materials,"Martin David, Stephen M. Lyth, Robert Lindner, George F. Harrington",2021,10.1007/978-3-030-76806-5_2,crossref:10.1007/978-3-030-76806-5_2,Crossref,,Future-Proofing Fuel Cells,https://doi.org/10.1007/978-3-030-76806-5_2,critical raw materials offshore extraction governance,2026-07-24T11:51:17.450849+00:00,Crossref open metadata
Critical Raw Materials in Polymer Electrolyte Fuel Cells,"Martin David, Stephen M. Lyth, Robert Lindner, George F. Harrington",2021,10.1007/978-3-030-76806-5_3,crossref:10.1007/978-3-030-76806-5_3,Crossref,,Future-Proofing Fuel Cells,https://doi.org/10.1007/978-3-030-76806-5_3,critical raw materials offshore extraction governance,2026-07-24T11:51:17.450916+00:00,Crossref open metadata
Critical Raw Materials in Solid Oxide Fuel Cells,"Martin David, Stephen M. Lyth, Robert Lindner, George F. Harrington",2021,10.1007/978-3-030-76806-5_4,crossref:10.1007/978-3-030-76806-5_4,Crossref,,Future-Proofing Fuel Cells,https://doi.org/10.1007/978-3-030-76806-5_4,critical raw materials offshore extraction governance,2026-07-24T11:51:17.450911+00:00,Crossref open metadata
"Research Problem on the Profitability of Mining Activities in DRC, Face to New Technologies: Critical Analysis of the Extraction Chain of Copper and Cobalt Deposits (From Raw Materials to Metal)","Jimmy Kalenga Kaunde Kasongo, Philippe Ancia, Herve Losaladjome Mboyo, Karel Nkale Bolengankoy",2021,10.21275/sr21515142647,crossref:10.21275/sr21515142647,Crossref,,International Journal of Science and Research (IJSR),https://doi.org/10.21275/sr21515142647,critical raw materials offshore extraction governance,2026-07-24T11:51:17.451067+00:00,Crossref open metadata
Technology Governance,"Martin David, Stephen M. Lyth, Robert Lindner, George F. Harrington",2021,10.1007/978-3-030-76806-5_5,crossref:10.1007/978-3-030-76806-5_5,Crossref,,Future-Proofing Fuel Cells,https://doi.org/10.1007/978-3-030-76806-5_5,critical raw materials offshore extraction governance,2026-07-24T11:51:17.451019+00:00,Crossref open metadata
The Case for Governance of Critical Raw Materials in Fuel Cell Research and Development,"Martin David, Stephen M. Lyth, Robert Lindner, George F. Harrington",2021,10.1007/978-3-030-76806-5_6,crossref:10.1007/978-3-030-76806-5_6,Crossref,,Future-Proofing Fuel Cells,https://doi.org/10.1007/978-3-030-76806-5_6,critical raw materials offshore extraction governance,2026-07-24T11:51:17.450855+00:00,Crossref open metadata
"The Role of Poland in the European Union Supply Chain of Raw Materials, Including Critical Raw Materials","Krzysztof Galos, Alicja Kot-Niewiadomska, Jarosław Kamyk",2021,10.3390/materproc2021005014,crossref:10.3390/materproc2021005014,Crossref,,International Conference on Raw Materials and Circular Economy,https://doi.org/10.3390/materproc2021005014,critical raw materials offshore extraction governance,2026-07-24T11:51:17.451015+00:00,Crossref open metadata
The Critical Raw Materials in Cutting Tools for Machining Applications: A Review,"Antonella Rizzo, Saurav Goel, Maria Luisa Grilli, Roberto Iglesias, Lucyna Jaworska, Vjaceslavs Lapkovskis, Pavel Novak, Bogdan O. Postolnyi, Daniele Valerini",2020,10.3390/ma13061377,crossref:10.3390/ma13061377,Crossref,,Materials,https://doi.org/10.3390/ma13061377,critical raw materials offshore extraction governance,2026-07-24T11:51:17.451028+00:00,Crossref open metadata
Valuing prior learning,"Florian Fahrenbach, Kate Revoredo, Flavia Maria Santoro",2019,10.1108/ejtd-05-2019-0070,crossref:10.1108/ejtd-05-2019-0070,Crossref,,European Journal of Training and Development,https://doi.org/10.1108/ejtd-05-2019-0070,seabed mining workforce skills competences training professional development,2026-07-24T11:51:17.963671+00:00,Crossref open metadata
217Chapter 10 Key Methods of Adaptation in Agentic AI System,"N. Ramshankar, A. Mosses, Robin Cyriac, K Manikandan",2026,10.1515/9783112223062-010,crossref:10.1515/9783112223062-010,Crossref,,Agentic Artificial Intelligence,https://doi.org/10.1515/9783112223062-010,seabed mining AI autonomous systems safety climate adaptation,2026-07-24T11:51:20.193773+00:00,Crossref open metadata
AI Governance as Safety Management: A Pre Execution Control Architecture for AI Safety and Autonomous Systems,Dr. Bryan McCaa,2026,10.2139/ssrn.6506258,crossref:10.2139/ssrn.6506258,Crossref,,SSRN Electronic Journal,https://doi.org/10.2139/ssrn.6506258,seabed mining AI autonomous systems safety climate adaptation,2026-07-24T11:51:20.193704+00:00,Crossref open metadata
AI-driven Machine Learning for Farmers’ Climate Change Adaptation Using the Multivariate Probit Model: Insights for Sustainable Resource Systems,Unknown,2026,10.18178/ijesd.2026.17.3.1581,crossref:10.18178/ijesd.2026.17.3.1581,Crossref,,International Journal of Environmental Science and Development,https://doi.org/10.18178/ijesd.2026.17.3.1581,seabed mining AI autonomous systems safety climate adaptation,2026-07-24T11:51:20.193751+00:00,Crossref open metadata
Autonomous Data Mining Systems for Real-Time Big Data Streams in Edge AI: A Comprehensive Survey,Unknown,2026,10.64388/irev9i12-1719005,crossref:10.64388/irev9i12-1719005,Crossref,,Iconic Research and Engineering Journals,https://doi.org/10.64388/irev9i12-1719005,seabed mining AI autonomous systems safety climate adaptation,2026-07-24T11:51:20.193907+00:00,Crossref open metadata
Emergent Ethical Behavior in Autonomous AI Agents Through Architectural Design Rather Than Constraint-Based Safety Systems,Carsten Hammerich,2026,10.2139/ssrn.6978718,crossref:10.2139/ssrn.6978718,Crossref,,,https://doi.org/10.2139/ssrn.6978718,seabed mining AI autonomous systems safety climate adaptation,2026-07-24T11:51:20.193754+00:00,Crossref open metadata
Human Interaction Influences the Adoption of Robotics and Autonomous Agentic AI Systems,Jennie Lee Khun,2026,10.4018/979-8-3373-7355-3.ch012,crossref:10.4018/979-8-3373-7355-3.ch012,Crossref,,Advances in Computational Intelligence and Robotics,https://doi.org/10.4018/979-8-3373-7355-3.ch012,seabed mining AI autonomous systems safety climate adaptation,2026-07-24T11:51:20.193801+00:00,Crossref open metadata
Legitimacy Stress-Testing AI–IoT Climate Adaptation: Contextual Validity and Incident Evaluation in Water Systems,Victor Frimpong,2026,10.20944/preprints202604.1005.v1,crossref:10.20944/preprints202604.1005.v1,Crossref,,,https://doi.org/10.20944/preprints202604.1005.v1,seabed mining AI autonomous systems safety climate adaptation,2026-07-24T11:51:20.193762+00:00,Crossref open metadata
"Multi-Agent AI Systems for Autonomous Hospital Operations: A Framework for Safety, Scalability, and Compliance",Arvind Telharkar,2026,10.2139/ssrn.6809018,crossref:10.2139/ssrn.6809018,Crossref,,,https://doi.org/10.2139/ssrn.6809018,seabed mining AI autonomous systems safety climate adaptation,2026-07-24T11:51:20.193747+00:00,Crossref open metadata
Safety Requirements for Mixed-Traffic Operation of Autonomous Haulage Systems in Surface Mining,"David Ede, Adam Pekarski, Moritz Ziegler, Elisabeth Clausen",2026,10.66356/iydb8339,crossref:10.66356/iydb8339,Crossref,,Mining Report,https://doi.org/10.66356/iydb8339,seabed mining AI autonomous systems safety climate adaptation,2026-07-24T11:51:20.193736+00:00,Crossref open metadata
AI Driven Biointegrated Control Systems for Enhancing Driver Safety and Personalized Vehicle Adaptation,"Raju Revappa, Seema Vasudevan, Jaideep Rukmangadan",2025,10.5220/0013888300004919,crossref:10.5220/0013888300004919,Crossref,,"Proceedings of the 1st International Conference on Research and Development in Information, Communication, and Computing Technologies",https://doi.org/10.5220/0013888300004919,seabed mining AI autonomous systems safety climate adaptation,2026-07-24T11:51:20.193744+00:00,Crossref open metadata
AI-Driven Safety Enhancements in Autonomous Vehicles,"Jabar H. Yousif, Mahmood Albahri, Wasin Alkishri, Denish K. Saini, Mohammed J. Yousif",2025,10.1201/9781003519423-11,crossref:10.1201/9781003519423-11,Crossref,,Artificial Intelligence for Autonomous Vehicles and Driver Assistance Systems,https://doi.org/10.1201/9781003519423-11,seabed mining AI autonomous systems safety climate adaptation,2026-07-24T11:51:20.193890+00:00,Crossref open metadata
Autonomous Building Envelope Systems: AI-Driven Optimization for Climate-Adaptive Facades and Energy Efficiency,Olaseni Oladehinde Iyiola,2025,10.55248/gengpi.6.0325.12177,crossref:10.55248/gengpi.6.0325.12177,Crossref,,International Journal of Research Publication and Reviews,https://doi.org/10.55248/gengpi.6.0325.12177,seabed mining AI autonomous systems safety climate adaptation,2026-07-24T11:51:20.193727+00:00,Crossref open metadata
"AUTONOMOUS ENGINEERING SYSTEMS WITH AI MODULES: ARCHITECTURE, ADAPTATION, AND CASE STUDIES",Sergey Aleksandrovich Lebedev,2025,10.32743/unitech.2025.141.12.21640,crossref:10.32743/unitech.2025.141.12.21640,Crossref,,Universum:Technical sciences,https://doi.org/10.32743/unitech.2025.141.12.21640,seabed mining AI autonomous systems safety climate adaptation,2026-07-24T11:51:20.193713+00:00,Crossref open metadata
Autonomous Vehicles,"Hemant Kumar Upadhyay, Rocky Kumar, Himanshi Sharma, Lokesh Kumar Shrivastav",2025,10.4018/979-8-3373-3146-1.ch006,crossref:10.4018/979-8-3373-3146-1.ch006,Crossref,,Advances in Computational Intelligence and Robotics,https://doi.org/10.4018/979-8-3373-3146-1.ch006,seabed mining AI autonomous systems safety climate adaptation,2026-07-24T11:51:20.193874+00:00,Crossref open metadata
External Interventions in Autonomous Adaptation,"Nisar Kannangara, Kalaiarasi Kandhan Sagunthala",2025,10.1007/978-981-96-5412-3_7,crossref:10.1007/978-981-96-5412-3_7,Crossref,,SpringerBriefs in Climate Studies,https://doi.org/10.1007/978-981-96-5412-3_7,seabed mining AI autonomous systems safety climate adaptation,2026-07-24T11:51:20.193740+00:00,Crossref open metadata
The Making of Autonomous Adaptation,"Nisar Kannangara, Kalaiarasi Kandhan Sagunthala",2025,10.1007/978-981-96-5412-3_1,crossref:10.1007/978-981-96-5412-3_1,Crossref,,SpringerBriefs in Climate Studies,https://doi.org/10.1007/978-981-96-5412-3_1,seabed mining AI autonomous systems safety climate adaptation,2026-07-24T11:51:20.193731+00:00,Crossref open metadata
Towards Continuous Adaptation of Ai Driven Autonomous Systems Through Model Switching,"Wilhelm Rosinski, Falk Langer, Lukas Schmitz",2025,10.1109/iotais67227.2025.11282133,crossref:10.1109/iotais67227.2025.11282133,Crossref,,2025 IEEE International Conference on Internet of Things and Intelligence Systems (IoTaIS),https://doi.org/10.1109/iotais67227.2025.11282133,seabed mining AI autonomous systems safety climate adaptation,2026-07-24T11:51:20.193797+00:00,Crossref open metadata
Landscape of AI Safety Concerns - A Methodology to Support Safety Assurance for AI-Based Autonomous Systems,"Ronald Schnitzer, Lennart Kilian, Simon Roessner, Konstantinos Theodorou, Sonja Zillner",2024,10.1109/icsrs63046.2024.10927556,crossref:10.1109/icsrs63046.2024.10927556,Crossref,,2024 8th International Conference on System Reliability and Safety (ICSRS),https://doi.org/10.1109/icsrs63046.2024.10927556,seabed mining AI autonomous systems safety climate adaptation,2026-07-24T11:51:20.193672+00:00,Crossref open metadata
Africa and seabed mining,Edwin Egede,2023,10.4324/9780429426162-22,crossref:10.4324/9780429426162-22,Crossref,,Routledge Handbook of Seabed Mining and the Law of the Sea,https://doi.org/10.4324/9780429426162-22,seabed mining AI autonomous systems safety climate adaptation,2026-07-24T11:51:20.193787+00:00,Crossref open metadata
Antarctica and seabed mining,Leopoldo M. A. Godio,2023,10.4324/9780429426162-23,crossref:10.4324/9780429426162-23,Crossref,,Routledge Handbook of Seabed Mining and the Law of the Sea,https://doi.org/10.4324/9780429426162-23,seabed mining AI autonomous systems safety climate adaptation,2026-07-24T11:51:20.193847+00:00,Crossref open metadata
Belgium and seabed mining,"Klaas Willaert, Frank Maes",2023,10.4324/9780429426162-30,crossref:10.4324/9780429426162-30,Crossref,,Routledge Handbook of Seabed Mining and the Law of the Sea,https://doi.org/10.4324/9780429426162-30,seabed mining AI autonomous systems safety climate adaptation,2026-07-24T11:51:20.193841+00:00,Crossref open metadata
Colombia and seabed mining,Esteban Restrepo Uribe,2023,10.4324/9780429426162-32,crossref:10.4324/9780429426162-32,Crossref,,Routledge Handbook of Seabed Mining and the Law of the Sea,https://doi.org/10.4324/9780429426162-32,seabed mining AI autonomous systems safety climate adaptation,2026-07-24T11:51:20.193804+00:00,Crossref open metadata
Côte d'Ivoire and seabed mining,Yacouba Cissé,2023,10.4324/9780429426162-33,crossref:10.4324/9780429426162-33,Crossref,,Routledge Handbook of Seabed Mining and the Law of the Sea,https://doi.org/10.4324/9780429426162-33,seabed mining AI autonomous systems safety climate adaptation,2026-07-24T11:51:20.193808+00:00,Crossref open metadata
Dispute settlement and seabed mining in the Area,Tullio Treves,2023,10.4324/9780429426162-17,crossref:10.4324/9780429426162-17,Crossref,,Routledge Handbook of Seabed Mining and the Law of the Sea,https://doi.org/10.4324/9780429426162-17,seabed mining AI autonomous systems safety climate adaptation,2026-07-24T11:51:20.193904+00:00,Crossref open metadata
Germany and seabed mining,Nele Matz-Lück,2023,10.4324/9780429426162-34,crossref:10.4324/9780429426162-34,Crossref,,Routledge Handbook of Seabed Mining and the Law of the Sea,https://doi.org/10.4324/9780429426162-34,seabed mining AI autonomous systems safety climate adaptation,2026-07-24T11:51:20.193815+00:00,Crossref open metadata
Guyana and seabed mining,"Buba Bojang, Donnette Streete",2023,10.4324/9780429426162-35,crossref:10.4324/9780429426162-35,Crossref,,Routledge Handbook of Seabed Mining and the Law of the Sea,https://doi.org/10.4324/9780429426162-35,seabed mining AI autonomous systems safety climate adaptation,2026-07-24T11:51:20.193897+00:00,Crossref open metadata
Iceland and seabed mining,Bjarni Már Magnússon,2023,10.4324/9780429426162-36,crossref:10.4324/9780429426162-36,Crossref,,Routledge Handbook of Seabed Mining and the Law of the Sea,https://doi.org/10.4324/9780429426162-36,seabed mining AI autonomous systems safety climate adaptation,2026-07-24T11:51:20.193825+00:00,Crossref open metadata
India and seabed mining,Ipshita Chaturvedi Sadhale,2023,10.4324/9780429426162-37,crossref:10.4324/9780429426162-37,Crossref,,Routledge Handbook of Seabed Mining and the Law of the Sea,https://doi.org/10.4324/9780429426162-37,seabed mining AI autonomous systems safety climate adaptation,2026-07-24T11:51:20.193821+00:00,Crossref open metadata
Korea and seabed mining,Hyun Jung Kim,2023,10.4324/9780429426162-38,crossref:10.4324/9780429426162-38,Crossref,,Routledge Handbook of Seabed Mining and the Law of the Sea,https://doi.org/10.4324/9780429426162-38,seabed mining AI autonomous systems safety climate adaptation,2026-07-24T11:51:20.193811+00:00,Crossref open metadata
Mauritius and seabed mining,Edwin Egede,2023,10.4324/9780429426162-39,crossref:10.4324/9780429426162-39,Crossref,,Routledge Handbook of Seabed Mining and the Law of the Sea,https://doi.org/10.4324/9780429426162-39,seabed mining AI autonomous systems safety climate adaptation,2026-07-24T11:51:20.193780+00:00,Crossref open metadata
Mozambique and seabed mining,Estevão Stefane Mahanjane,2023,10.4324/9780429426162-40,crossref:10.4324/9780429426162-40,Crossref,,Routledge Handbook of Seabed Mining and the Law of the Sea,https://doi.org/10.4324/9780429426162-40,seabed mining AI autonomous systems safety climate adaptation,2026-07-24T11:51:20.193790+00:00,Crossref open metadata
New Zealand and seabed mining,"Robert Makgill, Elizabeth Macpherson",2023,10.4324/9780429426162-41,crossref:10.4324/9780429426162-41,Crossref,,Routledge Handbook of Seabed Mining and the Law of the Sea,https://doi.org/10.4324/9780429426162-41,seabed mining AI autonomous systems safety climate adaptation,2026-07-24T11:51:20.193851+00:00,Crossref open metadata
Portugal and seabed mining,"Mariana Neves, Pedro Madureira",2023,10.4324/9780429426162-42,crossref:10.4324/9780429426162-42,Crossref,,Routledge Handbook of Seabed Mining and the Law of the Sea,https://doi.org/10.4324/9780429426162-42,seabed mining AI autonomous systems safety climate adaptation,2026-07-24T11:51:20.193835+00:00,Crossref open metadata
Seabed mining to advance despite climate risks,Unknown,2023,10.1108/oxan-db283126,crossref:10.1108/oxan-db283126,Crossref,,Emerald Expert Briefings,https://doi.org/10.1108/oxan-db283126,seabed mining AI autonomous systems safety climate adaptation,2026-07-24T11:51:20.193709+00:00,Crossref open metadata
South American region and seabed mining,Eduardo Jiménez Pineda,2023,10.4324/9780429426162-27,crossref:10.4324/9780429426162-27,Crossref,,Routledge Handbook of Seabed Mining and the Law of the Sea,https://doi.org/10.4324/9780429426162-27,seabed mining AI autonomous systems safety climate adaptation,2026-07-24T11:51:20.193900+00:00,Crossref open metadata
Southeast Asia and seabed mining,Tara Davenport,2023,10.4324/9780429426162-28,crossref:10.4324/9780429426162-28,Crossref,,Routledge Handbook of Seabed Mining and the Law of the Sea,https://doi.org/10.4324/9780429426162-28,seabed mining AI autonomous systems safety climate adaptation,2026-07-24T11:51:20.193783+00:00,Crossref open metadata
The Pacific Islands region and seabed mining,Cameron Diver,2023,10.4324/9780429426162-26,crossref:10.4324/9780429426162-26,Crossref,,Routledge Handbook of Seabed Mining and the Law of the Sea,https://doi.org/10.4324/9780429426162-26,seabed mining AI autonomous systems safety climate adaptation,2026-07-24T11:51:20.193882+00:00,Crossref open metadata
The United Kingdom and seabed mining,James Harrison,2023,10.4324/9780429426162-43,crossref:10.4324/9780429426162-43,Crossref,,Routledge Handbook of Seabed Mining and the Law of the Sea,https://doi.org/10.4324/9780429426162-43,seabed mining AI autonomous systems safety climate adaptation,2026-07-24T11:51:20.193832+00:00,Crossref open metadata
A systematic review of human-AI interaction in autonomous ship systems,"Erik Veitch, Ole Andreas Alsos",2022,10.1016/j.ssci.2022.105778,crossref:10.1016/j.ssci.2022.105778,Crossref,,Safety Science,https://doi.org/10.1016/j.ssci.2022.105778,seabed mining AI autonomous systems safety climate adaptation,2026-07-24T11:51:20.193769+00:00,Crossref open metadata
Editorial: Safety in Collaborative Robotics and Autonomous Systems,"Ashwin Dani, Zhen Kan, Rushikesh Kamalapurkar, Nicholas Gans",2022,10.3389/frobt.2022.949214,crossref:10.3389/frobt.2022.949214,Crossref,,Frontiers in Robotics and AI,https://doi.org/10.3389/frobt.2022.949214,seabed mining AI autonomous systems safety climate adaptation,2026-07-24T11:51:20.193855+00:00,Crossref open metadata
AI in Autonomous Vehicles: Safety and Regulation,Pushkar Mehendale,2020,10.21275/sr24810083031,crossref:10.21275/sr24810083031,Crossref,,International Journal of Science and Research (IJSR),https://doi.org/10.21275/sr24810083031,seabed mining AI autonomous systems safety climate adaptation,2026-07-24T11:51:20.193818+00:00,Crossref open metadata
Building the Just Transition and Circular Economy Future,"Alicia Phillips, Laura Kaschny",2026,10.1007/978-3-032-18342-2_9,crossref:10.1007/978-3-032-18342-2_9,Crossref,,Just Transitions,https://doi.org/10.1007/978-3-032-18342-2_9,critical raw materials just transition marine governance blue economy labour,2026-07-24T11:51:20.593057+00:00,Crossref open metadata
Enabling a just transition for Japanese automotive parts SMEs,Unknown,2026,10.54394/udjt2567,crossref:10.54394/udjt2567,Crossref,,,https://doi.org/10.54394/udjt2567,critical raw materials just transition marine governance blue economy labour,2026-07-24T11:51:20.592982+00:00,Crossref open metadata
Incentivising Circular Economy Strategies Towards a Just Transition,"Alicia Phillips, Laura Kaschny",2026,10.1007/978-3-032-18342-2_1,crossref:10.1007/978-3-032-18342-2_1,Crossref,,Just Transitions,https://doi.org/10.1007/978-3-032-18342-2_1,critical raw materials just transition marine governance blue economy labour,2026-07-24T11:51:20.593035+00:00,Crossref open metadata
"Living within Limits: Circular Tourism as Moral Practice toward Blue Economy Transition in Con Dao Island, Vietnam",Tuyen Tran,2026,10.3727/216901926x17834911658948,crossref:10.3727/216901926x17834911658948,Crossref,,Tourism in Marine Environments,https://doi.org/10.3727/216901926x17834911658948,critical raw materials just transition marine governance blue economy labour,2026-07-24T11:51:20.593060+00:00,Crossref open metadata
A just transition with and for youth,Unknown,2025,10.54394/utzr7681,crossref:10.54394/utzr7681,Crossref,,,https://doi.org/10.54394/utzr7681,critical raw materials just transition marine governance blue economy labour,2026-07-24T11:51:20.592997+00:00,Crossref open metadata
Guidelines on green employment diagnostics for a just transition,Unknown,2025,10.54394/yvyn6180,crossref:10.54394/yvyn6180,Crossref,,,https://doi.org/10.54394/yvyn6180,critical raw materials just transition marine governance blue economy labour,2026-07-24T11:51:20.593103+00:00,Crossref open metadata
"Shipping regulations at a turning point - dismantling ships as contribution to a blue economy, net zero and raw materials security",Raimund Bleischwitz,2025,10.5194/oos2025-508,crossref:10.5194/oos2025-508,Crossref,,,https://doi.org/10.5194/oos2025-508,critical raw materials just transition marine governance blue economy labour,2026-07-24T11:51:20.593070+00:00,Crossref open metadata
The limits of just transition to a green and caring economy,Steven Tufts,2025,10.4337/9781785363405.00055,crossref:10.4337/9781785363405.00055,Crossref,,Handbook of Labour Geography,https://doi.org/10.4337/9781785363405.00055,critical raw materials just transition marine governance blue economy labour,2026-07-24T11:51:20.592927+00:00,Crossref open metadata
A Just Transition for Labour: The Challenges of Moves to a Circular Economy,"Peter Fairbrother, Marcus Banks",2024,10.7202/1109482ar,crossref:10.7202/1109482ar,Crossref,,Relations industrielles / Industrial Relations,https://doi.org/10.7202/1109482ar,critical raw materials just transition marine governance blue economy labour,2026-07-24T11:51:20.593046+00:00,Crossref open metadata
Carbon markets and their implications for a just transition for all,Unknown,2024,10.54394/ryip6876,crossref:10.54394/ryip6876,Crossref,,,https://doi.org/10.54394/ryip6876,critical raw materials just transition marine governance blue economy labour,2026-07-24T11:51:20.593064+00:00,Crossref open metadata
Critical Raw Materials in the Clean Energy Transition,"Etem Karakaya, Sedat Alatas, Burcu Hicyılmaz",2024,10.5040/9798216430414.ch-001,crossref:10.5040/9798216430414.ch-001,Crossref,,Sustainable Energy Development,https://doi.org/10.5040/9798216430414.ch-001,critical raw materials just transition marine governance blue economy labour,2026-07-24T11:51:20.592990+00:00,Crossref open metadata
The just energy transition ignores labour outside the formal economy. So is it just?,Diana Vela-Almeida,2024,10.64628/aaj.ecx57pyy4,crossref:10.64628/aaj.ecx57pyy4,Crossref,,,https://doi.org/10.64628/aaj.ecx57pyy4,critical raw materials just transition marine governance blue economy labour,2026-07-24T11:51:20.592902+00:00,Crossref open metadata
The Unbearable Lightness of Critical Minerals Governance: Legitimizing Extraction for a Just and Sustainable Energy Transition,"Craig Johnson, Susan Park, Teresa Kramarz",2024,10.2139/ssrn.4830318,crossref:10.2139/ssrn.4830318,Crossref,,,https://doi.org/10.2139/ssrn.4830318,critical raw materials just transition marine governance blue economy labour,2026-07-24T11:51:20.592974+00:00,Crossref open metadata
What is the GJAM and what is it used for?,Unknown,2024,10.54394/evgm8460,crossref:10.54394/evgm8460,Crossref,,,https://doi.org/10.54394/evgm8460,critical raw materials just transition marine governance blue economy labour,2026-07-24T11:51:20.593074+00:00,Crossref open metadata
Blue economy and blue carbon materials applications in various fields with respect to marine algae,"M.P. Sudhakar, Kulanthaiyesu Arunkumar, G. Dharani, R. Kirubagaran",2023,10.1016/b978-0-443-18816-9.00008-3,crossref:10.1016/b978-0-443-18816-9.00008-3,Crossref,,Algae Materials,https://doi.org/10.1016/b978-0-443-18816-9.00008-3,critical raw materials just transition marine governance blue economy labour,2026-07-24T11:51:20.593078+00:00,Crossref open metadata
Breaking Blue: Establishing comprehensive policy for a just and inclusive transition for the Blue Economy,"Stephen Axon, Sammy Collier",2023,10.1016/j.marpol.2022.105343,crossref:10.1016/j.marpol.2022.105343,Crossref,,Marine Policy,https://doi.org/10.1016/j.marpol.2022.105343,critical raw materials just transition marine governance blue economy labour,2026-07-24T11:51:20.592873+00:00,Crossref open metadata
A Critical Review on Evaluation of the Marine Resources Mining versus the Land-Based Ones for REE,Konstantinos Papavasileiou,2022,10.3390/materproc2021005112,crossref:10.3390/materproc2021005112,Crossref,,International Conference on Raw Materials and Circular Economy,https://doi.org/10.3390/materproc2021005112,critical raw materials just transition marine governance blue economy labour,2026-07-24T11:51:20.592931+00:00,Crossref open metadata
Introduction: The Just Transition to a Low-Carbon Economy,Raphael J Heffron,2021,10.1007/978-3-030-89460-3_1,crossref:10.1007/978-3-030-89460-3_1,Crossref,,Achieving a Just Transition to a Low-Carbon Economy,https://doi.org/10.1007/978-3-030-89460-3_1,critical raw materials just transition marine governance blue economy labour,2026-07-24T11:51:20.593019+00:00,Crossref open metadata
Zero carbon as economic restructuring: spatial divisions of labour and just transition,"Aidan While, Will Eadson",2021,10.1080/13563467.2021.1967909,crossref:10.1080/13563467.2021.1967909,Crossref,,New Political Economy,https://doi.org/10.1080/13563467.2021.1967909,critical raw materials just transition marine governance blue economy labour,2026-07-24T11:51:20.592970+00:00,Crossref open metadata
EXPLOITING THE COHERENCE OF SEABED SCATTERING FOR REPEAT-PASS SAS MICRO-NAVIGATION,"AJ HUNTER, S DUGELAY",2023,10.25144/15970,crossref:10.25144/15970,Crossref,,SEABED AND SEDIMENT ACOUSTICS 2015,https://doi.org/10.25144/15970,seabed extraction EQF qualification framework micro-credential learning outcomes,2026-07-24T11:51:22.510102+00:00,Crossref open metadata
Verification of Plane Section Hypothesis for Precast Ceramsite Concrete Base Plate Using Non-Contact Measurement,常达 郭,2026,10.12677/hjce.2026.154094,crossref:10.12677/hjce.2026.154094,Crossref,,Hans Journal of Civil Engineering,https://doi.org/10.12677/hjce.2026.154094,non-living res. maritimisation marinization oceanisation hydrosocial de-base-re hypothesis verification indicators,2026-07-24T11:51:22.900480+00:00,Crossref open metadata
The Lambda Continuity Hypothesis - Toward a Unified Phase Model of Structuring Behaviour Across Living and Non-Living Systems,Aldo Cernuto,2025,10.31219/osf.io/hc6vf_v1,crossref:10.31219/osf.io/hc6vf_v1,Crossref,,,https://doi.org/10.31219/osf.io/hc6vf_v1,non-living res. maritimisation marinization oceanisation hydrosocial de-base-re hypothesis verification indicators,2026-07-24T11:51:22.900416+00:00,Crossref open metadata
Emerging Technologies in Nuclear Non-Proliferation Verification,Damilola Bartholomew Sholademi,2024,10.55248/gengpi.5.1024.2726,crossref:10.55248/gengpi.5.1024.2726,Crossref,,International Journal of Research Publication and Reviews,https://doi.org/10.55248/gengpi.5.1024.2726,non-living res. maritimisation marinization oceanisation hydrosocial de-base-re hypothesis verification indicators,2026-07-24T11:51:22.900518+00:00,Crossref open metadata
Transition from Non-living to living Matter: can integration of MuGeRo hypothesis and synthetic prebiotic biology laboratory approach shed light on the origin of Life?,Rosanna del Gaudio,2024,10.5194/epsc2021-347,crossref:10.5194/epsc2021-347,Crossref,,,https://doi.org/10.5194/epsc2021-347,non-living res. maritimisation marinization oceanisation hydrosocial de-base-re hypothesis verification indicators,2026-07-24T11:51:22.900445+00:00,Crossref open metadata
“D-Cell Hypothesis of Schizophrenia” Leading to Develop Non-D2 Receptor-Binding Antipsychotics,Unknown,2023,10.33140/abbsr.06.11.01,crossref:10.33140/abbsr.06.11.01,Crossref,,Advances in Bioengineering and Biomedical Science Research,https://doi.org/10.33140/abbsr.06.11.01,non-living res. maritimisation marinization oceanisation hydrosocial de-base-re hypothesis verification indicators,2026-07-24T11:51:22.900593+00:00,Crossref open metadata
Molecular Crosstalk Between Vitamin D and Non-alcoholic Fatty Liver Disease,Subendu Sarkar,2023,10.14218/erhm.2023.00019,crossref:10.14218/erhm.2023.00019,Crossref,,Exploratory Research and Hypothesis in Medicine,https://doi.org/10.14218/erhm.2023.00019,non-living res. maritimisation marinization oceanisation hydrosocial de-base-re hypothesis verification indicators,2026-07-24T11:51:22.900582+00:00,Crossref open metadata
Basic concepts and terms in translation,Lynne Bowker,2023,10.4324/9781003217718-2,crossref:10.4324/9781003217718-2,Crossref,,De-mystifying Translation,https://doi.org/10.4324/9781003217718-2,non-living res. qmbd axis translation marine maritime oceanic hydronization theory terms taxonomy mapping,2026-07-24T11:51:23.271420+00:00,Crossref open metadata
"Words, terms, and lexical resources",Lynne Bowker,2023,10.4324/9781003217718-5,crossref:10.4324/9781003217718-5,Crossref,,De-mystifying Translation,https://doi.org/10.4324/9781003217718-5,non-living res. qmbd axis translation marine maritime oceanic hydronization theory terms taxonomy mapping,2026-07-24T11:51:23.271503+00:00,Crossref open metadata
A Review of Methods for Hydro-Acoustic Analysis of Non-Cavitating Marine Propellers,Unknown,2019,10.3940/rina.ijme.2019.a3.515,crossref:10.3940/rina.ijme.2019.a3.515,Crossref,,International Journal of Maritime Engineering,https://doi.org/10.3940/rina.ijme.2019.a3.515,non-living res. qmbd axis translation marine maritime oceanic hydronization theory terms taxonomy mapping,2026-07-24T11:51:23.271624+00:00,Crossref open metadata
Marine Spatial Planning-Based Siting Methodology for Co-Located Offshore Wind and Wave Energy,"Emily Cullen, Breiffni Fitzgerald",2026,10.3390/en19071746,crossref:10.3390/en19071746,Crossref,,Energies,https://doi.org/10.3390/en19071746,offshore wind energy marine spatial planning governance,2026-07-24T11:51:23.757355+00:00,Crossref open metadata
Strengthening Ireland's offshore wind policy: A review of international practices in offshore wind governance,"Amiya Pandit, Fulya Islek, Abdollah Malekjafarian, Md Salauddin, Michael O'Shea",2026,10.1016/j.esr.2026.102275,crossref:10.1016/j.esr.2026.102275,Crossref,,Energy Strategy Reviews,https://doi.org/10.1016/j.esr.2026.102275,offshore wind energy marine spatial planning governance,2026-07-24T11:51:23.757443+00:00,Crossref open metadata
"Decision letter for ""Fishing, offshore wind energy, climate change and marine spatial planning: Is it possible to plan for a best use of space?""",Unknown,2025,10.1002/2688-8319.70039/v2/decision1,crossref:10.1002/2688-8319.70039/v2/decision1,Crossref,,,https://doi.org/10.1002/2688-8319.70039/v2/decision1,offshore wind energy marine spatial planning governance,2026-07-24T11:51:23.757385+00:00,Crossref open metadata
Quiet power: How security interests shape offshore wind and marine spatial planning in Sweden,"Karina Barquet, Frans Sjölander",2025,10.1016/j.erss.2025.104451,crossref:10.1016/j.erss.2025.104451,Crossref,,Energy Research &amp; Social Science,https://doi.org/10.1016/j.erss.2025.104451,offshore wind energy marine spatial planning governance,2026-07-24T11:51:23.757434+00:00,Crossref open metadata
"Review for ""Fishing, offshore wind energy, climate change and marine spatial planning: Is it possible to plan for a best use of space?""",Unknown,2025,10.1002/2688-8319.70039/v2/review1,crossref:10.1002/2688-8319.70039/v2/review1,Crossref,,,https://doi.org/10.1002/2688-8319.70039/v2/review1,offshore wind energy marine spatial planning governance,2026-07-24T11:51:23.757333+00:00,Crossref open metadata
The French public debates on maritime spatial planning: an innovative public consultation to disseminate knowledge on offshore wind energy and marine biodiversity?,"Catherine Boemare, Adeline Bas, Yoann Baulaz, Heloise Guillaumin, Sophie Leonardi, Alain Nadai",2025,10.5194/oos2025-754,crossref:10.5194/oos2025-754,Crossref,,,https://doi.org/10.5194/oos2025-754,offshore wind energy marine spatial planning governance,2026-07-24T11:51:23.757439+00:00,Crossref open metadata
"Biodiversity, renewable energy and maritime spatial planning in Europe: should offshore wind farms be located in marine protected areas?",PJ Stephenson,2024,10.1017/s0030605324000887,crossref:10.1017/s0030605324000887,Crossref,,Oryx,https://doi.org/10.1017/s0030605324000887,offshore wind energy marine spatial planning governance,2026-07-24T11:51:23.757408+00:00,Crossref open metadata
Evaluation of maritime spatial planning for offshore wind energy in the Canary Islands: A comparative analysis,"M. Martín-Betancor, J. Osorio, A. Ruiz-García, I. Nuez",2024,10.1016/j.marpol.2024.106046,crossref:10.1016/j.marpol.2024.106046,Crossref,,Marine Policy,https://doi.org/10.1016/j.marpol.2024.106046,offshore wind energy marine spatial planning governance,2026-07-24T11:51:23.757420+00:00,Crossref open metadata
Evaluation of offshore wind energy zones within marine spatial planning: A case study in the Spanish Mediterranean Sea,"A. Martinez, G. Iglesias",2024,10.1016/j.egyr.2024.03.018,crossref:10.1016/j.egyr.2024.03.018,Crossref,,Energy Reports,https://doi.org/10.1016/j.egyr.2024.03.018,offshore wind energy marine spatial planning governance,2026-07-24T11:51:23.757382+00:00,Crossref open metadata
Marine Spatial Planning for Offshore Wind Firms-A Comparison of Global Existing Policies and Data,"Yi-Che Shih, Chun-Pei Liao, Chun-Yi Li, Cheng-Yu Hu",2024,10.2139/ssrn.5065854,crossref:10.2139/ssrn.5065854,Crossref,,,https://doi.org/10.2139/ssrn.5065854,offshore wind energy marine spatial planning governance,2026-07-24T11:51:23.757507+00:00,Crossref open metadata
Maritime spatial planning and offshore wind energy,Anne Marie O’Hagan,2024,10.4337/9781800886278.00011,crossref:10.4337/9781800886278.00011,Crossref,,Offshore Wind Licensing,https://doi.org/10.4337/9781800886278.00011,offshore wind energy marine spatial planning governance,2026-07-24T11:51:23.757325+00:00,Crossref open metadata
Marine Spatial Planning and Offshore Renewable Energy Activities,Dawoon Jung,2023,10.1163/9789004508750_008,crossref:10.1163/9789004508750_008,Crossref,,The 1982 Law of the Sea Convention and the Regulation of Offshore Renewable Energy Activities within National Jurisdiction,https://doi.org/10.1163/9789004508750_008,offshore wind energy marine spatial planning governance,2026-07-24T11:51:23.757495+00:00,Crossref open metadata
Marine spatial planning and offshore wind: preliminary principles for Australia,Madeline Taylor,2023,10.4337/relp.2022.02-03.02,crossref:10.4337/relp.2022.02-03.02,Crossref,,Renewable Energy Law and Policy Review,https://doi.org/10.4337/relp.2022.02-03.02,offshore wind energy marine spatial planning governance,2026-07-24T11:51:23.757362+00:00,Crossref open metadata
Marine spatial planning identifies solutions for offshore wind farms at fishery and environment in Taiwan territorial waters,Victor Te Cheng Liao,2023,10.1177/0958305x231194720,crossref:10.1177/0958305x231194720,Crossref,,Energy &amp; Environment,https://doi.org/10.1177/0958305x231194720,offshore wind energy marine spatial planning governance,2026-07-24T11:51:23.757423+00:00,Crossref open metadata
Norwegian offshore wind power—Spatial planning using multi‐criteria decision analysis,"Ida Marie Solbrekke, Asgeir Sorteberg",2023,10.1002/we.2871,crossref:10.1002/we.2871,Crossref,,Wind Energy,https://doi.org/10.1002/we.2871,offshore wind energy marine spatial planning governance,2026-07-24T11:51:23.757503+00:00,Crossref open metadata
"Review for ""Norwegian offshore wind power-Spatial planning using multi-criteria decision analysis""",Unknown,2023,10.1002/we.2871/v1/review2,crossref:10.1002/we.2871/v1/review2,Crossref,,,https://doi.org/10.1002/we.2871/v1/review2,offshore wind energy marine spatial planning governance,2026-07-24T11:51:23.757510+00:00,Crossref open metadata
The performance of marine spatial planning in coordinating offshore wind energy with other sea-uses: The case of the Dutch North Sea,"R.C. Spijkerboer, C. Zuidema, T. Busscher, J. Arts",2020,10.1016/j.marpol.2020.103860,crossref:10.1016/j.marpol.2020.103860,Crossref,,Marine Policy,https://doi.org/10.1016/j.marpol.2020.103860,offshore wind energy marine spatial planning governance,2026-07-24T11:51:23.757404+00:00,Crossref open metadata
Stakeholder Perspectives on the Value of Marine Spatial Planning Towards Advancing Offshore Wind in the U.S.,"Kendra Ryan, Alison Bates, Morgan Gopnik, Andy Danylchuk, Adrian Jordaan",2019,10.1080/08920753.2019.1596675,crossref:10.1080/08920753.2019.1596675,Crossref,,Coastal Management,https://doi.org/10.1080/08920753.2019.1596675,offshore wind energy marine spatial planning governance,2026-07-24T11:51:23.757499+00:00,Crossref open metadata
A Scoping Review of Energy Consumption and Sustainability Benefits in Renewable Energy Applications,"Sofian Lusa, Aghnia Nadhira Aliya Putri, Myrza Rahmanita, Rahmat Inkadijaya",2026,10.17323/fstig.2026.30069,crossref:10.17323/fstig.2026.30069,Crossref,,Foresight and STI Governance,https://doi.org/10.17323/fstig.2026.30069,ocean renewable energy governance sustainability,2026-07-24T11:51:24.454816+00:00,Crossref open metadata
"Green Governance and Energy Transition: A Quantile-on-Quantile Analysis of Renewable Energy, Policy, and Innovation Effects on Carbon Emissions","Fatma Türüç-Seraj, Ata Pervar, Süheyla Üçışık-Erbilen, Mehdi Seraj",2026,10.3390/su18021127,crossref:10.3390/su18021127,Crossref,,Sustainability,https://doi.org/10.3390/su18021127,ocean renewable energy governance sustainability,2026-07-24T11:51:24.454850+00:00,Crossref open metadata
631.4 The place of marine renewable energy in the ocean economy,Rabia M’Rabet Temsamani,2025,10.1515/9783111195544-006,crossref:10.1515/9783111195544-006,Crossref,,De Gruyter Handbook of Ocean Governance and Maritime Affairs,https://doi.org/10.1515/9783111195544-006,ocean renewable energy governance sustainability,2026-07-24T11:51:24.454808+00:00,Crossref open metadata
Current Status of Development and Application of Ocean Renewable Energy Technology,"Xing Su, Jinmao Chen, Liqian Yuan, Wanli Xu, Chunhua Xiong, Xudong Wang",2025,10.3390/su17125648,crossref:10.3390/su17125648,Crossref,,Sustainability,https://doi.org/10.3390/su17125648,ocean renewable energy governance sustainability,2026-07-24T11:51:24.454829+00:00,Crossref open metadata
"Enhancing environmental, social, and governance performance through artificial intelligence supply chains in the energy industry: Roles of innovation, collaboration, and proactive sustainability strategy","Shaofeng Wang, Hao Zhang",2025,10.1016/j.renene.2025.122855,crossref:10.1016/j.renene.2025.122855,Crossref,,Renewable Energy,https://doi.org/10.1016/j.renene.2025.122855,ocean renewable energy governance sustainability,2026-07-24T11:51:24.454793+00:00,Crossref open metadata
Policies with potential: inclusive governance for a just energy transition in Alaska,Jeffrey J. Brooks,2025,10.1016/j.erss.2025.104259,crossref:10.1016/j.erss.2025.104259,Crossref,,Energy Research &amp; Social Science,https://doi.org/10.1016/j.erss.2025.104259,ocean renewable energy governance sustainability,2026-07-24T11:51:24.454950+00:00,Crossref open metadata
"Renewable Energy Subsidy Shocks, Energy Governance Structures and Renewable Energy Adoption: A Global Panel Analysis",Unknown,2025,10.20508/ijrer.v15i2.16500.g9064,crossref:10.20508/ijrer.v15i2.16500.g9064,Crossref,,International Journal of Renewable Energy Research,https://doi.org/10.20508/ijrer.v15i2.16500.g9064,ocean renewable energy governance sustainability,2026-07-24T11:51:24.454902+00:00,Crossref open metadata
SDG 7: Affordable and Clean Energy—Renewable Energy Technologies,Wasswa Shafik,2025,10.1007/978-981-96-7299-8_9,crossref:10.1007/978-981-96-7299-8_9,Crossref,,"Approaches to Global Sustainability, Markets, and Governance",https://doi.org/10.1007/978-981-96-7299-8_9,ocean renewable energy governance sustainability,2026-07-24T11:51:24.454878+00:00,Crossref open metadata
The Invention of Vacuum Insulated Wallpaper (VIW) for Energy Savings and Net-Zero Energy Sustainability Goals,Saim Memon,2025,10.1007/978-3-031-93887-0_3,crossref:10.1007/978-3-031-93887-0_3,Crossref,,Springer Proceedings in Earth and Environmental Sciences,https://doi.org/10.1007/978-3-031-93887-0_3,ocean renewable energy governance sustainability,2026-07-24T11:51:24.454803+00:00,Crossref open metadata
Transforming Packaging Sustainability: Biodegradable Coatings Enriched with Essential Oils from Food Waste,"Chetan Chauhan, Shanta Kumari, Sudershan Singh",2025,10.1007/978-3-031-93887-0_24,crossref:10.1007/978-3-031-93887-0_24,Crossref,,Springer Proceedings in Earth and Environmental Sciences,https://doi.org/10.1007/978-3-031-93887-0_24,ocean renewable energy governance sustainability,2026-07-24T11:51:24.454912+00:00,Crossref open metadata
Carbon Capture via Ocean and Soil Separation,Chengtao Wang,2024,10.1016/b978-0-323-93940-9.00179-1,crossref:10.1016/b978-0-323-93940-9.00179-1,Crossref,,"Encyclopedia of Renewable Energy, Sustainability and the Environment",https://doi.org/10.1016/b978-0-323-93940-9.00179-1,ocean renewable energy governance sustainability,2026-07-24T11:51:24.454785+00:00,Crossref open metadata
Climate Change and Ocean Renewable Energy: Policy Problems,Sergio Pena-Neira,2024,10.1007/978-3-031-71555-6_2,crossref:10.1007/978-3-031-71555-6_2,Crossref,,Springer Proceedings in Earth and Environmental Sciences,https://doi.org/10.1007/978-3-031-71555-6_2,ocean renewable energy governance sustainability,2026-07-24T11:51:24.454947+00:00,Crossref open metadata
Harnessing Ocean Wave Energy—Flow Rectifications,"Doddamani Hithaish, Abdus Samad",2024,10.1007/978-981-97-1406-3_11,crossref:10.1007/978-981-97-1406-3_11,Crossref,,"Energy, Environment, and Sustainability",https://doi.org/10.1007/978-981-97-1406-3_11,ocean renewable energy governance sustainability,2026-07-24T11:51:24.454854+00:00,Crossref open metadata
Nexus of Human Development and Environmental Quality in Low-Income and Developing Countries: Do Renewable Energy and Good Governance Matter?,"Mohammad Mafizur Rahman, Nahid Sultana",2024,10.3390/su16135382,crossref:10.3390/su16135382,Crossref,,Sustainability,https://doi.org/10.3390/su16135382,ocean renewable energy governance sustainability,2026-07-24T11:51:24.454891+00:00,Crossref open metadata
Ocean Biomass Characterization and Exploitation,"Sirous Motahari, Mohammad Reza Rahimpour",2024,10.1016/b978-0-323-93940-9.00164-x,crossref:10.1016/b978-0-323-93940-9.00164-x,Crossref,,"Encyclopedia of Renewable Energy, Sustainability and the Environment",https://doi.org/10.1016/b978-0-323-93940-9.00164-x,ocean renewable energy governance sustainability,2026-07-24T11:51:24.454812+00:00,Crossref open metadata
Ocean Wave Energy Carpets,Paul M. Koola,2024,10.1016/b978-0-323-93940-9.00208-5,crossref:10.1016/b978-0-323-93940-9.00208-5,Crossref,,"Encyclopedia of Renewable Energy, Sustainability and the Environment",https://doi.org/10.1016/b978-0-323-93940-9.00208-5,ocean renewable energy governance sustainability,2026-07-24T11:51:24.454760+00:00,Crossref open metadata
Ocean Wave Energy Resources,Kumars Mahmoodi,2024,10.1016/b978-0-323-93940-9.00194-8,crossref:10.1016/b978-0-323-93940-9.00194-8,Crossref,,"Encyclopedia of Renewable Energy, Sustainability and the Environment",https://doi.org/10.1016/b978-0-323-93940-9.00194-8,ocean renewable energy governance sustainability,2026-07-24T11:51:24.454756+00:00,Crossref open metadata
Renewable Energy Development,Giles Parkinson,2024,10.4324/9781003280316-12,crossref:10.4324/9781003280316-12,Crossref,,Innovation Pathways to Sustainability,https://doi.org/10.4324/9781003280316-12,ocean renewable energy governance sustainability,2026-07-24T11:51:24.454772+00:00,Crossref open metadata
Scaling Renewable Energy Capacities for Sustainability in Africa,"Sally Mingle Yorke, Philip Kofi Adom, Artie Ng",2023,10.4324/9781003288343-7,crossref:10.4324/9781003288343-7,Crossref,,Financial and Technological Innovation for Sustainability,https://doi.org/10.4324/9781003288343-7,ocean renewable energy governance sustainability,2026-07-24T11:51:24.454821+00:00,Crossref open metadata
Influence of fiscal decentralization and renewable energy investment on ecological sustainability in EU: What is the moderating role of institutional governance?,"Fengyu Liu, Jue Feng, Ge Zhai, Asif Razzaq",2022,10.1016/j.renene.2022.10.036,crossref:10.1016/j.renene.2022.10.036,Crossref,,Renewable Energy,https://doi.org/10.1016/j.renene.2022.10.036,ocean renewable energy governance sustainability,2026-07-24T11:51:24.454777+00:00,Crossref open metadata
Introduction to Ocean Renewable Energy,Simon P. Neill,2022,10.1016/b978-0-12-819727-1.00081-9,crossref:10.1016/b978-0-12-819727-1.00081-9,Crossref,,Comprehensive Renewable Energy,https://doi.org/10.1016/b978-0-12-819727-1.00081-9,ocean renewable energy governance sustainability,2026-07-24T11:51:24.454881+00:00,Crossref open metadata
Ocean renewable energy and its prospect for developing economies,"Mahfuz Kabir, M.S. Chowdhury, Nigar Sultana, M.S. Jamal, Kuaanan Techato",2022,10.1016/b978-0-323-88668-0.00007-3,crossref:10.1016/b978-0-323-88668-0.00007-3,Crossref,,Renewable Energy and Sustainability,https://doi.org/10.1016/b978-0-323-88668-0.00007-3,ocean renewable energy governance sustainability,2026-07-24T11:51:24.454768+00:00,Crossref open metadata
Preserving Community Interests in Ocean Governance towards Sustainability,Unknown,2022,10.3390/books978-3-0365-2830-4,crossref:10.3390/books978-3-0365-2830-4,Crossref,,,https://doi.org/10.3390/books978-3-0365-2830-4,ocean renewable energy governance sustainability,2026-07-24T11:51:24.454874+00:00,Crossref open metadata
"Solar energy, governance and CO2 emissions",Taner Güney,2022,10.1016/j.renene.2021.11.124,crossref:10.1016/j.renene.2021.11.124,Crossref,,Renewable Energy,https://doi.org/10.1016/j.renene.2021.11.124,ocean renewable energy governance sustainability,2026-07-24T11:51:24.454974+00:00,Crossref open metadata
Territorial Governance of EU Cross-Border Renewable Energy Cooperation: A Soluble or Turbulent Model in the Current Framework?,Melis Aras,2021,10.3366/gels.2021.0048,crossref:10.3366/gels.2021.0048,Crossref,,Global Energy Law and Sustainability,https://doi.org/10.3366/gels.2021.0048,ocean renewable energy governance sustainability,2026-07-24T11:51:24.454845+00:00,Crossref open metadata
Governance of sustainability in the German biogas sector—adaptive management of the Renewable Energy Act between agriculture and the energy sector,"Daniela Thrän, Kay Schaubach, Stefan Majer, Thomas Horschig",2020,10.1186/s13705-019-0227-y,crossref:10.1186/s13705-019-0227-y,Crossref,,"Energy, Sustainability and Society",https://doi.org/10.1186/s13705-019-0227-y,ocean renewable energy governance sustainability,2026-07-24T11:51:24.454838+00:00,Crossref open metadata
"The 6-float wave energy converter M4: Ocean basin tests giving capture width, response and energy yield for several sites","Efrain Carpintero Moreno, Peter Stansby",2019,10.1016/j.rser.2019.01.033,crossref:10.1016/j.rser.2019.01.033,Crossref,,Renewable and Sustainable Energy Reviews,https://doi.org/10.1016/j.rser.2019.01.033,ocean renewable energy governance sustainability,2026-07-24T11:51:24.454954+00:00,Crossref open metadata
Estimation of tidal-wave energy at the Pearl River Estuary under tidal-wave coupling,"Di Liu, Zijun Song, Zeyu Li, Caiwu Lu, Li Guo",2026,10.3724/j.1007-6336.2025-0181,crossref:10.3724/j.1007-6336.2025-0181,Crossref,,Marine Environmental Science,https://doi.org/10.3724/j.1007-6336.2025-0181,tidal energy wave energy environmental impact,2026-07-24T11:51:25.172097+00:00,Crossref open metadata
Co-location of Tidal and Offshore Wind Energy Generation: Hydrodynamic Analysis of Monopile Impact on Tidal Energy Resource,"Mahdi Alemi, Kai Chu, Ozlem Ceyhan Yilmaz",2025,10.36688/ewtec-2025-1037,crossref:10.36688/ewtec-2025-1037,Crossref,,Proceedings of the European Wave and Tidal Energy Conference,https://doi.org/10.36688/ewtec-2025-1037,tidal energy wave energy environmental impact,2026-07-24T11:51:25.171974+00:00,Crossref open metadata
Environmental DNA for fish monitoring around tidal energy devices,"Lenaig Hemery, Luciana Pereira, Kristin Jones, Ian Coughran, Owen Leiser, Nicole Sather",2025,10.36688/ewtec-2025-747,crossref:10.36688/ewtec-2025-747,Crossref,,Proceedings of the European Wave and Tidal Energy Conference,https://doi.org/10.36688/ewtec-2025-747,tidal energy wave energy environmental impact,2026-07-24T11:51:25.172076+00:00,Crossref open metadata
Global Wave and Tidal Energy,K. R. Rao,2025,10.1115/1.888179_ch9,crossref:10.1115/1.888179_ch9,Crossref,,"Hydro, Wave and Tidal Energy Applications",https://doi.org/10.1115/1.888179_ch9,tidal energy wave energy environmental impact,2026-07-24T11:51:25.171968+00:00,Crossref open metadata
"The M4 Wave Energy Demonstration Project: Overview, impact and insight","Hugh Wolgamot, Christophe Gaudin, Peter Stansby, Adi Kurniawan, Wiebke Ebeling, Irene Penesis",2025,10.36688/ewtec-2025-1027,crossref:10.36688/ewtec-2025-1027,Crossref,,Proceedings of the European Wave and Tidal Energy Conference,https://doi.org/10.36688/ewtec-2025-1027,tidal energy wave energy environmental impact,2026-07-24T11:51:25.172156+00:00,Crossref open metadata
"Wave energy in Energy Systems, the impact of high-fidelity datasets and a view for the future.","George Lavidas, Lefteris Mezilis",2025,10.36688/ewtec-2025-739,crossref:10.36688/ewtec-2025-739,Crossref,,Proceedings of the European Wave and Tidal Energy Conference,https://doi.org/10.36688/ewtec-2025-739,tidal energy wave energy environmental impact,2026-07-24T11:51:25.172037+00:00,Crossref open metadata
Impact of lateral turbine spacing on the performance of a multi-rotor tidal energy device,"Rachael Smith, Bryn Townley, Bevan Wray, Allan Mason-Jones",2023,10.36688/ewtec-2023-334,crossref:10.36688/ewtec-2023-334,Crossref,,Proceedings of the European Wave and Tidal Energy Conference,https://doi.org/10.36688/ewtec-2023-334,tidal energy wave energy environmental impact,2026-07-24T11:51:25.172093+00:00,Crossref open metadata
Impact of Resource Uncertainties on the Design of Wave Energy Converters,"Markel Peñalba, Ander Zarketa-Astigarraga, Paul Branson, Bryson Robertson",2023,10.36688/ewtec-2023-529,crossref:10.36688/ewtec-2023-529,Crossref,,Proceedings of the European Wave and Tidal Energy Conference,https://doi.org/10.36688/ewtec-2023-529,tidal energy wave energy environmental impact,2026-07-24T11:51:25.172111+00:00,Crossref open metadata
Numerical modelling of wave and tidal current interactions and their impact on wave parameters,"Tian Tan, Vengatesan Venugopal",2023,10.36688/ewtec-2023-279,crossref:10.36688/ewtec-2023-279,Crossref,,Proceedings of the European Wave and Tidal Energy Conference,https://doi.org/10.36688/ewtec-2023-279,tidal energy wave energy environmental impact,2026-07-24T11:51:25.172020+00:00,Crossref open metadata
Siting tidal energy projects through resource characterization and environmental considerations,"Andrea Copping, Lysel Garavelli, Zhaoqing Yang, Taiping Wang, Mithun Deb, Candace Briggs",2023,10.36688/ewtec-2023-220,crossref:10.36688/ewtec-2023-220,Crossref,,Proceedings of the European Wave and Tidal Energy Conference,https://doi.org/10.36688/ewtec-2023-220,tidal energy wave energy environmental impact,2026-07-24T11:51:25.172122+00:00,Crossref open metadata
Environmental Impacts of Tidal and Wave Energy Converters,"Zoë L. Hutchison, Lilian Lieber, Raeanne G. Miller, Benjamin J. Williamson",2022,10.1016/b978-0-12-819727-1.00115-1,crossref:10.1016/b978-0-12-819727-1.00115-1,Crossref,,Comprehensive Renewable Energy,https://doi.org/10.1016/b978-0-12-819727-1.00115-1,tidal energy wave energy environmental impact,2026-07-24T11:51:25.172061+00:00,Crossref open metadata
Impact of tidal currents and model fidelity on wave energy resource assessments,"Ignacio Beya, Bradley Buckham, Bryson Robertson",2021,10.1016/j.renene.2021.05.039,crossref:10.1016/j.renene.2021.05.039,Crossref,,Renewable Energy,https://doi.org/10.1016/j.renene.2021.05.039,tidal energy wave energy environmental impact,2026-07-24T11:51:25.172068+00:00,Crossref open metadata
Marine Tidal and Wave Energy Converters,Unknown,2020,10.3390/books978-3-03928-279-1,crossref:10.3390/books978-3-03928-279-1,Crossref,,,https://doi.org/10.3390/books978-3-03928-279-1,tidal energy wave energy environmental impact,2026-07-24T11:51:25.171944+00:00,Crossref open metadata
Wave and Tidal Energy,Unknown,2020,10.3390/books978-3-03936-293-6,crossref:10.3390/books978-3-03936-293-6,Crossref,,,https://doi.org/10.3390/books978-3-03936-293-6,tidal energy wave energy environmental impact,2026-07-24T11:51:25.172041+00:00,Crossref open metadata
Viet Nam Offshore Wind Sectoral Planning: Offshore Wind Development Program,Unknown,2025,10.1596/43484,crossref:10.1596/43484,Crossref,,,https://doi.org/10.1596/43484,offshore wind workforce skills competences training professional development,2026-07-24T11:51:26.135767+00:00,Crossref open metadata
Offshore Wind Development Program: Offshore Wind Roadmap for Romania,Unknown,2024,10.1596/42233,crossref:10.1596/42233,Crossref,,,https://doi.org/10.1596/42233,offshore wind workforce skills competences training professional development,2026-07-24T11:51:26.135729+00:00,Crossref open metadata
Offshore Wind Development Program: Offshore Wind Roadmap for Türkiye,Unknown,2024,10.1596/42461,crossref:10.1596/42461,Crossref,,,https://doi.org/10.1596/42461,offshore wind workforce skills competences training professional development,2026-07-24T11:51:26.135746+00:00,Crossref open metadata
Fehlerdiagnose mit Virtual Reality trainieren – Entwicklung und Erprobung einer virtuellen Offshore-Windenergieanlage,"Felix Kapp, Nadine Matthes, Linda Kruse, Moritz Niebeling, Pia Spangenberger",2022,10.1007/s41449-022-00316-8,crossref:10.1007/s41449-022-00316-8,Crossref,,Zeitschrift für Arbeitswissenschaft,https://doi.org/10.1007/s41449-022-00316-8,offshore wind workforce skills competences training professional development,2026-07-24T11:51:26.135843+00:00,Crossref open metadata
U.S. Offshore Wind Workforce Assessment,"Jeremy Stefek, Chloe Constant, Caitlyn Clark, Heidi Tinnesand, Corrie Christol, Ruth Baranowski",2022,10.2172/1893828,crossref:10.2172/1893828,Crossref,,,https://doi.org/10.2172/1893828,offshore wind workforce skills competences training professional development,2026-07-24T11:51:26.135775+00:00,Crossref open metadata
Transforming Groundwater Research with Drones and Machine Learning,Md Munir Hayet Khan,2025,10.1007/978-3-031-93887-0_5,crossref:10.1007/978-3-031-93887-0_5,Crossref,,Springer Proceedings in Earth and Environmental Sciences,https://doi.org/10.1007/978-3-031-93887-0_5,ocean renewable energy education learning outcomes curriculum qualification,2026-07-24T11:51:28.031101+00:00,Crossref open metadata
Advancing Renewable Energy Education in Tunisia: Statistical Study for Curriculum Assessment and Proposed Improvements,"TAHER M. JELLELI, Mohamed Chaabane, Adel  M. Alimi",2024,10.2139/ssrn.4726907,crossref:10.2139/ssrn.4726907,Crossref,,,https://doi.org/10.2139/ssrn.4726907,ocean renewable energy education learning outcomes curriculum qualification,2026-07-24T11:51:28.031163+00:00,Crossref open metadata
Learning a Predictionless Resonating Controller for Wave Energy Converters,"Shuo Shi, Ron J. Patton, Mustafa Abdelrahman, Yanhua Liu",2019,10.1115/omae2019-95619,crossref:10.1115/omae2019-95619,Crossref,,Volume 10: Ocean Renewable Energy,https://doi.org/10.1115/omae2019-95619,ocean renewable energy education learning outcomes curriculum qualification,2026-07-24T11:51:28.031039+00:00,Crossref open metadata
Principle and control strategy of pulse width modulation rectifier for hydraulic power generation system,"Kunlin Wang, Songwei Sheng, Yaqun Zhang, Yin Ye, Jiaqiang Jiang, Hongjun Lin, Zhenxin Huang, Zhenpeng Wang, Yage You",2019,10.1016/j.renene.2018.12.089,crossref:10.1016/j.renene.2018.12.089,Crossref,,Renewable Energy,https://doi.org/10.1016/j.renene.2018.12.089,ocean renewable energy education learning outcomes curriculum qualification,2026-07-24T11:51:28.031214+00:00,Crossref open metadata
AI in Offshore Wind Energy Systems,"V. VANITHA, M. YASHICA",2026,10.1002/9781394464272.ch9,crossref:10.1002/9781394464272.ch9,Crossref,,AI and Wind Power 2,https://doi.org/10.1002/9781394464272.ch9,offshore wind AI digital twin autonomous systems resilience,2026-07-24T11:51:28.580746+00:00,Crossref open metadata
"Artificial Intelligence and Digital Twin Applications in Wind Turbine Monitoring, Control, and Maintenance","Siphelele Joseph Mndiya, Senthil Krishnamurthy",2026,10.4018/979-8-3373-4159-0.ch003,crossref:10.4018/979-8-3373-4159-0.ch003,Crossref,,Advances in Computational Intelligence and Robotics,https://doi.org/10.4018/979-8-3373-4159-0.ch003,offshore wind AI digital twin autonomous systems resilience,2026-07-24T11:51:28.580756+00:00,Crossref open metadata
Digital twin application in the offshore wind power: a literature review,"Xianjun Zheng, Xiaoyan Su",2026,10.1504/ijosm.2026.154033,crossref:10.1504/ijosm.2026.154033,Crossref,,International Journal of Ocean Systems Management,https://doi.org/10.1504/ijosm.2026.154033,offshore wind AI digital twin autonomous systems resilience,2026-07-24T11:51:28.580631+00:00,Crossref open metadata
Research and Application of Digital Twin System for Offshore Terminals of Large-Capacity Floating Wind Power,"Guoming Gan, Zifeng Sun, Wei Ye, Tian Jiang",2026,10.1109/icgeps69938.2026.11522248,crossref:10.1109/icgeps69938.2026.11522248,Crossref,,2026 5th International Conference on Green Energy and Power Systems (ICGEPS),https://doi.org/10.1109/icgeps69938.2026.11522248,offshore wind AI digital twin autonomous systems resilience,2026-07-24T11:51:28.580716+00:00,Crossref open metadata
A Digital Twin Tracking Sensor Data in Real-Time on a Floating Offshore Wind Turbine,"Niclas Jacob, Frank Lemmer, Marian Albers, Steffen Raach, Clare Thomas",2025,10.1115/iowtc2025-165461,crossref:10.1115/iowtc2025-165461,Crossref,,ASME 2025 6th International Offshore Wind Technical Conference,https://doi.org/10.1115/iowtc2025-165461,offshore wind AI digital twin autonomous systems resilience,2026-07-24T11:51:28.580623+00:00,Crossref open metadata
"AI-driven digital twin for uncertainty-aware structural health monitoring of
            offshore wind turbines considering biofouling effects and reliability prediction",Unknown,2025,10.36922/gti025330013,crossref:10.36922/gti025330013,Crossref,,Green Technology &amp; Innovation,https://doi.org/10.36922/gti025330013,offshore wind AI digital twin autonomous systems resilience,2026-07-24T11:51:28.580549+00:00,Crossref open metadata
Application of a Digital Twin Framework for Response of Floating Offshore Wind Turbine Foundations to Laboratory Mooring Failures,"Pietro D. Tomaselli, Bjarne Jensen",2025,10.1115/iowtc2025-164342,crossref:10.1115/iowtc2025-164342,Crossref,,ASME 2025 6th International Offshore Wind Technical Conference,https://doi.org/10.1115/iowtc2025-164342,offshore wind AI digital twin autonomous systems resilience,2026-07-24T11:51:28.580584+00:00,Crossref open metadata
Development and Calibration of a Structural Digital Twin for Floating Offshore Wind,"Nicolas Georges, Ricky Thethi, Philippe Jean",2025,10.1115/iowtc2025-167883,crossref:10.1115/iowtc2025-167883,Crossref,,ASME 2025 6th International Offshore Wind Technical Conference,https://doi.org/10.1115/iowtc2025-167883,offshore wind AI digital twin autonomous systems resilience,2026-07-24T11:51:28.580567+00:00,Crossref open metadata
Digital twin in design and control optimization of marine renewable energy and offshore wind energy systems,"Nuh Erdogan, Majid Bhinder, Jimmy Murphy, Umit Cali, Mohammadreza Aghaei",2025,10.1016/b978-0-443-14070-9.00006-8,crossref:10.1016/b978-0-443-14070-9.00006-8,Crossref,,Digital Twin Technology for the Energy Sector,https://doi.org/10.1016/b978-0-443-14070-9.00006-8,offshore wind AI digital twin autonomous systems resilience,2026-07-24T11:51:28.580563+00:00,Crossref open metadata
Floating Offshore Wind Turbines Digital Twin Calibration From Operational Data Through Operational Modal Analysis and Optimization,"Nicolas Guy, Alexis Benhamou, Pavel Dedeev, Nicolas Loustaunau, Jérôme de Lauzon",2025,10.1115/iowtc2025-164947,crossref:10.1115/iowtc2025-164947,Crossref,,ASME 2025 6th International Offshore Wind Technical Conference,https://doi.org/10.1115/iowtc2025-164947,offshore wind AI digital twin autonomous systems resilience,2026-07-24T11:51:28.580665+00:00,Crossref open metadata
Onshore and Offshore Wind Turbine Technologies,"Nkosinathi Madushele, Obafemi O. Olatunji, Paul A. Adedeji",2025,10.1201/9781003281184-14,crossref:10.1201/9781003281184-14,Crossref,,Digital Twin Technology in Condition Monitoring of Wind Turbines,https://doi.org/10.1201/9781003281184-14,offshore wind AI digital twin autonomous systems resilience,2026-07-24T11:51:28.580627+00:00,Crossref open metadata
Physics-based and data-driven digital twinning of offshore wind turbines using sensor measurements,Babak Moaveni,2025,10.1117/12.3057755,crossref:10.1117/12.3057755,Crossref,,"Digital Twins, AI, and NDE for Industry Applications and Energy Systems 2025",https://doi.org/10.1117/12.3057755,offshore wind AI digital twin autonomous systems resilience,2026-07-24T11:51:28.580678+00:00,Crossref open metadata
A Digital Twin for Assessment of Remaining Useful Life of Offshore Wind Turbines Structure.,"Rafael Pacheco-Blazquez, Julio Garcia-Espinosa, Daniel Di Capua, Andres Pastor",2024,10.20944/preprints202403.0749.v1,crossref:10.20944/preprints202403.0749.v1,Crossref,,,https://doi.org/10.20944/preprints202403.0749.v1,offshore wind AI digital twin autonomous systems resilience,2026-07-24T11:51:28.580720+00:00,Crossref open metadata
Diagnostic Digital Twin for Anomaly Detection in Floating Offshore Wind Energy,"Florian Stadtmann, Adil Rasheed",2024,10.1115/omae2024-126223,crossref:10.1115/omae2024-126223,Crossref,,Volume 7: Ocean Renewable Energy,https://doi.org/10.1115/omae2024-126223,offshore wind AI digital twin autonomous systems resilience,2026-07-24T11:51:28.580657+00:00,Crossref open metadata
Digital Twin for Floating Offshore Wind Foundations Operation and Maintenance Management,"Jari Halme, Ieza Souza Ramos, Eeva Mikkola",2024,10.1115/omae2024-124269,crossref:10.1115/omae2024-124269,Crossref,,"Volume 2: Structures, Safety, and Reliability",https://doi.org/10.1115/omae2024-124269,offshore wind AI digital twin autonomous systems resilience,2026-07-24T11:51:28.580702+00:00,Crossref open metadata
LSTM RNN in support of Manufacturing Simulation-based Digital Twin; A Case from Offshore Wind Turbine Production,"Mehrnoosh Nickpasand, Steffen W. Jensen, Henrique M. Gaspar",2024,10.1109/sose62659.2024.10620933,crossref:10.1109/sose62659.2024.10620933,Crossref,,2024 19th Annual System of Systems Engineering Conference (SoSE),https://doi.org/10.1109/sose62659.2024.10620933,offshore wind AI digital twin autonomous systems resilience,2026-07-24T11:51:28.580706+00:00,Crossref open metadata
An Interactive Digital Twin Platform for Offshore Wind Farms’ Development,"Agus Hasan, Zhicheng Hu, Amirashkan Haghshenas, Anniken Karlsen, Saleh Alaliyat, Umit Cali",2023,10.1007/978-981-99-0252-1_13,crossref:10.1007/978-981-99-0252-1_13,Crossref,,Digital Twin Driven Intelligent Systems and Emerging Metaverse,https://doi.org/10.1007/978-981-99-0252-1_13,offshore wind AI digital twin autonomous systems resilience,2026-07-24T11:51:28.580558+00:00,Crossref open metadata
Digital twin-driven dynamic repositioning of floating offshore wind farms,"Ege Kandemir, Jincheng Liu, Agus Hasan",2023,10.1016/j.egyr.2023.08.091,crossref:10.1016/j.egyr.2023.08.091,Crossref,,Energy Reports,https://doi.org/10.1016/j.egyr.2023.08.091,offshore wind AI digital twin autonomous systems resilience,2026-07-24T11:51:28.580752+00:00,Crossref open metadata
EFFICIENT LIFECYCLE RELIABILITY ASSESSMENT OF OFFSHORE WIND TURBINES USING DIGITAL TWIN,"XUKAI ZHANG, ARASH NOSHADRAVAN",2023,10.12783/shm2023/36801,crossref:10.12783/shm2023/36801,Crossref,,Proceedings of the 14th International Workshop on Structural Health Monitoring,https://doi.org/10.12783/shm2023/36801,offshore wind AI digital twin autonomous systems resilience,2026-07-24T11:51:28.580724+00:00,Crossref open metadata
Industry 4.0 Digital Twins in Offshore Wind Farms,"Evi Elisa Ambarita, Anniken Karlsen, Francesco Scibilia, Agus Hasan",2023,10.5194/wes-2023-108,crossref:10.5194/wes-2023-108,Crossref,,,https://doi.org/10.5194/wes-2023-108,offshore wind AI digital twin autonomous systems resilience,2026-07-24T11:51:28.580760+00:00,Crossref open metadata
Mooring Force Estimation for Floating Offshore Wind Turbines With Augmented Kalman Filter: a Step Towards Digital Twin,"Kobe Hoi-Yin Yung, Qing Xiao, Atilla Incecik, Peter Thompson",2023,10.1115/iowtc2023-119374,crossref:10.1115/iowtc2023-119374,Crossref,,ASME 2023 5th International Offshore Wind Technical Conference,https://doi.org/10.1115/iowtc2023-119374,offshore wind AI digital twin autonomous systems resilience,2026-07-24T11:51:28.580654+00:00,Crossref open metadata
Operation and maintenance optimization of offshore wind farms based on digital twin: A review,"Jiajun Xia, Guang Zou",2023,10.1016/j.oceaneng.2022.113322,crossref:10.1016/j.oceaneng.2022.113322,Crossref,,Ocean Engineering,https://doi.org/10.1016/j.oceaneng.2022.113322,offshore wind AI digital twin autonomous systems resilience,2026-07-24T11:51:28.580782+00:00,Crossref open metadata
Reliability-based lifecycle optimization  of offshore wind turbines using a digital twin framework,"Xukai Zhang, Arash Noshadravan",2023,10.26226/m.64c26777632e9539aa87d482,crossref:10.26226/m.64c26777632e9539aa87d482,Crossref,,,https://doi.org/10.26226/m.64c26777632e9539aa87d482,offshore wind AI digital twin autonomous systems resilience,2026-07-24T11:51:28.580575+00:00,Crossref open metadata
Toward Environmental and Structural Digital Twin of Offshore Wind Turbine,"Xiang Zhao, My Ha Dao, Quang Tuyen Le",2023,10.1115/omae2023-101859,crossref:10.1115/omae2023-101859,Crossref,,Volume 7: CFD &amp; FSI,https://doi.org/10.1115/omae2023-101859,offshore wind AI digital twin autonomous systems resilience,2026-07-24T11:51:28.580690+00:00,Crossref open metadata
TOWARDS DYNAMIC DIGITAL TWIN FOR MONOPILE-SUPPORTED OFFSHORE WIND TURBINES,"YING WANG, JUN LIANG, YUHAO FU",2023,10.12783/shm2023/36802,crossref:10.12783/shm2023/36802,Crossref,,Proceedings of the 14th International Workshop on Structural Health Monitoring,https://doi.org/10.12783/shm2023/36802,offshore wind AI digital twin autonomous systems resilience,2026-07-24T11:51:28.580742+00:00,Crossref open metadata
Digital Twin of the Mooring Line Tension for Floating Offshore Wind Turbines,"Jake Walker, Andrea Coraddu, Luca Oneto, Stuart Kilbourn",2021,10.23919/oceans44145.2021.9706018,crossref:10.23919/oceans44145.2021.9706018,Crossref,,OCEANS 2021: San Diego – Porto,https://doi.org/10.23919/oceans44145.2021.9706018,offshore wind AI digital twin autonomous systems resilience,2026-07-24T11:51:28.580764+00:00,Crossref open metadata
Climate Governance for Climate Justice in Ghana,"Thomas P. Botchway, Emmanuel Letsyo",2026,10.4324/9781003669593-5,crossref:10.4324/9781003669593-5,Crossref,,Just Transition and Climate Justice in Sub-Saharan Africa,https://doi.org/10.4324/9781003669593-5,offshore wind just transition climate adaptation marine governance safety,2026-07-24T11:51:29.066063+00:00,Crossref open metadata
Adaptation and catastrophe insurance,"Alex Y. Lo, Chen Xiang",2025,10.4337/9781035341269.00014,crossref:10.4337/9781035341269.00014,Crossref,,China's Climate Policy,https://doi.org/10.4337/9781035341269.00014,offshore wind just transition climate adaptation marine governance safety,2026-07-24T11:51:29.066978+00:00,Crossref open metadata
Exploring the Scope for Just Transition: Striking a Viable Balance Between Effective and Just Transition in Urban Climate Governance,"Hege Hofstad, Marianne Millstein",2025,10.55845/jos-2025-1250,crossref:10.55845/jos-2025-1250,Crossref,,Journal of Sustainability,https://doi.org/10.55845/jos-2025-1250,offshore wind just transition climate adaptation marine governance safety,2026-07-24T11:51:29.066093+00:00,Crossref open metadata
"Regulating Offshore Wind in Scotland: Legal Frameworks, Policy Challenges, and the Just Energy Transition",Joel Odili,2025,10.2139/ssrn.5736697,crossref:10.2139/ssrn.5736697,Crossref,,,https://doi.org/10.2139/ssrn.5736697,offshore wind just transition climate adaptation marine governance safety,2026-07-24T11:51:29.066027+00:00,Crossref open metadata
<i>Cui Bono</i>? Scotland's Offshore Wind and a ‘Just Transition’,Kenny Kemp,2024,10.3366/scot.2024.0513,crossref:10.3366/scot.2024.0513,Crossref,,Scottish Affairs,https://doi.org/10.3366/scot.2024.0513,offshore wind just transition climate adaptation marine governance safety,2026-07-24T11:51:29.066950+00:00,Crossref open metadata
Impact of changing climate on wind power potential at proposed Indian offshore sites using quantile mapping,Unknown,2024,10.56042/ijms.v53i03.6498,crossref:10.56042/ijms.v53i03.6498,Crossref,,Indian Journal of Geo-Marine Sciences,https://doi.org/10.56042/ijms.v53i03.6498,offshore wind just transition climate adaptation marine governance safety,2026-07-24T11:51:29.067030+00:00,Crossref open metadata
Legal Proposals Towards a Just Energy Transition: the Case of Offshore Wind Farms in Spain within the European Context,Santiago Salvador,2024,10.2139/ssrn.4769129,crossref:10.2139/ssrn.4769129,Crossref,,SSRN Electronic Journal,https://doi.org/10.2139/ssrn.4769129,offshore wind just transition climate adaptation marine governance safety,2026-07-24T11:51:29.066101+00:00,Crossref open metadata
"Policy Entrepreneurs, Ideology and the Quest for a Just Transition: Sustainability, Climate Governance and Democracy",Fredrik von Malmborg,2024,10.20944/preprints202405.1267.v1,crossref:10.20944/preprints202405.1267.v1,Crossref,,,https://doi.org/10.20944/preprints202405.1267.v1,offshore wind just transition climate adaptation marine governance safety,2026-07-24T11:51:29.066077+00:00,Crossref open metadata
"Towards holistic, participative and adaptable governance for offshore wind farm decommissioning","Lobke H. Jurrius, Luc van Hoof",2024,10.1016/j.marpol.2024.106413,crossref:10.1016/j.marpol.2024.106413,Crossref,,Marine Policy,https://doi.org/10.1016/j.marpol.2024.106413,offshore wind just transition climate adaptation marine governance safety,2026-07-24T11:51:29.066958+00:00,Crossref open metadata
6. Turning urban fragilities into resources for a just climate governance,"Gilda Berruti, Maria Federica Palestino",2023,10.1515/9789048554805-009,crossref:10.1515/9789048554805-009,Crossref,,Urban Movements and Climate Change,https://doi.org/10.1515/9789048554805-009,offshore wind just transition climate adaptation marine governance safety,2026-07-24T11:51:29.066965+00:00,Crossref open metadata
Climate Change Effects on the Design of Spar Floating Offshore Wind Turbines,"M James, S Haldar, S Bhattacharya",2023,10.3723/kplz7349,crossref:10.3723/kplz7349,Crossref,,9th International SUT Offshore Site Investigation Geotechnics Conference Proceedings “Innovative Geotechnologies for Energy Transition”,https://doi.org/10.3723/kplz7349,offshore wind just transition climate adaptation marine governance safety,2026-07-24T11:51:29.066989+00:00,Crossref open metadata
"Climate Governance, Inaction and Injustice in Buffalo City, South Africa",Philani Moyo,2023,10.4324/9781003397120-10,crossref:10.4324/9781003397120-10,Crossref,,Climate Action in Southern Africa,https://doi.org/10.4324/9781003397120-10,offshore wind just transition climate adaptation marine governance safety,2026-07-24T11:51:29.066059+00:00,Crossref open metadata
The Analysis of Offshore Industry Transition - Acceleration from Oil and Gas to Wind,"Pawel Kolakowski, Grzegorz Rutkowski",2022,10.12716/1001.16.02.20,crossref:10.12716/1001.16.02.20,Crossref,,"TransNav, the International Journal on Marine Navigation and Safety of Sea Transportation",https://doi.org/10.12716/1001.16.02.20,offshore wind just transition climate adaptation marine governance safety,2026-07-24T11:51:29.066085+00:00,Crossref open metadata
Calibration of safety factors for offshore wind turbine support structures using fully coupled simulations,"A. Morató, S. Sriramula",2021,10.1016/j.marstruc.2020.102880,crossref:10.1016/j.marstruc.2020.102880,Crossref,,Marine Structures,https://doi.org/10.1016/j.marstruc.2020.102880,offshore wind just transition climate adaptation marine governance safety,2026-07-24T11:51:29.066930+00:00,Crossref open metadata
Just Adapt: Engaging Disadvantaged Young People in Planning for Climate Adaptation,"Anna R. Davies, Stephan Hügel",2021,10.17645/pag.v9i2.3892,crossref:10.17645/pag.v9i2.3892,Crossref,,Politics and Governance,https://doi.org/10.17645/pag.v9i2.3892,offshore wind just transition climate adaptation marine governance safety,2026-07-24T11:51:29.066974+00:00,Crossref open metadata
"Review for ""Post‐installation adaptation of offshore wind turbine controls""",Unknown,2019,10.1002/we.2467/v1/review1,crossref:10.1002/we.2467/v1/review1,Crossref,,,https://doi.org/10.1002/we.2467/v1/review1,offshore wind just transition climate adaptation marine governance safety,2026-07-24T11:51:29.066985+00:00,Crossref open metadata
Nearshore wind estimation from buoy wave spectra via physics-guided machine learning: A framework for offshore wind applications,"Jiaxin Chen, Martyn Hann, Robert Rawlinson-Smith, Munira Raji, Deborah Greaves",2026,10.1016/j.renene.2025.125000,crossref:10.1016/j.renene.2025.125000,Crossref,,Renewable Energy,https://doi.org/10.1016/j.renene.2025.125000,offshore renewable energy EQF qualification framework micro-credential learning outcomes,2026-07-24T11:51:29.598215+00:00,Crossref open metadata
Quantifying the global energy transition: A policy-ready framework linking renewable deployment and emissions outcomes,"Solomon Evro, Moones Alamooti, Olusegun S. Tomomewo",2026,10.1016/j.rser.2025.116189,crossref:10.1016/j.rser.2025.116189,Crossref,,Renewable and Sustainable Energy Reviews,https://doi.org/10.1016/j.rser.2025.116189,offshore renewable energy EQF qualification framework micro-credential learning outcomes,2026-07-24T11:51:29.598309+00:00,Crossref open metadata
Topology-aware surrogate for future offshore wind farms using machine learning,"Thuy-Hai Nguyen, Jean-François Toubeau, Emmanuel De Jaeger, François Vallée",2026,10.1016/j.renene.2025.123657,crossref:10.1016/j.renene.2025.123657,Crossref,,Renewable Energy,https://doi.org/10.1016/j.renene.2025.123657,offshore renewable energy EQF qualification framework micro-credential learning outcomes,2026-07-24T11:51:29.598267+00:00,Crossref open metadata
DC Transmissions and DC Grid in Offshore Renewable Energy Farms,"Qiang Gao, Nesimi Ertuğrul",2025,10.1201/9781003499565-7,crossref:10.1201/9781003499565-7,Crossref,,Techno-Economics of Offshore Renewable Energy,https://doi.org/10.1201/9781003499565-7,offshore renewable energy EQF qualification framework micro-credential learning outcomes,2026-07-24T11:51:29.598299+00:00,Crossref open metadata
Hybrid surrogate input load estimation model in offshore wind turbines using transfer learning and multitask learning,"Azin Mehrjoo, Eleonora M. Tronci, Babak Moaveni, Eric Hines",2025,10.1016/j.renene.2025.123011,crossref:10.1016/j.renene.2025.123011,Crossref,,Renewable Energy,https://doi.org/10.1016/j.renene.2025.123011,offshore renewable energy EQF qualification framework micro-credential learning outcomes,2026-07-24T11:51:29.598284+00:00,Crossref open metadata
Parametric Scoring Framework for Site Selection of Floating Offshore Wind Farm in India,"Subham Kashyap, Nilanjan Saha, Zhiyu Jiang",2025,10.1115/omae2025-157160,crossref:10.1115/omae2025-157160,Crossref,,Volume 5: Ocean Renewable Energy,https://doi.org/10.1115/omae2025-157160,offshore renewable energy EQF qualification framework micro-credential learning outcomes,2026-07-24T11:51:29.598320+00:00,Crossref open metadata
Regime Characterization of Offshore Wind Resource Using Unsupervised Learning,Arka Mitra,2025,10.2172/2589309,crossref:10.2172/2589309,Crossref,,,https://doi.org/10.2172/2589309,offshore renewable energy EQF qualification framework micro-credential learning outcomes,2026-07-24T11:51:29.598262+00:00,Crossref open metadata
"Risks, strategies, and benefits of offshore energy hubs: A literature-based survey","Alexandra Lüth, Dogan Keles",2024,10.1016/j.rser.2024.114761,crossref:10.1016/j.rser.2024.114761,Crossref,,Renewable and Sustainable Energy Reviews,https://doi.org/10.1016/j.rser.2024.114761,offshore renewable energy EQF qualification framework micro-credential learning outcomes,2026-07-24T11:51:29.598291+00:00,Crossref open metadata
Legal Framework for Offshore Renewable Energy Activities,Dawoon Jung,2023,10.1163/9789004508750_003,crossref:10.1163/9789004508750_003,Crossref,,The 1982 Law of the Sea Convention and the Regulation of Offshore Renewable Energy Activities within National Jurisdiction,https://doi.org/10.1163/9789004508750_003,offshore renewable energy EQF qualification framework micro-credential learning outcomes,2026-07-24T11:51:29.598146+00:00,Crossref open metadata
The fault frequency priors fusion deep learning framework with application to fault diagnosis of offshore wind turbines,"Tianming Xie, Qifa Xu, Cuixia Jiang, Shixiang Lu, Xiangxiang Wang",2023,10.1016/j.renene.2022.11.064,crossref:10.1016/j.renene.2022.11.064,Crossref,,Renewable Energy,https://doi.org/10.1016/j.renene.2022.11.064,offshore renewable energy EQF qualification framework micro-credential learning outcomes,2026-07-24T11:51:29.598249+00:00,Crossref open metadata
Beyond LCOE: A multi-criteria evaluation framework for offshore renewable energy projects,"María M. Vanegas-Cantarero, Shona Pennock, Tianna Bloise-Thomaz, Henry Jeffrey, Matthew J. Dickson",2022,10.1016/j.rser.2022.112307,crossref:10.1016/j.rser.2022.112307,Crossref,,Renewable and Sustainable Energy Reviews,https://doi.org/10.1016/j.rser.2022.112307,offshore renewable energy EQF qualification framework micro-credential learning outcomes,2026-07-24T11:51:29.598227+00:00,Crossref open metadata
A framework for studying outcomes in industrial symbiosis,"Christoffer Wadström, Maria Johansson, Magnus Wallén",2021,10.1016/j.rser.2021.111526,crossref:10.1016/j.rser.2021.111526,Crossref,,Renewable and Sustainable Energy Reviews,https://doi.org/10.1016/j.rser.2021.111526,offshore renewable energy EQF qualification framework micro-credential learning outcomes,2026-07-24T11:51:29.598328+00:00,Crossref open metadata
Fault detection by an ensemble framework of Extreme Gradient Boosting (XGBoost) in the operation of offshore wind turbines,"Pavlos Trizoglou, Xiaolei Liu, Zi Lin",2021,10.1016/j.renene.2021.07.085,crossref:10.1016/j.renene.2021.07.085,Crossref,,Renewable Energy,https://doi.org/10.1016/j.renene.2021.07.085,offshore renewable energy EQF qualification framework micro-credential learning outcomes,2026-07-24T11:51:29.598254+00:00,Crossref open metadata
Repurposing of Offshore Oil and Gas Cables for Renewable Generation: Feasibility and Conceptual Qualification,"Ramy Magdy A. Mahmoud, Hazem Fayad, Paul E. Dodds",2021,10.4043/30933-ms,crossref:10.4043/30933-ms,Crossref,,Offshore Technology Conference,https://doi.org/10.4043/30933-ms,offshore renewable energy EQF qualification framework micro-credential learning outcomes,2026-07-24T11:51:29.598210+00:00,Crossref open metadata
A probabilistic framework for offshore wind turbine loss assessment,"David Wilkie, Carmine Galasso",2020,10.1016/j.renene.2019.09.043,crossref:10.1016/j.renene.2019.09.043,Crossref,,Renewable Energy,https://doi.org/10.1016/j.renene.2019.09.043,offshore renewable energy EQF qualification framework micro-credential learning outcomes,2026-07-24T11:51:29.598199+00:00,Crossref open metadata
An economic model for offshore transmission asset planning under severe uncertainty,"Henna Bains, Ander Madariaga, Matthias C.M. Troffaes, Behzad Kazemtabrizi",2020,10.1016/j.renene.2020.05.160,crossref:10.1016/j.renene.2020.05.160,Crossref,,Renewable Energy,https://doi.org/10.1016/j.renene.2020.05.160,offshore renewable energy EQF qualification framework micro-credential learning outcomes,2026-07-24T11:51:29.598258+00:00,Crossref open metadata
Offshore Renewable Energy,Giovanni Rinaldi,2020,10.5772/intechopen.91662,crossref:10.5772/intechopen.91662,Crossref,,"Renewable Energy - Resources, Challenges and Applications",https://doi.org/10.5772/intechopen.91662,offshore renewable energy EQF qualification framework micro-credential learning outcomes,2026-07-24T11:51:29.598235+00:00,Crossref open metadata
Strongly-coupled aeroelastic free-vortex wake framework for floating offshore wind turbine rotors. Part 2: Application,"Steven N. Rodriguez, Justin W. Jaworski",2020,10.1016/j.renene.2019.10.094,crossref:10.1016/j.renene.2019.10.094,Crossref,,Renewable Energy,https://doi.org/10.1016/j.renene.2019.10.094,offshore renewable energy EQF qualification framework micro-credential learning outcomes,2026-07-24T11:51:29.598334+00:00,Crossref open metadata
"Offshore Renewable Energy: Ocean Waves, Tides and Offshore Wind",Unknown,2019,10.3390/books978-3-03897-593-9,crossref:10.3390/books978-3-03897-593-9,Crossref,,,https://doi.org/10.3390/books978-3-03897-593-9,offshore renewable energy EQF qualification framework micro-credential learning outcomes,2026-07-24T11:51:29.598245+00:00,Crossref open metadata
Strongly-coupled aeroelastic free-vortex wake framework for floating offshore wind turbine rotors. Part 1: Numerical framework,"Steven N. Rodriguez, Justin W. Jaworski",2019,10.1016/j.renene.2019.04.019,crossref:10.1016/j.renene.2019.04.019,Crossref,,Renewable Energy,https://doi.org/10.1016/j.renene.2019.04.019,offshore renewable energy EQF qualification framework micro-credential learning outcomes,2026-07-24T11:51:29.598219+00:00,Crossref open metadata
Indicators of energy efficiency in road and street lighting: a long way to more sustainable cities,"Antonio Peña-García, Evaristo Molero, Ovidio Rabaza",2025,10.52152/4511,crossref:10.52152/4511,Crossref,,Renewable Energy and Power Quality Journal,https://doi.org/10.52152/4511,renewable energy maritimisation marinization oceanisation hydrosocial de-base-re hypothesis verification indicators,2026-07-24T11:51:30.026902+00:00,Crossref open metadata
Identification and application of indicators for the assessment of pumped hydro storage projects with renewable energy generation,"N. Naval, M.P. Martínez, J.M Yusta",2024,10.52152/3921,crossref:10.52152/3921,Crossref,,RE&amp;PQJ,https://doi.org/10.52152/3921,renewable energy maritimisation marinization oceanisation hydrosocial de-base-re hypothesis verification indicators,2026-07-24T11:51:30.026855+00:00,Crossref open metadata
The Renewable Energy course at the Technical Engineering School of Barcelona,"Jordi de la Hoz, Alfredo de Blas, Ramon Bargallo Perpiñá",2024,10.24084/repqj02.238,crossref:10.24084/repqj02.238,Crossref,,RE&amp;PQJ,https://doi.org/10.24084/repqj02.238,renewable energy maritimisation marinization oceanisation hydrosocial de-base-re hypothesis verification indicators,2026-07-24T11:51:30.027010+00:00,Crossref open metadata
The Role of Municipalities in Renewable Energy Transition:  Providing Drinking Water Supply of Kocaeli Province with  Renewable Energy,"I. Gulsoy, M. Ozcan",2024,10.24084/repqj21.340,crossref:10.24084/repqj21.340,Crossref,,RE&amp;PQJ,https://doi.org/10.24084/repqj21.340,renewable energy maritimisation marinization oceanisation hydrosocial de-base-re hypothesis verification indicators,2026-07-24T11:51:30.027045+00:00,Crossref open metadata
Towards sustainable development: Investigating the effect of green financial indicators on renewable energy via the mediating variable,"Muhammad Junaid Bilal, Wasim Abbas Shaheen",2024,10.1016/j.renene.2023.119819,crossref:10.1016/j.renene.2023.119819,Crossref,,Renewable Energy,https://doi.org/10.1016/j.renene.2023.119819,renewable energy maritimisation marinization oceanisation hydrosocial de-base-re hypothesis verification indicators,2026-07-24T11:51:30.026945+00:00,Crossref open metadata
A path towards green revolution: How do competitive industrial performance and renewable energy consumption influence environmental quality indicators?,"Abdullah Emre Caglar, Bekir Emre Askin",2023,10.1016/j.renene.2023.01.080,crossref:10.1016/j.renene.2023.01.080,Crossref,,Renewable Energy,https://doi.org/10.1016/j.renene.2023.01.080,renewable energy maritimisation marinization oceanisation hydrosocial de-base-re hypothesis verification indicators,2026-07-24T11:51:30.026980+00:00,Crossref open metadata
Environmental sustainability and biomass energy consumption through the lens of pollution Haven hypothesis and renewable energy-environmental kuznets curve,"Syed Asif Ali Naqvi, Mehvish Hussain, Bilal Hussain, Syed Ale Raza Shah, Jawad Nazir, Muhammad Usman",2023,10.1016/j.renene.2023.04.127,crossref:10.1016/j.renene.2023.04.127,Crossref,,Renewable Energy,https://doi.org/10.1016/j.renene.2023.04.127,renewable energy maritimisation marinization oceanisation hydrosocial de-base-re hypothesis verification indicators,2026-07-24T11:51:30.027052+00:00,Crossref open metadata
Examining the agriculture induced Environmental Kuznets Curve hypothesis in BRICS economies: The role of renewable energy as a moderator,"Muhammad Ibrahim Shah, Hauwah K.K. AbdulKareem, Zulfiqar khan, Shujaat Abbas",2022,10.1016/j.renene.2022.08.052,crossref:10.1016/j.renene.2022.08.052,Crossref,,Renewable Energy,https://doi.org/10.1016/j.renene.2022.08.052,renewable energy maritimisation marinization oceanisation hydrosocial de-base-re hypothesis verification indicators,2026-07-24T11:51:30.026996+00:00,Crossref open metadata
Modelling the effect of renewable energy and public-private partnership in testing EKC hypothesis: Evidence from methods moment of quantile regression,"Qiang Yang, Jiale Huo, Najia Saqib, Haider Mahmood",2022,10.1016/j.renene.2022.03.123,crossref:10.1016/j.renene.2022.03.123,Crossref,,Renewable Energy,https://doi.org/10.1016/j.renene.2022.03.123,renewable energy maritimisation marinization oceanisation hydrosocial de-base-re hypothesis verification indicators,2026-07-24T11:51:30.026984+00:00,Crossref open metadata
Reconfigurable Smart Contracts for Renewable Energy Exchange with Re-Use of Verification Rules,Tomasz Górski,2022,10.3390/app12115339,crossref:10.3390/app12115339,Crossref,,Applied Sciences,https://doi.org/10.3390/app12115339,renewable energy maritimisation marinization oceanisation hydrosocial de-base-re hypothesis verification indicators,2026-07-24T11:51:30.026849+00:00,Crossref open metadata
Renewable energy led Economic Growth Hypothesis: Evidence from novel panel methods for N-11 economies,"Li Yang, Xiaoxiao Zhou, Xiaowei Feng",2022,10.1016/j.renene.2022.07.025,crossref:10.1016/j.renene.2022.07.025,Crossref,,Renewable Energy,https://doi.org/10.1016/j.renene.2022.07.025,renewable energy maritimisation marinization oceanisation hydrosocial de-base-re hypothesis verification indicators,2026-07-24T11:51:30.026992+00:00,Crossref open metadata
Renewable energy-led growth hypothesis: New insights from BRICS and N-11 economies,"Chiu-Lan Chang, Ming Fang",2022,10.1016/j.renene.2022.02.052,crossref:10.1016/j.renene.2022.02.052,Crossref,,Renewable Energy,https://doi.org/10.1016/j.renene.2022.02.052,renewable energy maritimisation marinization oceanisation hydrosocial de-base-re hypothesis verification indicators,2026-07-24T11:51:30.026884+00:00,Crossref open metadata
Revisiting Energy Consumption –Growth Hypothesis: The Renewable Energy –Asymmetries Perspectives,Duabari Silas Aziaka,2022,10.2139/ssrn.4186503,crossref:10.2139/ssrn.4186503,Crossref,,SSRN Electronic Journal,https://doi.org/10.2139/ssrn.4186503,renewable energy maritimisation marinization oceanisation hydrosocial de-base-re hypothesis verification indicators,2026-07-24T11:51:30.027021+00:00,Crossref open metadata
Sustainable Fishery and Renewable Energy in Perspective of Sustainable Development Goals (SDGs): Re-visiting SDG Indicators 7.2.1 and 14.7.1,Suyu Liu,2022,10.14207/ejsd.2022.v11n1p101,crossref:10.14207/ejsd.2022.v11n1p101,Crossref,,European Journal of Sustainable Development,https://doi.org/10.14207/ejsd.2022.v11n1p101,renewable energy maritimisation marinization oceanisation hydrosocial de-base-re hypothesis verification indicators,2026-07-24T11:51:30.026924+00:00,Crossref open metadata
Two-stage energy scheduling optimization model for complex industrial process and its industrial verification,"Yusha Hu, Yi Man",2022,10.1016/j.renene.2022.05.064,crossref:10.1016/j.renene.2022.05.064,Crossref,,Renewable Energy,https://doi.org/10.1016/j.renene.2022.05.064,renewable energy maritimisation marinization oceanisation hydrosocial de-base-re hypothesis verification indicators,2026-07-24T11:51:30.026955+00:00,Crossref open metadata
Bibliometric analysis of renewable energy types using key performance indicators and multicriteria decision models,"Mirian Bortoluzzi, Celso Correia de Souza, Marcelo Furlan",2021,10.1016/j.rser.2021.110958,crossref:10.1016/j.rser.2021.110958,Crossref,,Renewable and Sustainable Energy Reviews,https://doi.org/10.1016/j.rser.2021.110958,renewable energy maritimisation marinization oceanisation hydrosocial de-base-re hypothesis verification indicators,2026-07-24T11:51:30.026877+00:00,Crossref open metadata
Geo-Climatic Early-Design Tools and Indicators,Giacomo Chiesa,2019,10.1007/978-3-030-18488-9_43,crossref:10.1007/978-3-030-18488-9_43,Crossref,,Innovative Renewable Energy,https://doi.org/10.1007/978-3-030-18488-9_43,renewable energy maritimisation marinization oceanisation hydrosocial de-base-re hypothesis verification indicators,2026-07-24T11:51:30.027035+00:00,Crossref open metadata
Geothermal re-injection performance evaluation using surveillance analysis methods,Serhat Akin,2019,10.1016/j.renene.2019.02.075,crossref:10.1016/j.renene.2019.02.075,Crossref,,Renewable Energy,https://doi.org/10.1016/j.renene.2019.02.075,renewable energy maritimisation marinization oceanisation hydrosocial de-base-re hypothesis verification indicators,2026-07-24T11:51:30.027006+00:00,Crossref open metadata
Mapping the Research Landscape of Renewable Energy Solutions for Sustainable Maritime Transport: A Bibliometric Analysis (2016–2025),"Mahmoud Ahmed Abdo Hamza, Nirmeen Elsayed, Tasnim Ahmed Youssef, Ziad Ahmed, Dima Salah",2026,10.21622/marlog.2026.15.1.49,crossref:10.21622/marlog.2026.15.1.49,Crossref,,International Maritime Transport and Logistic Journal,https://doi.org/10.21622/marlog.2026.15.1.49,renewable energy qmbd axis translation marine maritime oceanic hydronization theory terms taxonomy mapping,2026-07-24T11:51:31.963201+00:00,Crossref open metadata
Sustainable maritime energy management: optimizing decision-making for marine fuels and renewable energy integration,Mohammed Alghassab,2026,10.7717/peerj-cs.3625,crossref:10.7717/peerj-cs.3625,Crossref,,PeerJ Computer Science,https://doi.org/10.7717/peerj-cs.3625,renewable energy qmbd axis translation marine maritime oceanic hydronization theory terms taxonomy mapping,2026-07-24T11:51:31.963020+00:00,Crossref open metadata
A Holistic Study on Renewable Energy Solutions for Marine Vessels,Nur Amirah Ishak,2025,10.66352/ajms.v5i1.47,crossref:10.66352/ajms.v5i1.47,Crossref,,ALAM Journal of Maritime Studies,https://doi.org/10.66352/ajms.v5i1.47,renewable energy qmbd axis translation marine maritime oceanic hydronization theory terms taxonomy mapping,2026-07-24T11:51:31.963080+00:00,Crossref open metadata
"Renewable Energy in the Marine Environment: An Environmental Imperative, Awareness, and Action Towards a Greener Maritime Sector","Phan Trung Hai, Dang Thi Minh Nguyet",2025,10.55677/craj/09-2025-vol02i05,crossref:10.55677/craj/09-2025-vol02i05,Crossref,,Contemporary Research Analysis Journal,https://doi.org/10.55677/craj/09-2025-vol02i05,renewable energy qmbd axis translation marine maritime oceanic hydronization theory terms taxonomy mapping,2026-07-24T11:51:31.963073+00:00,Crossref open metadata
Renewable energy-based electrical microgrid of cold ironing energy supply for berthed ships,"Yunus Emre ŞENOL, Alper SEYHAN",2024,10.52998/trjmms.1372732,crossref:10.52998/trjmms.1372732,Crossref,,Turkish Journal of Maritime and Marine Sciences,https://doi.org/10.52998/trjmms.1372732,renewable energy qmbd axis translation marine maritime oceanic hydronization theory terms taxonomy mapping,2026-07-24T11:51:31.963041+00:00,Crossref open metadata
Marine Energy Sources for Decarbonization of Mediterranean Regions Through Maritime Spatial Planning,"Riccardo Maria Pulselli, Saverio Mecca, Simone Bastianoni",2023,10.1007/978-3-031-33148-0_29,crossref:10.1007/978-3-031-33148-0_29,Crossref,,Innovative Renewable Energy,https://doi.org/10.1007/978-3-031-33148-0_29,renewable energy qmbd axis translation marine maritime oceanic hydronization theory terms taxonomy mapping,2026-07-24T11:51:31.963125+00:00,Crossref open metadata
Global oceanic wave energy resource dataset—with the Maritime Silk Road as a case study,Chong-wei Zheng,2021,10.1016/j.renene.2021.01.058,crossref:10.1016/j.renene.2021.01.058,Crossref,,Renewable Energy,https://doi.org/10.1016/j.renene.2021.01.058,renewable energy qmbd axis translation marine maritime oceanic hydronization theory terms taxonomy mapping,2026-07-24T11:51:31.962955+00:00,Crossref open metadata
Marine renewable energy and maritime spatial planning in Spain: Main challenges and recommendations,"Pablo Quero García, Javier García Sanabria, Juan Adolfo Chica Ruiz",2021,10.1016/j.marpol.2021.104444,crossref:10.1016/j.marpol.2021.104444,Crossref,,Marine Policy,https://doi.org/10.1016/j.marpol.2021.104444,renewable energy qmbd axis translation marine maritime oceanic hydronization theory terms taxonomy mapping,2026-07-24T11:51:31.963029+00:00,Crossref open metadata
Flow structures in wake of a pile-supported horizontal axis tidal stream turbine,"Jisheng Zhang, Xiangfeng Lin, Risheng Wang, Yakun Guo, Can Zhang, Yuquan Zhang",2020,10.1016/j.renene.2019.10.017,crossref:10.1016/j.renene.2019.10.017,Crossref,,Renewable Energy,https://doi.org/10.1016/j.renene.2019.10.017,renewable energy qmbd axis translation marine maritime oceanic hydronization theory terms taxonomy mapping,2026-07-24T11:51:31.963012+00:00,Crossref open metadata
Renewable Energy and Oceanic Structures: Part III,"José A.F.O. Correia, Paulo Mendes, Tiago Fazeres-Ferradosa, Shun-Peng Zhu",2020,10.1680/jmaen.2020.173.1.1,crossref:10.1680/jmaen.2020.173.1.1,Crossref,,Proceedings of the Institution of Civil Engineers - Maritime Engineering,https://doi.org/10.1680/jmaen.2020.173.1.1,renewable energy qmbd axis translation marine maritime oceanic hydronization theory terms taxonomy mapping,2026-07-24T11:51:31.963099+00:00,Crossref open metadata
Renewable Energy and Oceanic Structures: Part IV,"José A.F.O. Correia, Tiago Fazeres-Ferradosa, Shun-Peng Zhu, Abílio M.P. De Jesus",2020,10.1680/jmaen.2020.173.2.30,crossref:10.1680/jmaen.2020.173.2.30,Crossref,,Proceedings of the Institution of Civil Engineers - Maritime Engineering,https://doi.org/10.1680/jmaen.2020.173.2.30,renewable energy qmbd axis translation marine maritime oceanic hydronization theory terms taxonomy mapping,2026-07-24T11:51:31.963145+00:00,Crossref open metadata
The evolution of turbulence characteristics in the wake of a horizontal axis tidal stream turbine,"Mohammad H.B. Ahmadi, Zhiyin Yang",2020,10.1016/j.renene.2019.11.092,crossref:10.1016/j.renene.2019.11.092,Crossref,,Renewable Energy,https://doi.org/10.1016/j.renene.2019.11.092,renewable energy qmbd axis translation marine maritime oceanic hydronization theory terms taxonomy mapping,2026-07-24T11:51:31.963033+00:00,Crossref open metadata
A neural network approach to enhance blade element momentum theory performance for horizontal axis hydrokinetic turbine application,"Abdulaziz Abutunis, Rafid Hussein, K. Chandrashekhara",2019,10.1016/j.renene.2018.09.105,crossref:10.1016/j.renene.2018.09.105,Crossref,,Renewable Energy,https://doi.org/10.1016/j.renene.2018.09.105,renewable energy qmbd axis translation marine maritime oceanic hydronization theory terms taxonomy mapping,2026-07-24T11:51:31.963048+00:00,Crossref open metadata
All Hands on Deck: Vietnam Embraces the Blue Economy,Carlyle A. Thayer,2026,10.1142/9789819831241_0008,crossref:10.1142/9789819831241_0008,Crossref,,Maritime Security and the Blue Economy in Southeast Asia,https://doi.org/10.1142/9789819831241_0008,maritime security governance blue economy,2026-07-24T11:51:33.837249+00:00,Crossref open metadata
ASEAN and China: Competition for Maritime Security,Laura Southgate,2026,10.1142/9789819831241_0004,crossref:10.1142/9789819831241_0004,Crossref,,Maritime Security and the Blue Economy in Southeast Asia,https://doi.org/10.1142/9789819831241_0004,maritime security governance blue economy,2026-07-24T11:51:33.837242+00:00,Crossref open metadata
BACK MATTER,Unknown,2026,10.1142/9789819831241_bmatter,crossref:10.1142/9789819831241_bmatter,Crossref,,Maritime Security and the Blue Economy in Southeast Asia,https://doi.org/10.1142/9789819831241_bmatter,maritime security governance blue economy,2026-07-24T11:51:33.837259+00:00,Crossref open metadata
"Blockchain Technology in Maritime Supply Chains: A Review of Transparency, Traceability, and Governance Impacts",Kim Corbin,2026,10.61424/jmbem.v1i1.892,crossref:10.61424/jmbem.v1i1.892,Crossref,,Journal of Maritime and Blue Economy Management,https://doi.org/10.61424/jmbem.v1i1.892,maritime security governance blue economy,2026-07-24T11:51:33.837262+00:00,Crossref open metadata
Blue Economy in Tanzania: Policy Gaps in Food Security and Climate Resilience,"Eliud Mugendi, Joshua Sebu",2026,10.1007/978-3-032-25364-4_4,crossref:10.1007/978-3-032-25364-4_4,Crossref,,Palgrave Studies in Maritime Economics,https://doi.org/10.1007/978-3-032-25364-4_4,maritime security governance blue economy,2026-07-24T11:51:33.837442+00:00,Crossref open metadata
International ocean governance framework shaping European maritime planning and innovations for sustainable blue economy and climate resilience,Patrycja Enet,2026,10.3389/focsu.2026.1820278,crossref:10.3389/focsu.2026.1820278,Crossref,,Frontiers in Ocean Sustainability,https://doi.org/10.3389/focsu.2026.1820278,maritime security governance blue economy,2026-07-24T11:51:33.837433+00:00,Crossref open metadata
"Legal Pluralism, Maritime Security, and the Blue Economy","Benson Nyamweno Nyamweno, Nyamira Enock Nyamira",2026,10.64403/a58mpr23,crossref:10.64403/a58mpr23,Crossref,,National Security: A Journal of the National Defence University-Kenya,https://doi.org/10.64403/a58mpr23,maritime security governance blue economy,2026-07-24T11:51:33.837252+00:00,Crossref open metadata
Linkages Between Maritime Security and the Blue Economy in Southeast Asia,Robert Pomeroy,2026,10.1142/9789819831241_0002,crossref:10.1142/9789819831241_0002,Crossref,,Maritime Security and the Blue Economy in Southeast Asia,https://doi.org/10.1142/9789819831241_0002,maritime security governance blue economy,2026-07-24T11:51:33.837210+00:00,Crossref open metadata
Maritime governance and the blue economy: Between strategic ambitions and implementation constraints (a systematic review of literature),"Rajae Idrissi, Youssef Pheniqi",2026,10.5937/imcsm26693j,crossref:10.5937/imcsm26693j,Crossref,,IMCSM26 Book of Proceedings - zbornik radova,https://doi.org/10.5937/imcsm26693j,maritime security governance blue economy,2026-07-24T11:51:33.837405+00:00,Crossref open metadata
Maritime Security and the Blue Economy in Southeast Asia,"Rosalie Arcala Hall, Alexander C Tan",2026,10.1142/14822,crossref:10.1142/14822,Crossref,,,https://doi.org/10.1142/14822,maritime security governance blue economy,2026-07-24T11:51:33.837327+00:00,Crossref open metadata
Maritime Security in Ghana’s Blue Economy: Exploring Socio-Economic Realities and Governance,Elsie Amelia Tachie-Menson,2026,10.63990/afsol.v6i2.13168,crossref:10.63990/afsol.v6i2.13168,Crossref,,The Journal on African-Centred Solutions in Peace and Security,https://doi.org/10.63990/afsol.v6i2.13168,maritime security governance blue economy,2026-07-24T11:51:33.837220+00:00,Crossref open metadata
Safeguarding the Seas and Promoting a Sustainable Blue Economy Through Maritime Security,Burak Şakir Şeker,2026,10.4018/979-8-3373-5238-1.ch010,crossref:10.4018/979-8-3373-5238-1.ch010,Crossref,,Advances in Computational Intelligence and Robotics,https://doi.org/10.4018/979-8-3373-5238-1.ch010,maritime security governance blue economy,2026-07-24T11:51:33.837370+00:00,Crossref open metadata
"Science Diplomacy, the Blue Economy, and Fisheries",Benjamin M. Vallejo,2026,10.1142/9789819831241_0003,crossref:10.1142/9789819831241_0003,Crossref,,Maritime Security and the Blue Economy in Southeast Asia,https://doi.org/10.1142/9789819831241_0003,maritime security governance blue economy,2026-07-24T11:51:33.837245+00:00,Crossref open metadata
Synchronizing India’s Maritime Security and Blue Economy: A Sustainable Development Approach,"Mukund Narvenkar, Rahul Tripathi",2026,10.22429/euc2026.jmr23.1.17,crossref:10.22429/euc2026.jmr23.1.17,Crossref,,Journal of Maritime Research,https://doi.org/10.22429/euc2026.jmr23.1.17,maritime security governance blue economy,2026-07-24T11:51:33.837331+00:00,Crossref open metadata
The Quasi-Civilianization of the Maritime Sector in Indonesia: Pathways and Implications,I Gusti Bagus Dharma Agastia,2026,10.1142/9789819831241_0009,crossref:10.1142/9789819831241_0009,Crossref,,Maritime Security and the Blue Economy in Southeast Asia,https://doi.org/10.1142/9789819831241_0009,maritime security governance blue economy,2026-07-24T11:51:33.837377+00:00,Crossref open metadata
Waves of Disjoint: Maritime Security and the Fisheries Sector in the Philippines,"Rosalie Arcala Hall, Juhn Chris P. Espia",2026,10.1142/9789819831241_0006,crossref:10.1142/9789819831241_0006,Crossref,,Maritime Security and the Blue Economy in Southeast Asia,https://doi.org/10.1142/9789819831241_0006,maritime security governance blue economy,2026-07-24T11:51:33.837335+00:00,Crossref open metadata
Who Goes There? Networked and Nested Governance in the Philippines’ Southern Maritime Frontier,"Rosalie Arcala Hall, Farisal Ungkakay-Bagsit",2026,10.1142/9789819831241_0007,crossref:10.1142/9789819831241_0007,Crossref,,Maritime Security and the Blue Economy in Southeast Asia,https://doi.org/10.1142/9789819831241_0007,maritime security governance blue economy,2026-07-24T11:51:33.837228+00:00,Crossref open metadata
952.1 A Green-Blue Economy? The case of offshore wind power,"Espen Moe, Mathias Shabanaj Jankila",2025,10.1515/9783111195544-009,crossref:10.1515/9783111195544-009,Crossref,,De Gruyter Handbook of Ocean Governance and Maritime Affairs,https://doi.org/10.1515/9783111195544-009,maritime security governance blue economy,2026-07-24T11:51:33.837449+00:00,Crossref open metadata
"Integrating Technology, Sustainability, and the Blue Economy to Strengthen Maritime Security and Climate Resilience under Oman’s Vision 2040",Unknown,2025,10.55463/hkjss.issn.1021-3619.66.9,crossref:10.55463/hkjss.issn.1021-3619.66.9,Crossref,,Hong Kong Journal of Social Sciences,https://doi.org/10.55463/hkjss.issn.1021-3619.66.9,maritime security governance blue economy,2026-07-24T11:51:33.837419+00:00,Crossref open metadata
Maritime governance laws in Nigeria: catalyst for advancement of blue finance and blue economy,Andrew Aondohemba Chenge,2025,10.1504/ijplap.2025.10072767,crossref:10.1504/ijplap.2025.10072767,Crossref,,International Journal of Public Law and Policy,https://doi.org/10.1504/ijplap.2025.10072767,maritime security governance blue economy,2026-07-24T11:51:33.837349+00:00,Crossref open metadata
NAVIGATING THE DARK SIDE OF THE BLUE ECONOMY: INTEGRATING BLUE CRIME GOVERNANCE INTO SUSTAINABLE OCEAN DEVELOPMENT,"ALI UMAR AHMAD, MARHAINI MOHD NOOR, JAGAN JEEVAN",2025,10.46754/jml.2025.12.003,crossref:10.46754/jml.2025.12.003,Crossref,,Journal of Maritime Logistics,https://doi.org/10.46754/jml.2025.12.003,maritime security governance blue economy,2026-07-24T11:51:33.837381+00:00,Crossref open metadata
Maritime security and blue economy development in Nigeria: A structural equation model,"Emenyonu Martin Uchenna, Chinedum Onyemechi, G. C. Emeaghara, I. C. Nze, O. B. Ndikom",2024,10.33175/mtr.2025.272954,crossref:10.33175/mtr.2025.272954,Crossref,,Maritime Technology and Research,https://doi.org/10.33175/mtr.2025.272954,maritime security governance blue economy,2026-07-24T11:51:33.837415+00:00,Crossref open metadata
The Blue Economy and Chinese Maritime Power,Kathleen A. Walsh,2024,10.1201/9781003396116-4,crossref:10.1201/9781003396116-4,Crossref,,China's Blue Economy,https://doi.org/10.1201/9781003396116-4,maritime security governance blue economy,2026-07-24T11:51:33.837391+00:00,Crossref open metadata
Blue Economy and Smart Sea Transport Systems,"Girish Chandrakant Gujar, Adolf K. Y. Ng",2023,10.1007/978-3-031-21634-3,crossref:10.1007/978-3-031-21634-3,Crossref,,SpringerBriefs in Geography,https://doi.org/10.1007/978-3-031-21634-3,maritime security governance blue economy,2026-07-24T11:51:33.837395+00:00,Crossref open metadata
Coastal and Port Security,"Girish Chandrakant Gujar, Adolf K. Y. Ng",2023,10.1007/978-3-031-21634-3_4,crossref:10.1007/978-3-031-21634-3_4,Crossref,,SpringerBriefs in Geography,https://doi.org/10.1007/978-3-031-21634-3_4,maritime security governance blue economy,2026-07-24T11:51:33.837401+00:00,Crossref open metadata
Maritime Clusters,"Girish Chandrakant Gujar, Adolf K. Y. Ng",2023,10.1007/978-3-031-21634-3_7,crossref:10.1007/978-3-031-21634-3_7,Crossref,,SpringerBriefs in Geography,https://doi.org/10.1007/978-3-031-21634-3_7,maritime security governance blue economy,2026-07-24T11:51:33.837356+00:00,Crossref open metadata
Maritime Security: Call of the Seas,"Girish Chandrakant Gujar, Adolf K. Y. Ng",2023,10.1007/978-3-031-21634-3_2,crossref:10.1007/978-3-031-21634-3_2,Crossref,,SpringerBriefs in Geography,https://doi.org/10.1007/978-3-031-21634-3_2,maritime security governance blue economy,2026-07-24T11:51:33.837323+00:00,Crossref open metadata
"The Pandemic, the Blue Economy, and the Way Forward","Girish Chandrakant Gujar, Adolf K. Y. Ng",2023,10.1007/978-3-031-21634-3_9,crossref:10.1007/978-3-031-21634-3_9,Crossref,,SpringerBriefs in Geography,https://doi.org/10.1007/978-3-031-21634-3_9,maritime security governance blue economy,2026-07-24T11:51:33.837363+00:00,Crossref open metadata
Blue Economy Beyond Maritime Economics,Thauan Santos,2022,10.4324/9781003298984-18,crossref:10.4324/9781003298984-18,Crossref,,Power and the Maritime Domain,https://doi.org/10.4324/9781003298984-18,maritime security governance blue economy,2026-07-24T11:51:33.837429+00:00,Crossref open metadata
Global Maritime Security Governance,James Sperling,2022,10.4324/9781003001324-8,crossref:10.4324/9781003001324-8,Crossref,,Routledge Handbook of Maritime Security,https://doi.org/10.4324/9781003001324-8,maritime security governance blue economy,2026-07-24T11:51:33.837366+00:00,Crossref open metadata
Global Political Ethnography: A Methodological Approach to Studying Maritime Security Governance,Jessica Larsen,2022,10.4324/9781003001324-12,crossref:10.4324/9781003001324-12,Crossref,,Routledge Handbook of Maritime Security,https://doi.org/10.4324/9781003001324-12,maritime security governance blue economy,2026-07-24T11:51:33.837423+00:00,Crossref open metadata
Maritime Security and the Blue Economy,Anja Menzel,2022,10.4324/9781003001324-25,crossref:10.4324/9781003001324-25,Crossref,,Routledge Handbook of Maritime Security,https://doi.org/10.4324/9781003001324-25,maritime security governance blue economy,2026-07-24T11:51:33.837189+00:00,Crossref open metadata
Blue Governance in the Arctic and Antarctic,Geir Hønneland,2021,10.1007/978-3-030-72585-3,crossref:10.1007/978-3-030-72585-3,Crossref,,Palgrave Studies in Maritime Politics and Security,https://doi.org/10.1007/978-3-030-72585-3,maritime security governance blue economy,2026-07-24T11:51:33.837452+00:00,Crossref open metadata
Maritime safety and security,Jade Lindley,2021,10.4324/9780367822729-5,crossref:10.4324/9780367822729-5,Crossref,,The Blue Economy in Sub-Saharan Africa,https://doi.org/10.4324/9780367822729-5,maritime security governance blue economy,2026-07-24T11:51:33.837338+00:00,Crossref open metadata
Role of sustainable development in BIMSTEC maritime security and blue economy framework,Swati Ganeshan,2021,10.4324/9781003230687-13,crossref:10.4324/9781003230687-13,Crossref,,New Futures for BIMSTEC,https://doi.org/10.4324/9781003230687-13,maritime security governance blue economy,2026-07-24T11:51:33.837319+00:00,Crossref open metadata
India’s Maritime Security and Policy: An Imperative for the Blue Economy,Rashmi Singh,2019,10.1007/978-981-13-2020-0_17,crossref:10.1007/978-981-13-2020-0_17,Crossref,,India in South Asia,https://doi.org/10.1007/978-981-13-2020-0_17,maritime security governance blue economy,2026-07-24T11:51:33.837385+00:00,Crossref open metadata
NATO Maritime Strategies and Naval Operations since 1985: Multilateral Naval Arrangements in the “Tanker War”,Tom Duffy,2025,10.5771/9783748962991-99,crossref:10.5771/9783748962991-99,Crossref,,Guardians of the North Atlantic,https://doi.org/10.5771/9783748962991-99,naval operations maritime domain awareness surveillance,2026-07-24T11:51:34.494365+00:00,Crossref open metadata
Situational Awareness Enhancement using Radar Systems for Maritime and Naval Operations,"Jesper Lidh, Jonna Nilsson, Saleh Javadi",2025,10.1109/igarss55030.2025.11242687,crossref:10.1109/igarss55030.2025.11242687,Crossref,,IGARSS 2025 - 2025 IEEE International Geoscience and Remote Sensing Symposium,https://doi.org/10.1109/igarss55030.2025.11242687,naval operations maritime domain awareness surveillance,2026-07-24T11:51:34.494376+00:00,Crossref open metadata
Concientización del dominio marítimo y la logística naval,Gustavo Andrés Guerra La Rotta,2024,10.25062/2500-4735.4896,crossref:10.25062/2500-4735.4896,Crossref,,Ensayos sobre Estrategia Marítima,https://doi.org/10.25062/2500-4735.4896,naval operations maritime domain awareness surveillance,2026-07-24T11:51:34.494362+00:00,Crossref open metadata
Fishing Vessels,Sean A. G. Andrews,2024,10.4324/9781032641928-3,crossref:10.4324/9781032641928-3,Crossref,,Naval Constabulary Operations and Fisheries Governance,https://doi.org/10.4324/9781032641928-3,naval operations maritime domain awareness surveillance,2026-07-24T11:51:34.494326+00:00,Crossref open metadata
Framing Australia's Maritime Domain,Sean A. G. Andrews,2024,10.4324/9781032641928-2,crossref:10.4324/9781032641928-2,Crossref,,Naval Constabulary Operations and Fisheries Governance,https://doi.org/10.4324/9781032641928-2,naval operations maritime domain awareness surveillance,2026-07-24T11:51:34.494279+00:00,Crossref open metadata
Maritime Militias: Disrupting Naval Operations in the Pacific Theater and the Case for Intermediate Force Capabilities in the Maritime Domain,Peter Dobias,2024,10.21140/mcuj.20241502001,crossref:10.21140/mcuj.20241502001,Crossref,,Journal of Advanced Military Studies,https://doi.org/10.21140/mcuj.20241502001,naval operations maritime domain awareness surveillance,2026-07-24T11:51:34.494388+00:00,Crossref open metadata
Naval Constabulary Operations and Fisheries Governance,Sean A. G. Andrews,2024,10.4324/9781032641928,crossref:10.4324/9781032641928,Crossref,,,https://doi.org/10.4324/9781032641928,naval operations maritime domain awareness surveillance,2026-07-24T11:51:34.494306+00:00,Crossref open metadata
The Eastern Ocean,Sean A. G. Andrews,2024,10.4324/9781032641928-6,crossref:10.4324/9781032641928-6,Crossref,,Naval Constabulary Operations and Fisheries Governance,https://doi.org/10.4324/9781032641928-6,naval operations maritime domain awareness surveillance,2026-07-24T11:51:34.494336+00:00,Crossref open metadata
The Northern Ocean,Sean A. G. Andrews,2024,10.4324/9781032641928-8,crossref:10.4324/9781032641928-8,Crossref,,Naval Constabulary Operations and Fisheries Governance,https://doi.org/10.4324/9781032641928-8,naval operations maritime domain awareness surveillance,2026-07-24T11:51:34.494339+00:00,Crossref open metadata
The Southern Ocean,Sean A. G. Andrews,2024,10.4324/9781032641928-7,crossref:10.4324/9781032641928-7,Crossref,,Naval Constabulary Operations and Fisheries Governance,https://doi.org/10.4324/9781032641928-7,naval operations maritime domain awareness surveillance,2026-07-24T11:51:34.494329+00:00,Crossref open metadata
The Western Ocean,Sean A. G. Andrews,2024,10.4324/9781032641928-5,crossref:10.4324/9781032641928-5,Crossref,,Naval Constabulary Operations and Fisheries Governance,https://doi.org/10.4324/9781032641928-5,naval operations maritime domain awareness surveillance,2026-07-24T11:51:34.494333+00:00,Crossref open metadata
Trends in the Maritime Domain,Sean A. G. Andrews,2024,10.4324/9781032641928-4,crossref:10.4324/9781032641928-4,Crossref,,Naval Constabulary Operations and Fisheries Governance,https://doi.org/10.4324/9781032641928-4,naval operations maritime domain awareness surveillance,2026-07-24T11:51:34.494300+00:00,Crossref open metadata
Keynote: Multi-domain situational awareness - From the underwater to the space domain to improve maritime surveillance,Paolo Braca,2022,10.1109/cogsima54611.2022.9830685,crossref:10.1109/cogsima54611.2022.9830685,Crossref,,2022 IEEE Conference on Cognitive and Computational Aspects of Situation Management (CogSIMA),https://doi.org/10.1109/cogsima54611.2022.9830685,naval operations maritime domain awareness surveillance,2026-07-24T11:51:34.494349+00:00,Crossref open metadata
Non-military Naval Operations,Unknown,2022,10.5040/9798881813840.ch-7,crossref:10.5040/9798881813840.ch-7,Crossref,,Principles of Maritime Power,https://doi.org/10.5040/9798881813840.ch-7,naval operations maritime domain awareness surveillance,2026-07-24T11:51:34.494427+00:00,Crossref open metadata
INTEGRATED MARITIME DOMAIN INFORMATION AWARENESS,Sumali Morapitiya,2021,10.36375/prepare_u.iei.a175,crossref:10.36375/prepare_u.iei.a175,Crossref,,,https://doi.org/10.36375/prepare_u.iei.a175,naval operations maritime domain awareness surveillance,2026-07-24T11:51:34.494395+00:00,Crossref open metadata
INTEGRATED MARITIME DOMAIN INFORMATIONS AWARENESS,"Sumali Morapitiya, Wiraj Leelarathna, Ruwan Bolongho",2021,10.36375/prepare_u.iei.a188,crossref:10.36375/prepare_u.iei.a188,Crossref,,,https://doi.org/10.36375/prepare_u.iei.a188,naval operations maritime domain awareness surveillance,2026-07-24T11:51:34.494479+00:00,Crossref open metadata
Security mechanism for maritime territory and frontier surveillance in naval operations using wireless sensor networks,"Usha Jain, Muzzammil Hussain",2021,10.1002/cpe.6300,crossref:10.1002/cpe.6300,Crossref,,Concurrency and Computation: Practice and Experience,https://doi.org/10.1002/cpe.6300,naval operations maritime domain awareness surveillance,2026-07-24T11:51:34.494487+00:00,Crossref open metadata
After Nord Stream: four security dilemmas in critical maritime infrastructure protection,Andrew W Neal,2026,10.1093/ia/iiaf229,crossref:10.1093/ia/iiaf229,Crossref,,International Affairs,https://doi.org/10.1093/ia/iiaf229,critical maritime infrastructure protection governance,2026-07-24T11:51:34.974330+00:00,Crossref open metadata
Critical thinking: exploring the expansion of critical infrastructure,Russell Lundberg,2026,10.1016/j.ijcip.2025.100814,crossref:10.1016/j.ijcip.2025.100814,Crossref,,International Journal of Critical Infrastructure Protection,https://doi.org/10.1016/j.ijcip.2025.100814,critical maritime infrastructure protection governance,2026-07-24T11:51:34.974343+00:00,Crossref open metadata
Securing Digital Corridors Under Hybrid Threats:Extending SDAF to Cybersecurity Governance of Critical Maritime Infrastructure in Geopolitical Flux,"Rahid Zahid Alekberli, Hikmat Karimov",2026,10.20944/preprints202605.0307.v1,crossref:10.20944/preprints202605.0307.v1,Crossref,,,https://doi.org/10.20944/preprints202605.0307.v1,critical maritime infrastructure protection governance,2026-07-24T11:51:34.974309+00:00,Crossref open metadata
Black Sea Offshore Energy Infrastructure Protection and Defense,Mihai Știr,2025,10.1007/978-94-024-2300-6_11,crossref:10.1007/978-94-024-2300-6_11,Crossref,,NATO Science for Peace and Security Series C: Environmental Security,https://doi.org/10.1007/978-94-024-2300-6_11,critical maritime infrastructure protection governance,2026-07-24T11:51:34.974272+00:00,Crossref open metadata
Critical Maritime Infrastructure in the North and Norwegian Seas: Navigating Security Challenges in the Green Energy Transition,Andrew W. Neal,2025,10.1007/978-94-024-2300-6_10,crossref:10.1007/978-94-024-2300-6_10,Crossref,,NATO Science for Peace and Security Series C: Environmental Security,https://doi.org/10.1007/978-94-024-2300-6_10,critical maritime infrastructure protection governance,2026-07-24T11:51:34.974299+00:00,Crossref open metadata
In the Crosshairs: Hybrid Threats and the Challenge to Maritime Infrastructure,"Sergiu Mitrescu, Martin Sokolov",2025,10.1007/978-94-024-2300-6_6,crossref:10.1007/978-94-024-2300-6_6,Crossref,,NATO Science for Peace and Security Series C: Environmental Security,https://doi.org/10.1007/978-94-024-2300-6_6,critical maritime infrastructure protection governance,2026-07-24T11:51:34.974306+00:00,Crossref open metadata
On Critical Infrastructure,Sergiu Mitrescu,2025,10.1007/978-94-024-2300-6_1,crossref:10.1007/978-94-024-2300-6_1,Crossref,,NATO Science for Peace and Security Series C: Environmental Security,https://doi.org/10.1007/978-94-024-2300-6_1,critical maritime infrastructure protection governance,2026-07-24T11:51:34.974288+00:00,Crossref open metadata
Protection of critical infrastructure facilities in Southern Ukraine as an important element of ensuring maritime security in war conditions,Oleksandr Yuriyovych Konev,2025,10.30525/978-9934-26-645-4-27,crossref:10.30525/978-9934-26-645-4-27,Crossref,,MARITIME SECURITY OF THE BALTIC-BLACK SEA REGION: CHALLENGES AND THREATS,https://doi.org/10.30525/978-9934-26-645-4-27,critical maritime infrastructure protection governance,2026-07-24T11:51:34.974399+00:00,Crossref open metadata
Advancing coordination in critical maritime infrastructure protection: Lessons from maritime piracy and cybersecurity,"Tobias Liebetrau, Christian Bueger",2024,10.1016/j.ijcip.2024.100683,crossref:10.1016/j.ijcip.2024.100683,Crossref,,International Journal of Critical Infrastructure Protection,https://doi.org/10.1016/j.ijcip.2024.100683,critical maritime infrastructure protection governance,2026-07-24T11:51:34.974236+00:00,Crossref open metadata
Critical Entities Resilience,Roberto Setola,2024,10.1016/s1874-5482(24)00029-5,crossref:10.1016/s1874-5482(24)00029-5,Crossref,,International Journal of Critical Infrastructure Protection,https://doi.org/10.1016/s1874-5482(24)00029-5,critical maritime infrastructure protection governance,2026-07-24T11:51:34.974446+00:00,Crossref open metadata
Cyber risk assessment of cyber-enabled autonomous cargo vessel,"Awais Yousaf, Ahmed Amro, Philip Teow Huat Kwa, Meixuan Li, Jianying Zhou",2024,10.1016/j.ijcip.2024.100695,crossref:10.1016/j.ijcip.2024.100695,Crossref,,International Journal of Critical Infrastructure Protection,https://doi.org/10.1016/j.ijcip.2024.100695,critical maritime infrastructure protection governance,2026-07-24T11:51:34.974353+00:00,Crossref open metadata
Editorial,Unknown,2024,10.1016/s1874-5482(24)00008-8,crossref:10.1016/s1874-5482(24)00008-8,Crossref,,International Journal of Critical Infrastructure Protection,https://doi.org/10.1016/s1874-5482(24)00008-8,critical maritime infrastructure protection governance,2026-07-24T11:51:34.974413+00:00,Crossref open metadata
Protecting Critical Infrastructure: Methods and Techniques,Krzysztof Wysocki,2024,10.1007/978-3-031-60167-5_3,crossref:10.1007/978-3-031-60167-5_3,Crossref,,Civil Protection Systems and Disaster Governance,https://doi.org/10.1007/978-3-031-60167-5_3,critical maritime infrastructure protection governance,2026-07-24T11:51:34.974396+00:00,Crossref open metadata
Critical maritime infrastructure protection: What’s the trouble?,"Christian Bueger, Tobias Liebetrau",2023,10.1016/j.marpol.2023.105772,crossref:10.1016/j.marpol.2023.105772,Crossref,,Marine Policy,https://doi.org/10.1016/j.marpol.2023.105772,critical maritime infrastructure protection governance,2026-07-24T11:51:34.974292+00:00,Crossref open metadata
National and international maritime situational awareness model examples and the effects of North Stream Pipelines sabotage,"Tolga Ahmet Gülcan, Kadir Emrah Erginer",2023,10.1016/j.ijcip.2023.100624,crossref:10.1016/j.ijcip.2023.100624,Crossref,,International Journal of Critical Infrastructure Protection,https://doi.org/10.1016/j.ijcip.2023.100624,critical maritime infrastructure protection governance,2026-07-24T11:51:34.974284+00:00,Crossref open metadata
New threats and research problems for critical infrastructure,Roberto Setola,2023,10.1016/s1874-5482(23)00042-2,crossref:10.1016/s1874-5482(23)00042-2,Crossref,,International Journal of Critical Infrastructure Protection,https://doi.org/10.1016/s1874-5482(23)00042-2,critical maritime infrastructure protection governance,2026-07-24T11:51:34.974389+00:00,Crossref open metadata
Developments and research directions in maritime cybersecurity: A systematic literature review and bibliometric analysis,"Victor Bolbot, Ketki Kulkarni, Päivi Brunou, Osiris Valdez Banda, Mashrura Musharraf",2022,10.1016/j.ijcip.2022.100571,crossref:10.1016/j.ijcip.2022.100571,Crossref,,International Journal of Critical Infrastructure Protection,https://doi.org/10.1016/j.ijcip.2022.100571,critical maritime infrastructure protection governance,2026-07-24T11:51:34.974314+00:00,Crossref open metadata
Digital transformation of the maritime industry: A cybersecurity systemic approach,"Evripidis P. Kechagias, Georgios Chatzistelios, Georgios A. Papadopoulos, Panagiotis Apostolou",2022,10.1016/j.ijcip.2022.100526,crossref:10.1016/j.ijcip.2022.100526,Crossref,,International Journal of Critical Infrastructure Protection,https://doi.org/10.1016/j.ijcip.2022.100526,critical maritime infrastructure protection governance,2026-07-24T11:51:34.974276+00:00,Crossref open metadata
Vulnerability analysis of critical infrastructure network,"A. Kizhakkedath, K. Tai",2021,10.1016/j.ijcip.2021.100472,crossref:10.1016/j.ijcip.2021.100472,Crossref,,International Journal of Critical Infrastructure Protection,https://doi.org/10.1016/j.ijcip.2021.100472,critical maritime infrastructure protection governance,2026-07-24T11:51:34.974381+00:00,Crossref open metadata
Consequences of Maritime Critical Infrastructure Accidents,Unknown,2020,10.1016/c2019-0-00396-2,crossref:10.1016/c2019-0-00396-2,Crossref,,,https://doi.org/10.1016/c2019-0-00396-2,critical maritime infrastructure protection governance,2026-07-24T11:51:34.974393+00:00,Crossref open metadata
Identification of critical infrastructure accident consequences,Magdalena Bogalecka,2020,10.1016/b978-0-12-819675-5.00004-8,crossref:10.1016/b978-0-12-819675-5.00004-8,Crossref,,Consequences of Maritime Critical Infrastructure Accidents,https://doi.org/10.1016/b978-0-12-819675-5.00004-8,critical maritime infrastructure protection governance,2026-07-24T11:51:34.974361+00:00,Crossref open metadata
Mitigation of critical infrastructure accident losses,Magdalena Bogalecka,2020,10.1016/b978-0-12-819675-5.00008-5,crossref:10.1016/b978-0-12-819675-5.00008-5,Crossref,,Consequences of Maritime Critical Infrastructure Accidents,https://doi.org/10.1016/b978-0-12-819675-5.00008-5,critical maritime infrastructure protection governance,2026-07-24T11:51:34.974364+00:00,Crossref open metadata
Modeling critical infrastructure accident consequences,Magdalena Bogalecka,2020,10.1016/b978-0-12-819675-5.00003-6,crossref:10.1016/b978-0-12-819675-5.00003-6,Crossref,,Consequences of Maritime Critical Infrastructure Accidents,https://doi.org/10.1016/b978-0-12-819675-5.00003-6,critical maritime infrastructure protection governance,2026-07-24T11:51:34.974334+00:00,Crossref open metadata
Modeling critical infrastructure accident losses,Magdalena Bogalecka,2020,10.1016/b978-0-12-819675-5.00006-1,crossref:10.1016/b978-0-12-819675-5.00006-1,Crossref,,Consequences of Maritime Critical Infrastructure Accidents,https://doi.org/10.1016/b978-0-12-819675-5.00006-1,critical maritime infrastructure protection governance,2026-07-24T11:51:34.974346+00:00,Crossref open metadata
Optimization of critical infrastructure accident losses,Magdalena Bogalecka,2020,10.1016/b978-0-12-819675-5.00007-3,crossref:10.1016/b978-0-12-819675-5.00007-3,Crossref,,Consequences of Maritime Critical Infrastructure Accidents,https://doi.org/10.1016/b978-0-12-819675-5.00007-3,critical maritime infrastructure protection governance,2026-07-24T11:51:34.974349+00:00,Crossref open metadata
Prediction of critical infrastructure accident consequences,Magdalena Bogalecka,2020,10.1016/b978-0-12-819675-5.00005-x,crossref:10.1016/b978-0-12-819675-5.00005-x,Crossref,,Consequences of Maritime Critical Infrastructure Accidents,https://doi.org/10.1016/b978-0-12-819675-5.00005-x,critical maritime infrastructure protection governance,2026-07-24T11:51:34.974367+00:00,Crossref open metadata
Shipping as a critical infrastructure,Magdalena Bogalecka,2020,10.1016/b978-0-12-819675-5.00002-4,crossref:10.1016/b978-0-12-819675-5.00002-4,Crossref,,Consequences of Maritime Critical Infrastructure Accidents,https://doi.org/10.1016/b978-0-12-819675-5.00002-4,critical maritime infrastructure protection governance,2026-07-24T11:51:34.974318+00:00,Crossref open metadata
Addressing Maritime Workforce Cybersecurity Skills Development,Júlia Grosschmid,2025,10.1007/978-3-031-87290-7_2,crossref:10.1007/978-3-031-87290-7_2,Crossref,,Signals and Communication Technology,https://doi.org/10.1007/978-3-031-87290-7_2,maritime security workforce skills competences training professional development,2026-07-24T11:51:35.575884+00:00,Crossref open metadata
Integrating twenty-first century skills into STCW competences: implications for maritime education and training,"Anne Pazaver, Momoko Kitada",2025,10.1007/s13437-025-00368-7,crossref:10.1007/s13437-025-00368-7,Crossref,,WMU Journal of Maritime Affairs,https://doi.org/10.1007/s13437-025-00368-7,maritime security workforce skills competences training professional development,2026-07-24T11:51:35.575905+00:00,Crossref open metadata
MASTERING BASIC COMPETENCES BY MILITARY SERVICEMEN IN THE PROCESS OF COURSE TRAINING FOR PARTICIPATION IN INTERNATIONAL PEACE AND SECURITY SUPPORT OPERATIONS,"Roman Duzhyi, Tetiana Derkach",2025,10.28925/2412-0774.2025.4.4,crossref:10.28925/2412-0774.2025.4.4,Crossref,,Continuing Professional Education: Theory and Practice,https://doi.org/10.28925/2412-0774.2025.4.4,maritime security workforce skills competences training professional development,2026-07-24T11:51:35.576051+00:00,Crossref open metadata
Planning the process of training psychomotor skills in students of the faculty of security sciences within the professional-applied training,Ghenadie Scobioala,2025,10.52449/soh23.51,crossref:10.52449/soh23.51,Crossref,,"""Sports. Olimpysm. Health"", international scientific congress",https://doi.org/10.52449/soh23.51,maritime security workforce skills competences training professional development,2026-07-24T11:51:35.576048+00:00,Crossref open metadata
Green Jobs and Skills Analysis in the Indonesia Maritime Industry: Unlocking Sustainable Workforce Opportunities,"Mirza Pratiwi, Fradya Randa, Rafki S., Lily Arif",2023,10.5220/0012649400003798,crossref:10.5220/0012649400003798,Crossref,,"Proceedings of the 2nd Maritime, Economics and Business International Conference",https://doi.org/10.5220/0012649400003798,maritime security workforce skills competences training professional development,2026-07-24T11:51:35.575930+00:00,Crossref open metadata
Maritime skills development in KwaZulu-Natal: 2022,"Leticia A Grimett, Sihle Mzileni",2023,10.47348/sajmet/2023/i1a3,crossref:10.47348/sajmet/2023/i1a3,Crossref,,South African Journal of Maritime Education and Training,https://doi.org/10.47348/sajmet/2023/i1a3,maritime security workforce skills competences training professional development,2026-07-24T11:51:35.576023+00:00,Crossref open metadata
Professional Development and Leadership Skills: a case study of UIB training courses,"Kenzhekhan Kabdesov, Aidana Duisekina",2022,10.2478/gssfj-2022-0010,crossref:10.2478/gssfj-2022-0010,Crossref,,"Geopolitical, Social Security and Freedom Journal",https://doi.org/10.2478/gssfj-2022-0010,maritime security workforce skills competences training professional development,2026-07-24T11:51:35.576005+00:00,Crossref open metadata
IMPROVING THE EFFECTIVENESS IN TRAINING THE SPECIALISTS IN THE MARINE FIELD BY DEVELOPING THEIR PROFESSIONAL COMPETENCES IN ACCORDANCE WITH THE REQUIREMENTS OF THE STCW 78 CONVENTION,Yevgen Volkov,2021,10.30525/978-9934-26-106-0-2,crossref:10.30525/978-9934-26-106-0-2,Crossref,,"INTEGRATION OF ACADEMIC, SIMULATION-BASED AND PRACTICAL TRAINING OF MARITIME PROFESSIONALS",https://doi.org/10.30525/978-9934-26-106-0-2,maritime security workforce skills competences training professional development,2026-07-24T11:51:35.575955+00:00,Crossref open metadata
FORMATION OF PROFESSIONAL COMPETENCES OF FUTURE MARITIME PROFESSIONALS IN THE CONDITIONS OF INFORMATION AND TECHNOLOGICAL ENVIRONMENT,Serhii Voloshynov,2019,10.30525/978-9934-588-15-0-4,crossref:10.30525/978-9934-588-15-0-4,Crossref,,New stages of development of modern science in Ukraine and EU countries,https://doi.org/10.30525/978-9934-588-15-0-4,maritime security workforce skills competences training professional development,2026-07-24T11:51:35.575934+00:00,Crossref open metadata
The influence of Bingo games on learning outcomes of fraction arithmetic operations,"Muhammad Bintang Hafiansyah, Ika Yatri",2025,10.17509/curricula.v4i2.87174,crossref:10.17509/curricula.v4i2.87174,Crossref,,Curricula: Journal of Curriculum Development,https://doi.org/10.17509/curricula.v4i2.87174,naval operations education learning outcomes curriculum qualification,2026-07-24T11:51:37.728796+00:00,Crossref open metadata
The Effect Of The Learning Model Naval Collaboration Flexible Learning (NCFL) On The Quality Of Education Outcomes: An Innovative Approach To Islamic Religious Education In The Naval College Of Technology,Adi Bandono,2020,10.21070/halaqa.v4i2.1088,crossref:10.21070/halaqa.v4i2.1088,Crossref,,Halaqa: Islamic Education Journal,https://doi.org/10.21070/halaqa.v4i2.1088,naval operations education learning outcomes curriculum qualification,2026-07-24T11:51:37.728722+00:00,Crossref open metadata
Autonomous Energy Management Systems for Port and Maritime Electrical Infrastructure Using Digital-Twin-Driven Architectures,"Habeeb Shittu, Ibukun Olaoluwa Adeniji, Oghenemaero Oteri, Mujeeb A Shittu",2026,10.62225/2583049x.2026.6.1.5740,crossref:10.62225/2583049x.2026.6.1.5740,Crossref,,International Journal of Advanced Multidisciplinary Research and Studies,https://doi.org/10.62225/2583049x.2026.6.1.5740,maritime domain awareness AI autonomous systems digital twin resilience,2026-07-24T11:51:38.243359+00:00,Crossref open metadata
GENERATIVE AI AND THE TRANSFORMATION OF SEAFARER COMPETENCIES IN THE ERA OF MARITIME AUTONOMOUS SURFACE SHIPS,HÜSEYİN FATİH NACAR,2026,10.70269/10.70269/3734943838,crossref:10.70269/10.70269/3734943838,Crossref,,Advances in Maritime AI: Applications of Generative and Explainable AI in Systems and Training,https://doi.org/10.70269/10.70269/3734943838,maritime domain awareness AI autonomous systems digital twin resilience,2026-07-24T11:51:38.243363+00:00,Crossref open metadata
A Transformer based task execution digital twin of 3-DOF maneuvering of Bulk Carrier for autonomous maritime systems,"Ahmed Shehata, Mingyang Zhang, Nikolaos Tsoulakos, Pentti Kujala",2025,10.1016/j.oceaneng.2025.122797,crossref:10.1016/j.oceaneng.2025.122797,Crossref,,Ocean Engineering,https://doi.org/10.1016/j.oceaneng.2025.122797,maritime domain awareness AI autonomous systems digital twin resilience,2026-07-24T11:51:38.243308+00:00,Crossref open metadata
Creating a digital twin platform for maritime decarbonization by AI-assisted CII measure prediction: A case of chemical tanker,Hadi Taghavifar,2025,10.1016/j.martra.2025.100141,crossref:10.1016/j.martra.2025.100141,Crossref,,Maritime Transport Research,https://doi.org/10.1016/j.martra.2025.100141,maritime domain awareness AI autonomous systems digital twin resilience,2026-07-24T11:51:38.243279+00:00,Crossref open metadata
Digital Twin-Assisted Service Strategy for Maritime Satellite Communication Systems,"Wenbin Liu, Shuang Xu, Yiru zhang",2025,10.2139/ssrn.5518717,crossref:10.2139/ssrn.5518717,Crossref,,,https://doi.org/10.2139/ssrn.5518717,maritime domain awareness AI autonomous systems digital twin resilience,2026-07-24T11:51:38.243317+00:00,Crossref open metadata
AI-Facilitated Dynamic Threshold-Tuning for a Maritime Domain Awareness Module,S. Chan,2024,10.1109/iaict62357.2024.10617473,crossref:10.1109/iaict62357.2024.10617473,Crossref,,"2024 IEEE International Conference on Industry 4.0, Artificial Intelligence, and Communications Technology (IAICT)",https://doi.org/10.1109/iaict62357.2024.10617473,maritime domain awareness AI autonomous systems digital twin resilience,2026-07-24T11:51:38.243405+00:00,Crossref open metadata
Artificial Intelligence in Maritime Domain Awareness Applications: Trends and Prospects,"Alexandru Pohontu, Vasile Ermolai",2024,10.1007/978-3-031-63337-9_10,crossref:10.1007/978-3-031-63337-9_10,Crossref,,Intelligent Systems Reference Library,https://doi.org/10.1007/978-3-031-63337-9_10,maritime domain awareness AI autonomous systems digital twin resilience,2026-07-24T11:51:38.243295+00:00,Crossref open metadata
Digital Twin of Autonomous Surface Vessels for Safe Maritime Navigation Enabled Through Predictive Modeling and Reinforcement Learning,"Daniel Menges, Andreas Von Brandis, Adil Rasheed",2024,10.1115/omae2024-122628,crossref:10.1115/omae2024-122628,Crossref,,Volume 5B: Ocean Engineering,https://doi.org/10.1115/omae2024-122628,maritime domain awareness AI autonomous systems digital twin resilience,2026-07-24T11:51:38.243402+00:00,Crossref open metadata
"Maritime Domain Awareness Using Low-Cost, Long-Range Autonomous Surface Vehicles","John Nothacker, John Hamel, Olivier de Weck",2024,10.1109/oceans55160.2024.10754202,crossref:10.1109/oceans55160.2024.10754202,Crossref,,OCEANS 2024 - Halifax,https://doi.org/10.1109/oceans55160.2024.10754202,maritime domain awareness AI autonomous systems digital twin resilience,2026-07-24T11:51:38.243382+00:00,Crossref open metadata
"Context Awareness and Deep Learning Algorithms, Immersive Visualization and Autonomous Cognitive Systems, and Natural Language Processing and Digital Twin Modeling Tools in the Blockchain-based Metaverse",Unknown,2023,10.22381/rcp2220236,crossref:10.22381/rcp2220236,Crossref,,Review of Contemporary Philosophy,https://doi.org/10.22381/rcp2220236,maritime domain awareness AI autonomous systems digital twin resilience,2026-07-24T11:51:38.243395+00:00,Crossref open metadata
Digital Twin for Autonomous Surface Vessels to Generate Situational Awareness,"Daniel Menges, Simon Mork Sætre, Adil Rasheed",2023,10.1115/omae2023-100626,crossref:10.1115/omae2023-100626,Crossref,,Volume 5: Ocean Engineering,https://doi.org/10.1115/omae2023-100626,maritime domain awareness AI autonomous systems digital twin resilience,2026-07-24T11:51:38.243284+00:00,Crossref open metadata
Maritime Surveillance and Information Sharing Systems for Better Situational Awareness on the European Maritime Domain: A Literature Review,"Ilkka Tikanmäki, Jari Räsänen, Harri Ruoslahti, Jyri Rajamäki",2021,10.1007/978-3-030-65722-2_8,crossref:10.1007/978-3-030-65722-2_8,Crossref,,Studies in Big Data,https://doi.org/10.1007/978-3-030-65722-2_8,maritime domain awareness AI autonomous systems digital twin resilience,2026-07-24T11:51:38.243195+00:00,Crossref open metadata
Complexities of governance and sovereignty in maritime security,"Eleanor Dayan, Aviad Rubin",2026,10.1016/j.marpol.2026.107066,crossref:10.1016/j.marpol.2026.107066,Crossref,,Marine Policy,https://doi.org/10.1016/j.marpol.2026.107066,maritime security climate adaptation marine governance safety port-city,2026-07-24T11:51:40.152427+00:00,Crossref open metadata
Disharmony Between National and Regional Policies in Maritime Governance: A Case Study of Tanjungpinang City Port,"Merrisa Rani, Ibaniyah Ibaniyah, Ririn Murtiani",2026,10.31629/jmps.v3i1.7825,crossref:10.31629/jmps.v3i1.7825,Crossref,,Journal of Maritime Policy Science,https://doi.org/10.31629/jmps.v3i1.7825,maritime security climate adaptation marine governance safety port-city,2026-07-24T11:51:40.152451+00:00,Crossref open metadata
Monitoring and Evaluating Sustainable Mobility in a Fragmented Port-City Environment: Evidence from a Maritime University,"Agnieszka Jankowska, Adam Przybylowski, Oskar Gach, Andrzej Lachowicz",2026,10.12716/1001.20.02.16,crossref:10.12716/1001.20.02.16,Crossref,,"TransNav, the International Journal on Marine Navigation and Safety of Sea Transportation",https://doi.org/10.12716/1001.20.02.16,maritime security climate adaptation marine governance safety port-city,2026-07-24T11:51:40.152512+00:00,Crossref open metadata
The Importance of Institutional Arrangement to Safeguard Maritime Security and Safety in Indonesia: The Case of Marine Security and Safety Agency,Andy Omara,2024,10.47268/sasi.v30i1.1789,crossref:10.47268/sasi.v30i1.1789,Crossref,,SASI,https://doi.org/10.47268/sasi.v30i1.1789,maritime security climate adaptation marine governance safety port-city,2026-07-24T11:51:40.152519+00:00,Crossref open metadata
Safety-Security Analysis of Maritime Surveillance Systems in Critical Marine Areas,"Batu Şengül, Fatih Yılmaz, Özkan Uğurlu",2023,10.20944/preprints202311.0412.v1,crossref:10.20944/preprints202311.0412.v1,Crossref,,,https://doi.org/10.20944/preprints202311.0412.v1,maritime security climate adaptation marine governance safety port-city,2026-07-24T11:51:40.152459+00:00,Crossref open metadata
The Struggle for Atlantic Maritime Security and Safety: Lessons From Africa’s Maritime Security Governance,Luka Biong D. Kuol,2023,10.17265/2328-2134/2023.02.001,crossref:10.17265/2328-2134/2023.02.001,Crossref,,International Relations and Diplomacy,https://doi.org/10.17265/2328-2134/2023.02.001,maritime security climate adaptation marine governance safety port-city,2026-07-24T11:51:40.152390+00:00,Crossref open metadata
Determination of maritime safety performance of flag states based on the Port State Control inspections using TOPSIS,Esma Gül Emecen Kara,2022,10.1016/j.marpol.2022.105156,crossref:10.1016/j.marpol.2022.105156,Crossref,,Marine Policy,https://doi.org/10.1016/j.marpol.2022.105156,maritime security climate adaptation marine governance safety port-city,2026-07-24T11:51:40.152501+00:00,Crossref open metadata
Maritime Governance and Small Island Developing States of the Wider Caribbean Region in the Era of Climate Change Adaptation,Jonatan Echebarria Fernández,2021,10.1007/978-3-030-69325-1_18,crossref:10.1007/978-3-030-69325-1_18,Crossref,,Strategies for Sustainability,https://doi.org/10.1007/978-3-030-69325-1_18,maritime security climate adaptation marine governance safety port-city,2026-07-24T11:51:40.152515+00:00,Crossref open metadata
Port and Maritime Security and Sustainability,Michael Edgerton,2021,10.1007/978-3-030-69325-1_8,crossref:10.1007/978-3-030-69325-1_8,Crossref,,Strategies for Sustainability,https://doi.org/10.1007/978-3-030-69325-1_8,maritime security climate adaptation marine governance safety port-city,2026-07-24T11:51:40.152380+00:00,Crossref open metadata
Climate change and maritime security,"Basil Germond, Antonios D. Mazaris",2019,10.1016/j.marpol.2018.10.010,crossref:10.1016/j.marpol.2018.10.010,Crossref,,Marine Policy,https://doi.org/10.1016/j.marpol.2018.10.010,maritime security climate adaptation marine governance safety port-city,2026-07-24T11:51:40.152397+00:00,Crossref open metadata
"Developing the City, Developing the Port: Comparison of the Governance in Medium-size Port-cities in Europe","Arnaud Serry, Lilian Loubet",2019,10.12716/1001.13.03.17,crossref:10.12716/1001.13.03.17,Crossref,,"TransNav, the International Journal on Marine Navigation and Safety of Sea Transportation",https://doi.org/10.12716/1001.13.03.17,maritime security climate adaptation marine governance safety port-city,2026-07-24T11:51:40.152368+00:00,Crossref open metadata
isps Code and Port &amp; Cargo Container Security,Suk Kyoon Kim,2019,10.1163/9789004389908_007,crossref:10.1163/9789004389908_007,Crossref,,Global Maritime Safety &amp; Security Issues and East Asia,https://doi.org/10.1163/9789004389908_007,maritime security climate adaptation marine governance safety port-city,2026-07-24T11:51:40.152365+00:00,Crossref open metadata
"Issues in Safety and Security in Maritime Transportation, Port and Marine Environment",A. E. Owoputi,2019,10.51459/futajeet.2014.8.2.15,crossref:10.51459/futajeet.2014.8.2.15,Crossref,,FUTA JOURNAL OF ENGINEERING AND ENGINEERING TECHNOLOGY,https://doi.org/10.51459/futajeet.2014.8.2.15,maritime security climate adaptation marine governance safety port-city,2026-07-24T11:51:40.152341+00:00,Crossref open metadata
"Maritime Governance, Security Measures and Port Competition in the EU","Xufan Zhang, Michael Roe",2019,10.1007/978-3-030-03825-0_9,crossref:10.1007/978-3-030-03825-0_9,Crossref,,Maritime Container Port Security,https://doi.org/10.1007/978-3-030-03825-0_9,maritime security climate adaptation marine governance safety port-city,2026-07-24T11:51:40.152326+00:00,Crossref open metadata
Multilevel Governance for Climate Change Adaptation in Food Supply Chains,"Ari Paloviita, Marja Järvelä",2019,10.1007/978-3-319-77878-5_23,crossref:10.1007/978-3-319-77878-5_23,Crossref,,Sustainable Solutions for Food Security,https://doi.org/10.1007/978-3-319-77878-5_23,maritime security climate adaptation marine governance safety port-city,2026-07-24T11:51:40.152431+00:00,Crossref open metadata
Safety of Navigation and Port State Control,Suk Kyoon Kim,2019,10.1163/9789004389908_004,crossref:10.1163/9789004389908_004,Crossref,,Global Maritime Safety &amp; Security Issues and East Asia,https://doi.org/10.1163/9789004389908_004,maritime security climate adaptation marine governance safety port-city,2026-07-24T11:51:40.152351+00:00,Crossref open metadata
Study to Establish New Marine Aids to Navigation at Kuantan Port New Deep Water Terminal,Unknown,2019,10.23977/mastic.035,crossref:10.23977/mastic.035,Crossref,,Maritime Safety International Conference (MASTIC 2018),https://doi.org/10.23977/mastic.035,maritime security climate adaptation marine governance safety port-city,2026-07-24T11:51:40.152386+00:00,Crossref open metadata
Regulating Maritime Autonomous Swarms,Rachel Horne,2025,10.1007/978-3-031-82790-7_9,crossref:10.1007/978-3-031-82790-7_9,Crossref,,Thinking Swarms,https://doi.org/10.1007/978-3-031-82790-7_9,maritime defence maritimisation marinization oceanisation hydrosocial de-base-re hypothesis verification indicators,2026-07-24T11:51:41.094591+00:00,Crossref open metadata
FMEA Verification Programme,Alexander Olsen,2024,10.1007/978-3-031-55943-3_10,crossref:10.1007/978-3-031-55943-3_10,Crossref,,"Springer Series on Naval Architecture, Marine Engineering, Shipbuilding and Shipping",https://doi.org/10.1007/978-3-031-55943-3_10,maritime defence maritimisation marinization oceanisation hydrosocial de-base-re hypothesis verification indicators,2026-07-24T11:51:41.094475+00:00,Crossref open metadata
Maritime surveillance using unmanned vehicles: deep learning-based vessel re-identification,"Yoni Geers, Tim Willems, Cornelia Nita, Tien-Thanh Nguyen, Jan Aelterman",2024,10.1117/12.3028805,crossref:10.1117/12.3028805,Crossref,,Artificial Intelligence for Security and Defence Applications II,https://doi.org/10.1117/12.3028805,maritime defence maritimisation marinization oceanisation hydrosocial de-base-re hypothesis verification indicators,2026-07-24T11:51:41.094568+00:00,Crossref open metadata
Documents de base : Volume I,Unknown,2023,10.62454/kd001f,crossref:10.62454/kd001f,Crossref,,,https://doi.org/10.62454/kd001f,maritime defence maritimisation marinization oceanisation hydrosocial de-base-re hypothesis verification indicators,2026-07-24T11:51:41.094419+00:00,Crossref open metadata
L’insécurité maritime dans les espaces caribéen et sud-américain,Virginie Saliou,2023,10.4000/etudescaribeennes.27070,crossref:10.4000/etudescaribeennes.27070,Crossref,,Études caribéennes,https://doi.org/10.4000/etudescaribeennes.27070,maritime defence maritimisation marinization oceanisation hydrosocial de-base-re hypothesis verification indicators,2026-07-24T11:51:41.094403+00:00,Crossref open metadata
Documents de base : Volume II,Unknown,2022,10.62454/kc007f,crossref:10.62454/kc007f,Crossref,,,https://doi.org/10.62454/kc007f,maritime defence maritimisation marinization oceanisation hydrosocial de-base-re hypothesis verification indicators,2026-07-24T11:51:41.094415+00:00,Crossref open metadata
Governing coalitions and key performance indicators of port governance,"Henrique Campos de Oliveira, Jongeun You, André Pires Coelho",2021,10.1016/j.martra.2021.100023,crossref:10.1016/j.martra.2021.100023,Crossref,,Maritime Transport Research,https://doi.org/10.1016/j.martra.2021.100023,maritime defence maritimisation marinization oceanisation hydrosocial de-base-re hypothesis verification indicators,2026-07-24T11:51:41.094501+00:00,Crossref open metadata
Blue Amazon: Brazil’s Maritime Vocation,Vinicius Mariano De Carvalho,2020,10.30966/2018.riga.7.3.,crossref:10.30966/2018.riga.7.3.,Crossref,,Defence Strategic Communications,https://doi.org/10.30966/2018.riga.7.3.,maritime defence maritimisation marinization oceanisation hydrosocial de-base-re hypothesis verification indicators,2026-07-24T11:51:41.094468+00:00,Crossref open metadata
Conflict and Competition over the NATO Defence Industrial Base: The Case of the European Fighter Aircraft,Andrew Latham,2020,10.4324/9781003102854-5,crossref:10.4324/9781003102854-5,Crossref,,The Defence Industrial Base and the West,https://doi.org/10.4324/9781003102854-5,maritime defence maritimisation marinization oceanisation hydrosocial de-base-re hypothesis verification indicators,2026-07-24T11:51:41.094563+00:00,Crossref open metadata
“Techno-Nationalism” and the Contemporary Debate over the American Defence Industrial Base,"David G. Haglund, Marc L. Busch",2020,10.4324/9781003102854-10,crossref:10.4324/9781003102854-10,Crossref,,The Defence Industrial Base and the West,https://doi.org/10.4324/9781003102854-10,maritime defence maritimisation marinization oceanisation hydrosocial de-base-re hypothesis verification indicators,2026-07-24T11:51:41.094578+00:00,Crossref open metadata
The Importance of Arms Exports and Armament Cooperation for the West German Defence Industrial Base,Bernd Huebner,2020,10.4324/9781003102854-7,crossref:10.4324/9781003102854-7,Crossref,,The Defence Industrial Base and the West,https://doi.org/10.4324/9781003102854-7,maritime defence maritimisation marinization oceanisation hydrosocial de-base-re hypothesis verification indicators,2026-07-24T11:51:41.094530+00:00,Crossref open metadata
The Swedish Defence Industrial Base: Implications for the Economy,Michael K. Hawes,2020,10.4324/9781003102854-8,crossref:10.4324/9781003102854-8,Crossref,,The Defence Industrial Base and the West,https://doi.org/10.4324/9781003102854-8,maritime defence maritimisation marinization oceanisation hydrosocial de-base-re hypothesis verification indicators,2026-07-24T11:51:41.094456+00:00,Crossref open metadata
MARINIZATION OF A TWO-STAGE MIXED STRUCTURED PACKING SCRUBBER FOR SOX ABATEMENT AND CO2 CAPTURE.,"Mohamad Issa, Philippe Beaulac, Hussein Ibrahim, Adrian Ilinca.",2019,10.21474/ijar01/8793,crossref:10.21474/ijar01/8793,Crossref,,International Journal of Advanced Research,https://doi.org/10.21474/ijar01/8793,maritime defence maritimisation marinization oceanisation hydrosocial de-base-re hypothesis verification indicators,2026-07-24T11:51:41.094493+00:00,Crossref open metadata
Sharatov A.S. Verification of the hypothesis of jet the impact of additional water supplied to the blades of the propeller,Unknown,2019,10.34046/aumsuomt90-11,crossref:10.34046/aumsuomt90-11,Crossref,,Operation of Maritime Transport,https://doi.org/10.34046/aumsuomt90-11,maritime defence maritimisation marinization oceanisation hydrosocial de-base-re hypothesis verification indicators,2026-07-24T11:51:41.094422+00:00,Crossref open metadata
Capesize iron ore freight rates equilibrium and time charter equivalent earnings given Decarbonization targets,"Tamara Apostolou, Ioannis N. Lagoudis, Ioannis N. Theotokas, Victor Kasper",2026,10.1016/j.martra.2026.100154,crossref:10.1016/j.martra.2026.100154,Crossref,,Maritime Transport Research,https://doi.org/10.1016/j.martra.2026.100154,maritime transport decarbonization emissions reduction,2026-07-24T11:51:41.805354+00:00,Crossref open metadata
Emissions regulations for maritime transportation,Maria Antonietta Costagliola,2026,10.1016/b978-0-443-24108-6.00001-4,crossref:10.1016/b978-0-443-24108-6.00001-4,Crossref,,Marine Propulsion for Decarbonization,https://doi.org/10.1016/b978-0-443-24108-6.00001-4,maritime transport decarbonization emissions reduction,2026-07-24T11:51:41.805248+00:00,Crossref open metadata
Environmental readiness and registry competition: A comparative assessment of flag States in maritime decarbonization,"Emmanouil Nikolaidis, Eleni Tsolaki",2026,10.1016/j.cstp.2026.101905,crossref:10.1016/j.cstp.2026.101905,Crossref,,Case Studies on Transport Policy,https://doi.org/10.1016/j.cstp.2026.101905,maritime transport decarbonization emissions reduction,2026-07-24T11:51:41.805414+00:00,Crossref open metadata
Financing constraints and structural drivers of maritime decarbonization,Jau Yang Liu,2026,10.1016/j.trd.2026.105530,crossref:10.1016/j.trd.2026.105530,Crossref,,Transportation Research Part D: Transport and Environment,https://doi.org/10.1016/j.trd.2026.105530,maritime transport decarbonization emissions reduction,2026-07-24T11:51:41.805382+00:00,Crossref open metadata
Foundations of Maritime Decarbonization,Vahit Çalışır,2026,10.58830/ozgur.pub1212,crossref:10.58830/ozgur.pub1212,Crossref,,,https://doi.org/10.58830/ozgur.pub1212,maritime transport decarbonization emissions reduction,2026-07-24T11:51:41.805418+00:00,Crossref open metadata
Perspective Chapter: From Regulation to Realization – Building Governance Capacity for Maritime Decarbonization,Deniece M. Aiken,2026,10.5772/intechopen.1015393,crossref:10.5772/intechopen.1015393,Crossref,,Net Zero Emissions - A Roadmap to Carbon Neutrality [Working Title],https://doi.org/10.5772/intechopen.1015393,maritime transport decarbonization emissions reduction,2026-07-24T11:51:41.805309+00:00,Crossref open metadata
Shipping decarbonization pathways assessment by solving Tramp Fleet Renewal and Retrofit Problems,"Alberto Tamburini, Kjetil Fagerholt, Benjamin Lagemann, David Pisinger",2026,10.1016/j.martra.2026.100153,crossref:10.1016/j.martra.2026.100153,Crossref,,Maritime Transport Research,https://doi.org/10.1016/j.martra.2026.100153,maritime transport decarbonization emissions reduction,2026-07-24T11:51:41.805379+00:00,Crossref open metadata
Stochastic Air Quality Modelling of Ship Emissions in Port Areas for Maritime Decarbonization Pathways,"Ramazan Şener, Yordan Garbatov",2026,10.3390/jmse14060542,crossref:10.3390/jmse14060542,Crossref,,Journal of Marine Science and Engineering,https://doi.org/10.3390/jmse14060542,maritime transport decarbonization emissions reduction,2026-07-24T11:51:41.805405+00:00,Crossref open metadata
‘Sustainable waterway transport development: digitalization and decarbonization’,"Paul Tae-Woo Lee, Stephen Petitt, Ran Yan",2026,10.1080/03088839.2026.2671535,crossref:10.1080/03088839.2026.2671535,Crossref,,Maritime Policy &amp; Management,https://doi.org/10.1080/03088839.2026.2671535,maritime transport decarbonization emissions reduction,2026-07-24T11:51:41.805369+00:00,Crossref open metadata
The Role of Filipino Early Career Ocean Professionals (ECOPs): Challenges and Opportunities in the Philippine Domestic Shipping Decarbonization,Emerson Madlangbayan Reyes,2026,10.5821/mt.14705,crossref:10.5821/mt.14705,Crossref,,Maritime Transport Conference,https://doi.org/10.5821/mt.14705,maritime transport decarbonization emissions reduction,2026-07-24T11:51:41.805358+00:00,Crossref open metadata
A Decision Support Tool for Optimizing Fuel Deployment and Emissions Reduction: Advanced Modeling Approach to Sustainable U.S. Maritime Transport,"Shilpa Mesineni, Ala Eddine Omrani, Nawaf Nazir",2025,10.5957/tos-2025-018,crossref:10.5957/tos-2025-018,Crossref,,SNAME 30th Offshore Symposium,https://doi.org/10.5957/tos-2025-018,maritime transport decarbonization emissions reduction,2026-07-24T11:51:41.805331+00:00,Crossref open metadata
Replacing Fossil Diesel for All European Inland Waterway Transport: A Prospective Pathway Analysis on Remaining Emissions and Costs,"Florin Thalmann, Elimar Frank",2025,10.1007/978-3-032-01620-1_1,crossref:10.1007/978-3-032-01620-1_1,Crossref,,Innovations in Sustainable Maritime Technology—IMAM 2025,https://doi.org/10.1007/978-3-032-01620-1_1,maritime transport decarbonization emissions reduction,2026-07-24T11:51:41.805306+00:00,Crossref open metadata
Towards Maritime Transport Decarbonization: Technological and Emissions Pathways,M. Saafi,2025,10.2118/224710-ms,crossref:10.2118/224710-ms,Crossref,,GOTECH,https://doi.org/10.2118/224710-ms,maritime transport decarbonization emissions reduction,2026-07-24T11:51:41.805210+00:00,Crossref open metadata
Decarbonization in Offshore Services: A Study on Efficiency and Emissions Reduction,"R. B. Passos, R. B. de Aguiar",2024,10.4043/35367-ms,crossref:10.4043/35367-ms,Crossref,,Offshore Technology Conference,https://doi.org/10.4043/35367-ms,maritime transport decarbonization emissions reduction,2026-07-24T11:51:41.805350+00:00,Crossref open metadata
"Decarbonization pathways in Brazilian maritime cabotage: A comparative analysis of very low sulfur fuel oil, marine diesel oil, and hydrogenated vegetable oil in carbon dioxide equivalent emissions","Gustavo Adolfo Alves da Costa, André Bergsten Mendes, Vanina Macowski Durski Silva",2024,10.1016/j.latran.2024.100018,crossref:10.1016/j.latran.2024.100018,Crossref,,Latin American Transport Studies,https://doi.org/10.1016/j.latran.2024.100018,maritime transport decarbonization emissions reduction,2026-07-24T11:51:41.805335+00:00,Crossref open metadata
Reduction of Greenhouse Gas (GHG) Emissions in the Maritime Sector,"Marin Hero, Peter Vidmar, Marko Perkovič",2024,10.56080/jms241105,crossref:10.56080/jms241105,Crossref,,Časopis Pomorskog fakulteta Kotor - Journal of Maritime Sciences,https://doi.org/10.56080/jms241105,maritime transport decarbonization emissions reduction,2026-07-24T11:51:41.805262+00:00,Crossref open metadata
REDUCTION OF THE METHANE EMISSIONS ON LIVESTOCK SHIPS TO MITIGATE GREENHOUSE GAS EMISSIONS AND PROMOTE FUTURE MARITIME TRANSPORT SUSTAINABILITY,"Mamdouh Elmallah, Mohamed Shouman, Mohamed Elgohary",2024,10.31413/nat.v12i3.18180,crossref:10.31413/nat.v12i3.18180,Crossref,,Nativa,https://doi.org/10.31413/nat.v12i3.18180,maritime transport decarbonization emissions reduction,2026-07-24T11:51:41.805272+00:00,Crossref open metadata
Broadening the Scope of Decarbonization in the Maritime Sector,Alan McKinnon,2023,10.1007/978-3-031-39936-7_1,crossref:10.1007/978-3-031-39936-7_1,Crossref,,Maritime Decarbonization,https://doi.org/10.1007/978-3-031-39936-7_1,maritime transport decarbonization emissions reduction,2026-07-24T11:51:41.805288+00:00,Crossref open metadata
Concentrating Solar Power for Cement Decarbonization,Nathaniel Schroeder,2023,10.2172/2431837,crossref:10.2172/2431837,Crossref,,"2023 Industrial Process Emissions Reduction (IPER) Workshop - San Antonio, Texas, United States of America - March - 2023",https://doi.org/10.2172/2431837,maritime transport decarbonization emissions reduction,2026-07-24T11:51:41.805411+00:00,Crossref open metadata
Decarbonization of Maritime Transport,Unknown,2023,10.1007/978-981-99-1677-1,crossref:10.1007/978-981-99-1677-1,Crossref,,"Energy, Environment, and Sustainability",https://doi.org/10.1007/978-981-99-1677-1,maritime transport decarbonization emissions reduction,2026-07-24T11:51:41.805342+00:00,Crossref open metadata
Effective Partnerships to Support Maritime Decarbonization,"Mikael Lind, Wolfgang Lehmacher, Sanjay Kuttan, Jillian Carson-Jackson, David Cummins, Margi van Gogh, Torbjörn Rydbergh",2023,10.1007/978-3-031-39936-7_13,crossref:10.1007/978-3-031-39936-7_13,Crossref,,Maritime Decarbonization,https://doi.org/10.1007/978-3-031-39936-7_13,maritime transport decarbonization emissions reduction,2026-07-24T11:51:41.805394+00:00,Crossref open metadata
Engaging the Global Research Communities in Maritime Decarbonization,"Teemu Manderbacka, Ellinor Forsström",2023,10.1007/978-3-031-39936-7_17,crossref:10.1007/978-3-031-39936-7_17,Crossref,,Maritime Decarbonization,https://doi.org/10.1007/978-3-031-39936-7_17,maritime transport decarbonization emissions reduction,2026-07-24T11:51:41.805316+00:00,Crossref open metadata
Ensuring Seafarers Are at the Heart of Decarbonization Action,"Guy Platten, Martha Selwyn, Helio Vicente, Stephen Cotton",2023,10.1007/978-3-031-39936-7_14,crossref:10.1007/978-3-031-39936-7_14,Crossref,,Maritime Decarbonization,https://doi.org/10.1007/978-3-031-39936-7_14,maritime transport decarbonization emissions reduction,2026-07-24T11:51:41.805437+00:00,Crossref open metadata
Evaluation of the Green Port Concept for Decarbonized Maritime Industry,İsmail Kurt,2023,10.1007/978-981-99-1677-1_9,crossref:10.1007/978-981-99-1677-1_9,Crossref,,"Energy, Environment, and Sustainability",https://doi.org/10.1007/978-981-99-1677-1_9,maritime transport decarbonization emissions reduction,2026-07-24T11:51:41.805298+00:00,Crossref open metadata
Green Concept of Ports and Transition Model,M. Ziya Sogut,2023,10.1007/978-981-99-1677-1_8,crossref:10.1007/978-981-99-1677-1_8,Crossref,,"Energy, Environment, and Sustainability",https://doi.org/10.1007/978-981-99-1677-1_8,maritime transport decarbonization emissions reduction,2026-07-24T11:51:41.805433+00:00,Crossref open metadata
How a Value Chain Approach Plays Out in Maritime Decarbonization,"Katharina Renken, Moritz Petersen",2023,10.1007/978-3-031-39936-7_11,crossref:10.1007/978-3-031-39936-7_11,Crossref,,Maritime Decarbonization,https://doi.org/10.1007/978-3-031-39936-7_11,maritime transport decarbonization emissions reduction,2026-07-24T11:51:41.805327+00:00,Crossref open metadata
How to Assess Decarbonization Enablers,"Kirsi Tikka, Steve Esau",2023,10.1007/978-3-031-39936-7_12,crossref:10.1007/978-3-031-39936-7_12,Crossref,,Maritime Decarbonization,https://doi.org/10.1007/978-3-031-39936-7_12,maritime transport decarbonization emissions reduction,2026-07-24T11:51:41.805430+00:00,Crossref open metadata
Introduction to Decarbonization of Maritime Transport,"Burak Zincir, Pravesh Chandra Shukla, Avinash Kumar Agarwal",2023,10.1007/978-981-99-1677-1_1,crossref:10.1007/978-981-99-1677-1_1,Crossref,,"Energy, Environment, and Sustainability",https://doi.org/10.1007/978-981-99-1677-1_1,maritime transport decarbonization emissions reduction,2026-07-24T11:51:41.805240+00:00,Crossref open metadata
LCA Studies on Marine Alternative Fuels,Levent Bilgili,2023,10.1007/978-981-99-1677-1_2,crossref:10.1007/978-981-99-1677-1_2,Crossref,,"Energy, Environment, and Sustainability",https://doi.org/10.1007/978-981-99-1677-1_2,maritime transport decarbonization emissions reduction,2026-07-24T11:51:41.805386+00:00,Crossref open metadata
Lifecycle Emissions of Fossil Fuels and Biofuels for Maritime Transportation: A Requirement Analysis,"Cagatayhan Sevim, Burak Zincir",2023,10.1007/978-981-99-1677-1_3,crossref:10.1007/978-981-99-1677-1_3,Crossref,,"Energy, Environment, and Sustainability",https://doi.org/10.1007/978-981-99-1677-1_3,maritime transport decarbonization emissions reduction,2026-07-24T11:51:41.805233+00:00,Crossref open metadata
Maritime Decarbonization—Actions by Cargo Owners: The Shippers’ Perspective,"Philip Evans, Audrey Macnab",2023,10.1007/978-3-031-39936-7_21,crossref:10.1007/978-3-031-39936-7_21,Crossref,,Maritime Decarbonization,https://doi.org/10.1007/978-3-031-39936-7_21,maritime transport decarbonization emissions reduction,2026-07-24T11:51:41.805320+00:00,Crossref open metadata
Review of EU Maritime Transport Greenhouse Gas Emissions Reduction Policies: Better Prospects for Policy Makers in China?,Unknown,2023,10.25236/ijfs.2023.050920,crossref:10.25236/ijfs.2023.050920,Crossref,,International Journal of Frontiers in Sociology,https://doi.org/10.25236/ijfs.2023.050920,maritime transport decarbonization emissions reduction,2026-07-24T11:51:41.805302+00:00,Crossref open metadata
Scenario Thinking and Its Place in Maritime Decarbonization,Jeremy B. Bentham,2023,10.1007/978-3-031-39936-7_5,crossref:10.1007/978-3-031-39936-7_5,Crossref,,Maritime Decarbonization,https://doi.org/10.1007/978-3-031-39936-7_5,maritime transport decarbonization emissions reduction,2026-07-24T11:51:41.805294+00:00,Crossref open metadata
"SWOT Analysis of Carbon Capture, Storage, and Transportation for Maritime Industry","Bugra Arda Zincir, Burak Zincir, Yasin Arslanoglu",2023,10.1007/978-981-99-1677-1_7,crossref:10.1007/978-981-99-1677-1_7,Crossref,,"Energy, Environment, and Sustainability",https://doi.org/10.1007/978-981-99-1677-1_7,maritime transport decarbonization emissions reduction,2026-07-24T11:51:41.805390+00:00,Crossref open metadata
Classifying maritime port emissions reporting,"Philip Cammin, Kai Brüssau, Stefan Voß",2022,10.1016/j.martra.2022.100066,crossref:10.1016/j.martra.2022.100066,Crossref,,Maritime Transport Research,https://doi.org/10.1016/j.martra.2022.100066,maritime transport decarbonization emissions reduction,2026-07-24T11:51:41.805267+00:00,Crossref open metadata
Estimating the emissions potential of marine transportation using the Kra Canal,"Po-Hsing Tseng, Nick Pilcher",2022,10.1016/j.martra.2021.100041,crossref:10.1016/j.martra.2021.100041,Crossref,,Maritime Transport Research,https://doi.org/10.1016/j.martra.2021.100041,maritime transport decarbonization emissions reduction,2026-07-24T11:51:41.805346+00:00,Crossref open metadata
Green shipping networks as drivers of decarbonization in offshore shipping companies,Agnete Hessevik,2022,10.1016/j.martra.2022.100053,crossref:10.1016/j.martra.2022.100053,Crossref,,Maritime Transport Research,https://doi.org/10.1016/j.martra.2022.100053,maritime transport decarbonization emissions reduction,2026-07-24T11:51:41.805252+00:00,Crossref open metadata
Port call optimization and CO2-emissions savings – Estimating feasible potential in tramp shipping,"Axel Merkel, Joakim Kalantari, Abdalla Mubder",2022,10.1016/j.martra.2022.100054,crossref:10.1016/j.martra.2022.100054,Crossref,,Maritime Transport Research,https://doi.org/10.1016/j.martra.2022.100054,maritime transport decarbonization emissions reduction,2026-07-24T11:51:41.805401+00:00,Crossref open metadata
Shipping decarbonization and green ports,"Harilaos N. Psaraftis, Thalis Zis",2022,10.1016/j.martra.2022.100068,crossref:10.1016/j.martra.2022.100068,Crossref,,Maritime Transport Research,https://doi.org/10.1016/j.martra.2022.100068,maritime transport decarbonization emissions reduction,2026-07-24T11:51:41.805244+00:00,Crossref open metadata
A comparative evaluation of market based measures for shipping decarbonization,"Harilaos N. Psaraftis, Thalis Zis, Sotiria Lagouvardou",2021,10.1016/j.martra.2021.100019,crossref:10.1016/j.martra.2021.100019,Crossref,,Maritime Transport Research,https://doi.org/10.1016/j.martra.2021.100019,maritime transport decarbonization emissions reduction,2026-07-24T11:51:41.805284+00:00,Crossref open metadata
Greenhouse gas emissions reduction potential by using antifouling coatings in a maritime transport industry,"Andrea Farkas, Nastia Degiuli, Ivana Martić, Milan Vujanović",2021,10.1016/j.jclepro.2021.126428,crossref:10.1016/j.jclepro.2021.126428,Crossref,,Journal of Cleaner Production,https://doi.org/10.1016/j.jclepro.2021.126428,maritime transport decarbonization emissions reduction,2026-07-24T11:51:41.805426+00:00,Crossref open metadata
Hydrogen as Maritime Transportation Fuel: A Pathway for Decarbonization,"Omer Berkehan Inal, Burak Zincir, Caglar Dere",2021,10.1007/978-981-16-8344-2_4,crossref:10.1007/978-981-16-8344-2_4,Crossref,,"Energy, Environment, and Sustainability",https://doi.org/10.1007/978-981-16-8344-2_4,maritime transport decarbonization emissions reduction,2026-07-24T11:51:41.805365+00:00,Crossref open metadata
Comparison with effect of IMO 2020 regulations,Unknown,2026,10.5194/egusphere-2026-81-cc1,crossref:10.5194/egusphere-2026-81-cc1,Crossref,,,https://doi.org/10.5194/egusphere-2026-81-cc1,shipping governance international regulations IMO,2026-07-24T11:51:42.496828+00:00,Crossref open metadata
Shipping Regulations,Kelly Gerakoudi,2026,10.4324/9781003650911-8,crossref:10.4324/9781003650911-8,Crossref,,Introduction to Shipping,https://doi.org/10.4324/9781003650911-8,shipping governance international regulations IMO,2026-07-24T11:51:42.496845+00:00,Crossref open metadata
Assessing the Efficiency of Taiwanese Shipping Lines Under Imo 2023 Regulations,"Ngoc Hiep Nguyen, Phuong-Thuy Thi Nguyen",2025,10.2139/ssrn.5210960,crossref:10.2139/ssrn.5210960,Crossref,,,https://doi.org/10.2139/ssrn.5210960,shipping governance international regulations IMO,2026-07-24T11:51:42.496744+00:00,Crossref open metadata
Economic viability of arctic shipping under IMO environmental regulations: a well-to-wake assessment of different carbon tax scenarios,"Hongzhi Miao, Xinyuan Feng, Xinwei Li",2025,10.3389/fmars.2025.1575551,crossref:10.3389/fmars.2025.1575551,Crossref,,Frontiers in Marine Science,https://doi.org/10.3389/fmars.2025.1575551,shipping governance international regulations IMO,2026-07-24T11:51:42.496825+00:00,Crossref open metadata
Evaluation of Compliance with IMO FAL Regulations in International Shipping Standards: A Comparative Study between Indonesia and Singapore,"Marisya Agustirani, Surya Desta, Azrul Asyikin",2025,10.31629/jmps.v2i3.8064,crossref:10.31629/jmps.v2i3.8064,Crossref,,Journal of Maritime Policy Science,https://doi.org/10.31629/jmps.v2i3.8064,shipping governance international regulations IMO,2026-07-24T11:51:42.496779+00:00,Crossref open metadata
Machine Learning-Based Forecasting of Maritime Operational Costs Under IMO 2028 Regulations,Eliseo Curcio,2025,10.2139/ssrn.5291572,crossref:10.2139/ssrn.5291572,Crossref,,,https://doi.org/10.2139/ssrn.5291572,shipping governance international regulations IMO,2026-07-24T11:51:42.497027+00:00,Crossref open metadata
Chapter 3: The IMO as an International Organization and the Regulation of Arctic Shipping,Laura Luise Wanner,2024,10.5771/9783748941859-95,crossref:10.5771/9783748941859-95,Crossref,,In Search of Collective Action,https://doi.org/10.5771/9783748941859-95,shipping governance international regulations IMO,2026-07-24T11:51:42.496873+00:00,Crossref open metadata
Contract Governance and Sustainable Shipping,Unknown,2024,10.5040/9781509967957.ch-001,crossref:10.5040/9781509967957.ch-001,Crossref,,Green Shipping Contracts,https://doi.org/10.5040/9781509967957.ch-001,shipping governance international regulations IMO,2026-07-24T11:51:42.496927+00:00,Crossref open metadata
The Readiness Of Shipping Companies In Tegal Region To Implement IMO Regulations  In The Field Of Marine Pollution Prevention,"Awel Suryadi, Hadi Sunarso",2024,10.51578/j.sitektransmar.v6i1.82,crossref:10.51578/j.sitektransmar.v6i1.82,Crossref,,Jurnal Sains Teknologi Transportasi Maritim,https://doi.org/10.51578/j.sitektransmar.v6i1.82,shipping governance international regulations IMO,2026-07-24T11:51:42.496817+00:00,Crossref open metadata
An Interpretive Structural Analysis of the Korean Shipping Industry’s Responses to IMO’s GHG Regulations,Dong-Wook Kwak,2023,10.18104/kalc.2023.38.2.93,crossref:10.18104/kalc.2023.38.2.93,Crossref,,Korean Academy Of International Commerce,https://doi.org/10.18104/kalc.2023.38.2.93,shipping governance international regulations IMO,2026-07-24T11:51:42.496806+00:00,Crossref open metadata
Decarbonization Potential for Korean Container Fleet in International Shipping Based on Imo Regulatory Frameworks,"Junkeon Ahn, Samkyung Seong",2023,10.2139/ssrn.4405124,crossref:10.2139/ssrn.4405124,Crossref,,,https://doi.org/10.2139/ssrn.4405124,shipping governance international regulations IMO,2026-07-24T11:51:42.496821+00:00,Crossref open metadata
Earlier Environmental Regulation by the IMO,David A. Deese,2023,10.4324/9781003352204-3,crossref:10.4324/9781003352204-3,Crossref,,Controlling International Shipping and Aviation Emissions,https://doi.org/10.4324/9781003352204-3,shipping governance international regulations IMO,2026-07-24T11:51:42.496902+00:00,Crossref open metadata
Energy efficiency and decarbonization for container fleet in international shipping based on IMO regulatory frameworks: A case study for South Korea,"Junkeon Ahn, Samkyung Seong, Jieun Lee, Yeonjoo Yun",2023,10.1080/25725084.2023.2247832,crossref:10.1080/25725084.2023.2247832,Crossref,,"Journal of International Maritime Safety, Environmental Affairs, and Shipping",https://doi.org/10.1080/25725084.2023.2247832,shipping governance international regulations IMO,2026-07-24T11:51:42.496920+00:00,Crossref open metadata
Shifting to Sustainable Shipping: Actors and Power Shifts in Shipping Emissions in the IMO,Jennifer Baumann,2023,10.3390/su151712742,crossref:10.3390/su151712742,Crossref,,Sustainability,https://doi.org/10.3390/su151712742,shipping governance international regulations IMO,2026-07-24T11:51:42.496906+00:00,Crossref open metadata
The Largely Failed IMO Efforts to Regulate Greenhouse Gas Emissions,David A. Deese,2023,10.4324/9781003352204-5,crossref:10.4324/9781003352204-5,Crossref,,Controlling International Shipping and Aviation Emissions,https://doi.org/10.4324/9781003352204-5,shipping governance international regulations IMO,2026-07-24T11:51:42.497014+00:00,Crossref open metadata
What Explains These Largely Failed ICAO and IMO Efforts to Date?,David A. Deese,2023,10.4324/9781003352204-7,crossref:10.4324/9781003352204-7,Crossref,,Controlling International Shipping and Aviation Emissions,https://doi.org/10.4324/9781003352204-7,shipping governance international regulations IMO,2026-07-24T11:51:42.497030+00:00,Crossref open metadata
Energy Efficiency Regulations from IMO,Xiaofeng Luo,2022,10.1007/978-981-10-6946-8_239,crossref:10.1007/978-981-10-6946-8_239,Crossref,,Encyclopedia of Ocean Engineering,https://doi.org/10.1007/978-981-10-6946-8_239,shipping governance international regulations IMO,2026-07-24T11:51:42.497033+00:00,Crossref open metadata
Impact of IMO Environmental Regulations and Carbon Border Tax on Trade,"Sung-Woo RYOO, Yang-Kee LEE",2022,10.35980/krical.2022.12.96.125,crossref:10.35980/krical.2022.12.96.125,Crossref,,THE INTERNATIONAL COMMERCE &amp; LAW REVIEW,https://doi.org/10.35980/krical.2022.12.96.125,shipping governance international regulations IMO,2026-07-24T11:51:42.496971+00:00,Crossref open metadata
Indigenous diplomats at the IMO: a case study in successful cross-scale governance for international shipping traffic in the Bering Strait,"Chanda L. Meek, Amy Lauren Lovecraft",2021,10.4324/9781003131311-8,crossref:10.4324/9781003131311-8,Crossref,,Mapping Arctic Paradiplomacy,https://doi.org/10.4324/9781003131311-8,shipping governance international regulations IMO,2026-07-24T11:51:42.496795+00:00,Crossref open metadata
Effect of Low Sulphur Fuel Oil Use on Korean Container Shipping Companies by IMO Environmental Regulations,"Sunghwa Park, Chulhwan Han, Taeil Kim",2020,10.38121/kpea.2020.03.36.1.23,crossref:10.38121/kpea.2020.03.36.1.23,Crossref,,Journal of Korea Port Economic Association,https://doi.org/10.38121/kpea.2020.03.36.1.23,shipping governance international regulations IMO,2026-07-24T11:51:42.496788+00:00,Crossref open metadata
Governance of International Shipping in the Era of Decarbonisation: New Challenges for the IMO?,"Aldo Chircop, Desai Shan",2020,10.1007/978-3-030-31749-2_6,crossref:10.1007/978-3-030-31749-2_6,Crossref,,WMU Studies in Maritime Affairs,https://doi.org/10.1007/978-3-030-31749-2_6,shipping governance international regulations IMO,2026-07-24T11:51:42.496803+00:00,Crossref open metadata
The IMO Action Plan to Address Marine Plastic Litter from Ships and Its Follow-Up Timeline,Dae-Jung Hwang,2020,10.1080/25725084.2020.1779428,crossref:10.1080/25725084.2020.1779428,Crossref,,"Journal of International Maritime Safety, Environmental Affairs, and Shipping",https://doi.org/10.1080/25725084.2020.1779428,shipping governance international regulations IMO,2026-07-24T11:51:42.497020+00:00,Crossref open metadata
The IMO Regulatory Framework for Arctic Shipping: Risk Perspectives and Goal-Based Pathways,"Anish Arvind Hebbar, Jens-Uwe Schröder-Hinrichs, Maximo Q. Mejia, Heike Deggim, Sascha Pristrom",2020,10.1007/978-3-030-44975-9_12,crossref:10.1007/978-3-030-44975-9_12,Crossref,,Springer Polar Sciences,https://doi.org/10.1007/978-3-030-44975-9_12,shipping governance international regulations IMO,2026-07-24T11:51:42.496853+00:00,Crossref open metadata
Enforcement of Existing IMO Regulations,Unknown,2019,10.5040/9781509927791.ch-014,crossref:10.5040/9781509927791.ch-014,Crossref,,Enforcing International Maritime Legislation on Air Pollution Through UNCLOS,https://doi.org/10.5040/9781509927791.ch-014,shipping governance international regulations IMO,2026-07-24T11:51:42.496832+00:00,Crossref open metadata
IMO regulations,Henryk Pepliński,2019,10.1016/b978-0-12-818723-4.00004-1,crossref:10.1016/b978-0-12-818723-4.00004-1,Crossref,,Ship and Mobile Offshore Unit Automation,https://doi.org/10.1016/b978-0-12-818723-4.00004-1,shipping governance international regulations IMO,2026-07-24T11:51:42.496931+00:00,Crossref open metadata
Compendium of maritime labour instruments,Unknown,2026,10.54394/ehuz5570,crossref:10.54394/ehuz5570,Crossref,,,https://doi.org/10.54394/ehuz5570,maritime safety maritime labour conditions,2026-07-24T11:51:44.279651+00:00,Crossref open metadata
2 Promulgation of maritime safety information,Unknown,2025,10.62454/kc910e_03,crossref:10.62454/kc910e_03,Crossref,,Joint IMO/IHO/WMO Manual on Maritime Safety Information,https://doi.org/10.62454/kc910e_03,maritime safety maritime labour conditions,2026-07-24T11:51:44.279701+00:00,Crossref open metadata
Developing a management framework to position South Africa as a preferred seafarer labour supplier,"Tebogo Abia Mojafi, Thea Van Der Westhuizen",2025,10.1080/25725084.2025.2476846,crossref:10.1080/25725084.2025.2476846,Crossref,,"Journal of International Maritime Safety, Environmental Affairs, and Shipping",https://doi.org/10.1080/25725084.2025.2476846,maritime safety maritime labour conditions,2026-07-24T11:51:44.279694+00:00,Crossref open metadata
The Influence Of Safety Culture On Safety Performance In Maritime Service Companies In Surabaya,Unknown,2024,10.33863/mbmc.v3i1.3267,crossref:10.33863/mbmc.v3i1.3267,Crossref,,Proceeding Maritime Business Management Conference,https://doi.org/10.33863/mbmc.v3i1.3267,maritime safety maritime labour conditions,2026-07-24T11:51:44.279720+00:00,Crossref open metadata
"Analysis of impact of the maritime labour convention, 2006: A seafarer’s perspective",Capt. Deepak Mantoju,2021,10.1080/25725084.2021.1955475,crossref:10.1080/25725084.2021.1955475,Crossref,,"Journal of International Maritime Safety, Environmental Affairs, and Shipping",https://doi.org/10.1080/25725084.2021.1955475,maritime safety maritime labour conditions,2026-07-24T11:51:44.279598+00:00,Crossref open metadata
Comparative maritime safety,Frank Stevens,2020,10.4324/9781003030775-14,crossref:10.4324/9781003030775-14,Crossref,,Maritime Safety in Europe,https://doi.org/10.4324/9781003030775-14,maritime safety maritime labour conditions,2026-07-24T11:51:44.279660+00:00,Crossref open metadata
EU maritime safety rules,"Lemonia Tsaroucha, Jacob Terling",2020,10.4324/9781003030775-3,crossref:10.4324/9781003030775-3,Crossref,,Maritime Safety in Europe,https://doi.org/10.4324/9781003030775-3,maritime safety maritime labour conditions,2026-07-24T11:51:44.279707+00:00,Crossref open metadata
German maritime safety laws,Henning Jessen,2020,10.4324/9781003030775-9,crossref:10.4324/9781003030775-9,Crossref,,Maritime Safety in Europe,https://doi.org/10.4324/9781003030775-9,maritime safety maritime labour conditions,2026-07-24T11:51:44.279674+00:00,Crossref open metadata
Maritime safety,Lia I. Athanassiou,2020,10.4324/9781003030775-11,crossref:10.4324/9781003030775-11,Crossref,,Maritime Safety in Europe,https://doi.org/10.4324/9781003030775-11,maritime safety maritime labour conditions,2026-07-24T11:51:44.279654+00:00,Crossref open metadata
Maritime safety in Belgium,Eric Van Hooydonk,2020,10.4324/9781003030775-6,crossref:10.4324/9781003030775-6,Crossref,,Maritime Safety in Europe,https://doi.org/10.4324/9781003030775-6,maritime safety maritime labour conditions,2026-07-24T11:51:44.279687+00:00,Crossref open metadata
Maritime safety in Turkey,Ahmet Gelgeç,2020,10.4324/9781003030775-18,crossref:10.4324/9781003030775-18,Crossref,,Maritime Safety in Europe,https://doi.org/10.4324/9781003030775-18,maritime safety maritime labour conditions,2026-07-24T11:51:44.279671+00:00,Crossref open metadata
Implementation of Automatic Identification System for Safety Operation of Maritime Installation,Unknown,2019,10.23977/mastic.001,crossref:10.23977/mastic.001,Crossref,,Maritime Safety International Conference (MASTIC 2018),https://doi.org/10.23977/mastic.001,maritime safety maritime labour conditions,2026-07-24T11:51:44.279677+00:00,Crossref open metadata
Study of the Influence of Initial Conditions on Jacket Structure Launching Operation,Unknown,2019,10.23977/mastic.041,crossref:10.23977/mastic.041,Crossref,,Maritime Safety International Conference (MASTIC 2018),https://doi.org/10.23977/mastic.041,maritime safety maritime labour conditions,2026-07-24T11:51:44.279713+00:00,Crossref open metadata
Vocational Education and Training (VET) for Maritime Safety,Unknown,2019,10.23977/mastic.027,crossref:10.23977/mastic.027,Crossref,,Maritime Safety International Conference (MASTIC 2018),https://doi.org/10.23977/mastic.027,maritime safety maritime labour conditions,2026-07-24T11:51:44.279635+00:00,Crossref open metadata
Boy Seafarer Training and Education During Voyages,Unknown,2026,10.2307/jj.38191935.11,crossref:10.2307/jj.38191935.11,Crossref,,British Merchant Seafarer Training and Education,https://doi.org/10.2307/jj.38191935.11,seafarer workforce skills competences training professional development,2026-07-24T11:51:45.261069+00:00,Crossref open metadata
Merchant Service Pre-Sea Boy Seafarer Training from the 1860s,Unknown,2026,10.2307/jj.38191935.13,crossref:10.2307/jj.38191935.13,Crossref,,British Merchant Seafarer Training and Education,https://doi.org/10.2307/jj.38191935.13,seafarer workforce skills competences training professional development,2026-07-24T11:51:45.261150+00:00,Crossref open metadata
Blended Learning Design and Green Shipping Technology Integration in Maritime Vocational Officer Education,"Tri Kismantoro, Tri Cahyadi, Winarno",2026,10.66314/ijepp.v4i1.209,crossref:10.66314/ijepp.v4i1.209,Crossref,,International Journal of Educational Practice and Policy,https://doi.org/10.66314/ijepp.v4i1.209,maritime officer education learning outcomes curriculum qualification,2026-07-24T11:51:45.752245+00:00,Crossref open metadata
"An Evaluation of Students’ Performance, Implemented Students Immersion and Faculty Qualification of Northwestern University (Nwu): Inputs for Proposed Pre-Baccalaureate Maritime Track Curriculum Enhancement",Geronimo C. Castro,2024,10.52783/jes.2182,crossref:10.52783/jes.2182,Crossref,,Journal of Electrical Systems,https://doi.org/10.52783/jes.2182,maritime officer education learning outcomes curriculum qualification,2026-07-24T11:51:45.752256+00:00,Crossref open metadata
Enhancing Maritime Crew Resource Management Training by Applying Resilience Engineering: A Case Study of the Bachelor Maritime Officer Training Programme in Rotterdam,"Jaco Griffioen, Monique van der Drift, Hans van den Broek",2021,10.3390/educsci11080378,crossref:10.3390/educsci11080378,Crossref,,Education Sciences,https://doi.org/10.3390/educsci11080378,maritime officer education learning outcomes curriculum qualification,2026-07-24T11:51:45.752241+00:00,Crossref open metadata
Officer of Land Forces’ Qualification Evaluation of Foreign Communication: Criteria and Indices,Bikbaev Vadim Mantsurovich,2020,10.37200/ijpr/v24i4/pr201458,crossref:10.37200/ijpr/v24i4/pr201458,Crossref,,International Journal of Psychosocial Rehabilitation,https://doi.org/10.37200/ijpr/v24i4/pr201458,maritime officer education learning outcomes curriculum qualification,2026-07-24T11:51:45.752148+00:00,Crossref open metadata
Carbon Tax Regulation and Green–Digital Port–Shipping Decarbonization: A Differential Game Analysis,"Suyong Zhang, Rui Wang",2026,10.2139/ssrn.7032503,crossref:10.2139/ssrn.7032503,Crossref,,,https://doi.org/10.2139/ssrn.7032503,shipping AI digital twin autonomous systems decarbonization resilience,2026-07-24T11:51:46.201600+00:00,Crossref open metadata
Decarbonization Using Operation Data Intelligence and Digital Twin Technology,"L R Ashmidha, Sagar Somnath Mahajan",2025,10.2118/224646-ms,crossref:10.2118/224646-ms,Crossref,,GOTECH,https://doi.org/10.2118/224646-ms,shipping AI digital twin autonomous systems decarbonization resilience,2026-07-24T11:51:46.201667+00:00,Crossref open metadata
A Digital Twin Approach for Selection and Deployment of Decarbonization Solutions for the Maritime Sector,"Anargyros Spyridon Mavrakos, Theodosis Tsaousis, Nicolo Faggioni, Alessandro Caviglia, Eros Manzo",2024,10.4018/978-1-6684-9848-4.ch002,crossref:10.4018/978-1-6684-9848-4.ch002,Crossref,,"Advances in Logistics, Operations, and Management Science",https://doi.org/10.4018/978-1-6684-9848-4.ch002,shipping AI digital twin autonomous systems decarbonization resilience,2026-07-24T11:51:46.201507+00:00,Crossref open metadata
A Ship Digital Twin for Safe and Sustainable Ship Operations,"Spyros Hirdaris, Mingyang Zhang, Nikos Tsoulakos, Pentti Kujala",2024,10.4018/978-1-6684-9848-4.ch009,crossref:10.4018/978-1-6684-9848-4.ch009,Crossref,,"Advances in Logistics, Operations, and Management Science",https://doi.org/10.4018/978-1-6684-9848-4.ch009,shipping AI digital twin autonomous systems decarbonization resilience,2026-07-24T11:51:46.201535+00:00,Crossref open metadata
Application of Digital Twins in the Design of New Green Transport Vessels,"Austin A. Kana, Wenzhu Li, Isabel van Noesel, Yusong Pang, Aleksandr Kondratenko, Pentti Kujala, Spyros Hirdaris",2024,10.4018/978-1-6684-9848-4.ch008,crossref:10.4018/978-1-6684-9848-4.ch008,Crossref,,"Advances in Logistics, Operations, and Management Science",https://doi.org/10.4018/978-1-6684-9848-4.ch008,shipping AI digital twin autonomous systems decarbonization resilience,2026-07-24T11:51:46.201672+00:00,Crossref open metadata
Digital Twins for Synchronized Port-Centric Optimization Enabling Shipping Emissions Reduction,"Efstathios Zavvos, Konstantinos Zavitsas, Charilaos Latinopoulos, Veerle Leemen, Aristides Halatsis",2024,10.4018/978-1-6684-9848-4.ch007,crossref:10.4018/978-1-6684-9848-4.ch007,Crossref,,"Advances in Logistics, Operations, and Management Science",https://doi.org/10.4018/978-1-6684-9848-4.ch007,shipping AI digital twin autonomous systems decarbonization resilience,2026-07-24T11:51:46.201539+00:00,Crossref open metadata
Enhanced and Holistic Voyage Planning Using Digital Twins,"Dimitris Kaklis, Antonis Antonopoulos",2024,10.4018/978-1-6684-9848-4.ch006,crossref:10.4018/978-1-6684-9848-4.ch006,Crossref,,"Advances in Logistics, Operations, and Management Science",https://doi.org/10.4018/978-1-6684-9848-4.ch006,shipping AI digital twin autonomous systems decarbonization resilience,2026-07-24T11:51:46.201551+00:00,Crossref open metadata
Enhancing a Digital Twin With a Multizone Combustion Model for Pollutant Emissions Estimation and Engine Operational Optimization,Theofanis Chountalas,2024,10.4018/978-1-6684-9848-4.ch011,crossref:10.4018/978-1-6684-9848-4.ch011,Crossref,,"Advances in Logistics, Operations, and Management Science",https://doi.org/10.4018/978-1-6684-9848-4.ch011,shipping AI digital twin autonomous systems decarbonization resilience,2026-07-24T11:51:46.201543+00:00,Crossref open metadata
Shipping Applications of Digital Twins,"Angeliki Deligianni, Leonidas Drikos, George Mantalos, Eleftherios Kaklamanis",2024,10.4018/978-1-6684-9848-4.ch010,crossref:10.4018/978-1-6684-9848-4.ch010,Crossref,,"Advances in Logistics, Operations, and Management Science",https://doi.org/10.4018/978-1-6684-9848-4.ch010,shipping AI digital twin autonomous systems decarbonization resilience,2026-07-24T11:51:46.201512+00:00,Crossref open metadata
Shipping Digital Twin Data Management With the Use of Knowledge Graphs,"Antonis Antonopoulos, Antonis Mygiakis",2024,10.4018/978-1-6684-9848-4.ch003,crossref:10.4018/978-1-6684-9848-4.ch003,Crossref,,"Advances in Logistics, Operations, and Management Science",https://doi.org/10.4018/978-1-6684-9848-4.ch003,shipping AI digital twin autonomous systems decarbonization resilience,2026-07-24T11:51:46.201476+00:00,Crossref open metadata
Shipping Digital Twin Landscape,"Takis Katsoulakos, Georgia Tsiochantari, Fearghal O'Donncha, Eleftherios Kaklamanis, Allesandro Maccari, Marcin Mucharski",2024,10.4018/978-1-6684-9848-4.ch001,crossref:10.4018/978-1-6684-9848-4.ch001,Crossref,,"Advances in Logistics, Operations, and Management Science",https://doi.org/10.4018/978-1-6684-9848-4.ch001,shipping AI digital twin autonomous systems decarbonization resilience,2026-07-24T11:51:46.201500+00:00,Crossref open metadata
Shipping Green Fuel Strategies and Benchmarking Supported by Digital Twins,"Anargyros Spyridon Mavrakos, Maxime Woznicki",2024,10.4018/978-1-6684-9848-4.ch005,crossref:10.4018/978-1-6684-9848-4.ch005,Crossref,,"Advances in Logistics, Operations, and Management Science",https://doi.org/10.4018/978-1-6684-9848-4.ch005,shipping AI digital twin autonomous systems decarbonization resilience,2026-07-24T11:51:46.201517+00:00,Crossref open metadata
State-of-the-Art Digital Twin Applications for Shipping Sector Decarbonization,Unknown,2024,10.4018/978-1-6684-9848-4,crossref:10.4018/978-1-6684-9848-4,Crossref,,"Advances in Logistics, Operations, and Management Science",https://doi.org/10.4018/978-1-6684-9848-4,shipping AI digital twin autonomous systems decarbonization resilience,2026-07-24T11:51:46.201521+00:00,Crossref open metadata
"Digital Twin: Generalization, characterization and implementation","Eric VanDerHorn, Sankaran Mahadevan",2021,10.1016/j.dss.2021.113524,crossref:10.1016/j.dss.2021.113524,Crossref,,Decision Support Systems,https://doi.org/10.1016/j.dss.2021.113524,shipping AI digital twin autonomous systems decarbonization resilience,2026-07-24T11:51:46.201604+00:00,Crossref open metadata
Blue Degrowth: A Framework for Just Ocean Governance Beyond Growth,Muhammad Belanawane Sulubere,2026,10.12688/f1000research.176456.1,crossref:10.12688/f1000research.176456.1,Crossref,,F1000Research,https://doi.org/10.12688/f1000research.176456.1,shipping just transition blue economy labour ocean literacy marine governance safety,2026-07-24T11:51:46.616764+00:00,Crossref open metadata
Nigeria’s blue economy and ocean governance,Ayo Olugbode,2026,10.58440/ihr-32-1-c07,crossref:10.58440/ihr-32-1-c07,Crossref,,The International Hydrographic Review,https://doi.org/10.58440/ihr-32-1-c07,shipping just transition blue economy labour ocean literacy marine governance safety,2026-07-24T11:51:46.616883+00:00,Crossref open metadata
"Ocean Literacy at the Crossroads of Community, the Sustainable Blue Economy, and the Arts: Insights, Innovations, and Future Pathways",Teresa J. Kennedy,2026,10.1007/978-3-032-09453-7_23,crossref:10.1007/978-3-032-09453-7_23,Crossref,,Sustainable Development Goals Series,https://doi.org/10.1007/978-3-032-09453-7_23,shipping just transition blue economy labour ocean literacy marine governance safety,2026-07-24T11:51:46.616783+00:00,Crossref open metadata
Peer Review Report For: Blue Degrowth: A Framework for Just Ocean Governance Beyond Growth [version 1; peer review: 1 not approved],Unknown,2026,10.5256/f1000research.194512.r454320,crossref:10.5256/f1000research.194512.r454320,Crossref,,,https://doi.org/10.5256/f1000research.194512.r454320,shipping just transition blue economy labour ocean literacy marine governance safety,2026-07-24T11:51:46.616830+00:00,Crossref open metadata
Toward a Just and Equitable Transition to Decarbonization of the International Shipping Sector,Sindhura Polepalli,2026,10.1017/9781009760171.010,crossref:10.1017/9781009760171.010,Crossref,,"Marine Technology, Ocean Development and the Law of the Sea",https://doi.org/10.1017/9781009760171.010,shipping just transition blue economy labour ocean literacy marine governance safety,2026-07-24T11:51:46.616689+00:00,Crossref open metadata
A study on the challenges and solutions for a Just net zero transition in the shipping industry – Focusing on human factors,Hyun-Wook Doo,2025,10.1080/25725084.2025.2602235,crossref:10.1080/25725084.2025.2602235,Crossref,,"Journal of International Maritime Safety, Environmental Affairs, and Shipping",https://doi.org/10.1080/25725084.2025.2602235,shipping just transition blue economy labour ocean literacy marine governance safety,2026-07-24T11:51:46.616847+00:00,Crossref open metadata
Africa's Blue Economy: Ocean Resources for Sustainable Development and Low-Carbon Energy Transition,John O. Oladipo,2025,10.2139/ssrn.5409572,crossref:10.2139/ssrn.5409572,Crossref,,,https://doi.org/10.2139/ssrn.5409572,shipping just transition blue economy labour ocean literacy marine governance safety,2026-07-24T11:51:46.616874+00:00,Crossref open metadata
Blue economy concepts are lagging behind in ocean literacy,"Mariana Almeida, Dionísia Laranjeiro, Raquel Costa, Ana I. Lillebø, Helena Vieira",2025,10.3389/fmars.2025.1648508,crossref:10.3389/fmars.2025.1648508,Crossref,,Frontiers in Marine Science,https://doi.org/10.3389/fmars.2025.1648508,shipping just transition blue economy labour ocean literacy marine governance safety,2026-07-24T11:51:46.616879+00:00,Crossref open metadata
Arctic marine shipping development and governance in Canada: A historical overview,"Weishan Wang, Claudio Aporta",2024,10.1016/j.marpol.2023.105958,crossref:10.1016/j.marpol.2023.105958,Crossref,,Marine Policy,https://doi.org/10.1016/j.marpol.2023.105958,shipping just transition blue economy labour ocean literacy marine governance safety,2026-07-24T11:51:46.616767+00:00,Crossref open metadata
Marine Spatial Planning in Canadian Arctic Shipping Governance: Exploring Its Application in the Northern Low-impact Shipping Corridors Initiative,Weishan Wang,2023,10.1163/22116001-03701016,crossref:10.1163/22116001-03701016,Crossref,,Ocean Yearbook Online,https://doi.org/10.1163/22116001-03701016,shipping just transition blue economy labour ocean literacy marine governance safety,2026-07-24T11:51:46.616732+00:00,Crossref open metadata
UNDRIP rights to guide the governance of the Northern Low-impact Shipping Corridors initiative,Weishan Wang,2023,10.1016/j.marpol.2023.105737,crossref:10.1016/j.marpol.2023.105737,Crossref,,Marine Policy,https://doi.org/10.1016/j.marpol.2023.105737,shipping just transition blue economy labour ocean literacy marine governance safety,2026-07-24T11:51:46.616812+00:00,Crossref open metadata
Blue Economy and Blue Finance: Toward Sustainable Development and Ocean Governance,"Michael Huang, Michelle Voyer, Dominique Benzaken, Atsushi Watanabe",2022,10.56506/hdlz1912,crossref:10.56506/hdlz1912,Crossref,,,https://doi.org/10.56506/hdlz1912,shipping just transition blue economy labour ocean literacy marine governance safety,2026-07-24T11:51:46.616796+00:00,Crossref open metadata
Ocean Governance and Integrated Ocean Management,"Heman Das Lohano, Muhammad Bilal Maqbool",2022,10.1007/978-3-030-96519-8_17,crossref:10.1007/978-3-030-96519-8_17,Crossref,,The Blue Economy,https://doi.org/10.1007/978-3-030-96519-8_17,shipping just transition blue economy labour ocean literacy marine governance safety,2026-07-24T11:51:46.616800+00:00,Crossref open metadata
"Mapping Global Research on Ocean Literacy: Implications for Science, Policy, and the Blue Economy","Evelyn Paredes-Coral, Melita Mokos, Ann Vanreusel, Tim Deprez",2021,10.3389/fmars.2021.648492,crossref:10.3389/fmars.2021.648492,Crossref,,Frontiers in Marine Science,https://doi.org/10.3389/fmars.2021.648492,shipping just transition blue economy labour ocean literacy marine governance safety,2026-07-24T11:51:46.616823+00:00,Crossref open metadata
Ethical Blue Economy,"Ranadhir Mukhopadhyay, Victor J. Loveson, Sridhar D. Iyer, P.K. Sudarsan",2020,10.1201/9780429326004-8,crossref:10.1201/9780429326004-8,Crossref,,Blue Economy of the Indian Ocean,https://doi.org/10.1201/9780429326004-8,shipping just transition blue economy labour ocean literacy marine governance safety,2026-07-24T11:51:46.616791+00:00,Crossref open metadata
National ocean governance as a foundation for Blue Economic development,"Patrick McConney, Sanya Compton",2020,10.4324/9780429342233-8,crossref:10.4324/9780429342233-8,Crossref,,The Caribbean Blue Economy,https://doi.org/10.4324/9780429342233-8,shipping just transition blue economy labour ocean literacy marine governance safety,2026-07-24T11:51:46.616780+00:00,Crossref open metadata
Regional ocean governance,"Lucia Fanning, Robin Mahon",2020,10.4324/9780429342233-9,crossref:10.4324/9780429342233-9,Crossref,,The Caribbean Blue Economy,https://doi.org/10.4324/9780429342233-9,shipping just transition blue economy labour ocean literacy marine governance safety,2026-07-24T11:51:46.616754+00:00,Crossref open metadata
The role of shipping and marine transport in developing Blue Economies,David Jean-Marie,2020,10.4324/9780429342233-12,crossref:10.4324/9780429342233-12,Crossref,,The Caribbean Blue Economy,https://doi.org/10.4324/9780429342233-12,shipping just transition blue economy labour ocean literacy marine governance safety,2026-07-24T11:51:46.616712+00:00,Crossref open metadata
Threats to the Blue Economy,"Ranadhir Mukhopadhyay, Victor J. Loveson, Sridhar D. Iyer, P.K. Sudarsan",2020,10.1201/9780429326004-5,crossref:10.1201/9780429326004-5,Crossref,,Blue Economy of the Indian Ocean,https://doi.org/10.1201/9780429326004-5,shipping just transition blue economy labour ocean literacy marine governance safety,2026-07-24T11:51:46.616837+00:00,Crossref open metadata
Addressing the challenges and harnessing the benefits of marine extremes,"Erika J. Techera, Gundula Winter",2019,10.4324/9780429491023-13,crossref:10.4324/9780429491023-13,Crossref,,Marine Extremes,https://doi.org/10.4324/9780429491023-13,shipping just transition blue economy labour ocean literacy marine governance safety,2026-07-24T11:51:46.616693+00:00,Crossref open metadata
Aquaculture,"Andrew W.M. Pomeroy, Ana M.M. Sequeira",2019,10.4324/9780429491023-10,crossref:10.4324/9780429491023-10,Crossref,,Marine Extremes,https://doi.org/10.4324/9780429491023-10,shipping just transition blue economy labour ocean literacy marine governance safety,2026-07-24T11:51:46.616685+00:00,Crossref open metadata
"Coastal processes, extreme events and forecasting","Gundula Winter, Yasha Hetzel, Peisheng Huang, Matthew R. Hipsey, Ryan P. Mulligan, Jeff Hansen",2019,10.4324/9780429491023-3,crossref:10.4324/9780429491023-3,Crossref,,Marine Extremes,https://doi.org/10.4324/9780429491023-3,shipping just transition blue economy labour ocean literacy marine governance safety,2026-07-24T11:51:46.616776+00:00,Crossref open metadata
Community values and preferences for coastal hazard interventions,"Abbie A. Rogers, Michael P. Burton",2019,10.4324/9780429491023-4,crossref:10.4324/9780429491023-4,Crossref,,Marine Extremes,https://doi.org/10.4324/9780429491023-4,shipping just transition blue economy labour ocean literacy marine governance safety,2026-07-24T11:51:46.616709+00:00,Crossref open metadata
Extreme human behaviours affecting marine resources and industries,"Jade Lindley, Erika J. Techera, D. G. Webster",2019,10.4324/9780429491023-11,crossref:10.4324/9780429491023-11,Crossref,,Marine Extremes,https://doi.org/10.4324/9780429491023-11,shipping just transition blue economy labour ocean literacy marine governance safety,2026-07-24T11:51:46.616705+00:00,Crossref open metadata
Impacts of (extreme) depth on life in the deep-sea,"Shaun P. Collin, Lucille Chapuis, Nico K. Michiels",2019,10.4324/9780429491023-12,crossref:10.4324/9780429491023-12,Crossref,,Marine Extremes,https://doi.org/10.4324/9780429491023-12,shipping just transition blue economy labour ocean literacy marine governance safety,2026-07-24T11:51:46.616738+00:00,Crossref open metadata
Impacts of marine heatwaves,"Belinda L. Cannell, Paul G. Thomson, Verena Schoepf, Chari B. Pattiaratchi, Matthew W. Fraser",2019,10.4324/9780429491023-8,crossref:10.4324/9780429491023-8,Crossref,,Marine Extremes,https://doi.org/10.4324/9780429491023-8,shipping just transition blue economy labour ocean literacy marine governance safety,2026-07-24T11:51:46.616725+00:00,Crossref open metadata
Introduction to marine extremes,"Erika J. Techera, Gundula Winter",2019,10.4324/9780429491023-1,crossref:10.4324/9780429491023-1,Crossref,,Marine Extremes,https://doi.org/10.4324/9780429491023-1,shipping just transition blue economy labour ocean literacy marine governance safety,2026-07-24T11:51:46.616681+00:00,Crossref open metadata
"Local, community-led interventions to address global-scale problems and environmental extremes in coastal ecosystems",Christopher D. Hepburn,2019,10.4324/9780429491023-9,crossref:10.4324/9780429491023-9,Crossref,,Marine Extremes,https://doi.org/10.4324/9780429491023-9,shipping just transition blue economy labour ocean literacy marine governance safety,2026-07-24T11:51:46.616742+00:00,Crossref open metadata
Marine Extremes,Unknown,2019,10.4324/9780429491023,crossref:10.4324/9780429491023,Crossref,,,https://doi.org/10.4324/9780429491023,shipping just transition blue economy labour ocean literacy marine governance safety,2026-07-24T11:51:46.616668+00:00,Crossref open metadata
Monitoring ocean and estuary health,"Paul G. Thomson, Belinda L. Cannell, Anas Ghadouani, Matthew W. Fraser, William J. Rayment",2019,10.4324/9780429491023-6,crossref:10.4324/9780429491023-6,Crossref,,Marine Extremes,https://doi.org/10.4324/9780429491023-6,shipping just transition blue economy labour ocean literacy marine governance safety,2026-07-24T11:51:46.616698+00:00,Crossref open metadata
Nature-based solutions to mitigate extreme coastal impacts,"Gundula Winter, Karin R. Bryan, Marco Ghisalberti",2019,10.4324/9780429491023-5,crossref:10.4324/9780429491023-5,Crossref,,Marine Extremes,https://doi.org/10.4324/9780429491023-5,shipping just transition blue economy labour ocean literacy marine governance safety,2026-07-24T11:51:46.616720+00:00,Crossref open metadata
Pollution from land-based sources,"Ian Snowball, Alizée P. Lehoux, Josie Crawshaw, Candida Savage, Matthew R. Hipsey, Anas Ghadouani, Sarah McCulloch, Carolyn E. Oldham",2019,10.4324/9780429491023-7,crossref:10.4324/9780429491023-7,Crossref,,Marine Extremes,https://doi.org/10.4324/9780429491023-7,shipping just transition blue economy labour ocean literacy marine governance safety,2026-07-24T11:51:46.616809+00:00,Crossref open metadata
Strengthening Maritime Education: The Status of Micro-Credentials in Maritime Higher Education Institutions,"Ana Gundić, Francesc Xavier Martínez de Osés, Piotr Kopacz, Zaloa Sanchez-Varela",2026,10.5821/mt.14682,crossref:10.5821/mt.14682,Crossref,,Maritime Transport Conference,https://doi.org/10.5821/mt.14682,maritime transport EQF qualification framework micro-credential STCW learning outcomes,2026-07-24T11:51:48.221199+00:00,Crossref open metadata
Bridging the Contextual Realism Gap: A Learning Analytics Model for STCW-Compliant Maritime English Training,"Dhanan Abimanto, Rudi Hartono, Sri Wahyuni",2025,10.31849/t2fdj104,crossref:10.31849/t2fdj104,Crossref,,Elsya : Journal of English Language Studies,https://doi.org/10.31849/t2fdj104,maritime transport EQF qualification framework micro-credential STCW learning outcomes,2026-07-24T11:51:48.221210+00:00,Crossref open metadata
DIGITAL MODEL OF NAVIGATOR'S COMPETENCIES BASED ON THE ANALYSIS OF STCW QUALIFICATION REQUIREMENTS,M. Masonkova,2025,10.33815/2313-4763.2025.2.31.006-018,crossref:10.33815/2313-4763.2025.2.31.006-018,Crossref,,Scientific Bulletin Kherson State Maritime Academy,https://doi.org/10.33815/2313-4763.2025.2.31.006-018,maritime transport EQF qualification framework micro-credential STCW learning outcomes,2026-07-24T11:51:48.220994+00:00,Crossref open metadata
"English For Maritime Purposes:, Developing An STCW-Aligned SMCP Training Framework",Ouafa Ouarniki,2025,10.54295/2201-012-002-004,crossref:10.54295/2201-012-002-004,Crossref,,مجلة اللغة الوظيفية,https://doi.org/10.54295/2201-012-002-004,maritime transport EQF qualification framework micro-credential STCW learning outcomes,2026-07-24T11:51:48.221056+00:00,Crossref open metadata
STCW-F,Unknown,2025,10.62454/ka915e,crossref:10.62454/ka915e,Crossref,,,https://doi.org/10.62454/ka915e,maritime transport EQF qualification framework micro-credential STCW learning outcomes,2026-07-24T11:51:48.221037+00:00,Crossref open metadata
STCW requirements in a regulatory and technology landscape change,"Peyman Ghaforian Masodzadeh, Raphael Baumler, Jose Gonzalez Celis, Fabio Ballini, Aykut I. Ölçer",2024,10.5821/mt.13158,crossref:10.5821/mt.13158,Crossref,,Maritime Transport Conference,https://doi.org/10.5821/mt.13158,maritime transport EQF qualification framework micro-credential STCW learning outcomes,2026-07-24T11:51:48.221064+00:00,Crossref open metadata
A multi-task learning-based framework for global maritime trajectory and destination prediction with AIS data,"Wells Wang, Junchi Bin, Amirhossein Zaji, Richard Halldearn, Fabien Guillaume, Eric Li, Zheng Liu",2022,10.1016/j.martra.2022.100072,crossref:10.1016/j.martra.2022.100072,Crossref,,Maritime Transport Research,https://doi.org/10.1016/j.martra.2022.100072,maritime transport EQF qualification framework micro-credential STCW learning outcomes,2026-07-24T11:51:48.221106+00:00,Crossref open metadata
A survey of the opportunities and challenges of supervised machine learning in maritime risk analysis,"Andrew Rawson, Mario Brito",2022,10.1080/01441647.2022.2036864,crossref:10.1080/01441647.2022.2036864,Crossref,,Transport Reviews,https://doi.org/10.1080/01441647.2022.2036864,maritime transport EQF qualification framework micro-credential STCW learning outcomes,2026-07-24T11:51:48.221174+00:00,Crossref open metadata
Maritime English Learning Materials Based on Standard Training Certification and Watchkeeping for Seafarers (STCW) Curriculum and Intercultural Competence (IC),I Wy Dirgayasa,2022,10.5430/wjel.v12n4p65,crossref:10.5430/wjel.v12n4p65,Crossref,,World Journal of English Language,https://doi.org/10.5430/wjel.v12n4p65,maritime transport EQF qualification framework micro-credential STCW learning outcomes,2026-07-24T11:51:48.221187+00:00,Crossref open metadata
Profil du transport maritime de l’Angola,Unknown,2026,10.18356/9789211070781c011,crossref:10.18356/9789211070781c011,Crossref,,Évaluation de la durabilité du transport de marchandises en Angola,https://doi.org/10.18356/9789211070781c011,maritime transport maritimisation marinization oceanisation hydrosocial de-base-re hypothesis verification indicators,2026-07-24T11:51:48.553725+00:00,Crossref open metadata
Using global freight rates to predict local macroeconomic indicators,Joshua Shackman,2026,10.1016/j.martra.2026.100157,crossref:10.1016/j.martra.2026.100157,Crossref,,Maritime Transport Research,https://doi.org/10.1016/j.martra.2026.100157,maritime transport maritimisation marinization oceanisation hydrosocial de-base-re hypothesis verification indicators,2026-07-24T11:51:48.553625+00:00,Crossref open metadata
Acteurs du transport et de la logistique,Valérie CASTAY,2024,10.51257/a-v3-ag8020,crossref:10.51257/a-v3-ag8020,Crossref,,Transport fluvial et maritime,https://doi.org/10.51257/a-v3-ag8020,maritime transport maritimisation marinization oceanisation hydrosocial de-base-re hypothesis verification indicators,2026-07-24T11:51:48.553712+00:00,Crossref open metadata
Développement des données dans le secteur maritime et évolutions de leur traitement,Jean-François SIGRIST,2024,10.51257/a-v1-trp5044,crossref:10.51257/a-v1-trp5044,Crossref,,Transport fluvial et maritime,https://doi.org/10.51257/a-v1-trp5044,maritime transport maritimisation marinization oceanisation hydrosocial de-base-re hypothesis verification indicators,2026-07-24T11:51:48.553772+00:00,Crossref open metadata
Exploring the ship operation safety indicators of international ports in Taiwan,"Jiann-Haw Liou, Po-Hsing Tseng",2024,10.1016/j.martra.2024.100111,crossref:10.1016/j.martra.2024.100111,Crossref,,Maritime Transport Research,https://doi.org/10.1016/j.martra.2024.100111,maritime transport maritimisation marinization oceanisation hydrosocial de-base-re hypothesis verification indicators,2026-07-24T11:51:48.553643+00:00,Crossref open metadata
On analysing key drivers of carbon emissions in maritime transport with focus on carbon intensity indicators,"Hoejin Jeong, Heesung Yun",2024,10.1057/s41278-024-00310-3,crossref:10.1057/s41278-024-00310-3,Crossref,,Maritime Economics &amp; Logistics,https://doi.org/10.1057/s41278-024-00310-3,maritime transport maritimisation marinization oceanisation hydrosocial de-base-re hypothesis verification indicators,2026-07-24T11:51:48.553739+00:00,Crossref open metadata
Port performance and maritime trade and transport facilitation,Unknown,2024,10.18356/9789211065923c008,crossref:10.18356/9789211065923c008,Crossref,,Review of Maritime Transport,https://doi.org/10.18356/9789211065923c008,maritime transport maritimisation marinization oceanisation hydrosocial de-base-re hypothesis verification indicators,2026-07-24T11:51:48.553765+00:00,Crossref open metadata
Ports as business eco-systems in transition,"Elvira Haezendonck, Peter W. de Langen",2024,10.1016/j.martra.2024.100125,crossref:10.1016/j.martra.2024.100125,Crossref,,Maritime Transport Research,https://doi.org/10.1016/j.martra.2024.100125,maritime transport maritimisation marinization oceanisation hydrosocial de-base-re hypothesis verification indicators,2026-07-24T11:51:48.553731+00:00,Crossref open metadata
The impact of container call size - evidence from simulation modelling,"Albert Veenstra, Arjen de Waal",2024,10.1016/j.martra.2024.100109,crossref:10.1016/j.martra.2024.100109,Crossref,,Maritime Transport Research,https://doi.org/10.1016/j.martra.2024.100109,maritime transport maritimisation marinization oceanisation hydrosocial de-base-re hypothesis verification indicators,2026-07-24T11:51:48.553748+00:00,Crossref open metadata
Ensuring circular strategy implementation: The development of circular economy indicators for ports,"Lynn Faut, Fanny Soyeur, Elvira Haezendonck, Michaël Dooms, Peter W. de Langen",2023,10.1016/j.martra.2023.100087,crossref:10.1016/j.martra.2023.100087,Crossref,,Maritime Transport Research,https://doi.org/10.1016/j.martra.2023.100087,maritime transport maritimisation marinization oceanisation hydrosocial de-base-re hypothesis verification indicators,2026-07-24T11:51:48.553633+00:00,Crossref open metadata
International Maritime Transport: Building a New Regulatory System?,"Gurvan Branellec, Anne Choquet",2023,10.46298/cst-9939,crossref:10.46298/cst-9939,Crossref,,Les Cahiers Scientifiques du Transport - Scientific Papers in Transportation,https://doi.org/10.46298/cst-9939,maritime transport maritimisation marinization oceanisation hydrosocial de-base-re hypothesis verification indicators,2026-07-24T11:51:48.553769+00:00,Crossref open metadata
Key performance indicators for ports and the shipping fleet,Unknown,2022,10.18356/9789210021470c009,crossref:10.18356/9789210021470c009,Crossref,,Review of Maritime Transport,https://doi.org/10.18356/9789210021470c009,maritime transport maritimisation marinization oceanisation hydrosocial de-base-re hypothesis verification indicators,2026-07-24T11:51:48.553654+00:00,Crossref open metadata
Literature review: Multi-criteria decision-making method application for sustainable deep-sea mining transport plans,"Wenbin Ma, Yanlian Du, Xiangwei Liu, Yijun Shen",2022,10.1016/j.ecolind.2022.109049,crossref:10.1016/j.ecolind.2022.109049,Crossref,,Ecological Indicators,https://doi.org/10.1016/j.ecolind.2022.109049,maritime transport maritimisation marinization oceanisation hydrosocial de-base-re hypothesis verification indicators,2026-07-24T11:51:48.553705+00:00,Crossref open metadata
Risk factors and navigation accidents: A historical analysis comparing accident-free and accident-prone vessels using indicators from AIS data and vessel databases,"Asbjørn Lein Aalberg, Rolf Johan Bye, Peter Risberg Ellevseth",2022,10.1016/j.martra.2022.100062,crossref:10.1016/j.martra.2022.100062,Crossref,,Maritime Transport Research,https://doi.org/10.1016/j.martra.2022.100062,maritime transport maritimisation marinization oceanisation hydrosocial de-base-re hypothesis verification indicators,2026-07-24T11:51:48.553756+00:00,Crossref open metadata
Simulating Behavior Pattern of Key Performance Indicators to Improve Organization’s Safety Performance in Maritime Transport,"Tatjana Stanivuk, Danijel Bartulović, Dajana Bartulović",2022,10.7225/toms.v11.n02.w05,crossref:10.7225/toms.v11.n02.w05,Crossref,,Transactions on Maritime Science,https://doi.org/10.7225/toms.v11.n02.w05,maritime transport maritimisation marinization oceanisation hydrosocial de-base-re hypothesis verification indicators,2026-07-24T11:51:48.553700+00:00,Crossref open metadata
THE RECOVERY AND DEVELOPMENT TARGET INDICATORS OF UKRAINE'S MARITIME TRANSPORT INFRASTRUCTURE,Sergiy Tabenskyy,2022,10.30890/2709-2313.2025-43-01-004,crossref:10.30890/2709-2313.2025-43-01-004,Crossref,,European Science,https://doi.org/10.30890/2709-2313.2025-43-01-004,maritime transport maritimisation marinization oceanisation hydrosocial de-base-re hypothesis verification indicators,2026-07-24T11:51:48.553677+00:00,Crossref open metadata
THE ROLE OF TRANSPORT STRATEGY AND MACROECONOMIC INDICATORS IN FORECASTING THE RAILWAY CARGO BASE,"N. Tereshina, A. Mitusova, E. Dmitrieva",2022,10.52375/20728689_2022_5_162,crossref:10.52375/20728689_2022_5_162,Crossref,,Transport Business of Russia,https://doi.org/10.52375/20728689_2022_5_162,maritime transport maritimisation marinization oceanisation hydrosocial de-base-re hypothesis verification indicators,2026-07-24T11:51:48.553779+00:00,Crossref open metadata
Performance indicators,Unknown,2021,10.18356/9789210052719c007,crossref:10.18356/9789210052719c007,Crossref,,Review of Maritime Transport,https://doi.org/10.18356/9789210052719c007,maritime transport maritimisation marinization oceanisation hydrosocial de-base-re hypothesis verification indicators,2026-07-24T11:51:48.553621+00:00,Crossref open metadata
Information standard forming on the augmented reality base,Popov A.N.,2020,10.34046/aumsuomt94/8,crossref:10.34046/aumsuomt94/8,Crossref,,Operation of Maritime Transport,https://doi.org/10.34046/aumsuomt94/8,maritime transport maritimisation marinization oceanisation hydrosocial de-base-re hypothesis verification indicators,2026-07-24T11:51:48.553752+00:00,Crossref open metadata
The Panama and Suez Canals: re-engineered to be competitive,"Rodolfo Sabonge, Ricardo J. Sánchez",2020,10.4337/9781788976640.00011,crossref:10.4337/9781788976640.00011,Crossref,,Geographies of Maritime Transport,https://doi.org/10.4337/9781788976640.00011,maritime transport maritimisation marinization oceanisation hydrosocial de-base-re hypothesis verification indicators,2026-07-24T11:51:48.553709+00:00,Crossref open metadata
Importance of dynamic routing algorithms and event management tools in terms of maritime safety and operational efficiency,"H.N. Musulin, I. Skoko, V. Milin",2026,10.5821/mt.15190,crossref:10.5821/mt.15190,Crossref,,Maritime Transport Conference,https://doi.org/10.5821/mt.15190,maritime transport qmbd axis translation marine maritime oceanic hydronization theory terms taxonomy mapping,2026-07-24T11:51:50.272002+00:00,Crossref open metadata
Relationship between maritime transportation and economic growth: highest maritime transport European countries,"Şerif Canbay, Mustafa Kırca",2025,10.52998/trjmms.1545346,crossref:10.52998/trjmms.1545346,Crossref,,Turkish Journal of Maritime and Marine Sciences,https://doi.org/10.52998/trjmms.1545346,maritime transport qmbd axis translation marine maritime oceanic hydronization theory terms taxonomy mapping,2026-07-24T11:51:50.271997+00:00,Crossref open metadata
International maritime trade,Unknown,2024,10.18356/9789211065923c005,crossref:10.18356/9789211065923c005,Crossref,,Review of Maritime Transport,https://doi.org/10.18356/9789211065923c005,maritime transport qmbd axis translation marine maritime oceanic hydronization theory terms taxonomy mapping,2026-07-24T11:51:50.272057+00:00,Crossref open metadata
Review of Maritime Transport 2024,Unknown,2024,10.18356/9789211065923,crossref:10.18356/9789211065923,Crossref,,Review of Maritime Transport,https://doi.org/10.18356/9789211065923,maritime transport qmbd axis translation marine maritime oceanic hydronization theory terms taxonomy mapping,2026-07-24T11:51:50.272126+00:00,Crossref open metadata
Sustainable maritime shipping,"ManWo Ng, Wayne K. Talley",2024,10.1016/j.martra.2024.100121,crossref:10.1016/j.martra.2024.100121,Crossref,,Maritime Transport Research,https://doi.org/10.1016/j.martra.2024.100121,maritime transport qmbd axis translation marine maritime oceanic hydronization theory terms taxonomy mapping,2026-07-24T11:51:50.272076+00:00,Crossref open metadata
Chassis repositioning at marine container terminals: The case of complete demand information,ManWo Ng,2021,10.1016/j.martra.2021.100022,crossref:10.1016/j.martra.2021.100022,Crossref,,Maritime Transport Research,https://doi.org/10.1016/j.martra.2021.100022,maritime transport qmbd axis translation marine maritime oceanic hydronization theory terms taxonomy mapping,2026-07-24T11:51:50.271990+00:00,Crossref open metadata
Maritime transport and infrastructure,Unknown,2021,10.18356/9789210000970c006,crossref:10.18356/9789210000970c006,Crossref,,Review of Maritime Transport,https://doi.org/10.18356/9789210000970c006,maritime transport qmbd axis translation marine maritime oceanic hydronization theory terms taxonomy mapping,2026-07-24T11:51:50.272144+00:00,Crossref open metadata
Performance In-Live of Marine Engines: A Tool for Its Evaluation,"Matteo Dodero, Serena Bertagna, Alberto Marino’, Vittorio Bucci",2020,10.3390/app10165707,crossref:10.3390/app10165707,Crossref,,Applied Sciences,https://doi.org/10.3390/app10165707,maritime transport qmbd axis translation marine maritime oceanic hydronization theory terms taxonomy mapping,2026-07-24T11:51:50.272022+00:00,Crossref open metadata
Integrated port governance and digitalization system: A model for boosting port logistics performance,"Sirajuddin, Yeni Januarsi, Ade Irman, Asep Ridwan",2026,10.1016/j.ajsl.2025.12.002,crossref:10.1016/j.ajsl.2025.12.002,Crossref,,The Asian Journal of Shipping and Logistics,https://doi.org/10.1016/j.ajsl.2025.12.002,port governance maritime logistics sustainability,2026-07-24T11:51:50.837591+00:00,Crossref open metadata
"Logistics capability, maritime connectivity, and container port system growth: Global evidence and transport policy implications",Muhammad Subhan,2026,10.2139/ssrn.6026635,crossref:10.2139/ssrn.6026635,Crossref,,,https://doi.org/10.2139/ssrn.6026635,port governance maritime logistics sustainability,2026-07-24T11:51:50.837524+00:00,Crossref open metadata
Port sustainability and institutional governance: a comparative analysis between Brazil and Spain,"Regis Alfredo Weber, Clandia Maffini Gomes, Guilherme Costa Wiedenhöft, Roberto Schoproni Bichueti, Kamila Frizzo",2026,10.1080/03088839.2026.2663893,crossref:10.1080/03088839.2026.2663893,Crossref,,Maritime Policy &amp; Management,https://doi.org/10.1080/03088839.2026.2663893,port governance maritime logistics sustainability,2026-07-24T11:51:50.837486+00:00,Crossref open metadata
Sustainable Cross-Border Maritime Logistics: Platform Environmental Responsibility and Green Governance,"Jun Luo, Zijun Wu, Ling Sun, Jianlin Lai, Jiayang Chen",2026,10.3390/su18136844,crossref:10.3390/su18136844,Crossref,,Sustainability,https://doi.org/10.3390/su18136844,port governance maritime logistics sustainability,2026-07-24T11:51:50.837481+00:00,Crossref open metadata
Advancing Corporate Governance through SBSC: Navigating Compliance with IFRS S2 in Port Logistics,HeLing Wu,2025,10.5194/egusphere-egu24-6989,crossref:10.5194/egusphere-egu24-6989,Crossref,,,https://doi.org/10.5194/egusphere-egu24-6989,port governance maritime logistics sustainability,2026-07-24T11:51:50.837569+00:00,Crossref open metadata
Flexibility in Port Logistics by Adaptive Planning,Majid Eskafi,2025,10.24018/maritime.2025.4.2.33,crossref:10.24018/maritime.2025.4.2.33,Crossref,,European Journal of Maritime Research,https://doi.org/10.24018/maritime.2025.4.2.33,port governance maritime logistics sustainability,2026-07-24T11:51:50.837438+00:00,Crossref open metadata
Guest editorial: Maritime and port logistics: sustainable and smart maritime and port logistics,"Branislav Dragović, Zhongzheng Yang, Stratos Papadimitriou",2025,10.1108/mabr-09-2025-096,crossref:10.1108/mabr-09-2025-096,Crossref,,Maritime Business Review,https://doi.org/10.1108/mabr-09-2025-096,port governance maritime logistics sustainability,2026-07-24T11:51:50.837406+00:00,Crossref open metadata
Port state control and the sustainability of space: a maritime enforcement paradigm for orbital debris governance,Ahmed Hany M. Abuelenin,2025,10.1007/s11038-025-09579-7,crossref:10.1007/s11038-025-09579-7,Crossref,,Discover Space,https://doi.org/10.1007/s11038-025-09579-7,port governance maritime logistics sustainability,2026-07-24T11:51:50.837457+00:00,Crossref open metadata
Sustainability-Oriented Port Management: Biomass Gasification as a Strategic Tool for Green and Circular Maritime Logistics,"Seyedeh Azadeh Alavi-Borazjani, Shahzada Adeel, Valentina Chkoniya, Luís A. C. Tarelho",2025,10.3390/su17062634,crossref:10.3390/su17062634,Crossref,,Sustainability,https://doi.org/10.3390/su17062634,port governance maritime logistics sustainability,2026-07-24T11:51:50.837446+00:00,Crossref open metadata
Contextual Comparative Analysis of Dar es Salaam and Mombasa Port Performance by Using a Hybrid DEA(CVA) Model,"Majid Mohammed Kunambi, Hongxing Zheng",2024,10.3390/logistics8010002,crossref:10.3390/logistics8010002,Crossref,,Logistics,https://doi.org/10.3390/logistics8010002,port governance maritime logistics sustainability,2026-07-24T11:51:50.837559+00:00,Crossref open metadata
"Performance Evaluation of Fishery Logistics Systems at the Port of the Marine Toll Network Dobo Port, Maluku","Hadi sholekhan Arif, Mustaruddin Mustaruddin, Hoetomo Lembito",2024,10.47191/etj/v9i07.05,crossref:10.47191/etj/v9i07.05,Crossref,,Engineering and Technology Journal,https://doi.org/10.47191/etj/v9i07.05,port governance maritime logistics sustainability,2026-07-24T11:51:50.837425+00:00,Crossref open metadata
Study on the Relationship between Port Governance and Terminal Operation System for Smart Port: Japan Case,"Hideyo Inutsuka, Kinya Ichimura, Yoshihisa Sugimura, Muneo Yoshie, Takeshi Shinoda",2024,10.3390/logistics8020059,crossref:10.3390/logistics8020059,Crossref,,Logistics,https://doi.org/10.3390/logistics8020059,port governance maritime logistics sustainability,2026-07-24T11:51:50.837577+00:00,Crossref open metadata
Competitiveness and geopolitics of port corridors,"Laurent Livolsi, Christelle Camman",2023,10.4324/9781003365013-10,crossref:10.4324/9781003365013-10,Crossref,,"Maritime Ports, Supply Chains and Logistics Corridors",https://doi.org/10.4324/9781003365013-10,port governance maritime logistics sustainability,2026-07-24T11:51:50.837594+00:00,Crossref open metadata
Developing sustainable port areas,Marie-Laure Baron,2023,10.4324/9781003365013-21,crossref:10.4324/9781003365013-21,Crossref,,"Maritime Ports, Supply Chains and Logistics Corridors",https://doi.org/10.4324/9781003365013-21,port governance maritime logistics sustainability,2026-07-24T11:51:50.837505+00:00,Crossref open metadata
MARITIME MUSEUMS VS SEAPORT MUSEUMS NAVIGATING THE EVOLUTION FROM MARITIME PORT BUSINESS TO THE MARITIME TOURISM INDUSTRY,"Mahendrran Selvaduray, Yapa Mahinda Bandara, Norhaslinda Yunus",2023,10.46754/jml.2023.08.004,crossref:10.46754/jml.2023.08.004,Crossref,,Journal of Maritime Logistics,https://doi.org/10.46754/jml.2023.08.004,port governance maritime logistics sustainability,2026-07-24T11:51:50.837532+00:00,Crossref open metadata
"Redefining Port Logistics: A Focus on Integration, Regionalization, and Economic Growth in Maritime Enterprises","Yashkumar Vyas, Raghav Acharya",2023,10.21275/sr23825104808,crossref:10.21275/sr23825104808,Crossref,,International Journal of Science and Research (IJSR),https://doi.org/10.21275/sr23825104808,port governance maritime logistics sustainability,2026-07-24T11:51:50.837509+00:00,Crossref open metadata
Harnessing the Environment of Maritime Transport and Port Logistics Sector in the Management of Covid-19 Pandemic,Theophilus Chinonyerem Nwokedi,2022,10.5772/intechopen.101587,crossref:10.5772/intechopen.101587,Crossref,,Logistics Engineering,https://doi.org/10.5772/intechopen.101587,port governance maritime logistics sustainability,2026-07-24T11:51:50.837493+00:00,Crossref open metadata
Maritime Governance and International Maritime Organization Instruments Focused on Sustainability in the Light of United Nations’ Sustainable Development Goals,"Anastasia Christodoulou, Jonatan Echebarria Fernández",2021,10.1007/978-3-030-69325-1_20,crossref:10.1007/978-3-030-69325-1_20,Crossref,,Strategies for Sustainability,https://doi.org/10.1007/978-3-030-69325-1_20,port governance maritime logistics sustainability,2026-07-24T11:51:50.837521+00:00,Crossref open metadata
"Mind the Gap: Women in the Boardroom, on Board and in the Port","Aspasia Pastra, Mona Swoboda",2021,10.1007/978-3-030-69325-1_19,crossref:10.1007/978-3-030-69325-1_19,Crossref,,Strategies for Sustainability,https://doi.org/10.1007/978-3-030-69325-1_19,port governance maritime logistics sustainability,2026-07-24T11:51:50.837502+00:00,Crossref open metadata
Port and terminal operations management,Dong-Ping Song,2021,10.4324/9780429320996-6,crossref:10.4324/9780429320996-6,Crossref,,Container Logistics and Maritime Transport,https://doi.org/10.4324/9780429320996-6,port governance maritime logistics sustainability,2026-07-24T11:51:50.837473+00:00,Crossref open metadata
Port institutional responses and sustainability performance: a moderated mediation model,"Hsu-Li Tsai, Chin-Shan Lu",2021,10.1080/03088839.2021.1946608,crossref:10.1080/03088839.2021.1946608,Crossref,,Maritime Policy &amp; Management,https://doi.org/10.1080/03088839.2021.1946608,port governance maritime logistics sustainability,2026-07-24T11:51:50.837450+00:00,Crossref open metadata
Sustainability issues in maritime transport,Dong-Ping Song,2021,10.4324/9780429320996-7,crossref:10.4324/9780429320996-7,Crossref,,Container Logistics and Maritime Transport,https://doi.org/10.4324/9780429320996-7,port governance maritime logistics sustainability,2026-07-24T11:51:50.837470+00:00,Crossref open metadata
The Framework for Measuring Port Resilience in Korean Port Case,"Sungki Kim, Sanggyun Choi, Chanho Kim",2021,10.3390/su132111883,crossref:10.3390/su132111883,Crossref,,Sustainability,https://doi.org/10.3390/su132111883,port governance maritime logistics sustainability,2026-07-24T11:51:50.837517+00:00,Crossref open metadata
The Role of Port Authority in Port Governance and Port Community System Implementation,"Edvard Tijan, Marija Jović, Ana Panjako, Dražen Žgaljić",2021,10.3390/su13052795,crossref:10.3390/su13052795,Crossref,,Sustainability,https://doi.org/10.3390/su13052795,port governance maritime logistics sustainability,2026-07-24T11:51:50.837545+00:00,Crossref open metadata
Port management and governance in a post-COVID-19 era: quo vadis?,"Theo E. Notteboom, Hercules E. Haralambides",2020,10.1057/s41278-020-00162-7,crossref:10.1057/s41278-020-00162-7,Crossref,,Maritime Economics &amp; Logistics,https://doi.org/10.1057/s41278-020-00162-7,port governance maritime logistics sustainability,2026-07-24T11:51:50.837466+00:00,Crossref open metadata
Big AIS data based spatial-temporal analyses of ship traffic in Singapore port waters,"Liye Zhang, Qiang Meng, Tien Fang Fwa",2019,10.1016/j.tre.2017.07.011,crossref:10.1016/j.tre.2017.07.011,Crossref,,Transportation Research Part E: Logistics and Transportation Review,https://doi.org/10.1016/j.tre.2017.07.011,port governance maritime logistics sustainability,2026-07-24T11:51:50.837563+00:00,Crossref open metadata
Digital Technology–Enabled Intelligent Upgrading of Logistics Services at Dalian Port from the Perspective of Smart Ports,"He Yu, Xinyue Liu",2026,10.62517/jnse.202617205,crossref:10.62517/jnse.202617205,Crossref,,Journal of Natural Science Education,https://doi.org/10.62517/jnse.202617205,smart ports digital transformation port operations,2026-07-24T11:51:52.586749+00:00,Crossref open metadata
Enhancing Port Performance through Digital Transformation: The Role of Networking Capability and Organizational transformation in Indonesian Container Ports,"Buyung Pramitra, Mochammad Al Musadieq, Tri Wulida Afrianty, Teuku Noerman",2026,10.12688/f1000research.176261.2,crossref:10.12688/f1000research.176261.2,Crossref,,F1000Research,https://doi.org/10.12688/f1000research.176261.2,smart ports digital transformation port operations,2026-07-24T11:51:52.586648+00:00,Crossref open metadata
Enhancing Port Performance through Digital Transformation: The Role of Networking Capability and Transformational Organization in Indonesian Container Ports,"Buyung Pramitra, Mochammad Al Musadieq, Tri Wulida Afrianty, Teuku Noerman",2026,10.12688/f1000research.176261.1,crossref:10.12688/f1000research.176261.1,Crossref,,F1000Research,https://doi.org/10.12688/f1000research.176261.1,smart ports digital transformation port operations,2026-07-24T11:51:52.586740+00:00,Crossref open metadata
"Peer Review Report For: Enhancing Port Performance through Digital Transformation: The Role of Networking Capability and Organizational transformation in Indonesian Container Ports [version 2; peer review: 1 approved, 1 approved with reservations]",Unknown,2026,10.5256/f1000research.197091.r467159,crossref:10.5256/f1000research.197091.r467159,Crossref,,,https://doi.org/10.5256/f1000research.197091.r467159,smart ports digital transformation port operations,2026-07-24T11:51:52.586634+00:00,Crossref open metadata
"Peer Review Report For: Enhancing Port Performance through Digital Transformation: The Role of Networking Capability and Organizational transformation in Indonesian Container Ports [version 2; peer review: 1 approved, 2 approved with reservations]",Unknown,2026,10.5256/f1000research.197091.r467632,crossref:10.5256/f1000research.197091.r467632,Crossref,,,https://doi.org/10.5256/f1000research.197091.r467632,smart ports digital transformation port operations,2026-07-24T11:51:52.586631+00:00,Crossref open metadata
"Peer Review Report For: Enhancing Port Performance through Digital Transformation: The Role of Networking Capability and Organizational transformation in Indonesian Container Ports [version 2; peer review: 2 approved, 1 approved with reservations]",Unknown,2026,10.5256/f1000research.197091.r467160,crossref:10.5256/f1000research.197091.r467160,Crossref,,,https://doi.org/10.5256/f1000research.197091.r467160,smart ports digital transformation port operations,2026-07-24T11:51:52.586651+00:00,Crossref open metadata
Peer Review Report For: Enhancing Port Performance through Digital Transformation: The Role of Networking Capability and Organizational transformation in Indonesian Container Ports [version 3; peer review: 3 approved],Unknown,2026,10.5256/f1000research.198827.r480268,crossref:10.5256/f1000research.198827.r480268,Crossref,,,https://doi.org/10.5256/f1000research.198827.r480268,smart ports digital transformation port operations,2026-07-24T11:51:52.586605+00:00,Crossref open metadata
Peer Review Report For: Enhancing Port Performance through Digital Transformation: The Role of Networking Capability and Transformational Organization in Indonesian Container Ports [version 1; peer review: 1 approved with reservations],Unknown,2026,10.5256/f1000research.194303.r455641,crossref:10.5256/f1000research.194303.r455641,Crossref,,,https://doi.org/10.5256/f1000research.194303.r455641,smart ports digital transformation port operations,2026-07-24T11:51:52.586732+00:00,Crossref open metadata
Peer Review Report For: Enhancing Port Performance through Digital Transformation: The Role of Networking Capability and Transformational Organization in Indonesian Container Ports [version 1; peer review: 2 approved with reservations],Unknown,2026,10.5256/f1000research.194303.r460975,crossref:10.5256/f1000research.194303.r460975,Crossref,,,https://doi.org/10.5256/f1000research.194303.r460975,smart ports digital transformation port operations,2026-07-24T11:51:52.586725+00:00,Crossref open metadata
Digital Transformation in Hospitality Operations: Evaluating the Effectiveness of Smart Service Technologies in Urban Hotels,Fakhri Ahmad Zainunnuri,2025,10.59261/hmoj.v2i2.49,crossref:10.59261/hmoj.v2i2.49,Crossref,,Hospitality Management and Operations Journal,https://doi.org/10.59261/hmoj.v2i2.49,smart ports digital transformation port operations,2026-07-24T11:51:52.586772+00:00,Crossref open metadata
"Digital Transformation, Infrastructure and the Paradox of Risk Management: Drivers of Port Logistics Service Performance and Customer Satisfaction in Nigerian Ports : A PLS-SEM Approach","Okafor, Cajethan Onyekachi Okafor, Byungin Park",2025,10.17825/klr.2025.35.5.29,crossref:10.17825/klr.2025.35.5.29,Crossref,,Korean Logistics Research Association,https://doi.org/10.17825/klr.2025.35.5.29,smart ports digital transformation port operations,2026-07-24T11:51:52.586703+00:00,Crossref open metadata
Romanian Maritime Ports in the Digital Transformation Era: The Shift from Fourth-Generation to Smart Ports and the Impact on the Global Logistics Ecosystem,Alev Burmambet,2025,10.12716/1001.19.01.15,crossref:10.12716/1001.19.01.15,Crossref,,"TransNav, the International Journal on Marine Navigation and Safety of Sea Transportation",https://doi.org/10.12716/1001.19.01.15,smart ports digital transformation port operations,2026-07-24T11:51:52.586779+00:00,Crossref open metadata
Smart Ports: Exploring the Role of Ai and Iot in Port Sustainability,"Charilaos Christodoulou Raftis, Edwin van Hassel",2025,10.2139/ssrn.5382301,crossref:10.2139/ssrn.5382301,Crossref,,,https://doi.org/10.2139/ssrn.5382301,smart ports digital transformation port operations,2026-07-24T11:51:52.586753+00:00,Crossref open metadata
"Smart ports in Poland: The digital transformation of maritime logistics on the example of the ports of Gdańsk, Gdynia, and Szczecin–Świnoujście","Weronika Kosek, Norbert Chamier-Gliszczynski, Tomasz Królikowski",2025,10.1016/j.procs.2025.09.659,crossref:10.1016/j.procs.2025.09.659,Crossref,,Procedia Computer Science,https://doi.org/10.1016/j.procs.2025.09.659,smart ports digital transformation port operations,2026-07-24T11:51:52.586761+00:00,Crossref open metadata
THE ADOPTION OF SMART PORT TRANSFORMATION IN EGYPTIAN PORTS: CONCEPTUAL FRAMEWORK,"Yosra Farahat, Sara Elgazzar, Mai Salaheldin",2025,10.21622/marlog.2025.14.1.37,crossref:10.21622/marlog.2025.14.1.37,Crossref,,International Maritime Transport and Logistic Journal,https://doi.org/10.21622/marlog.2025.14.1.37,smart ports digital transformation port operations,2026-07-24T11:51:52.586659+00:00,Crossref open metadata
Digital Transformation in Spanish Port System,"Nicoletta González-Cancelas, Alberto Camarero Orive, Javier Vaca Cabrero, Francisco Soler Flores",2024,10.5772/intechopen.1004329,crossref:10.5772/intechopen.1004329,Crossref,,Advances in Digital Transformation - Rise of Ultra-Smart Fully Automated Cyberspace,https://doi.org/10.5772/intechopen.1004329,smart ports digital transformation port operations,2026-07-24T11:51:52.586692+00:00,Crossref open metadata
Automated Port Operations: The Future of Port Governance,"Andrew Baskin, Mona Swoboda",2023,10.1007/978-3-031-25296-9_8,crossref:10.1007/978-3-031-25296-9_8,Crossref,,Studies in National Governance and Emerging Technologies,https://doi.org/10.1007/978-3-031-25296-9_8,smart ports digital transformation port operations,2026-07-24T11:51:52.586670+00:00,Crossref open metadata
Smart and Sustainable Ports: Tools for Implementing Port Community Systems,Unknown,2023,10.18235/0005053,crossref:10.18235/0005053,Crossref,,,https://doi.org/10.18235/0005053,smart ports digital transformation port operations,2026-07-24T11:51:52.586688+00:00,Crossref open metadata
Smart and Sustainable Ports: Tools for Implementing Port Community Systems: Appendices,Unknown,2023,10.18235/0005042,crossref:10.18235/0005042,Crossref,,,https://doi.org/10.18235/0005042,smart ports digital transformation port operations,2026-07-24T11:51:52.586736+00:00,Crossref open metadata
Development Trend and Target of Smart Port,"Weijian Mi, Yuan Liu",2022,10.1007/978-981-16-9889-7_11,crossref:10.1007/978-981-16-9889-7_11,Crossref,,Smart Ports,https://doi.org/10.1007/978-981-16-9889-7_11,smart ports digital transformation port operations,2026-07-24T11:51:52.586674+00:00,Crossref open metadata
Ecology of Smart Port,"Weijian Mi, Yuan Liu",2022,10.1007/978-981-16-9889-7_2,crossref:10.1007/978-981-16-9889-7_2,Crossref,,Smart Ports,https://doi.org/10.1007/978-981-16-9889-7_2,smart ports digital transformation port operations,2026-07-24T11:51:52.586609+00:00,Crossref open metadata
Optimizing Port Operations to Cope with Shipping Congestion in South American Countries,Unknown,2022,10.1287/orms.2022.02.09,crossref:10.1287/orms.2022.02.09,Crossref,,"Volume 49, Number 2, April 2022",https://doi.org/10.1287/orms.2022.02.09,smart ports digital transformation port operations,2026-07-24T11:51:52.586597+00:00,Crossref open metadata
Smart Port and Artificial Intelligence,"Weijian Mi, Yuan Liu",2022,10.1007/978-981-16-9889-7_6,crossref:10.1007/978-981-16-9889-7_6,Crossref,,Smart Ports,https://doi.org/10.1007/978-981-16-9889-7_6,smart ports digital transformation port operations,2026-07-24T11:51:52.586616+00:00,Crossref open metadata
Smart Port and Blockchain Technology,"Weijian Mi, Yuan Liu",2022,10.1007/978-981-16-9889-7_5,crossref:10.1007/978-981-16-9889-7_5,Crossref,,Smart Ports,https://doi.org/10.1007/978-981-16-9889-7_5,smart ports digital transformation port operations,2026-07-24T11:51:52.586624+00:00,Crossref open metadata
Smart Port and Cyber-Physical System,"Weijian Mi, Yuan Liu",2022,10.1007/978-981-16-9889-7_3,crossref:10.1007/978-981-16-9889-7_3,Crossref,,Smart Ports,https://doi.org/10.1007/978-981-16-9889-7_3,smart ports digital transformation port operations,2026-07-24T11:51:52.586655+00:00,Crossref open metadata
Smart Port and Digital Monitoring and Diagnosis,"Weijian Mi, Yuan Liu",2022,10.1007/978-981-16-9889-7_10,crossref:10.1007/978-981-16-9889-7_10,Crossref,,Smart Ports,https://doi.org/10.1007/978-981-16-9889-7_10,smart ports digital transformation port operations,2026-07-24T11:51:52.586592+00:00,Crossref open metadata
Smart Port and Machine Vision,"Weijian Mi, Yuan Liu",2022,10.1007/978-981-16-9889-7_7,crossref:10.1007/978-981-16-9889-7_7,Crossref,,Smart Ports,https://doi.org/10.1007/978-981-16-9889-7_7,smart ports digital transformation port operations,2026-07-24T11:51:52.586620+00:00,Crossref open metadata
Smart Port and Middle-Office System,"Weijian Mi, Yuan Liu",2022,10.1007/978-981-16-9889-7_4,crossref:10.1007/978-981-16-9889-7_4,Crossref,,Smart Ports,https://doi.org/10.1007/978-981-16-9889-7_4,smart ports digital transformation port operations,2026-07-24T11:51:52.586663+00:00,Crossref open metadata
Smart Port and System Simulation/Emulation,"Weijian Mi, Yuan Liu",2022,10.1007/978-981-16-9889-7_9,crossref:10.1007/978-981-16-9889-7_9,Crossref,,Smart Ports,https://doi.org/10.1007/978-981-16-9889-7_9,smart ports digital transformation port operations,2026-07-24T11:51:52.586667+00:00,Crossref open metadata
Smart Port and Virtual Reality/Augmented Reality Technology,"Weijian Mi, Yuan Liu",2022,10.1007/978-981-16-9889-7_8,crossref:10.1007/978-981-16-9889-7_8,Crossref,,Smart Ports,https://doi.org/10.1007/978-981-16-9889-7_8,smart ports digital transformation port operations,2026-07-24T11:51:52.586696+00:00,Crossref open metadata
Digital Business Transformation in Ports,Murat Selçuk Solmaz,2021,10.4018/978-1-7998-8587-0.ch012,crossref:10.4018/978-1-7998-8587-0.ch012,Crossref,,Advances in Business Strategy and Competitive Advantage,https://doi.org/10.4018/978-1-7998-8587-0.ch012,smart ports digital transformation port operations,2026-07-24T11:51:52.586613+00:00,Crossref open metadata
Digital Transformation in Port Management,Murat Selçuk Solmaz,2021,10.4018/978-1-7998-2402-2.ch012,crossref:10.4018/978-1-7998-2402-2.ch012,Crossref,,"Advances in Logistics, Operations, and Management Science",https://doi.org/10.4018/978-1-7998-2402-2.ch012,smart ports digital transformation port operations,2026-07-24T11:51:52.586563+00:00,Crossref open metadata
Alarming Sea Level Rise Along Texas Coast,Jiabi Du,2026,10.1201/9781003406600-4,crossref:10.1201/9781003406600-4,Crossref,,Climate Change Impacts in Texas,https://doi.org/10.1201/9781003406600-4,port climate adaptation sea level rise flood risk,2026-07-24T11:51:54.884717+00:00,Crossref open metadata
Probabilistic Retreat and Population Risk in Subsiding Bangkok: Multi-Scenario Sea-Level Rise and Flood Modeling,Malay Pramanik,2026,10.5194/egusphere-egu26-21082,crossref:10.5194/egusphere-egu26-21082,Crossref,,,https://doi.org/10.5194/egusphere-egu26-21082,port climate adaptation sea level rise flood risk,2026-07-24T11:51:54.884671+00:00,Crossref open metadata
2 Adaptation: Heatwaves and Sea Level Rise,Saffron O’Neill,2025,10.56687/9781529250046-004,crossref:10.56687/9781529250046-004,Crossref,,The Visual Life of Climate Change,https://doi.org/10.56687/9781529250046-004,port climate adaptation sea level rise flood risk,2026-07-24T11:51:54.884713+00:00,Crossref open metadata
Adaptation:,Unknown,2025,10.2307/jj.25968899.6,crossref:10.2307/jj.25968899.6,Crossref,,The Visual Life of Climate Change,https://doi.org/10.2307/jj.25968899.6,port climate adaptation sea level rise flood risk,2026-07-24T11:51:54.884615+00:00,Crossref open metadata
Adaptation: Heatwaves and Sea Level Rise,Saffron O’Neill,2025,10.51952/9781529250046.ch002,crossref:10.51952/9781529250046.ch002,Crossref,,The Visual Life of Climate Change,https://doi.org/10.51952/9781529250046.ch002,port climate adaptation sea level rise flood risk,2026-07-24T11:51:54.884720+00:00,Crossref open metadata
"Flood exposure in Rotterdam’s unembanked areas from 1970 to 2150: sensitivities to urban development, sea level rise and adaptation","Cees Oerlemans, Martine van den Boomen, Ties Rijcken, Matthijs Kok",2025,10.5194/egusphere-2024-2910,crossref:10.5194/egusphere-2024-2910,Crossref,,,https://doi.org/10.5194/egusphere-2024-2910,port climate adaptation sea level rise flood risk,2026-07-24T11:51:54.884698+00:00,Crossref open metadata
"Flood risk under sea-level rise and lessons on adaptation policies in coastal urban management: A case study in Hai Phong City, Vietnam","Bui Thi Ngoc Lan, Nguyen Manh Hung, Dao Truong Thanh, Dinh Tuan Hai",2025,10.21203/rs.3.rs-7369796/v1,crossref:10.21203/rs.3.rs-7369796/v1,Crossref,,,https://doi.org/10.21203/rs.3.rs-7369796/v1,port climate adaptation sea level rise flood risk,2026-07-24T11:51:54.884733+00:00,Crossref open metadata
Sea-Level Rise and Climate Adaptation in Aruba,Emanuele Massetti,2025,10.5089/9798229034920.018,crossref:10.5089/9798229034920.018,Crossref,,Selected Issues Papers,https://doi.org/10.5089/9798229034920.018,port climate adaptation sea level rise flood risk,2026-07-24T11:51:54.884688+00:00,Crossref open metadata
Patterns in Reported Adaptation Constraints: Insights from Peer-Reviewed Literature on Flood and Sea-Level Rise,"Soﬁa Gil-Clavel, Thorid Wagenblast, Joos Akkerman, Tatiana Filatova",2024,10.31235/osf.io/3cqvn,crossref:10.31235/osf.io/3cqvn,Crossref,,,https://doi.org/10.31235/osf.io/3cqvn,port climate adaptation sea level rise flood risk,2026-07-24T11:51:54.884728+00:00,Crossref open metadata
The Challenge of Climate Change for Future Port Cities: Considering the Precautionary Principle in Adaptation to Sea-Level Rise,Nick Osbaldiston,2024,10.1163/9789004711174_003,crossref:10.1163/9789004711174_003,Crossref,,Hustle and Bustle,https://doi.org/10.1163/9789004711174_003,port climate adaptation sea level rise flood risk,2026-07-24T11:51:54.884592+00:00,Crossref open metadata
Climate risks in the commercial mortgage portfolios of life insurers: A focus on sea level rise and flood risks,"Kyeonghee Kim, Xiao Lin",2023,10.52227/26565.2023,crossref:10.52227/26565.2023,Crossref,,,https://doi.org/10.52227/26565.2023,port climate adaptation sea level rise flood risk,2026-07-24T11:51:54.884747+00:00,Crossref open metadata
Sea-Level Rise Risk and Adaptation in Estuaries,"Jochen Hinkel, Mark Schuerch, Jon French, Robert J. Nicholls",2023,10.1201/9781003126096-32,crossref:10.1201/9781003126096-32,Crossref,,Climate Change and Estuaries,https://doi.org/10.1201/9781003126096-32,port climate adaptation sea level rise flood risk,2026-07-24T11:51:54.884604+00:00,Crossref open metadata
Coastal Flooding &amp; Sea-Level Rise: Calculation of Flood Risk Using Tide-Gauge Measurements,Stephen Taylor,2022,10.20944/preprints202206.0006.v1,crossref:10.20944/preprints202206.0006.v1,Crossref,,,https://doi.org/10.20944/preprints202206.0006.v1,port climate adaptation sea level rise flood risk,2026-07-24T11:51:54.884684+00:00,Crossref open metadata
Developing Climate Adaptation Pathways with Communities impacted by Sea-level Rise and Industrial Development,"Oswald Jenewein, Michelle A.",2022,10.26226/m.634060653701db4fe3530391,crossref:10.26226/m.634060653701db4fe3530391,Crossref,,,https://doi.org/10.26226/m.634060653701db4fe3530391,port climate adaptation sea level rise flood risk,2026-07-24T11:51:54.884654+00:00,Crossref open metadata
Sea-Level Change in the Pacific Islands Region,Unknown,2022,10.22617/tcs220312-2,crossref:10.22617/tcs220312-2,Crossref,,,https://doi.org/10.22617/tcs220312-2,port climate adaptation sea level rise flood risk,2026-07-24T11:51:54.884588+00:00,Crossref open metadata
Sea-Level Rise Due to Climate Change,"Brij Bhushan, Abhishek Sharma",2022,10.1201/9780429463938-16,crossref:10.1201/9780429463938-16,Crossref,,Flood Handbook,https://doi.org/10.1201/9780429463938-16,port climate adaptation sea level rise flood risk,2026-07-24T11:51:54.884622+00:00,Crossref open metadata
Building-level adaptation analysis under uncertain sea-level rise,"Yu Han, Pallab Mozumder",2021,10.1016/j.crm.2021.100305,crossref:10.1016/j.crm.2021.100305,Crossref,,Climate Risk Management,https://doi.org/10.1016/j.crm.2021.100305,port climate adaptation sea level rise flood risk,2026-07-24T11:51:54.884582+00:00,Crossref open metadata
Coastal Adaptation to Climate Change and Sea-Level Rise,"Gary Griggs, Borja G. Reguero",2021,10.3390/w13162151,crossref:10.3390/w13162151,Crossref,,Water,https://doi.org/10.3390/w13162151,port climate adaptation sea level rise flood risk,2026-07-24T11:51:54.884757+00:00,Crossref open metadata
Long-term sea-level rise necessitates a commitment to adaptation: A first order assessment,"Marjolijn Haasnoot, Gundula Winter, Sally Brown, Richard J. Dawson, Philip J. Ward, Dirk Eilander",2021,10.1016/j.crm.2021.100355,crossref:10.1016/j.crm.2021.100355,Crossref,,Climate Risk Management,https://doi.org/10.1016/j.crm.2021.100355,port climate adaptation sea level rise flood risk,2026-07-24T11:51:54.884661+00:00,Crossref open metadata
Pricing climate risk: Are flooding and sea level rise risk capitalised in Australian residential property?,"Franz Fuerst, Georgia Warren-Myers",2021,10.1016/j.crm.2021.100361,crossref:10.1016/j.crm.2021.100361,Crossref,,Climate Risk Management,https://doi.org/10.1016/j.crm.2021.100361,port climate adaptation sea level rise flood risk,2026-07-24T11:51:54.884740+00:00,Crossref open metadata
10. Under water: national flood insurance and climate gentrification,Unknown,2020,10.1515/9781478005124-012,crossref:10.1515/9781478005124-012,Crossref,,Sea Level Rise,https://doi.org/10.1515/9781478005124-012,port climate adaptation sea level rise flood risk,2026-07-24T11:51:54.884667+00:00,Crossref open metadata
COREDAR: A Coastal Climate Service Framework on Sea-Level Rise Risk Communication for Adaptation Policy Planning,"A. Saleem Khan, Robert S. Chen, Alex de Sherbinin",2020,10.1007/978-3-030-36875-3_6,crossref:10.1007/978-3-030-36875-3_6,Crossref,,Climate Change Management,https://doi.org/10.1007/978-3-030-36875-3_6,port climate adaptation sea level rise flood risk,2026-07-24T11:51:54.884724+00:00,Crossref open metadata
Using subsidence scenarios to assess flood risk to delta cities under future sea level rise.,Luke Jackson,2020,10.5194/egusphere-egu2020-19378,crossref:10.5194/egusphere-egu2020-19378,Crossref,,,https://doi.org/10.5194/egusphere-egu2020-19378,port climate adaptation sea level rise flood risk,2026-07-24T11:51:54.884646+00:00,Crossref open metadata
Port of Los Angeles Sea Level Rise Adaptation Plan,"Adrienne Fedrick Newbold, Bettina Kaes, Jeff Khouri, Richard Mast, Justin Vandever",2019,10.1061/9780784482629.009,crossref:10.1061/9780784482629.009,Crossref,,Ports 2019,https://doi.org/10.1061/9780784482629.009,port climate adaptation sea level rise flood risk,2026-07-24T11:51:54.884783+00:00,Crossref open metadata
Under Water:,Unknown,2019,10.1215/9781478005124-010,crossref:10.1215/9781478005124-010,Crossref,,Sea Level Rise,https://doi.org/10.1215/9781478005124-010,port climate adaptation sea level rise flood risk,2026-07-24T11:51:54.884643+00:00,Crossref open metadata
"Developing Smart Port Readiness: The Roles of Workforce Competency, Training, and Inter-Organisational Collaboration",Jagan Jeevan,2026,10.21203/rs.3.rs-10000542/v1,crossref:10.21203/rs.3.rs-10000542/v1,Crossref,,,https://doi.org/10.21203/rs.3.rs-10000542/v1,port worker workforce skills competences training professional development,2026-07-24T11:51:55.527544+00:00,Crossref open metadata
Public health workforce in indonesia: A dilemma between professional worker and way of life for health worker,Unknown,2023,10.18332/popmed/164386,crossref:10.18332/popmed/164386,Crossref,,Population Medicine,https://doi.org/10.18332/popmed/164386,port worker workforce skills competences training professional development,2026-07-24T11:51:55.527394+00:00,Crossref open metadata
Social Worker through the Lens of Professional Competences in the Czech Republic,Lukáš Stárek,2023,10.15379/ijmst.v10i2.1169,crossref:10.15379/ijmst.v10i2.1169,Crossref,,International Journal of Membrane Science and Technology,https://doi.org/10.15379/ijmst.v10i2.1169,port worker workforce skills competences training professional development,2026-07-24T11:51:55.527554+00:00,Crossref open metadata
Self-development of the worker in the process of advanced professional training,Oleg Kozhevnikov,2022,10.54884/s181570410020695-9,crossref:10.54884/s181570410020695-9,Crossref,,Man and Education,https://doi.org/10.54884/s181570410020695-9,port worker workforce skills competences training professional development,2026-07-24T11:51:55.527503+00:00,Crossref open metadata
AI-DRIVEN DIGITAL TWIN FRAMEWORK FOR SMART CROWD MONITORING AND EARLY WARNING IN LARGE-SCALE PUBLIC EVENTS USING SENSOR–IOT INTEGRATION,"Dr A Vanitha, Prabha Alagesan",2026,10.58532/nbennurdtss5,crossref:10.58532/nbennurdtss5,Crossref,,IIP Series,https://doi.org/10.58532/nbennurdtss5,smart port AI digital twin autonomous systems resilience,2026-07-24T11:51:57.459356+00:00,Crossref open metadata
AI–IoT–Digital Twin Framework for Predictive Maintenance in Smart Manufacturing,"P.R. Sekhar Reddy, S. Saravanan",2026,10.21203/rs.3.rs-9105998/v1,crossref:10.21203/rs.3.rs-9105998/v1,Crossref,,,https://doi.org/10.21203/rs.3.rs-9105998/v1,smart port AI digital twin autonomous systems resilience,2026-07-24T11:51:57.459349+00:00,Crossref open metadata
Digital Twin Modeling for Smart and Autonomous Farming,Jesse Ugwu,2026,10.2139/ssrn.6583598,crossref:10.2139/ssrn.6583598,Crossref,,,https://doi.org/10.2139/ssrn.6583598,smart port AI digital twin autonomous systems resilience,2026-07-24T11:51:57.459171+00:00,Crossref open metadata
Digital twin-based resilience analysis and emergency maintenance with generative AI of smart urban metro systems,"Hongyan Dui, Weina Guo, Wanyun Xia, Shaomin Wu",2026,10.1016/j.ress.2025.111537,crossref:10.1016/j.ress.2025.111537,Crossref,,Reliability Engineering &amp; System Safety,https://doi.org/10.1016/j.ress.2025.111537,smart port AI digital twin autonomous systems resilience,2026-07-24T11:51:57.459261+00:00,Crossref open metadata
Intelligent Transport Systems on Employing Wireless Sensor Networks for Smart Vehicle Communication,"Anjali Goswami, F. Rahman",2026,10.4018/979-8-3373-7785-8.ch013,crossref:10.4018/979-8-3373-7785-8.ch013,Crossref,,Digital Twin Approaches in Autonomous Vehicles,https://doi.org/10.4018/979-8-3373-7785-8.ch013,smart port AI digital twin autonomous systems resilience,2026-07-24T11:51:57.459227+00:00,Crossref open metadata
AI and Digital Twin for Smart Cities,"P Latha, S Geetha, M VAIDHEHI, G Nalina Keerthana, C. Muthu Selvi",2025,10.1002/9781394411320.ch3,crossref:10.1002/9781394411320.ch3,Crossref,,Driving Innovation through AI and Digital Twin for 6G Powered Sustainable Ultra Smart Cities,https://doi.org/10.1002/9781394411320.ch3,smart port AI digital twin autonomous systems resilience,2026-07-24T11:51:57.459239+00:00,Crossref open metadata
AI-Driven Digital Twin Models for Predictive Maintenance in Smart Infrastructure,"Mohammed Ahmed Al-Batahari, Mohammad Nasar",2025,10.1109/icoiics67115.2025.11390178,crossref:10.1109/icoiics67115.2025.11390178,Crossref,,"2025 International Conference on Intelligent Computing, Information and Control Systems (ICOIICS)",https://doi.org/10.1109/icoiics67115.2025.11390178,smart port AI digital twin autonomous systems resilience,2026-07-24T11:51:57.459368+00:00,Crossref open metadata
AI-Driven Energy Optimization for Smart Cities: Federated Reinforcement Learning and Digital Twin Framework,Arvindh Balajie Sundararajan,2025,10.36227/techrxiv.176281115.50920760/v1,crossref:10.36227/techrxiv.176281115.50920760/v1,Crossref,,,https://doi.org/10.36227/techrxiv.176281115.50920760/v1,smart port AI digital twin autonomous systems resilience,2026-07-24T11:51:57.459297+00:00,Crossref open metadata
AI-enabled IoMT: transforming healthcare in smart hospitals,"Norah Alsaeed, Farrukh Nadeem",2025,10.1016/b978-0-443-34226-4.00024-1,crossref:10.1016/b978-0-443-34226-4.00024-1,Crossref,,Blockchain and Digital Twin for Smart Hospitals,https://doi.org/10.1016/b978-0-443-34226-4.00024-1,smart port AI digital twin autonomous systems resilience,2026-07-24T11:51:57.459334+00:00,Crossref open metadata
Digital Twin technologies in enhancing supply chain resilience,"Lai Xu, Paul de Vrieze",2025,10.1016/b978-0-443-30076-9.00015-7,crossref:10.1016/b978-0-443-30076-9.00015-7,Crossref,,Digital Twin and Blockchain for Sensor Networks in Smart Cities,https://doi.org/10.1016/b978-0-443-30076-9.00015-7,smart port AI digital twin autonomous systems resilience,2026-07-24T11:51:57.459223+00:00,Crossref open metadata
Digital Twin Technology in Environmental Applications,"Sneha Gautam, Chafai Azri, Md. Badiuzzaman Khan",2025,10.1201/9781003712701-23,crossref:10.1201/9781003712701-23,Crossref,,Environmental Monitoring with AI and IoT,https://doi.org/10.1201/9781003712701-23,smart port AI digital twin autonomous systems resilience,2026-07-24T11:51:57.459305+00:00,Crossref open metadata
Enhancing Urban Efficiency with AI and Digital Twin Technologies in Smart City Infrastructure,"Sanjivani Hemant KULKARNI, Vipan KUMAR, Anupam KANWAR, Priya DASARWAR, Monali GULHANE, Nitin RAKESH, Utku KOSE",2025,10.1002/9781394411320.ch6,crossref:10.1002/9781394411320.ch6,Crossref,,Driving Innovation through AI and Digital Twin for 6G Powered Sustainable Ultra Smart Cities,https://doi.org/10.1002/9781394411320.ch6,smart port AI digital twin autonomous systems resilience,2026-07-24T11:51:57.459345+00:00,Crossref open metadata
Generative AI of Things–Powered Sustainable Smart City Brain and Digital Twin Systems: Synergizing Real-Time Operational Management and Strategic Predictive Planning,Simon Elias Bibri,2025,10.1201/9781003672500-7,crossref:10.1201/9781003672500-7,Crossref,,Generative AI and Generative AI of Things for Sustainable Smart Cities,https://doi.org/10.1201/9781003672500-7,smart port AI digital twin autonomous systems resilience,2026-07-24T11:51:57.459331+00:00,Crossref open metadata
Integrating Generative AI and Digital Twin Technologies for Smart Fabrication and Autonomous Manufacturing Workflows,"Tripti choudhary, Kapil Kumar Sharma, Rahul Sharma, Deepti Choudhary, Arpita Singh, Meenakshi Sharma",2025,10.4018/979-8-3373-4287-0.ch013,crossref:10.4018/979-8-3373-4287-0.ch013,Crossref,,Next-Generation Electronic Textiles and Conductive Materials for Smart Wearables,https://doi.org/10.4018/979-8-3373-4287-0.ch013,smart port AI digital twin autonomous systems resilience,2026-07-24T11:51:57.459274+00:00,Crossref open metadata
Machine learning and AI for the smart healthcare,"Ramiz Salama, Fadi Al-Turjman",2025,10.1016/b978-0-443-34226-4.00003-4,crossref:10.1016/b978-0-443-34226-4.00003-4,Crossref,,Blockchain and Digital Twin for Smart Hospitals,https://doi.org/10.1016/b978-0-443-34226-4.00003-4,smart port AI digital twin autonomous systems resilience,2026-07-24T11:51:57.459353+00:00,Crossref open metadata
Navigating Artificial Intelligence and Digital Twin for Smart Cities,Wasswa SHAFIK,2025,10.1002/9781394411320.ch1,crossref:10.1002/9781394411320.ch1,Crossref,,Driving Innovation through AI and Digital Twin for 6G Powered Sustainable Ultra Smart Cities,https://doi.org/10.1002/9781394411320.ch1,smart port AI digital twin autonomous systems resilience,2026-07-24T11:51:57.459253+00:00,Crossref open metadata
Security and Privacy Issues in AI-Blockchain Enabled Digital Twin–Based Smart Grid,"Pradeep Chintale, Gaurav Gupta",2025,10.1201/9781003500391-7,crossref:10.1201/9781003500391-7,Crossref,,AI and Blockchain in Smart Grids,https://doi.org/10.1201/9781003500391-7,smart port AI digital twin autonomous systems resilience,2026-07-24T11:51:57.459338+00:00,Crossref open metadata
Security Solutions for Smart Cities Using Digital Twin,"Shubham GUPTA, Ferdinand M. MAGTIBAY",2025,10.1002/9781394411320.ch4,crossref:10.1002/9781394411320.ch4,Crossref,,Driving Innovation through AI and Digital Twin for 6G Powered Sustainable Ultra Smart Cities,https://doi.org/10.1002/9781394411320.ch4,smart port AI digital twin autonomous systems resilience,2026-07-24T11:51:57.459270+00:00,Crossref open metadata
Smart cities with digital twin systems for disaster management,"Rodrigo Santos, Juan Manuel Ochoa, Sergio F. Ochoa, Carlos Chesñevar",2025,10.1016/b978-0-443-30076-9.00026-1,crossref:10.1016/b978-0-443-30076-9.00026-1,Crossref,,Digital Twin and Blockchain for Sensor Networks in Smart Cities,https://doi.org/10.1016/b978-0-443-30076-9.00026-1,smart port AI digital twin autonomous systems resilience,2026-07-24T11:51:57.459375+00:00,Crossref open metadata
Smart City Development in 6G Era,"Raj Kishor VERMA, Ahmed A. ELNGAR",2025,10.1002/9781394411320.ch2,crossref:10.1002/9781394411320.ch2,Crossref,,Driving Innovation through AI and Digital Twin for 6G Powered Sustainable Ultra Smart Cities,https://doi.org/10.1002/9781394411320.ch2,smart port AI digital twin autonomous systems resilience,2026-07-24T11:51:57.459217+00:00,Crossref open metadata
Toward Smart Healthcare in the Digital Twin Ecosystem,"MAMTA, Shravya Reddy KARRI",2025,10.1002/9781394411320.ch10,crossref:10.1002/9781394411320.ch10,Crossref,,Driving Innovation through AI and Digital Twin for 6G Powered Sustainable Ultra Smart Cities,https://doi.org/10.1002/9781394411320.ch10,smart port AI digital twin autonomous systems resilience,2026-07-24T11:51:57.459312+00:00,Crossref open metadata
"Towards Integrated Disaster Management: A Review of AI, Blockchain, and Digital Twin Technologies for Smart Resilience",Özgür Karaduman,2025,10.46460/ijiea.1768923,crossref:10.46460/ijiea.1768923,Crossref,,International Journal of Innovative Engineering Applications,https://doi.org/10.46460/ijiea.1768923,smart port AI digital twin autonomous systems resilience,2026-07-24T11:51:57.459193+00:00,Crossref open metadata
Blockchain-Enabled Digital Twin for Smart Cities Computational Toward Sustainability and Resilience,Sajjad Afrosheh,2024,10.2139/ssrn.5042173,crossref:10.2139/ssrn.5042173,Crossref,,,https://doi.org/10.2139/ssrn.5042173,smart port AI digital twin autonomous systems resilience,2026-07-24T11:51:57.459213+00:00,Crossref open metadata
Digital Twin for Smart City Resilience and Solutions,"R. Sivarethinamohan, R. Samiksha Reddy",2024,10.1002/9781394303564.ch25,crossref:10.1002/9781394303564.ch25,Crossref,,Digital Twin and Blockchain for Smart Cities,https://doi.org/10.1002/9781394303564.ch25,smart port AI digital twin autonomous systems resilience,2026-07-24T11:51:57.459185+00:00,Crossref open metadata
Role of AI and Digital Twin in Smart Manufacturing,"M. Anand, T. M. Sheeba, C. Fancy",2024,10.1002/9781394303601.ch11,crossref:10.1002/9781394303601.ch11,Crossref,,Artificial Intelligence‐Enabled Digital Twin for Smart Manufacturing,https://doi.org/10.1002/9781394303601.ch11,smart port AI digital twin autonomous systems resilience,2026-07-24T11:51:57.459234+00:00,Crossref open metadata
"Securing Smart Cities:  A Cybersecurity Perspective on Integrating IoT, AI, and Machine Learning for Digital Twin Creation",Smita Vempati,2024,10.52783/jes.3052,crossref:10.52783/jes.3052,Crossref,,Journal of Electrical Systems,https://doi.org/10.52783/jes.3052,smart port AI digital twin autonomous systems resilience,2026-07-24T11:51:57.459371+00:00,Crossref open metadata
Smart Cities on the Waterfront: Citizens’ Perspectives on Smart City in the Context of a Port City,"Kristel Edelman, Riikka Franzen, Irina Wahlström, Anastasia Tsvetkova, Yiran Chen",2024,10.18690/um.fov.4.2024.30,crossref:10.18690/um.fov.4.2024.30,Crossref,,Resilience Through Digital Innovation: Enabling the Twin Transition,https://doi.org/10.18690/um.fov.4.2024.30,smart port AI digital twin autonomous systems resilience,2026-07-24T11:51:57.459181+00:00,Crossref open metadata
Smart Monitoring and Predictive Maintenance of High Voltage Cables Through Digital Twin Technology,"T. Thenthiruppathi, Harish Ravali Kasiviswanathan, K. Swaminathan",2024,10.4018/979-8-3693-3234-4.ch025,crossref:10.4018/979-8-3693-3234-4.ch025,Crossref,,Advances in Business Information Systems and Analytics,https://doi.org/10.4018/979-8-3693-3234-4.ch025,smart port AI digital twin autonomous systems resilience,2026-07-24T11:51:57.459301+00:00,Crossref open metadata
Digital twin technologies for automated vehicles in smart healthcare systems,"R. Indrakumari, T. Poongodi, Shrddha Sagar, Vijayalakshmi",2023,10.1016/b978-0-323-99205-3.00008-0,crossref:10.1016/b978-0-323-99205-3.00008-0,Crossref,,Digital Twin for Smart Manufacturing,https://doi.org/10.1016/b978-0-323-99205-3.00008-0,smart port AI digital twin autonomous systems resilience,2026-07-24T11:51:57.459257+00:00,Crossref open metadata
Digital Twin-Assisted OWC: Towards Smart and Autonomous 6G Networks,"Hossien Eldeeb, Shimaa Naser, Lina Bariah, Sami Muhaidat, Murat Uysal",2023,10.36227/techrxiv.21710897,crossref:10.36227/techrxiv.21710897,Crossref,,,https://doi.org/10.36227/techrxiv.21710897,smart port AI digital twin autonomous systems resilience,2026-07-24T11:51:57.459327+00:00,Crossref open metadata
Digital Twin-Assisted OWC: Towards Smart and Autonomous Networks,"Hossien Eldeeb, Shimaa Naser, Lina Bariah, Sami Muhaidat, Murat Uysal",2022,10.36227/techrxiv.21710897.v1,crossref:10.36227/techrxiv.21710897.v1,Crossref,,,https://doi.org/10.36227/techrxiv.21710897.v1,smart port AI digital twin autonomous systems resilience,2026-07-24T11:51:57.459283+00:00,Crossref open metadata
Sea Level Rise-Induced Transition from Rare Fluvial Extremes to Chronic and Compound Floods,"Kazi Samsunnahar Mita, Philip Orton, Franco Montalto, Firas Saleh, Julia Rockwell",2023,10.3390/w15142671,crossref:10.3390/w15142671,Crossref,,Water,https://doi.org/10.3390/w15142671,port-city climate adaptation just transition ocean literacy marine governance hydrosocial,2026-07-24T11:51:59.537262+00:00,Crossref open metadata
"Under the Arctic Ice: Climate Futurism, Inuit Sovereignty, and Deep Seabed Mining in the Just Transition",Charlotte Connolly,2023,10.1163/22116001-03701015,crossref:10.1163/22116001-03701015,Crossref,,Ocean Yearbook Online,https://doi.org/10.1163/22116001-03701015,port-city climate adaptation just transition ocean literacy marine governance hydrosocial,2026-07-24T11:51:59.537254+00:00,Crossref open metadata
Climate Adaptation Planning for the City,Parama Raychaudhuri Bannerji,2022,10.4324/9781003205968-21,crossref:10.4324/9781003205968-21,Crossref,,Kolkata — The Colonial City in Transition,https://doi.org/10.4324/9781003205968-21,port-city climate adaptation just transition ocean literacy marine governance hydrosocial,2026-07-24T11:51:59.537242+00:00,Crossref open metadata
Governance:,Unknown,2021,10.2307/j.ctv1z3hkmp.15,crossref:10.2307/j.ctv1z3hkmp.15,Crossref,,Sustainability Matters,https://doi.org/10.2307/j.ctv1z3hkmp.15,port-city climate adaptation just transition ocean literacy marine governance hydrosocial,2026-07-24T11:51:59.537281+00:00,Crossref open metadata
Governance: The Sine Qua Non of Sustainability,Unknown,2021,10.1515/9781773852508-013,crossref:10.1515/9781773852508-013,Crossref,,Sustainability Matters,https://doi.org/10.1515/9781773852508-013,port-city climate adaptation just transition ocean literacy marine governance hydrosocial,2026-07-24T11:51:59.537288+00:00,Crossref open metadata
Policy Options for Marine Fisheries,"Wendy E. Morrison, Valerie Termini",2019,10.1017/9781108502238.010,crossref:10.1017/9781108502238.010,Crossref,,Climate Change and Ocean Governance,https://doi.org/10.1017/9781108502238.010,port-city climate adaptation just transition ocean literacy marine governance hydrosocial,2026-07-24T11:51:59.537326+00:00,Crossref open metadata
"A Multi-agent Digital Twin Framework for Predictive Maintenance Using Machine Learning and Genetic Algorithms: A Case Study Morocco, Tangier Med Port","Hamza Garmouch, Otman Abdoun",2025,10.1007/s43069-025-00579-x,crossref:10.1007/s43069-025-00579-x,Crossref,,Operations Research Forum,https://doi.org/10.1007/s43069-025-00579-x,port operations EQF qualification framework micro-credential learning outcomes,2026-07-24T11:51:59.992968+00:00,Crossref open metadata
Integrating blockchain and agentic AI for sustainability reporting in port operations: PISA-based conceptual framework,Nitin Ram,2025,10.2139/ssrn.5511996,crossref:10.2139/ssrn.5511996,Crossref,,,https://doi.org/10.2139/ssrn.5511996,port operations EQF qualification framework micro-credential learning outcomes,2026-07-24T11:51:59.992922+00:00,Crossref open metadata
Integrating Human Reliability Analysis and Sustainability Goals in Port Operations: A CREAM–FAHP Based Risk Assessment Framework,Davut Pehlivan,2025,10.2139/ssrn.5940971,crossref:10.2139/ssrn.5940971,Crossref,,,https://doi.org/10.2139/ssrn.5940971,port operations EQF qualification framework micro-credential learning outcomes,2026-07-24T11:51:59.992949+00:00,Crossref open metadata
Mapping of Occupation on Operations Management Within The Indonesian Qualification Framework (IQF) to Close The Gap Between Industry Needs and Educational Outcomes,"Surono Surono, Darwin Raja Unggul Saragih",2025,10.57096/return.v4i5.370,crossref:10.57096/return.v4i5.370,Crossref,,"Return : Study of Management, Economic and Bussines",https://doi.org/10.57096/return.v4i5.370,port operations EQF qualification framework micro-credential learning outcomes,2026-07-24T11:51:59.992912+00:00,Crossref open metadata
The cost structure of port activities,"Hilde Meersman, Eddy Van de Voorde, Thierry Vanelslander",2025,10.4324/9781003629900-5,crossref:10.4324/9781003629900-5,Crossref,,Port Economics and Business,https://doi.org/10.4324/9781003629900-5,port activities maritimisation marinization oceanisation hydrosocial de-base-re hypothesis verification indicators,2026-07-24T11:52:02.099654+00:00,Crossref open metadata
Annex I,Unknown,2023,10.18356/9789213585047c008,crossref:10.18356/9789213585047c008,Crossref,,Port Management 2023: Volume 11,https://doi.org/10.18356/9789213585047c008,port activities maritimisation marinization oceanisation hydrosocial de-base-re hypothesis verification indicators,2026-07-24T11:52:02.099812+00:00,Crossref open metadata
Conclusions and recommendations,Unknown,2023,10.18356/9789213585047c007,crossref:10.18356/9789213585047c007,Crossref,,Port Management 2023: Volume 11,https://doi.org/10.18356/9789213585047c007,port activities maritimisation marinization oceanisation hydrosocial de-base-re hypothesis verification indicators,2026-07-24T11:52:02.099836+00:00,Crossref open metadata
Example of the application of port performance indicators; The case of the port authority of valencia,Unknown,2023,10.18356/9789213585047c005,crossref:10.18356/9789213585047c005,Crossref,,Port Management 2023: Volume 11,https://doi.org/10.18356/9789213585047c005,port activities maritimisation marinization oceanisation hydrosocial de-base-re hypothesis verification indicators,2026-07-24T11:52:02.099644+00:00,Crossref open metadata
Glossary,Unknown,2023,10.18356/9789213585047c002,crossref:10.18356/9789213585047c002,Crossref,,Port Management 2023: Volume 11,https://doi.org/10.18356/9789213585047c002,port activities maritimisation marinization oceanisation hydrosocial de-base-re hypothesis verification indicators,2026-07-24T11:52:02.099735+00:00,Crossref open metadata
New proposal for port performance indicators,Unknown,2023,10.18356/9789213585047c004,crossref:10.18356/9789213585047c004,Crossref,,Port Management 2023: Volume 11,https://doi.org/10.18356/9789213585047c004,port activities maritimisation marinization oceanisation hydrosocial de-base-re hypothesis verification indicators,2026-07-24T11:52:02.099633+00:00,Crossref open metadata
Other case studies,Unknown,2023,10.18356/9789213585047c006,crossref:10.18356/9789213585047c006,Crossref,,Port Management 2023: Volume 11,https://doi.org/10.18356/9789213585047c006,port activities maritimisation marinization oceanisation hydrosocial de-base-re hypothesis verification indicators,2026-07-24T11:52:02.099824+00:00,Crossref open metadata
Port Management 2023: Volume 11,Unknown,2023,10.18356/9789213585047,crossref:10.18356/9789213585047,Crossref,,,https://doi.org/10.18356/9789213585047,port activities maritimisation marinization oceanisation hydrosocial de-base-re hypothesis verification indicators,2026-07-24T11:52:02.099702+00:00,Crossref open metadata
Re-examining the real interest rate parity hypothesis under temporary gradual breaks and nonlinear convergence,"Mübariz Hasanov, Tolga Omay, Vasif Abioglu",2023,10.1007/s10258-023-00245-2,crossref:10.1007/s10258-023-00245-2,Crossref,,Portuguese Economic Journal,https://doi.org/10.1007/s10258-023-00245-2,port activities maritimisation marinization oceanisation hydrosocial de-base-re hypothesis verification indicators,2026-07-24T11:52:02.099679+00:00,Crossref open metadata
References,Unknown,2023,10.18356/9789213585047c009,crossref:10.18356/9789213585047c009,Crossref,,Port Management 2023: Volume 11,https://doi.org/10.18356/9789213585047c009,port activities maritimisation marinization oceanisation hydrosocial de-base-re hypothesis verification indicators,2026-07-24T11:52:02.099728+00:00,Crossref open metadata
Key Performance Indicators of Smart Port,Nam-Kyu Park,2022,10.2174/9789815050417122010006,crossref:10.2174/9789815050417122010006,Crossref,,Smart Port Management and Strategy,https://doi.org/10.2174/9789815050417122010006,port activities maritimisation marinization oceanisation hydrosocial de-base-re hypothesis verification indicators,2026-07-24T11:52:02.099695+00:00,Crossref open metadata
MONOPOLISTIC PORT BUSINESS ACTIVITIES POST-DEMONOPOLIZATION OF PT.PELINDO (PERSERO) BASE ON BUSINESS COMPETITION LAW,Putu Samawati Saleh,2022,10.24815/kanun.v24i3.24230,crossref:10.24815/kanun.v24i3.24230,Crossref,,Kanun Jurnal Ilmu Hukum,https://doi.org/10.24815/kanun.v24i3.24230,port activities maritimisation marinization oceanisation hydrosocial de-base-re hypothesis verification indicators,2026-07-24T11:52:02.099668+00:00,Crossref open metadata
ALIMENTAÇÃO À BASE DE PLANTAS: UMA REVISÃO NARRATIVA,Unknown,2021,10.21011/apn.2021.2607,crossref:10.21011/apn.2021.2607,Crossref,,Acta Portuguesa de Nutrição,https://doi.org/10.21011/apn.2021.2607,port activities maritimisation marinization oceanisation hydrosocial de-base-re hypothesis verification indicators,2026-07-24T11:52:02.099657+00:00,Crossref open metadata
Analysis of the Deductive Reasoning Process in the Hypothesis Verification Activities of College Students,"Daiki MUKAI, Shinji MATSUMOTO",2021,10.11639/sjst.20066,crossref:10.11639/sjst.20066,Crossref,,Journal of Research in Science Education,https://doi.org/10.11639/sjst.20066,port activities maritimisation marinization oceanisation hydrosocial de-base-re hypothesis verification indicators,2026-07-24T11:52:02.099749+00:00,Crossref open metadata
Análise da Rotulagem de Suplementos Alimentares à Base de Plantas Utilizados no Sistema Nervoso Central,Unknown,2021,10.21011/apn.2020.2403,crossref:10.21011/apn.2020.2403,Crossref,,Acta Portuguesa de Nutrição,https://doi.org/10.21011/apn.2020.2403,port activities maritimisation marinization oceanisation hydrosocial de-base-re hypothesis verification indicators,2026-07-24T11:52:02.099725+00:00,Crossref open metadata
Potential Biological Activities of Craft Beer: A Review,Unknown,2021,10.21011/apn.2020.2515,crossref:10.21011/apn.2020.2515,Crossref,,Acta Portuguesa de Nutrição,https://doi.org/10.21011/apn.2020.2515,port activities maritimisation marinization oceanisation hydrosocial de-base-re hypothesis verification indicators,2026-07-24T11:52:02.099722+00:00,Crossref open metadata
The Concept of Marinization by Ludwik Janiszewski,Arkadiusz Kołodziej,2019,10.35158/cisspc.2019.04.20.159,crossref:10.35158/cisspc.2019.04.20.159,Crossref,,Cultural Interaction Studies of Sea Port Cities,https://doi.org/10.35158/cisspc.2019.04.20.159,port activities maritimisation marinization oceanisation hydrosocial de-base-re hypothesis verification indicators,2026-07-24T11:52:02.099624+00:00,Crossref open metadata
From global goals to local action: Mapping CSR–SDG alignment in a commercial port,Nergis Özispa,2026,10.52998/trjmms.1911254,crossref:10.52998/trjmms.1911254,Crossref,,Turkish Journal of Maritime and Marine Sciences,https://doi.org/10.52998/trjmms.1911254,port activities qmbd axis translation marine maritime oceanic hydronization theory terms taxonomy mapping,2026-07-24T11:52:02.610381+00:00,Crossref open metadata
GALATAPORT PORT: DESCRIPTIVE ANALYSIS OF THE CURRENT MARKET IN TERMS OF SHIP OWNERS AND CRUISE LINES,Gülsüm Koraltürk,2025,10.52998/trjmms.1668847,crossref:10.52998/trjmms.1668847,Crossref,,Turkish Journal of Maritime and Marine Sciences,https://doi.org/10.52998/trjmms.1668847,port activities qmbd axis translation marine maritime oceanic hydronization theory terms taxonomy mapping,2026-07-24T11:52:02.610356+00:00,Crossref open metadata
Port Cities as Urban Assemblages. Bringing Actor-Network Theory to Maritime Sociology,"Robert Bartłomiejski, Maciej Kowalewski",2022,10.1163/9789004503410_004,crossref:10.1163/9789004503410_004,Crossref,,Maritime Spaces and Society,https://doi.org/10.1163/9789004503410_004,port activities qmbd axis translation marine maritime oceanic hydronization theory terms taxonomy mapping,2026-07-24T11:52:02.610525+00:00,Crossref open metadata
Marine Pollution from Shipping Activities,Michael Tsimplis,2020,10.4324/9781003046943-10,crossref:10.4324/9781003046943-10,Crossref,,Maritime Law,https://doi.org/10.4324/9781003046943-10,port activities qmbd axis translation marine maritime oceanic hydronization theory terms taxonomy mapping,2026-07-24T11:52:02.610450+00:00,Crossref open metadata
Maritime Spatial Planning: A Means of Organizing Maritime Activities Measured in Terms of Sustainable Development Goals,Catherine Colard-Fabregoule,2020,10.4135/9789353885724.n7,crossref:10.4135/9789353885724.n7,Crossref,,"Global Commons: Issues, Concerns and Strategies",https://doi.org/10.4135/9789353885724.n7,port activities qmbd axis translation marine maritime oceanic hydronization theory terms taxonomy mapping,2026-07-24T11:52:02.610518+00:00,Crossref open metadata
Port State jurisdiction in terms of article 218 of the UN Convention on the Law of Sea: A South African perspective,"Denning Metuge, Patrick Vrancken",2020,10.18820/9781991201072/04,crossref:10.18820/9781991201072/04,Crossref,,"African perspectives on selected marine, maritime and international trade law topics",https://doi.org/10.18820/9781991201072/04,port activities qmbd axis translation marine maritime oceanic hydronization theory terms taxonomy mapping,2026-07-24T11:52:02.610412+00:00,Crossref open metadata
Port towns and the ‘paramaritime’,Isaac Land,2020,10.4324/9781003048503-8,crossref:10.4324/9781003048503-8,Crossref,,"The Routledge Companion to Marine and Maritime Worlds, 1400–1800",https://doi.org/10.4324/9781003048503-8,port activities qmbd axis translation marine maritime oceanic hydronization theory terms taxonomy mapping,2026-07-24T11:52:02.610545+00:00,Crossref open metadata
Academicians Viewpoint on Port Managers Prior Competencies in terms of Environmental Sustainability Performance of Container Port Enterprises in Turkey,"Özgür Tezcan, Barış Kuleyin",2019,10.5505/jems.2019.29491,crossref:10.5505/jems.2019.29491,Crossref,,Journal of ETA Maritime Science,https://doi.org/10.5505/jems.2019.29491,port activities qmbd axis translation marine maritime oceanic hydronization theory terms taxonomy mapping,2026-07-24T11:52:02.610418+00:00,Crossref open metadata
Coastal DIAMONDS (Danish IntegrAted Marine ObservatioN &amp; Data System). Integrating real time data to strengthen monitoring capabilities in Danish marine waters,"Xin Huei Wong, Jose Antonio Arenas, Mai-Britt Kronborg, Anders Erichsen, Rasmus Fenger-Nielsen, Troels Lange",2026,10.5194/egusphere-egu26-2309,crossref:10.5194/egusphere-egu26-2309,Crossref,,,https://doi.org/10.5194/egusphere-egu26-2309,ocean observation marine monitoring data infrastructure,2026-07-24T11:52:04.132648+00:00,Crossref open metadata
"From satellites to cetaceans: strengthening marine megafauna protection through integrated observation, data governance, and emerging ocean standards",Emily Charry Tissier,2026,10.58440/ihr-32-1-c04,crossref:10.58440/ihr-32-1-c04,Crossref,,The International Hydrographic Review,https://doi.org/10.58440/ihr-32-1-c04,ocean observation marine monitoring data infrastructure,2026-07-24T11:52:04.132711+00:00,Crossref open metadata
Utilizing DAS data in Earth Observation and Marine Traffic Monitoring,"Ahmet Anil Dindar, Süleyman Tunç, Aitaro Kato, Nurcan Meral Özel, Tuğçe Ergün, Ji Zhang, Yoshiyuki Kaneda",2026,10.5194/egusphere-egu26-21518,crossref:10.5194/egusphere-egu26-21518,Crossref,,,https://doi.org/10.5194/egusphere-egu26-21518,ocean observation marine monitoring data infrastructure,2026-07-24T11:52:04.132700+00:00,Crossref open metadata
A Study of Marine Biodiversity Observation and Monitoring Mechanisms in Taiwan,Cleave Otieno,2025,10.2139/ssrn.5181081,crossref:10.2139/ssrn.5181081,Crossref,,,https://doi.org/10.2139/ssrn.5181081,ocean observation marine monitoring data infrastructure,2026-07-24T11:52:04.132766+00:00,Crossref open metadata
From Ocean Observation to Socio-Economic Benefits: Mapping the Value Chains of Open Marine Data,"Claire Jolly, James Jolliffe, Claudia Abdallah",2025,10.5194/oos2025-363,crossref:10.5194/oos2025-363,Crossref,,,https://doi.org/10.5194/oos2025-363,ocean observation marine monitoring data infrastructure,2026-07-24T11:52:04.132592+00:00,Crossref open metadata
Retrieval algorithm based on locally sensitive hash for ocean observation data,"Meijuan Jia, Xiaodong Mao, Shuai Guo, Xin Li",2025,10.3389/fmars.2025.1534900,crossref:10.3389/fmars.2025.1534900,Crossref,,Frontiers in Marine Science,https://doi.org/10.3389/fmars.2025.1534900,ocean observation marine monitoring data infrastructure,2026-07-24T11:52:04.132726+00:00,Crossref open metadata
"SeaDataNet, panEuropean infrastructure for marine and ocean data management and its relations with EMODnet, Blue-Cloud2026, and DTO","Dick M. A. Schaap, Athanasia Iona, Steven Piel, Marine Vernet, Serge Scory, Alessandra Giorgetti, Alexandra Kokkinaki",2025,10.5194/egusphere-egu25-4997,crossref:10.5194/egusphere-egu25-4997,Crossref,,,https://doi.org/10.5194/egusphere-egu25-4997,ocean observation marine monitoring data infrastructure,2026-07-24T11:52:04.132656+00:00,Crossref open metadata
"Application of Big Data File Segmentation, Uploading, and Breakpoint Continuation in Monitoring the Real-Time Data Transmission Status of Ocean Observation",Lijuan Cao,2024,10.1109/iceace63551.2024.10898447,crossref:10.1109/iceace63551.2024.10898447,Crossref,,"2024 IEEE 2nd International Conference on Electrical, Automation and Computer Engineering (ICEACE)",https://doi.org/10.1109/iceace63551.2024.10898447,ocean observation marine monitoring data infrastructure,2026-07-24T11:52:04.132751+00:00,Crossref open metadata
Improved YOLOv5 Algorithm for Real-Time Prediction of Fish Yield in All Cage Schools,"Lei Wang, Ling-Zhi Chen, Bo Peng, Ying-Tien Lin",2024,10.3390/jmse12020195,crossref:10.3390/jmse12020195,Crossref,,Journal of Marine Science and Engineering,https://doi.org/10.3390/jmse12020195,ocean observation marine monitoring data infrastructure,2026-07-24T11:52:04.132743+00:00,Crossref open metadata
Intelligent monitoring of marine vessel dynamics based on data mining,"Benben Cui, Chen Wang, Yun Wu, Can Zhu, Jianmin Lin, Tingjie Yang",2024,10.1016/j.oceaneng.2024.119387,crossref:10.1016/j.oceaneng.2024.119387,Crossref,,Ocean Engineering,https://doi.org/10.1016/j.oceaneng.2024.119387,ocean observation marine monitoring data infrastructure,2026-07-24T11:52:04.132670+00:00,Crossref open metadata
Real Time Transmission Monitoring and Alarm Mechanism of Big Data Ocean Observation Files Combined with Apache Kafka,Lijuan Cao,2024,10.1109/icedcs64328.2024.00145,crossref:10.1109/icedcs64328.2024.00145,Crossref,,"2024 International Conference on Electronics and Devices, Computational Science (ICEDCS)",https://doi.org/10.1109/icedcs64328.2024.00145,ocean observation marine monitoring data infrastructure,2026-07-24T11:52:04.132730+00:00,Crossref open metadata
BELUGA: An Integrated Marine Multi-Platform Infrastructure and Near Real-Time Ocean Data Visualization Tool,"Patrick Leibold, Nikolaj Diller, Sylvia Reißmann, Claas Faber",2023,10.23919/oceans52994.2023.10337372,crossref:10.23919/oceans52994.2023.10337372,Crossref,,OCEANS 2023 - MTS/IEEE U.S. Gulf Coast,https://doi.org/10.23919/oceans52994.2023.10337372,ocean observation marine monitoring data infrastructure,2026-07-24T11:52:04.132759+00:00,Crossref open metadata
Vertically Resolved Global Ocean Light Models Using Machine Learning,"Pannimpullath Remanan Renosh, Jie Zhang, Raphaëlle Sauzède, Hervé Claustre",2023,10.3390/rs15245663,crossref:10.3390/rs15245663,Crossref,,Remote Sensing,https://doi.org/10.3390/rs15245663,ocean observation marine monitoring data infrastructure,2026-07-24T11:52:04.132579+00:00,Crossref open metadata
Mauritius Ocean Observatory E-platform - the Marine Spatial Data Infrastructure for the Republic of Mauritius,"Sivanee Munnaroo, Hemanaden Runghen, Shameelah A.H. Mamode, Rezah Badal, Koolwantee Damry",2022,10.1109/oceanschennai45887.2022.9775384,crossref:10.1109/oceanschennai45887.2022.9775384,Crossref,,OCEANS 2022 - Chennai,https://doi.org/10.1109/oceanschennai45887.2022.9775384,ocean observation marine monitoring data infrastructure,2026-07-24T11:52:04.132722+00:00,Crossref open metadata
STRATEGY OF TECHNICAL DEVELOPMENT OF ASSEMBLY AND WELDING MANUFACTURE OF “OCEAN” SHIPYARD,Olena І. Uhodnikova,2022,10.15589/smi2022.1(16).07,crossref:10.15589/smi2022.1(16).07,Crossref,,Shipbuilding &amp; marine infrastructure,https://doi.org/10.15589/smi2022.1(16).07,ocean observation marine monitoring data infrastructure,2026-07-24T11:52:04.132682+00:00,Crossref open metadata
The use of meteorological and oceanographic sensor data in the German offshore territory for the corrosion monitoring of marine structures,"A.W. Momber, M. Wilms, D. Brün",2022,10.1016/j.oceaneng.2022.110994,crossref:10.1016/j.oceaneng.2022.110994,Crossref,,Ocean Engineering,https://doi.org/10.1016/j.oceaneng.2022.110994,ocean observation marine monitoring data infrastructure,2026-07-24T11:52:04.132755+00:00,Crossref open metadata
Wind-driven upwelling and surface nutrient delivery in a semi-enclosed coastal sea,"Ben Moore-Maley, Susan E. Allen",2022,10.5194/os-18-143-2022,crossref:10.5194/os-18-143-2022,Crossref,,Ocean Science,https://doi.org/10.5194/os-18-143-2022,ocean observation marine monitoring data infrastructure,2026-07-24T11:52:04.132674+00:00,Crossref open metadata
Changes in coastal and marine infrastructure,Unknown,2021,10.18356/9789216040062c043,crossref:10.18356/9789216040062c043,Crossref,,The Second World Ocean Assessment,https://doi.org/10.18356/9789216040062c043,ocean observation marine monitoring data infrastructure,2026-07-24T11:52:04.132704+00:00,Crossref open metadata
Observation of nearshore crescentic sandbar formation during storm wave conditions using satellite images and video monitoring data,"Jong Dae Do, Jae-Youll Jin, Weon Mu Jeong, Byunggil Lee, Chang Hwan Kim, Yeon S. Chang",2021,10.1016/j.margeo.2021.106661,crossref:10.1016/j.margeo.2021.106661,Crossref,,Marine Geology,https://doi.org/10.1016/j.margeo.2021.106661,ocean observation marine monitoring data infrastructure,2026-07-24T11:52:04.132621+00:00,Crossref open metadata
Validation of Drifting Buoy Data for Ocean Wave Observation,Yukiharu Hisaki,2021,10.3390/jmse9070729,crossref:10.3390/jmse9070729,Crossref,,Journal of Marine Science and Engineering,https://doi.org/10.3390/jmse9070729,ocean observation marine monitoring data infrastructure,2026-07-24T11:52:04.132733+00:00,Crossref open metadata
Aeroecological monitoring technique,"Valerii F. Frolov, Tamara V. Dudar",2020,10.15589/smi2020.1(13).13,crossref:10.15589/smi2020.1(13).13,Crossref,,Shipbuilding &amp; marine infrastructure,https://doi.org/10.15589/smi2020.1(13).13,ocean observation marine monitoring data infrastructure,2026-07-24T11:52:04.132637+00:00,Crossref open metadata
"Enhancing SeaDataNet e-infrastructure for ocean and marine data, new opportunities and challenges to foster data re-use","Leda Pecci, Michele Fichaut, Dick Schaap",2020,10.5194/egusphere-egu2020-20337,crossref:10.5194/egusphere-egu2020-20337,Crossref,,,https://doi.org/10.5194/egusphere-egu2020-20337,ocean observation marine monitoring data infrastructure,2026-07-24T11:52:04.132587+00:00,Crossref open metadata
Integration and Application of Marine Engineering Environmental Monitoring Data Based on Big Data,Unknown,2020,10.38007/foe.2020.010103,crossref:10.38007/foe.2020.010103,Crossref,,Frontiers in Ocean Engineering,https://doi.org/10.38007/foe.2020.010103,ocean observation marine monitoring data infrastructure,2026-07-24T11:52:04.132609+00:00,Crossref open metadata
Monitoring marine heatwaves in CMEMS ocean analysis systems,Eric de Boisseson,2020,10.5194/egusphere-egu2020-19468,crossref:10.5194/egusphere-egu2020-19468,Crossref,,,https://doi.org/10.5194/egusphere-egu2020-19468,ocean observation marine monitoring data infrastructure,2026-07-24T11:52:04.132762+00:00,Crossref open metadata
Monitoring of Ocean Oil Spills Based on Marine Remote Sensing Big Data,Unknown,2019,10.1142/9789811202490_0006,crossref:10.1142/9789811202490_0006,Crossref,,Marine Big Data,https://doi.org/10.1142/9789811202490_0006,ocean observation marine monitoring data infrastructure,2026-07-24T11:52:04.132572+00:00,Crossref open metadata
SeaDataNet,Dick Schaap,2019,10.4018/978-1-5225-7308-1.ch010,crossref:10.4018/978-1-5225-7308-1.ch010,Crossref,,Oceanography and Coastal Informatics,https://doi.org/10.4018/978-1-5225-7308-1.ch010,ocean observation marine monitoring data infrastructure,2026-07-24T11:52:04.132643+00:00,Crossref open metadata
"Data Governance, Fair Principles, and Ethics","Łukasz Sułkowski, Andrzej Woźniak, Robert Seliga, Marcin Lis",2026,10.4324/9781003790334-4,crossref:10.4324/9781003790334-4,Crossref,,Data Management and Digital Infrastructure in Social Sciences,https://doi.org/10.4324/9781003790334-4,ocean data governance FAIR CARE principles,2026-07-24T11:52:06.585306+00:00,Crossref open metadata
"Datafying the Arctic: Satellite Governance, Indigenous Data Sovereignty, and the FAIR-CARE Conflict in India's Polar Engagement",Sumanta Narayan Podder,2026,10.2139/ssrn.5946475,crossref:10.2139/ssrn.5946475,Crossref,,SSRN Electronic Journal,https://doi.org/10.2139/ssrn.5946475,ocean data governance FAIR CARE principles,2026-07-24T11:52:06.585396+00:00,Crossref open metadata
Safeguarding Data and Building Trust in Technology-Enabled Rehabilitation Counseling: A Review of Governance Models for Fair and Accessible Care,Cornelia Ifeoma Ejoh,2026,10.9734/ajmpcp/2026/v9i2469,crossref:10.9734/ajmpcp/2026/v9i2469,Crossref,,Asian Journal of Medical Principles and Clinical Practice,https://doi.org/10.9734/ajmpcp/2026/v9i2469,ocean data governance FAIR CARE principles,2026-07-24T11:52:06.585321+00:00,Crossref open metadata
"Data Quality in the Age of AI: A Review of Governance, Ethics, and the FAIR Principles","Miriam Guillen-Aguinaga, Enrique Aguinaga-Ontoso, Laura Guillen-Aguinaga, Francisco Guillen-Grima, Ines Aguinaga-Ontoso",2025,10.20944/preprints202509.1572.v1,crossref:10.20944/preprints202509.1572.v1,Crossref,,,https://doi.org/10.20944/preprints202509.1572.v1,ocean data governance FAIR CARE principles,2026-07-24T11:52:06.585440+00:00,Crossref open metadata
"FAIR data, fair data: data management principles and data ownership in citizen science",Eran N. Schwarzfuchs,2025,10.1080/1369118x.2025.2604664,crossref:10.1080/1369118x.2025.2604664,Crossref,,"Information, Communication &amp; Society",https://doi.org/10.1080/1369118x.2025.2604664,ocean data governance FAIR CARE principles,2026-07-24T11:52:06.585455+00:00,Crossref open metadata
Harnessing Open Ocean Data for Global Solutions: Empowering International Collaboration Through FAIR and CARE Principles,Alicia Cheripka,2025,10.5194/oos2025-842,crossref:10.5194/oos2025-842,Crossref,,,https://doi.org/10.5194/oos2025-842,ocean data governance FAIR CARE principles,2026-07-24T11:52:06.585269+00:00,Crossref open metadata
Integration of the FAIR Data Principles with Student-Generated Imaging Data and Investigating Its Potential for Reuse,"Wing Tung Wong, Louise Cole, Amy L. Bottomley",2025,10.14293/apmc13-2025-0217,crossref:10.14293/apmc13-2025-0217,Crossref,,Integration of the FAIR Data Principles with Student-Generated Imaging Data and Investigating Its Potential for Reuse,https://doi.org/10.14293/apmc13-2025-0217,ocean data governance FAIR CARE principles,2026-07-24T11:52:06.585389+00:00,Crossref open metadata
iPlaces: Operationalizing FAIR and CARE Data Principles in coastal communities worldwide,"Erin Robinson, Neil Davies",2025,10.5194/oos2025-939,crossref:10.5194/oos2025-939,Crossref,,,https://doi.org/10.5194/oos2025-939,ocean data governance FAIR CARE principles,2026-07-24T11:52:06.585310+00:00,Crossref open metadata
On the Transposition of FAIR Data Principles to Financial Services: An Adapted FAAIR Guideline,"Emer Owens, Barry Sheehan, Martin Mullins, Martin Cunneen, Ben O’Connell",2025,10.52399/001c.138720,crossref:10.52399/001c.138720,Crossref,,"Accounting, Finance &amp; Governance Review",https://doi.org/10.52399/001c.138720,ocean data governance FAIR CARE principles,2026-07-24T11:52:06.585382+00:00,Crossref open metadata
"Understanding FAIR, CARE, and&amp;nbsp;TRUST Principles under The Open Science Umbrella: A Comparative Analysis and The Case in China",Lili Zhang,2025,10.3724/2096-7004.di.2025.0075,crossref:10.3724/2096-7004.di.2025.0075,Crossref,,Data Intelligence,https://doi.org/10.3724/2096-7004.di.2025.0075,ocean data governance FAIR CARE principles,2026-07-24T11:52:06.585452+00:00,Crossref open metadata
AN IMPLEMENTATION MODEL FOR THE INTERNET OF FAIR DATA &amp; SERVICES,"Luís Fernando Sayão, Luana Farias Sales",2024,10.22477/9788570131959.cap15,crossref:10.22477/9788570131959.cap15,Crossref,,Fair principles applied to research data management: brazilian experiences,https://doi.org/10.22477/9788570131959.cap15,ocean data governance FAIR CARE principles,2026-07-24T11:52:06.585487+00:00,Crossref open metadata
ANALYSIS OF THE DATASETS AVAILABLE IN THE COVID-19 DATA SHARING/BR REPOSITORY IN CONFORMANCE TO THE FAIR PRINCIPLES,"Anderson Rafael Castro Simões, Renata Lemos dos Anjos, Guilherme Ataíde Dias",2024,10.22477/9788570131959.cap6,crossref:10.22477/9788570131959.cap6,Crossref,,Fair principles applied to research data management: brazilian experiences,https://doi.org/10.22477/9788570131959.cap6,ocean data governance FAIR CARE principles,2026-07-24T11:52:06.585493+00:00,Crossref open metadata
BeFAIRandCARE: FAIR AND CARE PRINCIPLES IN RESEARCH DATA MANAGEMENT,"Silvana Aparecida Borsetti Gregorio Vidotti, Emanuelle Torino, Caio Saraiva Coneglian",2024,10.22477/9788570131959.cap14,crossref:10.22477/9788570131959.cap14,Crossref,,Fair principles applied to research data management: brazilian experiences,https://doi.org/10.22477/9788570131959.cap14,ocean data governance FAIR CARE principles,2026-07-24T11:52:06.585293+00:00,Crossref open metadata
DATA REUSE: FAIR PRINCIPLES AND THE RESEARCH ECOSYSTEM,"Sônia Elisa Caregnato, Rafael Port da Rocha, Rene Faustino Gabriel Junior",2024,10.22477/9788570131959.cap13,crossref:10.22477/9788570131959.cap13,Crossref,,Fair principles applied to research data management: brazilian experiences,https://doi.org/10.22477/9788570131959.cap13,ocean data governance FAIR CARE principles,2026-07-24T11:52:06.585362+00:00,Crossref open metadata
FAIR PIDS: THE ROLE OF ORCID IN STRENGTHENING THE FAIR PRINCIPLES,"Paloma Marín-Arraiza, Ana Heredia",2024,10.22477/9788570131959.cap1,crossref:10.22477/9788570131959.cap1,Crossref,,Fair principles applied to research data management: brazilian experiences,https://doi.org/10.22477/9788570131959.cap1,ocean data governance FAIR CARE principles,2026-07-24T11:52:06.585341+00:00,Crossref open metadata
FAIR PRINCIPLES AND GOVERNMENT DATABASE MANAGEMENT: SHARING VITAL RECORDS DATA THROUGH THE GOVDATA DATA LAKE,"Cláudio José Silva Ribeiro, Ana Cristina Meirelles Velho",2024,10.22477/9788570131959.cap4,crossref:10.22477/9788570131959.cap4,Crossref,,Fair principles applied to research data management: brazilian experiences,https://doi.org/10.22477/9788570131959.cap4,ocean data governance FAIR CARE principles,2026-07-24T11:52:06.585366+00:00,Crossref open metadata
FAIR PRINCIPLES AND LINKED DATA: PUBLICATION OF OPEN NOTEBOOK SCIENCE,"Luciana Candida da Silva, José Eduardo Santarem Segundo",2024,10.22477/9788570131959.cap7,crossref:10.22477/9788570131959.cap7,Crossref,,Fair principles applied to research data management: brazilian experiences,https://doi.org/10.22477/9788570131959.cap7,ocean data governance FAIR CARE principles,2026-07-24T11:52:06.585355+00:00,Crossref open metadata
IMPLEMENTATION OF FAIR PRINCIPLES IN SCIENTIFIC DATA REPOSITORIES: a comparative analysis of DSpace and Dataverse software infrastructures,"Fabiano Couto Corrêa da Silva, Marcello Mundim Rodrigues",2024,10.22477/9788570131959.cap8,crossref:10.22477/9788570131959.cap8,Crossref,,Fair principles applied to research data management: brazilian experiences,https://doi.org/10.22477/9788570131959.cap8,ocean data governance FAIR CARE principles,2026-07-24T11:52:06.585444+00:00,Crossref open metadata
INVESTIGATING FAIR PRINCIPLES IN NATIONAL INSTITUTES OF HEALTH (NIH) SCIENTIFIC DATA REPOSITORIES,Marcello Peixoto Bax,2024,10.22477/9788570131959.cap12,crossref:10.22477/9788570131959.cap12,Crossref,,Fair principles applied to research data management: brazilian experiences,https://doi.org/10.22477/9788570131959.cap12,ocean data governance FAIR CARE principles,2026-07-24T11:52:06.585332+00:00,Crossref open metadata
TECHNOLOGIES FOR RESEARCH DATA MANAGEMENT ACCORDING TO FAIR,"Milton Shintaku, André Luiz Appel, Alexandre Faria de Oliveira",2024,10.22477/9788570131959.cap9,crossref:10.22477/9788570131959.cap9,Crossref,,Fair principles applied to research data management: brazilian experiences,https://doi.org/10.22477/9788570131959.cap9,ocean data governance FAIR CARE principles,2026-07-24T11:52:06.585480+00:00,Crossref open metadata
USING THE DATAVERSE PROJECT TO MOVE TOWARDS FAIR PRINCIPLES,"Laura Vilela Rodrigues Rezende, Sonia Barbosa",2024,10.22477/9788570131959.cap2,crossref:10.22477/9788570131959.cap2,Crossref,,Fair principles applied to research data management: brazilian experiences,https://doi.org/10.22477/9788570131959.cap2,ocean data governance FAIR CARE principles,2026-07-24T11:52:06.585393+00:00,Crossref open metadata
Data Stewardship Plan templates designed to support the FAIR principles,Erik Schultes,2023,10.3233/fc-221508,crossref:10.3233/fc-221508,Crossref,,FAIR Connect,https://doi.org/10.3233/fc-221508,ocean data governance FAIR CARE principles,2026-07-24T11:52:06.585470+00:00,Crossref open metadata
Desiderata for the Data Governance and FAIR Principles Adoption in Health Data Hubs,"Celia Alvarez-Romero, Silvia Rodríguez-Mejias, Carlos Luis Parra-Calderón",2023,10.3233/shti230452,crossref:10.3233/shti230452,Crossref,,Studies in Health Technology and Informatics,https://doi.org/10.3233/shti230452,ocean data governance FAIR CARE principles,2026-07-24T11:52:06.585448+00:00,Crossref open metadata
Implementing the CARE Principles for Indigenous Data Governance in Biodiversity Data Management,"Riley Taitingfong, Stephanie Carroll",2023,10.3897/biss.7.112615,crossref:10.3897/biss.7.112615,Crossref,,Biodiversity Information Science and Standards,https://doi.org/10.3897/biss.7.112615,ocean data governance FAIR CARE principles,2026-07-24T11:52:06.585400+00:00,Crossref open metadata
The fair principles: Trusting in fair data repositories,Andy Götz,2023,10.56367/oag-039-10749,crossref:10.56367/oag-039-10749,Crossref,,Open Access Government,https://doi.org/10.56367/oag-039-10749,ocean data governance FAIR CARE principles,2026-07-24T11:52:06.585410+00:00,Crossref open metadata
Geoscience data publication: Practices and perspectives on enabling the FAIR guiding principles,"Danie Kinkade, Adam Shepherd",2021,10.1002/gdj3.120,crossref:10.1002/gdj3.120,Crossref,,Geoscience Data Journal,https://doi.org/10.1002/gdj3.120,ocean data governance FAIR CARE principles,2026-07-24T11:52:06.585358+00:00,Crossref open metadata
Operationalizing the CARE and FAIR Principles for Indigenous data futures,"Stephanie Russo Carroll, Edit Herczog, Maui Hudson, Keith Russell, Shelley Stall",2021,10.1038/s41597-021-00892-0,crossref:10.1038/s41597-021-00892-0,Crossref,,Scientific Data,https://doi.org/10.1038/s41597-021-00892-0,ocean data governance FAIR CARE principles,2026-07-24T11:52:06.585337+00:00,Crossref open metadata
Techniques to Improve B2B Data Governance Using FAIR Principles,"Cristina Georgiana Calancea, Lenuța Alboaie",2021,10.3390/math9091059,crossref:10.3390/math9091059,Crossref,,Mathematics,https://doi.org/10.3390/math9091059,ocean data governance FAIR CARE principles,2026-07-24T11:52:06.585315+00:00,Crossref open metadata
Chapter 2 Enterprise Data Governance Directive,Unknown,2020,10.1515/9783110664065-002,crossref:10.1515/9783110664065-002,Crossref,,Big Data Management,https://doi.org/10.1515/9783110664065-002,ocean data governance FAIR CARE principles,2026-07-24T11:52:06.585502+00:00,Crossref open metadata
Chapter 6 Big Data Governance Framework,Unknown,2020,10.1515/9783110664065-006,crossref:10.1515/9783110664065-006,Crossref,,Big Data Management,https://doi.org/10.1515/9783110664065-006,ocean data governance FAIR CARE principles,2026-07-24T11:52:06.585499+00:00,Crossref open metadata
Findable accessible interoperable reusable data principles (FAIR),"Jay Gajera, Daniel Bell, Andrew Murphy",2020,10.53347/rid-81680,crossref:10.53347/rid-81680,Crossref,,Radiopaedia.org,https://doi.org/10.53347/rid-81680,ocean data governance FAIR CARE principles,2026-07-24T11:52:06.585522+00:00,Crossref open metadata
The FAIR data principles,Laura Rothfritz,2019,10.14293/s2199-1006.1.sor-compsci.clnbrup.v1,crossref:10.14293/s2199-1006.1.sor-compsci.clnbrup.v1,Crossref,,,https://doi.org/10.14293/s2199-1006.1.sor-compsci.clnbrup.v1,ocean data governance FAIR CARE principles,2026-07-24T11:52:06.585325+00:00,Crossref open metadata
Advancing Sustainable Blue Economy through Climate Resilience: A Global Research Mapping,"Neeru Sidana, Dewanshi, Vijay Prakash Gupta",2026,10.1007/978-3-032-13638-1_12,crossref:10.1007/978-3-032-13638-1_12,Crossref,,World Sustainability Series,https://doi.org/10.1007/978-3-032-13638-1_12,blue economy research innovation policy governance,2026-07-24T11:52:07.242587+00:00,Crossref open metadata
Blue Economy and Environmental Sustainability,"Mohammad Badruddoza Talukder, Sanjeev Kumar, Tonmoy Malaker, Geetha Manoharan",2026,10.1007/978-3-032-13638-1_22,crossref:10.1007/978-3-032-13638-1_22,Crossref,,World Sustainability Series,https://doi.org/10.1007/978-3-032-13638-1_22,blue economy research innovation policy governance,2026-07-24T11:52:07.242712+00:00,Crossref open metadata
Building a Skilled and Inclusive Workforce for the Blue Economy,"Pradhyuman Singh Lakhawat, Poonam Singh, Kenneth Amoah Binfoh",2026,10.1007/978-3-032-13638-1_2,crossref:10.1007/978-3-032-13638-1_2,Crossref,,World Sustainability Series,https://doi.org/10.1007/978-3-032-13638-1_2,blue economy research innovation policy governance,2026-07-24T11:52:07.242910+00:00,Crossref open metadata
"Chapter: ""Conclusion and Future Pathway: Policy, Ethics, and Governance of Fintech for Sustainability and the Blue Economy""","Aarti Mala, Priyanka Garg",2026,10.2139/ssrn.6074228,crossref:10.2139/ssrn.6074228,Crossref,,SSRN Electronic Journal,https://doi.org/10.2139/ssrn.6074228,blue economy research innovation policy governance,2026-07-24T11:52:07.242906+00:00,Crossref open metadata
Decentralized Trust: Blockchain Applications in Blue Economy Supply Chain Governance,"Shailak Jani, Sandeep Raghuwanshi, Arif Hasan, Vijay Prakash Gupta, Aadil Zeffer",2026,10.1007/978-3-032-13638-1_10,crossref:10.1007/978-3-032-13638-1_10,Crossref,,World Sustainability Series,https://doi.org/10.1007/978-3-032-13638-1_10,blue economy research innovation policy governance,2026-07-24T11:52:07.242662+00:00,Crossref open metadata
Environmental Sustainability for a Strong Blue Economy,"Mohammad Badruddoza Talukder, Md. Shoeab Akhter, Md. Nymur Rahman",2026,10.1007/978-3-032-13638-1_7,crossref:10.1007/978-3-032-13638-1_7,Crossref,,World Sustainability Series,https://doi.org/10.1007/978-3-032-13638-1_7,blue economy research innovation policy governance,2026-07-24T11:52:07.242761+00:00,Crossref open metadata
Integrating Smart Governance for a Sustainable Blue Economy in Small Islands,Amrik Singh,2026,10.1007/978-3-032-13638-1_3,crossref:10.1007/978-3-032-13638-1_3,Crossref,,World Sustainability Series,https://doi.org/10.1007/978-3-032-13638-1_3,blue economy research innovation policy governance,2026-07-24T11:52:07.242577+00:00,Crossref open metadata
MARINE FISHERY GOVERNANCE AND THE BLUE ECONOMY IN INDIA: A POLICY ANALYSIS OF THE NATIONAL FISHERIES POLICY 2020,"AMRITA DAS GUPTA, SOURADYPTA PAUL, ANIRUDDHA CHANDA",2026,10.36094/sc.v92.2026.marine_fishery_governance_and_the_blue_economy.das_gupta.87,crossref:10.36094/sc.v92.2026.marine_fishery_governance_and_the_blue_economy.das_gupta.87,Crossref,,Science and Culture,https://doi.org/10.36094/sc.v92.2026.marine_fishery_governance_and_the_blue_economy.das_gupta.87,blue economy research innovation policy governance,2026-07-24T11:52:07.242951+00:00,Crossref open metadata
Shaping Blue Economy Decision-Making with Artificial Intelligence: Harnessing Data and Digital Technologies for Sustainable Ocean Governance,"C. V. Suresh Babu, M. S. Asmaa Begum, P. Kirubakar",2026,10.1007/978-3-032-13638-1_15,crossref:10.1007/978-3-032-13638-1_15,Crossref,,World Sustainability Series,https://doi.org/10.1007/978-3-032-13638-1_15,blue economy research innovation policy governance,2026-07-24T11:52:07.242768+00:00,Crossref open metadata
Shaping Blue Economy Decision-Making with Digital Technologies,"Gurwinder Singh, Monika Singh",2026,10.1007/978-3-032-13638-1_4,crossref:10.1007/978-3-032-13638-1_4,Crossref,,World Sustainability Series,https://doi.org/10.1007/978-3-032-13638-1_4,blue economy research innovation policy governance,2026-07-24T11:52:07.242689+00:00,Crossref open metadata
Smart Governance and Sustainable Blue Economy,"Aidin Salamzadeh, Leo Paul Dana, Morteza Hadizadeh, Yasaman Yazdanpanah",2026,10.1007/978-3-032-19927-0_1,crossref:10.1007/978-3-032-19927-0_1,Crossref,,Handbook of Sustainable Blue Economy,https://doi.org/10.1007/978-3-032-19927-0_1,blue economy research innovation policy governance,2026-07-24T11:52:07.242926+00:00,Crossref open metadata
The Ethical Wrongdoing of Morally Objectionable NIMBYs: Key Variants and Practical Takeaways,"Hugh Breakey, Larelle Bossi, Rebecca Marshallsay",2026,10.1080/21550085.2026.2702835,crossref:10.1080/21550085.2026.2702835,Crossref,,"Ethics, Policy &amp; Environment",https://doi.org/10.1080/21550085.2026.2702835,blue economy research innovation policy governance,2026-07-24T11:52:07.242651+00:00,Crossref open metadata
Workforce Development Through Inclusive Education: Empowering Persons with Disabilities in the Blue Economy,"Prashant Amin, Sneha Bajaj, Phileep Marteen",2026,10.1007/978-3-032-13638-1_16,crossref:10.1007/978-3-032-13638-1_16,Crossref,,World Sustainability Series,https://doi.org/10.1007/978-3-032-13638-1_16,blue economy research innovation policy governance,2026-07-24T11:52:07.242943+00:00,Crossref open metadata
Blue Revolution and the Emerging Blue Economy in Telangana Evaluating Policy Outcomes and Institutional Effectiveness,"Dr. Mallikarjuna Naik Vadithe, B. Sudhakar Reddy",2025,10.51584/ijrias.2025.101100021,crossref:10.51584/ijrias.2025.101100021,Crossref,,International Journal of Research and Innovation in Applied Science,https://doi.org/10.51584/ijrias.2025.101100021,blue economy research innovation policy governance,2026-07-24T11:52:07.242893+00:00,Crossref open metadata
Competition Policy Enforcement in the Chinese Digital Economy,Jiwei Qian,2025,10.4324/9781003347088-5,crossref:10.4324/9781003347088-5,Crossref,,Governing China's Digital Transformation,https://doi.org/10.4324/9781003347088-5,blue economy research innovation policy governance,2026-07-24T11:52:07.242692+00:00,Crossref open metadata
The Interplay of Policy Implementation and Technological Changes in the Chinese Digital Economy,Jiwei Qian,2025,10.4324/9781003347088-2,crossref:10.4324/9781003347088-2,Crossref,,Governing China's Digital Transformation,https://doi.org/10.4324/9781003347088-2,blue economy research innovation policy governance,2026-07-24T11:52:07.242933+00:00,Crossref open metadata
Assessing the Impact of Somalia's Maritime Policy on Blue Economy Development,Abdalla Ahmed Abdalla,2024,10.21275/sr241125124852,crossref:10.21275/sr241125124852,Crossref,,International Journal of Science and Research (IJSR),https://doi.org/10.21275/sr241125124852,blue economy research innovation policy governance,2026-07-24T11:52:07.242929+00:00,Crossref open metadata
Smart Governance for a Sustainable Blue Economy: The Case of the Bay of Bengal,Mohd Aminul Karim,2024,10.1007/978-3-031-32671-4_61-1,crossref:10.1007/978-3-031-32671-4_61-1,Crossref,,Handbook of Sustainable Blue Economy,https://doi.org/10.1007/978-3-031-32671-4_61-1,blue economy research innovation policy governance,2026-07-24T11:52:07.242958+00:00,Crossref open metadata
Transforming Pakistan’s Blue Economy,Muhammad Jawad Akhtar,2024,10.13169/polipers.21.2.ra7,crossref:10.13169/polipers.21.2.ra7,Crossref,,Policy Perspectives,https://doi.org/10.13169/polipers.21.2.ra7,blue economy research innovation policy governance,2026-07-24T11:52:07.242566+00:00,Crossref open metadata
Exploring future research and innovation directions for a sustainable blue economy,"Lisa A. Pace, Ozcan Saritas, Alan Deidun",2023,10.1016/j.marpol.2022.105433,crossref:10.1016/j.marpol.2022.105433,Crossref,,Marine Policy,https://doi.org/10.1016/j.marpol.2022.105433,blue economy research innovation policy governance,2026-07-24T11:52:07.242582+00:00,Crossref open metadata
A sustainable new blue economy,Margaret Spring,2021,10.1016/b978-0-12-821431-2.00022-6,crossref:10.1016/b978-0-12-821431-2.00022-6,Crossref,,Preparing a Workforce for the New Blue Economy,https://doi.org/10.1016/b978-0-12-821431-2.00022-6,blue economy researcher workforce skills competences training professional development,2026-07-24T11:52:08.183968+00:00,Crossref open metadata
Acknowledgments,Unknown,2021,10.1016/b978-0-12-821431-2.00064-0,crossref:10.1016/b978-0-12-821431-2.00064-0,Crossref,,Preparing a Workforce for the New Blue Economy,https://doi.org/10.1016/b978-0-12-821431-2.00064-0,blue economy researcher workforce skills competences training professional development,2026-07-24T11:52:08.184103+00:00,Crossref open metadata
Australia’s Blue Economy Cooperative Research Centre,"Irene Penesis, John Whittington",2021,10.1016/b978-0-12-821431-2.00043-3,crossref:10.1016/b978-0-12-821431-2.00043-3,Crossref,,Preparing a Workforce for the New Blue Economy,https://doi.org/10.1016/b978-0-12-821431-2.00043-3,blue economy researcher workforce skills competences training professional development,2026-07-24T11:52:08.184037+00:00,Crossref open metadata
Building an inclusive and equitable new blue economy,"Benjamin Cuker, Deidre Gibson",2021,10.1016/b978-0-12-821431-2.00046-9,crossref:10.1016/b978-0-12-821431-2.00046-9,Crossref,,Preparing a Workforce for the New Blue Economy,https://doi.org/10.1016/b978-0-12-821431-2.00046-9,blue economy researcher workforce skills competences training professional development,2026-07-24T11:52:08.184081+00:00,Crossref open metadata
Building the workforce,Unknown,2021,10.1016/b978-0-12-821431-2.02023-0,crossref:10.1016/b978-0-12-821431-2.02023-0,Crossref,,Preparing a Workforce for the New Blue Economy,https://doi.org/10.1016/b978-0-12-821431-2.02023-0,blue economy researcher workforce skills competences training professional development,2026-07-24T11:52:08.183983+00:00,Crossref open metadata
Defining the new blue economy,Unknown,2021,10.1016/b978-0-12-821431-2.02002-3,crossref:10.1016/b978-0-12-821431-2.02002-3,Crossref,,Preparing a Workforce for the New Blue Economy,https://doi.org/10.1016/b978-0-12-821431-2.02002-3,blue economy researcher workforce skills competences training professional development,2026-07-24T11:52:08.183958+00:00,Crossref open metadata
Domestic opportunities to advance blue economy priorities,Sheldon Whitehouse,2021,10.1016/b978-0-12-821431-2.00021-4,crossref:10.1016/b978-0-12-821431-2.00021-4,Crossref,,Preparing a Workforce for the New Blue Economy,https://doi.org/10.1016/b978-0-12-821431-2.00021-4,blue economy researcher workforce skills competences training professional development,2026-07-24T11:52:08.184006+00:00,Crossref open metadata
Government action and the new blue economy,Craig McLean,2021,10.1016/b978-0-12-821431-2.00060-3,crossref:10.1016/b978-0-12-821431-2.00060-3,Crossref,,Preparing a Workforce for the New Blue Economy,https://doi.org/10.1016/b978-0-12-821431-2.00060-3,blue economy researcher workforce skills competences training professional development,2026-07-24T11:52:08.184021+00:00,Crossref open metadata
Influences and impact of the energy industry on the new blue economy and its workforce development,Jan van Smirren,2021,10.1016/b978-0-12-821431-2.00023-8,crossref:10.1016/b978-0-12-821431-2.00023-8,Crossref,,Preparing a Workforce for the New Blue Economy,https://doi.org/10.1016/b978-0-12-821431-2.00023-8,blue economy researcher workforce skills competences training professional development,2026-07-24T11:52:08.183920+00:00,Crossref open metadata
Interview: Professional certifications,Bev MacKenzie,2021,10.1016/b978-0-12-821431-2.02032-1,crossref:10.1016/b978-0-12-821431-2.02032-1,Crossref,,Preparing a Workforce for the New Blue Economy,https://doi.org/10.1016/b978-0-12-821431-2.02032-1,blue economy researcher workforce skills competences training professional development,2026-07-24T11:52:08.183915+00:00,Crossref open metadata
Interview: Veteran workforce opportunities,Bob Coniglione,2021,10.1016/b978-0-12-821431-2.02031-x,crossref:10.1016/b978-0-12-821431-2.02031-x,Crossref,,Preparing a Workforce for the New Blue Economy,https://doi.org/10.1016/b978-0-12-821431-2.02031-x,blue economy researcher workforce skills competences training professional development,2026-07-24T11:52:08.184053+00:00,Crossref open metadata
Marine energy and the new blue economy,Simon Geerlofs,2021,10.1016/b978-0-12-821431-2.00037-8,crossref:10.1016/b978-0-12-821431-2.00037-8,Crossref,,Preparing a Workforce for the New Blue Economy,https://doi.org/10.1016/b978-0-12-821431-2.00037-8,blue economy researcher workforce skills competences training professional development,2026-07-24T11:52:08.184009+00:00,Crossref open metadata
National security and the new blue economy,Thomas G. Drake,2021,10.1016/b978-0-12-821431-2.00045-7,crossref:10.1016/b978-0-12-821431-2.00045-7,Crossref,,Preparing a Workforce for the New Blue Economy,https://doi.org/10.1016/b978-0-12-821431-2.00045-7,blue economy researcher workforce skills competences training professional development,2026-07-24T11:52:08.184043+00:00,Crossref open metadata
Ocean observing requires a new blue economy workforce,Carl Gouldman,2021,10.1016/b978-0-12-821431-2.00032-9,crossref:10.1016/b978-0-12-821431-2.00032-9,Crossref,,Preparing a Workforce for the New Blue Economy,https://doi.org/10.1016/b978-0-12-821431-2.00032-9,blue economy researcher workforce skills competences training professional development,2026-07-24T11:52:08.183943+00:00,Crossref open metadata
OP/ED: How to prepare the workforce for the new blue economy?,Louisa Koch,2021,10.1016/b978-0-12-821431-2.02027-8,crossref:10.1016/b978-0-12-821431-2.02027-8,Crossref,,Preparing a Workforce for the New Blue Economy,https://doi.org/10.1016/b978-0-12-821431-2.02027-8,blue economy researcher workforce skills competences training professional development,2026-07-24T11:52:08.183955+00:00,Crossref open metadata
OP/ED: The importance of the new blue economy to a sustainable blue economy: an opinion,Judith T. Kildow,2021,10.1016/b978-0-12-821431-2.02038-2,crossref:10.1016/b978-0-12-821431-2.02038-2,Crossref,,Preparing a Workforce for the New Blue Economy,https://doi.org/10.1016/b978-0-12-821431-2.02038-2,blue economy researcher workforce skills competences training professional development,2026-07-24T11:52:08.184050+00:00,Crossref open metadata
Preparing a Workforce for the New Blue Economy,Unknown,2021,10.1016/c2019-0-02670-2,crossref:10.1016/c2019-0-02670-2,Crossref,,,https://doi.org/10.1016/c2019-0-02670-2,blue economy researcher workforce skills competences training professional development,2026-07-24T11:52:08.184024+00:00,Crossref open metadata
Preparing the workforce for the new blue economy,Liesl Hotaling,2021,10.1016/b978-0-12-821431-2.00015-9,crossref:10.1016/b978-0-12-821431-2.00015-9,Crossref,,Preparing a Workforce for the New Blue Economy,https://doi.org/10.1016/b978-0-12-821431-2.00015-9,blue economy researcher workforce skills competences training professional development,2026-07-24T11:52:08.183947+00:00,Crossref open metadata
The importance of seafloor mapping to the new blue economy,David Millar,2021,10.1016/b978-0-12-821431-2.00020-2,crossref:10.1016/b978-0-12-821431-2.00020-2,Crossref,,Preparing a Workforce for the New Blue Economy,https://doi.org/10.1016/b978-0-12-821431-2.00020-2,blue economy researcher workforce skills competences training professional development,2026-07-24T11:52:08.184088+00:00,Crossref open metadata
The new blue economy,Richard W. Spinrad,2021,10.1016/b978-0-12-821431-2.00042-1,crossref:10.1016/b978-0-12-821431-2.00042-1,Crossref,,Preparing a Workforce for the New Blue Economy,https://doi.org/10.1016/b978-0-12-821431-2.00042-1,blue economy researcher workforce skills competences training professional development,2026-07-24T11:52:08.183974+00:00,Crossref open metadata
Tsunami hazard and the new blue economy,Vasily Titov,2021,10.1016/b978-0-12-821431-2.00007-x,crossref:10.1016/b978-0-12-821431-2.00007-x,Crossref,,Preparing a Workforce for the New Blue Economy,https://doi.org/10.1016/b978-0-12-821431-2.00007-x,blue economy researcher workforce skills competences training professional development,2026-07-24T11:52:08.183999+00:00,Crossref open metadata
Workforce development and leadership training for the new blue economy,S. Bradley Moran,2021,10.1016/b978-0-12-821431-2.00002-0,crossref:10.1016/b978-0-12-821431-2.00002-0,Crossref,,Preparing a Workforce for the New Blue Economy,https://doi.org/10.1016/b978-0-12-821431-2.00002-0,blue economy researcher workforce skills competences training professional development,2026-07-24T11:52:08.183894+00:00,Crossref open metadata
Skill development of professional accountants in the digital economy,Linda Lambey,2020,10.4324/9780429273353-11,crossref:10.4324/9780429273353-11,Crossref,,Developing the Workforce in an Emerging Economy,https://doi.org/10.4324/9780429273353-11,blue economy researcher workforce skills competences training professional development,2026-07-24T11:52:08.184034+00:00,Crossref open metadata
Curriculum Reform in Data Science Education: Enhancing Learning Outcomes With Scaffolding Learning Through Data Storytelling (SLDS),"Yiyun Fan, Kah Loon Ng, Wan Mei Amanda Soon",2025,10.22492/issn.2186-5892.2025.130,crossref:10.22492/issn.2186-5892.2025.130,Crossref,,ACE Official Conference Proceedings,https://doi.org/10.22492/issn.2186-5892.2025.130,ocean science education learning outcomes curriculum qualification,2026-07-24T11:52:08.711942+00:00,Crossref open metadata
The Effect of Implementation Merdeka Curriculum and Learning Motivation on Students’ Learning Outcomes,"Mita Mita, Yasir Arafat, Yessi Fitriani",2025,10.52690/jswse.v6i3.1285,crossref:10.52690/jswse.v6i3.1285,Crossref,,Journal of Social Work and Science Education,https://doi.org/10.52690/jswse.v6i3.1285,ocean science education learning outcomes curriculum qualification,2026-07-24T11:52:08.711938+00:00,Crossref open metadata
A Comparative Study of The Effect of Motivating Teachers  on Independent Learning Curriculum Implementation  on Learning Outcomes of Students,"Akhmad Zulkarnain, Ellyna Hafizah, Yudha Irhasyuarna",2024,10.20527/jmscedu.v4i1.10824,crossref:10.20527/jmscedu.v4i1.10824,Crossref,,Journal of Mathematics Science and Computer Education,https://doi.org/10.20527/jmscedu.v4i1.10824,ocean science education learning outcomes curriculum qualification,2026-07-24T11:52:08.712012+00:00,Crossref open metadata
Learning Outcomes Analysis in Middle School Science Using an Adaptive Curriculum Approach with PCTS Model,"Nia Kurniawati, Rudi Susilana, Budi Setiawan",2024,10.2991/978-2-38476-301-6_12,crossref:10.2991/978-2-38476-301-6_12,Crossref,,"Advances in Social Science, Education and Humanities Research",https://doi.org/10.2991/978-2-38476-301-6_12,ocean science education learning outcomes curriculum qualification,2026-07-24T11:52:08.712058+00:00,Crossref open metadata
An Evaluation Method for Curriculum Learning Outcomes Achievement Based on Cloud Model under the OBE Concept,"Yahui Yan, Ying Wen",2023,10.56028/aehssr.6.1.176.2023,crossref:10.56028/aehssr.6.1.176.2023,Crossref,,"Advances in Education, Humanities and Social Science Research",https://doi.org/10.56028/aehssr.6.1.176.2023,ocean science education learning outcomes curriculum qualification,2026-07-24T11:52:08.712068+00:00,Crossref open metadata
Analyzing learning outcomes in a materials science &amp; nano engineering curriculum,Haci Hasan Yolcu,2019,10.5961/jhes.2019.356,crossref:10.5961/jhes.2019.356,Crossref,,Journal of Higher Education and Science,https://doi.org/10.5961/jhes.2019.356,ocean science education learning outcomes curriculum qualification,2026-07-24T11:52:08.711912+00:00,Crossref open metadata
Learning probability of 4th grade science curriculum learning outcomes among visually impaired students,"Seraceddin Levent Zorluoğlu, Tuğçe Ergazi, Şeyma Eser",2019,10.11591/ijere.v8i3.17591,crossref:10.11591/ijere.v8i3.17591,Crossref,,International Journal of Evaluation and Research in Education (IJERE),https://doi.org/10.11591/ijere.v8i3.17591,ocean science education learning outcomes curriculum qualification,2026-07-24T11:52:08.711963+00:00,Crossref open metadata
Correction to: Applied Ocean Mechanics for Structural Engineering and Climate Adaptation,Shengzhe Wang,2026,10.1007/978-3-032-18199-2_22,crossref:10.1007/978-3-032-18199-2_22,Crossref,,Synthesis Lectures on Ocean Systems Engineering,https://doi.org/10.1007/978-3-032-18199-2_22,ocean observation AI digital twin autonomous systems resilience climate adaptation,2026-07-24T11:52:10.604201+00:00,Crossref open metadata
AI-Powered Digital Twin Co-Simulation Framework for Climate-Adaptive Renewable Energy Grids,"Kwabena Addo, Musasa Kabeya, Evans Eshiemogie Ojo",2025,10.20944/preprints202508.0708.v1,crossref:10.20944/preprints202508.0708.v1,Crossref,,,https://doi.org/10.20944/preprints202508.0708.v1,ocean observation AI digital twin autonomous systems resilience climate adaptation,2026-07-24T11:52:10.604301+00:00,Crossref open metadata
Diving into the Future: Advanced Ocean Observation with Cost-Effective AI-Enhanced Autonomous Underwater Vehicles,"Nicola Madonia, Lavinio Gualdesi, Viviana Piermattei, Marco Marcelli",2025,10.5194/egusphere-egu24-11618,crossref:10.5194/egusphere-egu24-11618,Crossref,,,https://doi.org/10.5194/egusphere-egu24-11618,ocean observation AI digital twin autonomous systems resilience climate adaptation,2026-07-24T11:52:10.604252+00:00,Crossref open metadata
Capacity-building for Coastal Climate Change Adaptation and Resilience in the Pacific Islands,"Prerna Chand, Leigh-Ann Buliruarua, Cherie Morris",2023,10.1163/22116001-03701005,crossref:10.1163/22116001-03701005,Crossref,,Ocean Yearbook Online,https://doi.org/10.1163/22116001-03701005,ocean observation AI digital twin autonomous systems resilience climate adaptation,2026-07-24T11:52:10.604324+00:00,Crossref open metadata
"A New Digital Twin for Climate Change Adaptation, Water Management, and Disaster Risk Reduction (HIP Digital Twin)","Hans Jørgen Henriksen, Raphael Schneider, Julian Koch, Maria Ondracek, Lars Troldborg, Ida K. Seidenfaden, Søren Julsgaard Kragh, Eva Bøgh, Simon Stisen",2022,10.20944/preprints202211.0429.v1,crossref:10.20944/preprints202211.0429.v1,Crossref,,,https://doi.org/10.20944/preprints202211.0429.v1,ocean observation AI digital twin autonomous systems resilience climate adaptation,2026-07-24T11:52:10.604313+00:00,Crossref open metadata
Climate Adaptation in 2021: How Machine Learning and Earth Observation are Key to Extreme Event Resilience,"Thomas Y. Chen, Luca Marini",2022,10.1002/essoar.10512862.1,crossref:10.1002/essoar.10512862.1,Crossref,,,https://doi.org/10.1002/essoar.10512862.1,ocean observation AI digital twin autonomous systems resilience climate adaptation,2026-07-24T11:52:10.604165+00:00,Crossref open metadata
"Climate change and food systems: Transforming food systems for adaptation, mitigation, and resilience","Johan Swinnen, Channing Arndt, Rob Vos",2022,10.2499/9780896294257_01,crossref:10.2499/9780896294257_01,Crossref,,,https://doi.org/10.2499/9780896294257_01,ocean observation AI digital twin autonomous systems resilience climate adaptation,2026-07-24T11:52:10.604277+00:00,Crossref open metadata
Developing an Underwater Network of Ocean Observation Systems With Digital Twin Prototypes—A Field Report From the Baltic Sea,"Alexander Barbie, Niklas Pech, Wilhelm Hasselbring, Sascha Flogel, Frank Wenzhofer, Michael Walter, Elena Shchekinova, Marc Busse, Matthias Turk, Michael Hofbauer, Stefan Sommer",2022,10.1109/mic.2021.3065245,crossref:10.1109/mic.2021.3065245,Crossref,,IEEE Internet Computing,https://doi.org/10.1109/mic.2021.3065245,ocean observation AI digital twin autonomous systems resilience climate adaptation,2026-07-24T11:52:10.604297+00:00,Crossref open metadata
Modified SDREF for Ocean Observation Satellites Autonomous Navigation,"Ai Zhang, Zhe Lin",2020,10.1109/icma49215.2020.9233797,crossref:10.1109/icma49215.2020.9233797,Crossref,,2020 IEEE International Conference on Mechatronics and Automation (ICMA),https://doi.org/10.1109/icma49215.2020.9233797,ocean observation AI digital twin autonomous systems resilience climate adaptation,2026-07-24T11:52:10.604220+00:00,Crossref open metadata
Expanding Ocean Literacy with Storytelling Through Collaborative Quilts,Laura Guertin,2026,10.1007/978-3-032-09453-7_19,crossref:10.1007/978-3-032-09453-7_19,Crossref,,Sustainable Development Goals Series,https://doi.org/10.1007/978-3-032-09453-7_19,blue economy research just transition ocean literacy marine governance hydrosocial,2026-07-24T11:52:12.512208+00:00,Crossref open metadata
"Peer Review Report For: Blue Degrowth: A Framework for Just Ocean Governance Beyond Growth [version 1; peer review: 2 approved with reservations, 1 not approved]",Unknown,2026,10.5256/f1000research.194512.r451007,crossref:10.5256/f1000research.194512.r451007,Crossref,,,https://doi.org/10.5256/f1000research.194512.r451007,blue economy research just transition ocean literacy marine governance hydrosocial,2026-07-24T11:52:12.512204+00:00,Crossref open metadata
Perspectives for Ocean Justice: Imagining Fishing Communities as Ocean Literacy,Alison Laurie Neilson,2026,10.1007/978-3-032-09453-7_12,crossref:10.1007/978-3-032-09453-7_12,Crossref,,Sustainable Development Goals Series,https://doi.org/10.1007/978-3-032-09453-7_12,blue economy research just transition ocean literacy marine governance hydrosocial,2026-07-24T11:52:12.512132+00:00,Crossref open metadata
Promotion of Ocean Literacy by Marine Research Institutions: Challenges and Opportunities. A Mediterranean Case Study,"Janire Salazar, María Vicioso, Begoña Vendrell-Simón, Carine Simon, Josep-Maria Gili, Sílvia Gómez",2026,10.1007/978-3-032-09453-7_6,crossref:10.1007/978-3-032-09453-7_6,Crossref,,Sustainable Development Goals Series,https://doi.org/10.1007/978-3-032-09453-7_6,blue economy research just transition ocean literacy marine governance hydrosocial,2026-07-24T11:52:12.512040+00:00,Crossref open metadata
Situating the Evolving Role of Ocean Literacy Research in the Ocean Decade: Case Studies at a Glance,"Jen McRuer, Emma McKinley, Diz Glithero",2026,10.1007/978-3-032-09453-7_2,crossref:10.1007/978-3-032-09453-7_2,Crossref,,Sustainable Development Goals Series,https://doi.org/10.1007/978-3-032-09453-7_2,blue economy research just transition ocean literacy marine governance hydrosocial,2026-07-24T11:52:12.512125+00:00,Crossref open metadata
"Co-creating a just and inclusive blue economy: an analysis of ocean justice in academic literature, policy and legislation.","Celine Germond-Duret, Senia Febrica",2025,10.5194/oos2025-348,crossref:10.5194/oos2025-348,Crossref,,,https://doi.org/10.5194/oos2025-348,blue economy research just transition ocean literacy marine governance hydrosocial,2026-07-24T11:52:12.512190+00:00,Crossref open metadata
Utilizing the SDGs to develop a blue economy capacity framework enabling a shift from an ocean economy to a blue economy in Canada,"Ronnie Noonan-Birch, Michelle Adams, Marie-Chantal Ross",2024,10.3389/fmars.2024.1400043,crossref:10.3389/fmars.2024.1400043,Crossref,,Frontiers in Marine Science,https://doi.org/10.3389/fmars.2024.1400043,blue economy research just transition ocean literacy marine governance hydrosocial,2026-07-24T11:52:12.512184+00:00,Crossref open metadata
"Towards a more inclusive, systemic and multi-regulatory Blue Economy: the case of offshore wind energy",Sandra Cassotta,2023,10.4337/9781839107696.00029,crossref:10.4337/9781839107696.00029,Crossref,,Research Handbook on Ocean Governance Law,https://doi.org/10.4337/9781839107696.00029,blue economy research just transition ocean literacy marine governance hydrosocial,2026-07-24T11:52:12.512178+00:00,Crossref open metadata
Marine Tourism and the Blue Economy: Perspectives from the Mascarene and Pacific Islands,"Mridula Srinivasan, Deepeeka Kaullysing, Ranjeet Bhagooli, Stephen Pratt",2022,10.1007/978-981-19-5065-0_6,crossref:10.1007/978-981-19-5065-0_6,Crossref,,Blue Economy,https://doi.org/10.1007/978-981-19-5065-0_6,blue economy research just transition ocean literacy marine governance hydrosocial,2026-07-24T11:52:12.512136+00:00,Crossref open metadata
Blue Economy and Blue Ocean Strategy,Mesut Selamoglu,2021,10.23880/jenr-16000263,crossref:10.23880/jenr-16000263,Crossref,,Journal of Ecology &amp; Natural Resources,https://doi.org/10.23880/jenr-16000263,blue economy research just transition ocean literacy marine governance hydrosocial,2026-07-24T11:52:12.512140+00:00,Crossref open metadata
Blue growth and blue justice: Ten risks and solutions for the ocean economy,"Nathan James Bennett, Jessica Blythe, Carole Sandrine White, Cecilia Campero",2021,10.1016/j.marpol.2020.104387,crossref:10.1016/j.marpol.2020.104387,Crossref,,Marine Policy,https://doi.org/10.1016/j.marpol.2020.104387,blue economy research just transition ocean literacy marine governance hydrosocial,2026-07-24T11:52:12.512151+00:00,Crossref open metadata
Regional Marine Spatial Planning: A Tool for Greening Blue Economy in the Bay of Bengal,Asraful Alam,2021,10.1007/978-3-030-69325-1_3,crossref:10.1007/978-3-030-69325-1_3,Crossref,,Strategies for Sustainability,https://doi.org/10.1007/978-3-030-69325-1_3,blue economy research just transition ocean literacy marine governance hydrosocial,2026-07-24T11:52:12.512201+00:00,Crossref open metadata
Coastal and Marine Spatial Planning: Balancing the Ecosystem Approach and the Sustainable Blue Economy,Scott Coffen-Smout,2019,10.1163/9789004380271_045,crossref:10.1163/9789004380271_045,Crossref,,The Future of Ocean Governance and Capacity Development,https://doi.org/10.1163/9789004380271_045,blue economy research just transition ocean literacy marine governance hydrosocial,2026-07-24T11:52:12.512146+00:00,Crossref open metadata
Ocean Literacy and Knowledge Transfer Synergies in Support of a Sustainable Blue Economy,"Rosa M. Fernández Otero, Georgia A. Bayliss-Brown, Martha Papathanassiou",2019,10.3389/fmars.2019.00646,crossref:10.3389/fmars.2019.00646,Crossref,,Frontiers in Marine Science,https://doi.org/10.3389/fmars.2019.00646,blue economy research just transition ocean literacy marine governance hydrosocial,2026-07-24T11:52:12.512117+00:00,Crossref open metadata
Blockchain-Enabled Cross-Border Academic Credential Recognition: A Framework for Central Asian Economic Integration,"Cheng Junru, Toksobaev Bulat",2026,10.20944/preprints202601.2047.v1,crossref:10.20944/preprints202601.2047.v1,Crossref,,,https://doi.org/10.20944/preprints202601.2047.v1,ocean science EQF qualification framework micro-credential learning outcomes,2026-07-24T11:52:13.176696+00:00,Crossref open metadata
"A Multidimensional Assessment of IoT Education Needs, Learning Preferences, and Micro-Credential Demand in Science, Technology and Engineering (STE) Communities","Panes, Wenda D., Tagacay, Dave Allan A., Alingalan, Analiza G",2025,10.51386/25815946/ijsms-v8i6p113,crossref:10.51386/25815946/ijsms-v8i6p113,Crossref,,International Journal of Science and Management Studies (IJSMS),https://doi.org/10.51386/25815946/ijsms-v8i6p113,ocean science EQF qualification framework micro-credential learning outcomes,2026-07-24T11:52:13.176609+00:00,Crossref open metadata
Increasing Access to Computer Science Education Through a Micro-Credential Program for In-Service Mathematics Teachers,Eben Witherspoon,2025,10.3102/2196078,crossref:10.3102/2196078,Crossref,,Proceedings of the 2025 AERA Annual Meeting,https://doi.org/10.3102/2196078,ocean science EQF qualification framework micro-credential learning outcomes,2026-07-24T11:52:13.176655+00:00,Crossref open metadata
"On the Practice and Research of the “Cryptography, Intelligent Blockchain, and Future Security” Micro-credential Program",Unknown,2025,10.62662/kxwxy0212004,crossref:10.62662/kxwxy0212004,Crossref,,Educational Science Literature,https://doi.org/10.62662/kxwxy0212004,ocean science EQF qualification framework micro-credential learning outcomes,2026-07-24T11:52:13.176622+00:00,Crossref open metadata
USE OF MICRO-LEARNING TO ENHANCE THE PEDAGOGICAL QUALIFICATION OF TEACHERS IN MEDICAL INSTITUTIONS OF HIGHER EDUCATION,"O. Ivanchenko, K. Lurie, O. Melnikova",2023,10.36074/grail-of-science.15.09.2023.59,crossref:10.36074/grail-of-science.15.09.2023.59,Crossref,,Grail of Science,https://doi.org/10.36074/grail-of-science.15.09.2023.59,ocean science EQF qualification framework micro-credential learning outcomes,2026-07-24T11:52:13.176647+00:00,Crossref open metadata
CLASSROOM ACTION MANAGEMENT RELATIONSHIP TOWARD INDONESIAN LEARNING OUTCOMES,Uniqbu,2021,10.31219/osf.io/dr96y,crossref:10.31219/osf.io/dr96y,Crossref,,,https://doi.org/10.31219/osf.io/dr96y,ocean science EQF qualification framework micro-credential learning outcomes,2026-07-24T11:52:13.176641+00:00,Crossref open metadata
"Josep Marco / Isabel Tello (eds.): &lt;i&gt;Towards an Empirical Verification of the Gravitational Pull Hypothesis. Evidence from the COVALT Corpus&lt;/i&gt;. Berlín: Peter Lang, 2024",Franziska Dinkelacker,2025,10.46586/zfk.2025.462-466,crossref:10.46586/zfk.2025.462-466,Crossref,,Zeitschrift für Katalanistik,https://doi.org/10.46586/zfk.2025.462-466,r&i maritimisation marinization oceanisation hydrosocial de-base-re hypothesis verification indicators,2026-07-24T11:52:13.919594+00:00,Crossref open metadata
Identification of Photovoltaic Array Model Parameters.  Modelling and Experimental Verification,"I. Houssamo, M. Sechilariu, F. Locment, G. Friedrich",2024,10.24084/repqj08.620,crossref:10.24084/repqj08.620,Crossref,,RE&amp;PQJ,https://doi.org/10.24084/repqj08.620,r&i maritimisation marinization oceanisation hydrosocial de-base-re hypothesis verification indicators,2026-07-24T11:52:13.919650+00:00,Crossref open metadata
Verification tests of a novel ferroresonance detection technique,"V. Valverde, G. Buigues, A.J. Mazón, I. Zamora, A. Etxegarai",2024,10.24084/repqj11.320,crossref:10.24084/repqj11.320,Crossref,,RE&amp;PQJ,https://doi.org/10.24084/repqj11.320,r&i maritimisation marinization oceanisation hydrosocial de-base-re hypothesis verification indicators,2026-07-24T11:52:13.919655+00:00,Crossref open metadata
Marine Pollution in The Maritime Zones of Pakistan: A Green Theory Perspective,Unknown,2024,10.35484/ahss.2024(5-i)15,crossref:10.35484/ahss.2024(5-i)15,Crossref,,Annals of Human and Social Sciences,https://doi.org/10.35484/ahss.2024(5-i)15,r&i qmbd axis translation marine maritime oceanic hydronization theory terms taxonomy mapping,2026-07-24T11:52:14.441682+00:00,Crossref open metadata
Geostatistical mapping of marine surficial sediment types in the Northern Aegean Sea using indicator kriging,"I. Zananiri, I. Vakalas",2019,10.1007/s00367-019-00581-3,crossref:10.1007/s00367-019-00581-3,Crossref,,Geo-Marine Letters,https://doi.org/10.1007/s00367-019-00581-3,r&i qmbd axis translation marine maritime oceanic hydronization theory terms taxonomy mapping,2026-07-24T11:52:14.441661+00:00,Crossref open metadata
Cost Analysis of Different Types of Ships in a Maintenance Repair Shipyard,"Furkan Yucel, Eda Turan",2025,10.5957/jspd.11240030,crossref:10.5957/jspd.11240030,Crossref,,Journal of Ship Production and Design,https://doi.org/10.5957/jspd.11240030,ship repair shipyard workforce skills training,2026-07-24T11:52:15.035575+00:00,Crossref open metadata
Risk Evaluation Of The Shipyard Supply Chain Process On Ship Repair With The House Of Risk Matrix Method,"Hanif Ardhio Firmansyah, Intan Baroroh, Ali Azhar",2025,10.12962/j23378557.v11i2.a21214,crossref:10.12962/j23378557.v11i2.a21214,Crossref,,IPTEK The Journal of Engineering,https://doi.org/10.12962/j23378557.v11i2.a21214,ship repair shipyard workforce skills training,2026-07-24T11:52:15.035629+00:00,Crossref open metadata
"The Influence of Words of Mouth, Company Credibility, and Price on the Decision to Purchase Ship Repair Services from Shipyard Companies","Ima Vida Virgianti, R. Ronny",2025,10.52970/grmapb.v5i1.828,crossref:10.52970/grmapb.v5i1.828,Crossref,,Golden Ratio of Marketing and Applied Psychology of Business,https://doi.org/10.52970/grmapb.v5i1.828,ship repair shipyard workforce skills training,2026-07-24T11:52:15.035640+00:00,Crossref open metadata
Virtual Reality Based Simulator Platform Utilization for Training Remote Vessel Operators,"Muhammad Adnan, Lokukaluge Prasad Perera",2025,10.1007/978-3-032-02102-1_27,crossref:10.1007/978-3-032-02102-1_27,Crossref,,Innovations in Sustainable Maritime Technology—IMAM 2025,https://doi.org/10.1007/978-3-032-02102-1_27,ship repair shipyard workforce skills training,2026-07-24T11:52:15.035734+00:00,Crossref open metadata
Commments on the docking of seagoing vessels and the certification of ship repair and maintenance work,E GRETI,2023,10.21279/1454-864x-23-i1-004,crossref:10.21279/1454-864x-23-i1-004,Crossref,,Scientific Bulletin of Naval Academy,https://doi.org/10.21279/1454-864x-23-i1-004,ship repair shipyard workforce skills training,2026-07-24T11:52:15.035637+00:00,Crossref open metadata
Job Performance of Shipyard Workforce in the Shipbuilding and Ship Repair Industry: Do Competencies Matter in Malaysian Shipyards?,"Siti Narisa Mohamad Idris, Wan Normeza Wan Zakaria, Nik Hasnaa Nik Mahmood, Pakharuddin Mohd Samin",2023,10.6007/ijarbss/v13-i3/16692,crossref:10.6007/ijarbss/v13-i3/16692,Crossref,,International Journal of Academic Research in Business and Social Sciences,https://doi.org/10.6007/ijarbss/v13-i3/16692,ship repair shipyard workforce skills training,2026-07-24T11:52:15.035543+00:00,Crossref open metadata
Prioritizing Shipyard Conversion Requirements Regarding Green Ship and Green Shipyard Concept,Murat Koray,2023,10.7225/toms.v12.n02.w02,crossref:10.7225/toms.v12.n02.w02,Crossref,,Transactions on Maritime Science,https://doi.org/10.7225/toms.v12.n02.w02,ship repair shipyard workforce skills training,2026-07-24T11:52:15.035611+00:00,Crossref open metadata
Floating Shipyard: Drydock during the ship’s voyage,Ahmed Samir Ghowel,2021,10.3940/rina.scrm21.2021.01,crossref:10.3940/rina.scrm21.2021.01,Crossref,,"Ship Conversion, Repair and Maintenance 2021",https://doi.org/10.3940/rina.scrm21.2021.01,ship repair shipyard workforce skills training,2026-07-24T11:52:15.035513+00:00,Crossref open metadata
Strategy for shipyard industrial waste management in controlling water and air pollution in ship repair,"Rachmat Ashari, Tri E.B Soesilo, Herdis Herdiansyah",2021,10.1088/1755-1315/716/1/012009,crossref:10.1088/1755-1315/716/1/012009,Crossref,,IOP Conference Series: Earth and Environmental Science,https://doi.org/10.1088/1755-1315/716/1/012009,ship repair shipyard workforce skills training,2026-07-24T11:52:15.035752+00:00,Crossref open metadata
Development of an IHOP Execution System Based on Analyses of Shipyard Production Planning Process,"Kwangkook Lee, Jong Gye Shin",2019,10.5957/jspd.08180032,crossref:10.5957/jspd.08180032,Crossref,,Journal of Ship Production and Design,https://doi.org/10.5957/jspd.08180032,ship repair shipyard workforce skills training,2026-07-24T11:52:15.035759+00:00,Crossref open metadata
Environmental risk assessment on ship repair work at cilegon national shipyard company,"Rachmat Ashari, Emil Budianto, Herdis Herdiansyah",2019,10.1088/1742-6596/1363/1/012003,crossref:10.1088/1742-6596/1363/1/012003,Crossref,,Journal of Physics: Conference Series,https://doi.org/10.1088/1742-6596/1363/1/012003,ship repair shipyard workforce skills training,2026-07-24T11:52:15.035608+00:00,Crossref open metadata
"Exergy, Real Options, and Ship Retrofit Timing under Fuel and Carbon Price Uncertainty",Orestis Schinas,2026,10.2139/ssrn.6727555,crossref:10.2139/ssrn.6727555,Crossref,,,https://doi.org/10.2139/ssrn.6727555,ship retrofit decarbonization maintenance governance,2026-07-24T11:52:15.480570+00:00,Crossref open metadata
Ship electrification,"Mehdi Zadeh, Pramod Ghimire",2026,10.1016/b978-0-443-24108-6.00003-8,crossref:10.1016/b978-0-443-24108-6.00003-8,Crossref,,Marine Propulsion for Decarbonization,https://doi.org/10.1016/b978-0-443-24108-6.00003-8,ship retrofit decarbonization maintenance governance,2026-07-24T11:52:15.480497+00:00,Crossref open metadata
SUSTAINABLE RETROFIT IN LODGING FACILITIES: DECARBONIZATION AND TECHNICAL-MANAGERIAL DECISION IN THE REQUALIFICATION OF THE BUILT ASSET,Alfredo Parisi Neto,2026,10.23900/artefactum.v25i1.2609,crossref:10.23900/artefactum.v25i1.2609,Crossref,,Artefactum - revista de estudos interdisciplinares,https://doi.org/10.23900/artefactum.v25i1.2609,ship retrofit decarbonization maintenance governance,2026-07-24T11:52:15.480649+00:00,Crossref open metadata
Decarbonization-as-A-Service: A Mixed-Integer Linear Programming Model for Optimal Retrofit Planning in Buildings,"Dimitris Giannakakos, Symeon Chorozoglou, Elissaios Sarmas, Vangelis Marinakis",2025,10.2139/ssrn.5390992,crossref:10.2139/ssrn.5390992,Crossref,,,https://doi.org/10.2139/ssrn.5390992,ship retrofit decarbonization maintenance governance,2026-07-24T11:52:15.480574+00:00,Crossref open metadata
"Review for ""Urgent transition, urgent extraction? Global decarbonization, national governance and local impacts in the Indonesian nickel industry""",Unknown,2025,10.1088/1748-9326/adc31c/v2/review1,crossref:10.1088/1748-9326/adc31c/v2/review1,Crossref,,,https://doi.org/10.1088/1748-9326/adc31c/v2/review1,ship retrofit decarbonization maintenance governance,2026-07-24T11:52:15.480736+00:00,Crossref open metadata
Ship Maintenance Project (Phases II and III - Volume 1),Unknown,2025,10.5957/ssc395-i,crossref:10.5957/ssc395-i,Crossref,,,https://doi.org/10.5957/ssc395-i,ship retrofit decarbonization maintenance governance,2026-07-24T11:52:15.480678+00:00,Crossref open metadata
Ship Maintenance Project (Phases II and III - Volume 2),Unknown,2025,10.5957/ssc395-ii,crossref:10.5957/ssc395-ii,Crossref,,,https://doi.org/10.5957/ssc395-ii,ship retrofit decarbonization maintenance governance,2026-07-24T11:52:15.480711+00:00,Crossref open metadata
Ship Maintenance Project (Phases II and III - Volume 3),Unknown,2025,10.5957/ssc395-iii,crossref:10.5957/ssc395-iii,Crossref,,,https://doi.org/10.5957/ssc395-iii,ship retrofit decarbonization maintenance governance,2026-07-24T11:52:15.480708+00:00,Crossref open metadata
Ship Maintenance Project (Phases II and III - Volume 4),Unknown,2025,10.5957/ssc395-iv,crossref:10.5957/ssc395-iv,Crossref,,,https://doi.org/10.5957/ssc395-iv,ship retrofit decarbonization maintenance governance,2026-07-24T11:52:15.480681+00:00,Crossref open metadata
Ship Maintenance Project (Phases II and III - Volume 5),Unknown,2025,10.5957/ssc395-v,crossref:10.5957/ssc395-v,Crossref,,,https://doi.org/10.5957/ssc395-v,ship retrofit decarbonization maintenance governance,2026-07-24T11:52:15.480684+00:00,Crossref open metadata
Ship Maintenance Project (Volume 1),Unknown,2025,10.5957/ssc386-i,crossref:10.5957/ssc386-i,Crossref,,,https://doi.org/10.5957/ssc386-i,ship retrofit decarbonization maintenance governance,2026-07-24T11:52:15.480610+00:00,Crossref open metadata
Ship Maintenance Project (Volume 2),Unknown,2025,10.5957/ssc386-ii,crossref:10.5957/ssc386-ii,Crossref,,,https://doi.org/10.5957/ssc386-ii,ship retrofit decarbonization maintenance governance,2026-07-24T11:52:15.480616+00:00,Crossref open metadata
Ship Maintenance Project (Volume 3),Unknown,2025,10.5957/ssc386-iii,crossref:10.5957/ssc386-iii,Crossref,,,https://doi.org/10.5957/ssc386-iii,ship retrofit decarbonization maintenance governance,2026-07-24T11:52:15.480604+00:00,Crossref open metadata
Ship Maintenance Project (Volume 4),Unknown,2025,10.5957/ssc386-iv,crossref:10.5957/ssc386-iv,Crossref,,,https://doi.org/10.5957/ssc386-iv,ship retrofit decarbonization maintenance governance,2026-07-24T11:52:15.480613+00:00,Crossref open metadata
Techno-economic analysis of decarbonization pathways for a deep-sea container vessel,"Ishan Sontakke, Martin Bergström, Vaidehi Gosala, Michael Baldauf, Sören Ehlers",2025,10.1080/09377255.2025.2585247,crossref:10.1080/09377255.2025.2585247,Crossref,,Ship Technology Research,https://doi.org/10.1080/09377255.2025.2585247,ship retrofit decarbonization maintenance governance,2026-07-24T11:52:15.480726+00:00,Crossref open metadata
The Role of Innovative Ship Design in Decarbonization,"Ahmet Taşdemir, Mehmet Akman",2025,10.1007/978-3-031-68497-5_8,crossref:10.1007/978-3-031-68497-5_8,Crossref,,Green Energy and Technology,https://doi.org/10.1007/978-3-031-68497-5_8,ship retrofit decarbonization maintenance governance,2026-07-24T11:52:15.480587+00:00,Crossref open metadata
Toward urban decarbonization: environmental and financial evaluation of neighborhood-scale multifamily retrofit strategies,"Saba Abdolshahi, Juliana Felkner",2025,10.26868/25222708.2025.1960,crossref:10.26868/25222708.2025.1960,Crossref,,Building Simulation Conference Proceedings,https://doi.org/10.26868/25222708.2025.1960,ship retrofit decarbonization maintenance governance,2026-07-24T11:52:15.480674+00:00,Crossref open metadata
Vibration Signature Analysis as a Preventive Maintenance Tool Aboard Ship,Unknown,2025,10.5957/ssc1978symp16,crossref:10.5957/ssc1978symp16,Crossref,,,https://doi.org/10.5957/ssc1978symp16,ship retrofit decarbonization maintenance governance,2026-07-24T11:52:15.480730+00:00,Crossref open metadata
Circulation-Controlled Sail-Assisted Ship Propulsion: Technical Innovations for Future Shipping Industry Decarbonization,"Ziyan Li, Jie Tang",2024,10.2139/ssrn.4872111,crossref:10.2139/ssrn.4872111,Crossref,,,https://doi.org/10.2139/ssrn.4872111,ship retrofit decarbonization maintenance governance,2026-07-24T11:52:15.480582+00:00,Crossref open metadata
Decarbonization of Existing Heating Networks Through Optimal Producer Retrofit and Low-Temperature Operation,"Martin Sollich, Yannick Wack, Robbe Salenbien, Maarten Blommaert",2024,10.2139/ssrn.4873791,crossref:10.2139/ssrn.4873791,Crossref,,,https://doi.org/10.2139/ssrn.4873791,ship retrofit decarbonization maintenance governance,2026-07-24T11:52:15.480501+00:00,Crossref open metadata
Energy and Operational Carbon Savings in Community Scale Low-Carbon Retrofit with Dual Source Cold Climate Heat Pumps,"Karlyle Munz, Paulo Cesar Tabares-Velasco",2024,10.63044/ibd24/mun4,crossref:10.63044/ibd24/mun4,Crossref,,ASHRAE International Building Decarbonization Conference 2024,https://doi.org/10.63044/ibd24/mun4,ship retrofit decarbonization maintenance governance,2026-07-24T11:52:15.480646+00:00,Crossref open metadata
Exergy and Performance Analysis of Alternative Refrigerants with Lower GWP for the Retrofit of Heat Pumps with R410A,"Pedro Barandier, Antonio J. Marques Cardoso",2024,10.63044/ibd24bar7,crossref:10.63044/ibd24bar7,Crossref,,ASHRAE International Building Decarbonization Conference 2024,https://doi.org/10.63044/ibd24bar7,ship retrofit decarbonization maintenance governance,2026-07-24T11:52:15.480664+00:00,Crossref open metadata
How Much Retrofit is Enough?,"Mehdi Ghobadi, Davoud Heidari, Michal Bartko",2024,10.63044/ibd24gho43,crossref:10.63044/ibd24gho43,Crossref,,ASHRAE International Building Decarbonization Conference 2024,https://doi.org/10.63044/ibd24gho43,ship retrofit decarbonization maintenance governance,2026-07-24T11:52:15.480485+00:00,Crossref open metadata
Sustainable Retrofit of Existing Buildings: A Comparative Study Between nZEB and Passive House Retrofitting Scenario,"Ntouvli Kleoni, Tsikaloudaki Katerina",2024,10.63044/ibd24kle30,crossref:10.63044/ibd24kle30,Crossref,,ASHRAE International Building Decarbonization Conference 2024,https://doi.org/10.63044/ibd24kle30,ship retrofit decarbonization maintenance governance,2026-07-24T11:52:15.480597+00:00,Crossref open metadata
The impact of maritime decarbonization on ship design: State-of-the-Art Report,Thomas A. McKenney,2024,10.59490/imdc.2024.907,crossref:10.59490/imdc.2024.907,Crossref,,International Marine Design Conference,https://doi.org/10.59490/imdc.2024.907,ship retrofit decarbonization maintenance governance,2026-07-24T11:52:15.480693+00:00,Crossref open metadata
The Interplay between the State and Non-state Actors in the Governance of Decarbonization: An Analytical Framework,"Karin Bäckstrand, Jens Marquardt, Naghmeh Nasiritousi, Oscar Widerberg",2024,10.1017/9781009301558.003,crossref:10.1017/9781009301558.003,Crossref,,The Politics and Governance of Decarbonization,https://doi.org/10.1017/9781009301558.003,ship retrofit decarbonization maintenance governance,2026-07-24T11:52:15.480656+00:00,Crossref open metadata
Reducing the Energy Penalty of Retrofit Decarbonization in Combined Cycle Power Plants,Silvia Ravelli,2023,10.1115/1.4063317,crossref:10.1115/1.4063317,Crossref,,Journal of Engineering for Gas Turbines and Power,https://doi.org/10.1115/1.4063317,ship retrofit decarbonization maintenance governance,2026-07-24T11:52:15.480635+00:00,Crossref open metadata
"Ship Engine, Equipment and Fuel Options for Decarbonization","Matteo Natali, Rui Rego",2023,10.1007/978-3-031-39936-7_27,crossref:10.1007/978-3-031-39936-7_27,Crossref,,Maritime Decarbonization,https://doi.org/10.1007/978-3-031-39936-7_27,ship retrofit decarbonization maintenance governance,2026-07-24T11:52:15.480462+00:00,Crossref open metadata
The Just Transition: Retrofit Decarbonization with Modular Nuclear,Chloe Hillson,2023,10.1080/10406026.2024.2351894,crossref:10.1080/10406026.2024.2351894,Crossref,,Environmental Claims Journal,https://doi.org/10.1080/10406026.2024.2351894,ship retrofit decarbonization maintenance governance,2026-07-24T11:52:15.480623+00:00,Crossref open metadata
Does context matter? Robust building retrofit decision-making for decarbonization across Europe,"Linus Walker, Illias Hischier, Arno Schlueter",2022,10.1016/j.buildenv.2022.109666,crossref:10.1016/j.buildenv.2022.109666,Crossref,,Building and Environment,https://doi.org/10.1016/j.buildenv.2022.109666,ship retrofit decarbonization maintenance governance,2026-07-24T11:52:15.480639+00:00,Crossref open metadata
Examining the performance of retrofit measures in real ship operation using data-driven models,"George Nikolaidis, Nikos Themelis",2022,10.1080/09377255.2022.2109327,crossref:10.1080/09377255.2022.2109327,Crossref,,Ship Technology Research,https://doi.org/10.1080/09377255.2022.2109327,ship retrofit decarbonization maintenance governance,2026-07-24T11:52:15.480590+00:00,Crossref open metadata
Global governance for the decarbonization of energy-intensive industries: Great potential underexploited,"Sebastian Oberthür, Gauri Khandekar, Tomas Wyns",2021,10.1016/j.esg.2020.100072,crossref:10.1016/j.esg.2020.100072,Crossref,,Earth System Governance,https://doi.org/10.1016/j.esg.2020.100072,ship retrofit decarbonization maintenance governance,2026-07-24T11:52:15.480718+00:00,Crossref open metadata
Hardwired towards transformation? Assessing global climate governance for power sector decarbonization,Lukas Hermwille,2021,10.1016/j.esg.2020.100054,crossref:10.1016/j.esg.2020.100054,Crossref,,Earth System Governance,https://doi.org/10.1016/j.esg.2020.100054,ship retrofit decarbonization maintenance governance,2026-07-24T11:52:15.480722+00:00,Crossref open metadata
Retrofit an 11-meter yacht for autonomous navigation,"X You, F Ma, X Wang",2020,10.24868/issn.2631-8741.2020.012,crossref:10.24868/issn.2631-8741.2020.012,Crossref,,Proceedings of the International Ship Control Systems Symposium (iSCSS),https://doi.org/10.24868/issn.2631-8741.2020.012,ship retrofit decarbonization maintenance governance,2026-07-24T11:52:15.480661+00:00,Crossref open metadata
Retrofit Decarbonization of Coal Power Plants—A Case Study for Poland,"Staffan Qvist, Paweł Gładysz, Łukasz Bartela, Anna Sowiżdżał",2020,10.3390/en14010120,crossref:10.3390/en14010120,Crossref,,Energies,https://doi.org/10.3390/en14010120,ship retrofit decarbonization maintenance governance,2026-07-24T11:52:15.480670+00:00,Crossref open metadata
PENERAPAN SHIP MAINTENANCE SYSTEM (SMS) APPLICATION OF THE SHIP MAINTENANCE SYSTEM (SMS),"Arleiny, Damoyanto Purba, Rudy Sugiharto",2019,10.54992/7samudra.v4i2.70,crossref:10.54992/7samudra.v4i2.70,Crossref,,Jurnal 7 Samudra,https://doi.org/10.54992/7samudra.v4i2.70,ship retrofit decarbonization maintenance governance,2026-07-24T11:52:15.480631+00:00,Crossref open metadata
Towards Decarbonization: Understanding EU Energy Governance,"Kacper Szulecki, Dag Herald Claes",2019,10.17645/pag.v7i1.2029,crossref:10.17645/pag.v7i1.2029,Crossref,,Politics and Governance,https://doi.org/10.17645/pag.v7i1.2029,ship retrofit decarbonization maintenance governance,2026-07-24T11:52:15.480627+00:00,Crossref open metadata
Blockchain Platform for Maritime Supply Chain,"Siyi Rao, Wolfgang Karl Härdle",2026,10.24818/ida-cl/2026.8,crossref:10.24818/ida-cl/2026.8,Crossref,,,https://doi.org/10.24818/ida-cl/2026.8,maritime repair supply chain safety standards,2026-07-24T11:52:16.017348+00:00,Crossref open metadata
A textual analytics approach to sustainable supply chain dynamics in European maritime logistics,"George R. Dimakis, George Tsironis, Konstantinos P. Tsagarakis, Yannis Marinakis",2025,10.1016/j.sca.2025.100163,crossref:10.1016/j.sca.2025.100163,Crossref,,Supply Chain Analytics,https://doi.org/10.1016/j.sca.2025.100163,maritime repair supply chain safety standards,2026-07-24T11:52:16.017298+00:00,Crossref open metadata
Rebuilding Resilient Maritime Transport and Supply Chain Networks: ASEAN Countries,"Yui-yip Lau, Adolf K. Y. Ng, Zaili Yang, Tianni Wang, Mark Ching-Pong Poo",2025,10.1007/978-3-032-07566-6_6,crossref:10.1007/978-3-032-07566-6_6,Crossref,,Maritime Transport and Supply Chain Resilience,https://doi.org/10.1007/978-3-032-07566-6_6,maritime repair supply chain safety standards,2026-07-24T11:52:16.017265+00:00,Crossref open metadata
"Rebuilding Resilient Maritime Transport and Supply Chain Networks: The Yangtze River Delta, China","Yui-yip Lau, Adolf K. Y. Ng, Zaili Yang, Tianni Wang, Mark Ching-Pong Poo",2025,10.1007/978-3-032-07566-6_5,crossref:10.1007/978-3-032-07566-6_5,Crossref,,Maritime Transport and Supply Chain Resilience,https://doi.org/10.1007/978-3-032-07566-6_5,maritime repair supply chain safety standards,2026-07-24T11:52:16.017332+00:00,Crossref open metadata
Sustainable Maritime Supply Chain,Unknown,2025,10.3390/books978-3-7258-2503-5,crossref:10.3390/books978-3-7258-2503-5,Crossref,,,https://doi.org/10.3390/books978-3-7258-2503-5,maritime repair supply chain safety standards,2026-07-24T11:52:16.017224+00:00,Crossref open metadata
A Metric of Global Maritime Supply Chain Disruptions: The Global Supply Chain Stress Index (GSCSI),"Jean-François Arvis, Cordula Rastogi, Jean-Paul Rodrigue, Daria Ulybina",2024,10.1596/1813-9450-10839,crossref:10.1596/1813-9450-10839,Crossref,,,https://doi.org/10.1596/1813-9450-10839,maritime repair supply chain safety standards,2026-07-24T11:52:16.017319+00:00,Crossref open metadata
Analysis on Software Supply Chain Security Standards,Jongmo Sohn,2024,10.34139/jscs.2024.14.4.59,crossref:10.34139/jscs.2024.14.4.59,Crossref,,Society for Standards Certification and Safety,https://doi.org/10.34139/jscs.2024.14.4.59,maritime repair supply chain safety standards,2026-07-24T11:52:16.017168+00:00,Crossref open metadata
Blockchain Adoption in Maritime Supply Chain: Another Catch-Up Game for African Maritime Industry?,"Olugbenga Ayo Ojubanire, Hicham Sebti, Sabrina Berbain",2024,10.1142/9789811286636_0006,crossref:10.1142/9789811286636_0006,Crossref,,"Trends, Challenges and Solutions in Contemporary Supply Chain Management",https://doi.org/10.1142/9789811286636_0006,maritime repair supply chain safety standards,2026-07-24T11:52:16.017255+00:00,Crossref open metadata
Maritime Supply Chain Risks Analysis Of The Indonesian Shipbuilding Industry,Unknown,2024,10.33863/mbmc.v3i1.3293,crossref:10.33863/mbmc.v3i1.3293,Crossref,,Proceeding Maritime Business Management Conference,https://doi.org/10.33863/mbmc.v3i1.3293,maritime repair supply chain safety standards,2026-07-24T11:52:16.017192+00:00,Crossref open metadata
Ship emissions reduction via slow steaming without disrupting the logistical supply chain: A case study of the port of Felixstowe,Hilmi Amin Mohammed,2023,10.1080/25725084.2023.2280416,crossref:10.1080/25725084.2023.2280416,Crossref,,"Journal of International Maritime Safety, Environmental Affairs, and Shipping",https://doi.org/10.1080/25725084.2023.2280416,maritime repair supply chain safety standards,2026-07-24T11:52:16.017261+00:00,Crossref open metadata
Safety of the Information Flow in the Supply Chain,"Andrzej Szymonik, Robert Stanisławski",2022,10.4324/9781003286110-8,crossref:10.4324/9781003286110-8,Crossref,,Supply Chain Security,https://doi.org/10.4324/9781003286110-8,maritime repair supply chain safety standards,2026-07-24T11:52:16.017251+00:00,Crossref open metadata
Supply Chain Safety Management Model,"Andrzej Szymonik, Robert Stanisławski",2022,10.4324/9781003286110-9,crossref:10.4324/9781003286110-9,Crossref,,Supply Chain Security,https://doi.org/10.4324/9781003286110-9,maritime repair supply chain safety standards,2026-07-24T11:52:16.017188+00:00,Crossref open metadata
Technologies Supporting Supply Chain Safety Management,"Andrzej Szymonik, Robert Stanisławski",2022,10.4324/9781003286110-6,crossref:10.4324/9781003286110-6,Crossref,,Supply Chain Security,https://doi.org/10.4324/9781003286110-6,maritime repair supply chain safety standards,2026-07-24T11:52:16.017196+00:00,Crossref open metadata
The Bangladesh Accord and Alliance: addressing building safety through global supply chain co-governance,Mark Anner,2022,10.4337/9781788977371.00030,crossref:10.4337/9781788977371.00030,Crossref,,Handbook on Globalisation and Labour Standards,https://doi.org/10.4337/9781788977371.00030,maritime repair supply chain safety standards,2026-07-24T11:52:16.017233+00:00,Crossref open metadata
Supply Chain Metrics,Unknown,2021,10.1002/9781119738275.ch3,crossref:10.1002/9781119738275.ch3,Crossref,,Supply Chain Management Best Practices,https://doi.org/10.1002/9781119738275.ch3,maritime repair supply chain safety standards,2026-07-24T11:52:16.017268+00:00,Crossref open metadata
Integration of the maritime supply chain: Evolving from collaboration process to maritime supply chain network,"Christa Sys, Thierry Vanelslander",2020,10.1016/b978-0-12-818421-9.00001-x,crossref:10.1016/b978-0-12-818421-9.00001-x,Crossref,,Maritime Supply Chains,https://doi.org/10.1016/b978-0-12-818421-9.00001-x,maritime repair supply chain safety standards,2026-07-24T11:52:16.017134+00:00,Crossref open metadata
Multi-Period Mixed Integer Programming Model for Supply Chain Planning Under Safety Stock,"Ahmet AKTAS, İzzettin TEMİZ",2020,10.47512/meujmaf.816402,crossref:10.47512/meujmaf.816402,Crossref,,Mersin University Journal of Maritime Faculty,https://doi.org/10.47512/meujmaf.816402,maritime repair supply chain safety standards,2026-07-24T11:52:16.017276+00:00,Crossref open metadata
The balance of power in the governance of the global maritime safety: the role of classification societies from a habitus perspective,"Raphael Lissillour, Dominique Bonet Fernandez",2020,10.1080/16258312.2020.1824533,crossref:10.1080/16258312.2020.1824533,Crossref,,Supply Chain Forum: An International Journal,https://doi.org/10.1080/16258312.2020.1824533,maritime repair supply chain safety standards,2026-07-24T11:52:16.017355+00:00,Crossref open metadata
Environmental or sustainable supply chain performance measurement standards and certifications,"David B. Grant, Sarah Shaw",2019,10.4337/9781786434272.00024,crossref:10.4337/9781786434272.00024,Crossref,,Handbook on the Sustainable Supply Chain,https://doi.org/10.4337/9781786434272.00024,maritime repair supply chain safety standards,2026-07-24T11:52:16.017338+00:00,Crossref open metadata
Maritime financial instability and supply chain management effects,"Viktoriia Koilo, Ola Honningdal Grytten",2019,10.21511/ppm.17(4).2019.06,crossref:10.21511/ppm.17(4).2019.06,Crossref,,Problems and Perspectives in Management,https://doi.org/10.21511/ppm.17(4).2019.06,maritime repair supply chain safety standards,2026-07-24T11:52:16.017327+00:00,Crossref open metadata
RIMA-Tuna: A Supply Chain Risk Management Tool for Tuna,Unknown,2019,10.23977/mastic.044,crossref:10.23977/mastic.044,Crossref,,Maritime Safety International Conference (MASTIC 2018),https://doi.org/10.23977/mastic.044,maritime repair supply chain safety standards,2026-07-24T11:52:16.017158+00:00,Crossref open metadata
"Skills, knowledge and qualities in the essential social worker",Martin Davies,2021,10.4324/9781315239958-18,crossref:10.4324/9781315239958-18,Crossref,,The Essential Social Worker,https://doi.org/10.4324/9781315239958-18,shipyard worker workforce skills competences training professional development,2026-07-24T11:52:18.103825+00:00,Crossref open metadata
A computer support system for curriculum development,"T. Yaschun, E. Gromov",2021,10.32820/2074-8922-2021-70-92-101,crossref:10.32820/2074-8922-2021-70-92-101,Crossref,,Problems of engineer-pedagogical education,https://doi.org/10.32820/2074-8922-2021-70-92-101,ship repair engineer education learning outcomes curriculum qualification,2026-07-24T11:52:18.546455+00:00,Crossref open metadata
Digital Twin Methodologies for the Integration of Hull Monitoring Systems with Physics-Based Models to Support Ship Operations and Service Life Extensions,Unknown,2025,10.5957/ssc481,crossref:10.5957/ssc481,Crossref,,,https://doi.org/10.5957/ssc481,ship repair AI digital twin autonomous systems resilience,2026-07-24T11:52:19.009013+00:00,Crossref open metadata
Implementation of an Autonomous Ship Damage Control System Using Digital Twin Bridge,"Jaeha Jeong, Jae-Hong Yim",2025,10.6109/jkiice.2025.29.5.712,crossref:10.6109/jkiice.2025.29.5.712,Crossref,,Journal of the Korea Institute of Information and Communication Engineering,https://doi.org/10.6109/jkiice.2025.29.5.712,ship repair AI digital twin autonomous systems resilience,2026-07-24T11:52:19.008919+00:00,Crossref open metadata
PASTA Threat Modeling for Cyber Resilience and COLREG Compliance in Autonomous Ship Systems,"Muhammed Erbas, Gábor Visky, Olaf Maennel, Leonidas Tsiopoulos, Risto Vaarandi",2025,10.1109/csr64739.2025.11130142,crossref:10.1109/csr64739.2025.11130142,Crossref,,2025 IEEE International Conference on Cyber Security and Resilience (CSR),https://doi.org/10.1109/csr64739.2025.11130142,ship repair AI digital twin autonomous systems resilience,2026-07-24T11:52:19.009053+00:00,Crossref open metadata
Digital twin enhanced agile design of ship pipeline systems,"Xin Wang, Xiaofen Shan, Kang Cui, Zhinan Zhang",2024,10.12688/digitaltwin.17918.1,crossref:10.12688/digitaltwin.17918.1,Crossref,,Digital Twin,https://doi.org/10.12688/digitaltwin.17918.1,ship repair AI digital twin autonomous systems resilience,2026-07-24T11:52:19.008939+00:00,Crossref open metadata
"Peer Review Report For: Digital twin enhanced agile design of ship pipeline systems [version 1; peer review: 1 approved, 3 approved with reservations]",Unknown,2024,10.21956/digitaltwin.19208.r28026,crossref:10.21956/digitaltwin.19208.r28026,Crossref,,,https://doi.org/10.21956/digitaltwin.19208.r28026,ship repair AI digital twin autonomous systems resilience,2026-07-24T11:52:19.009082+00:00,Crossref open metadata
Intelligent Fault Diagnosis of Marine Diesel Engines Based on Efficient Channel Attention-Improved Convolutional Neural Networks,"Jihui Wang, Hui Cao, Zhichao Cui, Zeren Ai, Kuo Jiang",2023,10.3390/pr11123360,crossref:10.3390/pr11123360,Crossref,,Processes,https://doi.org/10.3390/pr11123360,ship repair AI digital twin autonomous systems resilience,2026-07-24T11:52:19.008971+00:00,Crossref open metadata
Research Method for Ship Engine Fault Diagnosis Based on Multi-Head Graph Attention Feature Fusion,"Zeren Ai, Hui Cao, Jihui Wang, Zhichao Cui, Longde Wang, Kuo Jiang",2023,10.3390/app132212421,crossref:10.3390/app132212421,Crossref,,Applied Sciences,https://doi.org/10.3390/app132212421,ship repair AI digital twin autonomous systems resilience,2026-07-24T11:52:19.009001+00:00,Crossref open metadata
Ship Anti-Grounding with a Maritime Autonomous Surface Ship and Digital Twin of Port of Hamburg,"James Riordan, Manfred Constapel, Petar Trslic, Gerard Dooly, Johannes Oeffner, Vincent Schneider",2023,10.1109/oceanslimerick52467.2023.10244492,crossref:10.1109/oceanslimerick52467.2023.10244492,Crossref,,OCEANS 2023 - Limerick,https://doi.org/10.1109/oceanslimerick52467.2023.10244492,ship repair AI digital twin autonomous systems resilience,2026-07-24T11:52:19.008951+00:00,Crossref open metadata
Ship Digital Twin Architecture for Optimizing Sailing Automation,Omer Kemal Kinaci,2023,10.2139/ssrn.4349123,crossref:10.2139/ssrn.4349123,Crossref,,,https://doi.org/10.2139/ssrn.4349123,ship repair AI digital twin autonomous systems resilience,2026-07-24T11:52:19.009038+00:00,Crossref open metadata
Climate Adaptation Strategies for Non-Domestic Buildings: Evaluating Retrofit and Adaptation Measure Performance Under Future Weather Scenarios Using Building Energy Simulation,Unknown,2026,10.63044/w26pei181,crossref:10.63044/w26pei181,Crossref,,2026 ASHRAE Winter Conference,https://doi.org/10.63044/w26pei181,ship retrofit just transition climate adaptation marine governance safety,2026-07-24T11:52:20.628538+00:00,Crossref open metadata
Navigating Climate Governance: Intersectional Youth Visions of Just Urban Adaptation,"Grace May, Meg Parsons, Karen Fisher",2026,10.1002/geo2.70049,crossref:10.1002/geo2.70049,Crossref,,Geo: Geography and Environment,https://doi.org/10.1002/geo2.70049,ship retrofit just transition climate adaptation marine governance safety,2026-07-24T11:52:20.628554+00:00,Crossref open metadata
Legal pathways for blue carbon protection and ship pollution in China: integrated ocean and climate governance,Yanlin Zhou,2025,10.1007/s44312-025-00059-0,crossref:10.1007/s44312-025-00059-0,Crossref,,Marine Development,https://doi.org/10.1007/s44312-025-00059-0,ship retrofit just transition climate adaptation marine governance safety,2026-07-24T11:52:20.628473+00:00,Crossref open metadata
The Politics of Stability and Politicization of Change,"Steven Bernstein, Matthew Hoffmann",2025,10.1017/9781009352444.021,crossref:10.1017/9781009352444.021,Crossref,,Stability and Politicization in Climate Governance,https://doi.org/10.1017/9781009352444.021,ship retrofit just transition climate adaptation marine governance safety,2026-07-24T11:52:20.628498+00:00,Crossref open metadata
Integrating Triple Helix and Sustainable Transition Research for Transformational Governance,"Christiane Gebhardt, Josep Miquel Pique Huerta",2024,10.1163/21971927-bja10053,crossref:10.1163/21971927-bja10053,Crossref,,Triple Helix,https://doi.org/10.1163/21971927-bja10053,ship retrofit just transition climate adaptation marine governance safety,2026-07-24T11:52:20.628573+00:00,Crossref open metadata
Governance learning from collective actions for just climate adaptation in cities,"Mahir Yazar, Håvard Haarstad, Lene Lundøy Drengenes, Abigail York",2022,10.3389/frsc.2022.932070,crossref:10.3389/frsc.2022.932070,Crossref,,Frontiers in Sustainable Cities,https://doi.org/10.3389/frsc.2022.932070,ship retrofit just transition climate adaptation marine governance safety,2026-07-24T11:52:20.628585+00:00,Crossref open metadata
Planetary just transition? How inclusive and how just?,"Dimitris Stevis, Romain Felli",2020,10.1016/j.esg.2020.100065,crossref:10.1016/j.esg.2020.100065,Crossref,,Earth System Governance,https://doi.org/10.1016/j.esg.2020.100065,ship retrofit just transition climate adaptation marine governance safety,2026-07-24T11:52:20.628577+00:00,Crossref open metadata
Age-Related Cognitive Function Indicators of Ship Officers and Ship Engineers,"Maris Cirulis, Anatoly Kozmidiadi, Aleksandr Smirnov, Vendija Falkone",2025,10.36227/techrxiv.174889471.12963181/v1,crossref:10.36227/techrxiv.174889471.12963181/v1,Crossref,,,https://doi.org/10.36227/techrxiv.174889471.12963181/v1,ship repair maritimisation marinization oceanisation hydrosocial de-base-re hypothesis verification indicators,2026-07-24T11:52:21.478797+00:00,Crossref open metadata
Evaluation and Verification of Computer Calculations of Wave-Induced Ship Structural Loads,Unknown,2025,10.5957/ssc229,crossref:10.5957/ssc229,Crossref,,,https://doi.org/10.5957/ssc229,ship repair maritimisation marinization oceanisation hydrosocial de-base-re hypothesis verification indicators,2026-07-24T11:52:21.478828+00:00,Crossref open metadata
Planning of Inspection and Repair for Ship Operation,Unknown,2025,10.5957/ssc1991symp25,crossref:10.5957/ssc1991symp25,Crossref,,,https://doi.org/10.5957/ssc1991symp25,ship repair maritimisation marinization oceanisation hydrosocial de-base-re hypothesis verification indicators,2026-07-24T11:52:21.478817+00:00,Crossref open metadata
Ship Recognition Base on the P2-BiC-ECA-YOLOv8,Shengxi Qiu,2025,10.5220/0014771500004818,crossref:10.5220/0014771500004818,Crossref,,Proceedings of the 3rd International Conference on Data Analysis and Machine Learning,https://doi.org/10.5220/0014771500004818,ship repair maritimisation marinization oceanisation hydrosocial de-base-re hypothesis verification indicators,2026-07-24T11:52:21.478927+00:00,Crossref open metadata
"ship-repair, n.",Unknown,2025,10.1093/oed/8389048613,crossref:10.1093/oed/8389048613,Crossref,,Oxford English Dictionary,https://doi.org/10.1093/oed/8389048613,ship repair maritimisation marinization oceanisation hydrosocial de-base-re hypothesis verification indicators,2026-07-24T11:52:21.478737+00:00,Crossref open metadata
The Evolution of Inspection and Repair Procedures for Ship Structures,Unknown,2025,10.5957/ssc1991symp21,crossref:10.5957/ssc1991symp21,Crossref,,,https://doi.org/10.5957/ssc1991symp21,ship repair maritimisation marinization oceanisation hydrosocial de-base-re hypothesis verification indicators,2026-07-24T11:52:21.478934+00:00,Crossref open metadata
The formation of a clear pricing system in ship repair is one of the goals for further integration of ship–owning and ship-repair companies,"V. E. Khrapov, T. V. Turchaninova",2025,10.36038/0131-6184-2025-3-27-35,crossref:10.36038/0131-6184-2025-3-27-35,Crossref,,Fisheries,https://doi.org/10.36038/0131-6184-2025-3-27-35,ship repair maritimisation marinization oceanisation hydrosocial de-base-re hypothesis verification indicators,2026-07-24T11:52:21.478790+00:00,Crossref open metadata
Addressing E-Waste,"Teresa Castle-Green, Neelima Sailaja",2024,10.52611/bdi.num10.2024.999,crossref:10.52611/bdi.num10.2024.999,Crossref,,Base Diseño e Innovación,https://doi.org/10.52611/bdi.num10.2024.999,ship repair maritimisation marinization oceanisation hydrosocial de-base-re hypothesis verification indicators,2026-07-24T11:52:21.478851+00:00,Crossref open metadata
TECHNICAL CONTROL AS ONE OF THE WAYS OF QUALITY MANAGEMENT IN SHIP REPAIR,"Tatyana Yu. Pasheeva, Leonid V. Popov",2021,10.21821/2309-5180-2021-13-2-232-243,crossref:10.21821/2309-5180-2021-13-2-232-243,Crossref,,Vestnik Gosudarstvennogo universiteta morskogo i rechnogo flota imeni admirala S. O. Makarova,https://doi.org/10.21821/2309-5180-2021-13-2-232-243,ship repair maritimisation marinization oceanisation hydrosocial de-base-re hypothesis verification indicators,2026-07-24T11:52:21.478905+00:00,Crossref open metadata
A Composite Indicators Approach to Assisting Decisions in Ship LCA/LCC,"Yiannis Smirlis, Marc Bonazountas",2020,10.5220/0008895401430150,crossref:10.5220/0008895401430150,Crossref,,Proceedings of the 9th International Conference on Operations Research and Enterprise Systems,https://doi.org/10.5220/0008895401430150,ship repair maritimisation marinization oceanisation hydrosocial de-base-re hypothesis verification indicators,2026-07-24T11:52:21.478916+00:00,Crossref open metadata
Marine engine cylinder exhaust temperature prediction based on PSO-optimized CNN-LSTM-attention network,"Yang Cao, Jundong Zhang, Ao Ma, Hongbo Xu, Jiale Liu",2026,10.21278/brod77101,crossref:10.21278/brod77101,Crossref,,Brodogradnja,https://doi.org/10.21278/brod77101,ship repair qmbd axis translation marine maritime oceanic hydronization theory terms taxonomy mapping,2026-07-24T11:52:21.881893+00:00,Crossref open metadata
Research on deep learning-based network intrusion detection methods for smart ships,"Ziming Lu, Hong Zeng, Zhilong Zheng, Caowei Li, Xiao Dong",2026,10.21278/brod77205,crossref:10.21278/brod77205,Crossref,,Brodogradnja,https://doi.org/10.21278/brod77205,ship repair qmbd axis translation marine maritime oceanic hydronization theory terms taxonomy mapping,2026-07-24T11:52:21.881924+00:00,Crossref open metadata
A multi-objective collaborative optimization method of ship energy efficiency based on NSGA-II and TOPSIS,"Daoyi Lu, Antong Wang, Huibing Gan, Yuxin Su, Xuefei Ao",2025,10.21278/brod76301,crossref:10.21278/brod76301,Crossref,,Brodogradnja,https://doi.org/10.21278/brod76301,ship repair qmbd axis translation marine maritime oceanic hydronization theory terms taxonomy mapping,2026-07-24T11:52:21.881826+00:00,Crossref open metadata
COMPARATIVE ANALYSIS OF TURKISH AND EU MARITIME LEGISLATION IN TERMS OF SHIP REGISTRY,"Ecem Nazli Dogangun, Hazal Zeynep Akyurek, Firat Bolat",2025,10.7225/imla30.62,crossref:10.7225/imla30.62,Crossref,,Book of Proceedings,https://doi.org/10.7225/imla30.62,ship repair qmbd axis translation marine maritime oceanic hydronization theory terms taxonomy mapping,2026-07-24T11:52:21.881873+00:00,Crossref open metadata
On the origin of some terms used in ship repair and shipping,Gulnar Bashirova,2025,10.59849/2311-8482.2025.3.204,crossref:10.59849/2311-8482.2025.3.204,Crossref,,Researches,https://doi.org/10.59849/2311-8482.2025.3.204,ship repair qmbd axis translation marine maritime oceanic hydronization theory terms taxonomy mapping,2026-07-24T11:52:21.881853+00:00,Crossref open metadata
Autonomous Ship Collision Avoidance in Restricted Waterways Considering Maritime Navigation Rules,"Yonghoon Cho, Jinwook Park, Jonghwi Kim, Jinwhan Kim",2023,10.1109/joe.2023.3296836,crossref:10.1109/joe.2023.3296836,Crossref,,IEEE Journal of Oceanic Engineering,https://doi.org/10.1109/joe.2023.3296836,ship repair qmbd axis translation marine maritime oceanic hydronization theory terms taxonomy mapping,2026-07-24T11:52:21.881906+00:00,Crossref open metadata
FTA ON SHIP FIREFIGHTING PLANT,"Mariana PANAITESCU, Fanel-Viorel PANAITESCU, Ionut VOICU",2023,10.53464/jmte.01.2023.07,crossref:10.53464/jmte.01.2023.07,Crossref,,Journal of Marine Technology and Environment,https://doi.org/10.53464/jmte.01.2023.07,ship repair qmbd axis translation marine maritime oceanic hydronization theory terms taxonomy mapping,2026-07-24T11:52:21.881982+00:00,Crossref open metadata
Impact Dynamic Analysis of Suspended Marine Cables,"Dapeng Zhang, Jin Yan, Keqiang Zhu",2023,10.53964/mset.2023004,crossref:10.53964/mset.2023004,Crossref,,Modern Subsea Engineering and Technology,https://doi.org/10.53964/mset.2023004,ship repair qmbd axis translation marine maritime oceanic hydronization theory terms taxonomy mapping,2026-07-24T11:52:21.881975+00:00,Crossref open metadata
Analysing the definition of “ship” to facilitate Marine Autonomous Surface Ships as ship under the law of the sea,Sabrina Hasan,2022,10.1080/18366503.2022.2065115,crossref:10.1080/18366503.2022.2065115,Crossref,,Australian Journal of Maritime &amp; Ocean Affairs,https://doi.org/10.1080/18366503.2022.2065115,ship repair qmbd axis translation marine maritime oceanic hydronization theory terms taxonomy mapping,2026-07-24T11:52:21.881957+00:00,Crossref open metadata
Glossary of Maritime Engineering Terms,Unknown,2022,10.1017/9781009024471.018,crossref:10.1017/9781009024471.018,Crossref,,Ship-Shaped Offshore Installations,https://doi.org/10.1017/9781009024471.018,ship repair qmbd axis translation marine maritime oceanic hydronization theory terms taxonomy mapping,2026-07-24T11:52:21.881780+00:00,Crossref open metadata
Reduced Project Duration via Intelligent Scheduling for Ship Production/Repair,Robert A. Richards,2022,10.5957/smc-2022-055,crossref:10.5957/smc-2022-055,Crossref,,SNAME Maritime Convention,https://doi.org/10.5957/smc-2022-055,ship repair qmbd axis translation marine maritime oceanic hydronization theory terms taxonomy mapping,2026-07-24T11:52:21.881785+00:00,Crossref open metadata
Keynote lecture: Human factors and ergonomics for maritime safety,Neville Moray,2021,10.1201/9780203748077-19,crossref:10.1201/9780203748077-19,Crossref,,Marine Simulation and Ship Manoeuvrability,https://doi.org/10.1201/9780203748077-19,ship repair qmbd axis translation marine maritime oceanic hydronization theory terms taxonomy mapping,2026-07-24T11:52:21.881840+00:00,Crossref open metadata
An Efficient Graph Theory-Based Algorithm for Ship Trajectory Planning,Unknown,2019,10.3940/rina.ijme.2019.a2.530,crossref:10.3940/rina.ijme.2019.a2.530,Crossref,,International Journal of Maritime Engineering,https://doi.org/10.3940/rina.ijme.2019.a2.530,ship repair qmbd axis translation marine maritime oceanic hydronization theory terms taxonomy mapping,2026-07-24T11:52:21.881845+00:00,Crossref open metadata
BBNJAgreement and Intellectual Property Implications for Marine Genetic Resources Management inABNJ,Taghizadeh Z.,2026,10.1163/15718085-bja10209,scopus:10.1163/15718085-bja10209,Scopus,,International Journal of Marine and Coastal Law,https://api.elsevier.com/content/abstract/scopus_id/105005419635,bioprospecting marine genetic resources benefit sharing,2026-07-24T11:50:23.850027+00:00,Elsevier Scopus bibliographic metadata
"Blue genes, green promises: linking marine gene patents to biotechnology and sustainable development",Zhivkoplias E.,2026,10.3389/fmars.2026.1833479,scopus:10.3389/fmars.2026.1833479,Scopus,,Frontiers in Marine Science,https://api.elsevier.com/content/abstract/scopus_id/105040959838,bioprospecting marine genetic resources benefit sharing,2026-07-24T11:50:23.850032+00:00,Elsevier Scopus bibliographic metadata
Marine-Derived Molecular Glue Degraders: A New Frontier in Targeted Protein Degradation for Treatment of Multi-Factorial Diseases,Mohammed V.,2026,10.1002/bab.70055,scopus:10.1002/bab.70055,Scopus,,Biotechnology and Applied Biochemistry,https://api.elsevier.com/content/abstract/scopus_id/105018683745,bioprospecting marine genetic resources benefit sharing,2026-07-24T11:50:23.850020+00:00,Elsevier Scopus bibliographic metadata
The TRIPS-CBD conflict: how global trade regimes undermine access and benefit-sharing and perpetuate biopiracy against biodiversity-rich nations,Mishra P.,2026,10.1007/s10531-026-03348-2,scopus:10.1007/s10531-026-03348-2,Scopus,,Biodiversity and Conservation,https://api.elsevier.com/content/abstract/scopus_id/105037546723,bioprospecting marine genetic resources benefit sharing,2026-07-24T11:50:23.849995+00:00,Elsevier Scopus bibliographic metadata
Evaluating the impact of the BBNJ Agreement on regulatory gaps in a competent IFB: a case study of MGRs management in the Antarctic Treaty Area,Pan M.,2025,10.12429/j.advps.2025.0010,scopus:10.12429/j.advps.2025.0010,Scopus,,Advances in Polar Science,https://api.elsevier.com/content/abstract/scopus_id/105021978243,bioprospecting marine genetic resources benefit sharing,2026-07-24T11:50:23.850037+00:00,Elsevier Scopus bibliographic metadata
Marine specialized metabolites: Unveiling Nature's chemical treasures from the deep blue,Jayawardena T.U.,2025,10.1016/j.trac.2024.118097,scopus:10.1016/j.trac.2024.118097,Scopus,,Trac Trends in Analytical Chemistry,https://api.elsevier.com/content/abstract/scopus_id/85211084130,bioprospecting marine genetic resources benefit sharing,2026-07-24T11:50:23.850046+00:00,Elsevier Scopus bibliographic metadata
Feasibility of the BBNJ Agreement to regulate bioprospecting in the Southern Ocean,Zhang J.,2024,10.1016/j.marpol.2024.106203,scopus:10.1016/j.marpol.2024.106203,Scopus,,Marine Policy,https://api.elsevier.com/content/abstract/scopus_id/85193911537,bioprospecting marine genetic resources benefit sharing,2026-07-24T11:50:23.850060+00:00,Elsevier Scopus bibliographic metadata
Interplays between the BBNJ Agreement and the Antarctic Treaty System on the Southern Ocean bioprospecting,Wang J.,2024,10.1016/j.marpol.2024.106338,scopus:10.1016/j.marpol.2024.106338,Scopus,,Marine Policy,https://api.elsevier.com/content/abstract/scopus_id/85201410759,bioprospecting marine genetic resources benefit sharing,2026-07-24T11:50:23.850052+00:00,Elsevier Scopus bibliographic metadata
"Marine Bioprospecting: Understanding the Activity and Some Challenges Related to Environmental Protection, Scientific Research, Ethics, and the Law",Bekiari M.,2023,10.1007/978-3-031-24888-7_19,scopus:10.1007/978-3-031-24888-7_19,Scopus,,Sustainable Development Goals Series,https://api.elsevier.com/content/abstract/scopus_id/85183412867,bioprospecting marine genetic resources benefit sharing,2026-07-24T11:50:23.850065+00:00,Elsevier Scopus bibliographic metadata
Industry Responses to Evolving Regulation of Marine Bioprospecting in Polar Regions,Rosendal K.,2022,,scopus:https://api.elsevier.com/content/abstract/scopus_id/105023618669,Scopus,,Transforming Biodiversity Governance,https://api.elsevier.com/content/abstract/scopus_id/105023618669,bioprospecting marine genetic resources benefit sharing,2026-07-24T11:50:23.850070+00:00,Elsevier Scopus bibliographic metadata
"Benefit Sharing Combining Intellectual Property, Trade Secrets, Science and an Ecosystem-Focused Approach",Jaspars M.,2021,10.1163/9789004422438_007,scopus:10.1163/9789004422438_007,Scopus,,Center for Oceans Law and Policy,https://api.elsevier.com/content/abstract/scopus_id/85138557894,bioprospecting marine genetic resources benefit sharing,2026-07-24T11:50:23.850075+00:00,Elsevier Scopus bibliographic metadata
Regulating marine bioprospecting. Exploring the establishment of new regulatory regimes in the blue bioeconomy,Flemsæter F.,2020,10.1016/j.ocecoaman.2020.105207,scopus:10.1016/j.ocecoaman.2020.105207,Scopus,,Ocean and Coastal Management,https://api.elsevier.com/content/abstract/scopus_id/85085841871,bioprospecting marine genetic resources benefit sharing,2026-07-24T11:50:23.850079+00:00,Elsevier Scopus bibliographic metadata
Marine genetic resources within national jurisdiction: Flagging implications for access and benefit sharing and analysing patent trends,Eugui D.,2019,10.1007/978-981-13-2856-5_17,scopus:10.1007/978-981-13-2856-5_17,Scopus,,Intellectual Property and Development Understanding the Interfaces Liber Amicorum Pedro Roffe,https://api.elsevier.com/content/abstract/scopus_id/85063766888,bioprospecting marine genetic resources benefit sharing,2026-07-24T11:50:23.850089+00:00,Elsevier Scopus bibliographic metadata
BBNJ Agreement as Batch Identifier Data Management and Artificial Intelligence for Validating the Traceability and Commercialization of MGR Samples,Sebastian T.,2025,10.1109/AECTSD65988.2025.11411208,scopus:10.1109/AECTSD65988.2025.11411208,Scopus,,Proceedings of the 2025 1st International Conference on Advances in Engineering and Computing Technologies for Sustainable Development Aectsd 2025,https://api.elsevier.com/content/abstract/scopus_id/105036558105,marine biomaterials pharmaceuticals bioremediation sustainability,2026-07-24T11:50:27.398532+00:00,Elsevier Scopus bibliographic metadata
Current and Expected Trends for the Marine Chitin/Chitosan and Collagen Value Chains,Vieira H.,2023,10.3390/md21120605,scopus:10.3390/md21120605,Scopus,,Marine Drugs,https://api.elsevier.com/content/abstract/scopus_id/85180665738,marine biomaterials pharmaceuticals bioremediation sustainability,2026-07-24T11:50:27.398556+00:00,Elsevier Scopus bibliographic metadata
Revisit intention under overtourism: effects of perceived crowding and sustainability in Phuket,Soonsan N.,2026,10.1108/JHTI-09-2025-1067,scopus:10.1108/JHTI-09-2025-1067,Scopus,,Journal of Hospitality and Tourism Insights,https://api.elsevier.com/content/abstract/scopus_id/105037974966,coastal tourism sustainability overtourism management,2026-07-24T11:50:40.446428+00:00,Elsevier Scopus bibliographic metadata
GLOBAL TRENDS IN TOURISM SCALE CHANGE IN THE 21ST CENTURY,Szőllős-Tóth A.,2025,10.30892/gtg.602spl06-1482,scopus:10.30892/gtg.602spl06-1482,Scopus,,Geojournal of Tourism and Geosites,https://api.elsevier.com/content/abstract/scopus_id/105010023037,coastal tourism sustainability overtourism management,2026-07-24T11:50:40.446458+00:00,Elsevier Scopus bibliographic metadata
Overtourism Perceptions of Institutional Stakeholders on Alibag: A Regenerative Solution,Singh P.,2025,10.4018/979-8-3693-8347-6.ch009,scopus:10.4018/979-8-3693-8347-6.ch009,Scopus,,Solutions for Managing Overtourism in Popular Destinations,https://api.elsevier.com/content/abstract/scopus_id/105006955230,coastal tourism sustainability overtourism management,2026-07-24T11:50:40.446451+00:00,Elsevier Scopus bibliographic metadata
SANXENXO A MATURE GALICIAN COASTAL DESTINATION: OVERTOURISM OR STRATEGIES FOR ITS REORGANIZATION ?,Lois-González R.C.,2020,,scopus:https://api.elsevier.com/content/abstract/scopus_id/85184510533,Scopus,,Monografies De La Societat D Historia Natural De Les Balears,https://api.elsevier.com/content/abstract/scopus_id/85184510533,coastal tourism sustainability overtourism management,2026-07-24T11:50:40.446472+00:00,Elsevier Scopus bibliographic metadata
Smart tourist destination management using demand forecasting techniques: Using big data for destination demand forecasting as part of a destination management system,Mrsic L.,2020,10.4018/978-1-7998-3645-2.ch011,scopus:10.4018/978-1-7998-3645-2.ch011,Scopus,,Handbook of Research on Smart Technology Models for Business and Industry,https://api.elsevier.com/content/abstract/scopus_id/85113990039,coastal tourism sustainability overtourism management,2026-07-24T11:50:40.446462+00:00,Elsevier Scopus bibliographic metadata
TOURISM SUSTAINABILITY UP FOR DEBATE,Blanco-Romero A.,2020,,scopus:https://api.elsevier.com/content/abstract/scopus_id/85213359095,Scopus,,Monografies De La Societat D Historia Natural De Les Balears,https://api.elsevier.com/content/abstract/scopus_id/85213359095,coastal tourism sustainability overtourism management,2026-07-24T11:50:40.446467+00:00,Elsevier Scopus bibliographic metadata
Preventing overtourism by identifying the determinants of tourists' choice of attractions,Padrón-Ávila H.,2019,10.3390/su11195177,scopus:10.3390/su11195177,Scopus,,Sustainability Switzerland,https://api.elsevier.com/content/abstract/scopus_id/85073619119,coastal tourism sustainability overtourism management,2026-07-24T11:50:40.446476+00:00,Elsevier Scopus bibliographic metadata
Economic and ecological benefits of marine protected areas for fisheries resilience,Aliev S.,2025,10.70102/IJARES/V5I2/5-2-29,scopus:10.70102/IJARES/V5I2/5-2-29,Scopus,,International Journal of Aquatic Research and Environmental Studies,https://api.elsevier.com/content/abstract/scopus_id/105024239017,marine ecotourism blue economy livelihoods governance,2026-07-24T11:50:41.698207+00:00,Elsevier Scopus bibliographic metadata
A Destination Perspective on Cruise Line Sustainability,Kerrigan T.,2026,10.1079/9781800628441.0008,scopus:10.1079/9781800628441.0008,Scopus,,Sustainability in Cruise Tourismbalancing Growth Oceans and Responsibility,https://api.elsevier.com/content/abstract/scopus_id/105041539643,cruise tourism environmental impact governance,2026-07-24T11:50:42.477433+00:00,Elsevier Scopus bibliographic metadata
Conclusion: Toward a Sustainable Future in Cruise Tourism,Lusby C.,2026,10.1079/9781800628441.0012,scopus:10.1079/9781800628441.0012,Scopus,,Sustainability in Cruise Tourism Balancing Growth Oceans and Responsibility,https://api.elsevier.com/content/abstract/scopus_id/105041558089,cruise tourism environmental impact governance,2026-07-24T11:50:42.477404+00:00,Elsevier Scopus bibliographic metadata
The “Hydra Challenge” of Cruise Tourism Sustainability,Papathanassis A.,2026,10.1079/9781800628441.0001,scopus:10.1079/9781800628441.0001,Scopus,,Sustainability in Cruise Tourism Balancing Growth Oceans and Responsibility,https://api.elsevier.com/content/abstract/scopus_id/105041571952,cruise tourism environmental impact governance,2026-07-24T11:50:42.477427+00:00,Elsevier Scopus bibliographic metadata
Why Mega-cruise Tourism Demands the Precautionary Principle: A Socio-economic Perspective,Carić H.,2026,10.1079/9781800628441.0002,scopus:10.1079/9781800628441.0002,Scopus,,Sustainability in Cruise Tourism Balancing Growth Oceans and Responsibility,https://api.elsevier.com/content/abstract/scopus_id/105041561600,cruise tourism environmental impact governance,2026-07-24T11:50:42.477437+00:00,Elsevier Scopus bibliographic metadata
Assessing the Comparison of Environmental and Social Governance (ESG) Performance of Tourism Companies Worldwide,Ghosh A.,2025,10.1002/9781394303243.ch15,scopus:10.1002/9781394303243.ch15,Scopus,,Digital Twins and Esg,https://api.elsevier.com/content/abstract/scopus_id/105019843787,cruise tourism environmental impact governance,2026-07-24T11:50:42.477445+00:00,Elsevier Scopus bibliographic metadata
Putting brakes on Expedition Cruise Tourism in Svalbard: exercising power at the expense of legitimacy?,Løseth K.,2025,10.1080/1088937X.2025.2506374,scopus:10.1080/1088937X.2025.2506374,Scopus,,Polar Geography,https://api.elsevier.com/content/abstract/scopus_id/105005862709,cruise tourism environmental impact governance,2026-07-24T11:50:42.477449+00:00,Elsevier Scopus bibliographic metadata
"Reconsidering Waterfront Regeneration and Cruise Tourism in Hamburg, Germany",Balsas C.J.L.,2025,10.3390/su17010067,scopus:10.3390/su17010067,Scopus,,Sustainability Switzerland,https://api.elsevier.com/content/abstract/scopus_id/85214453258,cruise tourism environmental impact governance,2026-07-24T11:50:42.477441+00:00,Elsevier Scopus bibliographic metadata
Meeting externalities: The effects of educational training on support for tourism activities,Tovar B.,2024,10.1177/13548166231185897,scopus:10.1177/13548166231185897,Scopus,,Tourism Economics,https://api.elsevier.com/content/abstract/scopus_id/85164172635,cruise tourism environmental impact governance,2026-07-24T11:50:42.477452+00:00,Elsevier Scopus bibliographic metadata
Coronavirus at the end of the world: Antarctica matters,Frame B.,2020,10.1016/j.ssaho.2020.100054,scopus:10.1016/j.ssaho.2020.100054,Scopus,,Social Sciences and Humanities Open,https://api.elsevier.com/content/abstract/scopus_id/85100746327,cruise tourism environmental impact governance,2026-07-24T11:50:42.477459+00:00,Elsevier Scopus bibliographic metadata
Synergies and trade-offs in the Sustainable Development Goals-the implications of the Icelandic tourism sector,Cook D.,2019,10.3390/su11154223,scopus:10.3390/su11154223,Scopus,,Sustainability Switzerland,https://api.elsevier.com/content/abstract/scopus_id/85070458745,cruise tourism environmental impact governance,2026-07-24T11:50:42.477463+00:00,Elsevier Scopus bibliographic metadata
Wastewater technopolitics on the southern coast of Belize,Christian Wells E.,2019,10.1002/sea2.12145,scopus:10.1002/sea2.12145,Scopus,,Economic Anthropology,https://api.elsevier.com/content/abstract/scopus_id/85074809938,cruise tourism environmental impact governance,2026-07-24T11:50:42.477467+00:00,Elsevier Scopus bibliographic metadata
"Geology, Hydrology, and Water Resources: How Geology and Hydrology Shape the Past, Present, and Future Environment in Qatar",Yousif R.,2026,10.1007/978-3-032-11046-6_1,scopus:10.1007/978-3-032-11046-6_1,Scopus,,Advances in Geographical and Environmental Sciences,https://api.elsevier.com/content/abstract/scopus_id/105036130636,desalination brine management environmental impact governance,2026-07-24T11:50:48.297907+00:00,Elsevier Scopus bibliographic metadata
"Navigating Kuwait's water scarcity challenges: A holistic analysis of water resources, environmental impact, cost, and policy implications",Aleisa E.,2024,10.1016/j.desal.2024.117827,scopus:10.1016/j.desal.2024.117827,Scopus,,Desalination,https://api.elsevier.com/content/abstract/scopus_id/85195383673,desalination brine management environmental impact governance,2026-07-24T11:50:48.297929+00:00,Elsevier Scopus bibliographic metadata
"Governing desalination, managing the brine: A review and systematization of regulatory and socio-technical issues",Al-Saidi M.,2023,10.1016/j.wri.2023.100225,scopus:10.1016/j.wri.2023.100225,Scopus,,Water Resources and Industry,https://api.elsevier.com/content/abstract/scopus_id/85170550636,desalination brine management environmental impact governance,2026-07-24T11:50:48.297935+00:00,Elsevier Scopus bibliographic metadata
"Societal values, tensions and uncertainties in resource recovery from wastewaters",Palmeros Parada M.,2022,10.1016/j.jenvman.2022.115759,scopus:10.1016/j.jenvman.2022.115759,Scopus,,Journal of Environmental Management,https://api.elsevier.com/content/abstract/scopus_id/85135304097,desalination brine management environmental impact governance,2026-07-24T11:50:48.297939+00:00,Elsevier Scopus bibliographic metadata
"A review of water, energy, and food nexus in the MENA region: harmonizing data infrastructure and environmental sustainability",Kumar K.,2026,10.1016/j.seta.2026.105209,scopus:10.1016/j.seta.2026.105209,Scopus,,Sustainable Energy Technologies and Assessments,https://api.elsevier.com/content/abstract/scopus_id/105044259718,desalination water energy nexus sustainability,2026-07-24T11:50:49.158137+00:00,Elsevier Scopus bibliographic metadata
A review on waste heat recovery based water desalination: Single and multi-outputs integration systems,Omondi E.,2026,10.1016/j.applthermaleng.2026.131812,scopus:10.1016/j.applthermaleng.2026.131812,Scopus,,Applied Thermal Engineering,https://api.elsevier.com/content/abstract/scopus_id/105041224223,desalination water energy nexus sustainability,2026-07-24T11:50:49.158141+00:00,Elsevier Scopus bibliographic metadata
"A water–energy–food nexus analysis of the impact of desalination and irrigated agriculture expansion in the Ain Temouchent region, Algeria",Mostefaoui L.,2026,10.1007/s10668-024-05151-x,scopus:10.1007/s10668-024-05151-x,Scopus,,Environment Development and Sustainability,https://api.elsevier.com/content/abstract/scopus_id/85196498167,desalination water energy nexus sustainability,2026-07-24T11:50:49.158182+00:00,Elsevier Scopus bibliographic metadata
Adaptive pathways for low-carbon steel: From waste utilization to policy-driven transitions,Ziayeepour R.,2026,10.1016/j.clet.2025.101126,scopus:10.1016/j.clet.2025.101126,Scopus,,Cleaner Engineering and Technology,https://api.elsevier.com/content/abstract/scopus_id/105025170248,desalination water energy nexus sustainability,2026-07-24T11:50:49.158202+00:00,Elsevier Scopus bibliographic metadata
"Advancing solar-driven water desalination in Saudi Arabia: technologies, challenges, and opportunities",Alamri Y.A.,2026,10.1007/s42108-025-00447-8,scopus:10.1007/s42108-025-00447-8,Scopus,,International Journal of Energy and Water Resources,https://api.elsevier.com/content/abstract/scopus_id/105022796381,desalination water energy nexus sustainability,2026-07-24T11:50:49.158175+00:00,Elsevier Scopus bibliographic metadata
Bottled water or filtered tap water? A nexus-based sustainability assessment for Qatar,Shannak S.,2026,10.1016/j.jup.2026.102173,scopus:10.1016/j.jup.2026.102173,Scopus,,Utilities Policy,https://api.elsevier.com/content/abstract/scopus_id/105034480228,desalination water energy nexus sustainability,2026-07-24T11:50:49.158154+00:00,Elsevier Scopus bibliographic metadata
Crab-Inspired Ion Capture in an Organic Electrode for High-Capacity Electrochemical Desalination With Minimal Carbon Footprint,Yang S.,2026,10.1002/adfm.76965,scopus:10.1002/adfm.76965,Scopus,,Advanced Functional Materials,https://api.elsevier.com/content/abstract/scopus_id/105044225463,desalination water energy nexus sustainability,2026-07-24T11:50:49.158213+00:00,Elsevier Scopus bibliographic metadata
Cyber-resilient energy modeling in water-energy nexus: Computational intelligence techniques and optimization for promoting agricultural systems sustainability,Tavangar Rizi D.,2026,10.1016/j.nexus.2026.100673,scopus:10.1016/j.nexus.2026.100673,Scopus,,Energy Nexus,https://api.elsevier.com/content/abstract/scopus_id/105030878194,desalination water energy nexus sustainability,2026-07-24T11:50:49.158172+00:00,Elsevier Scopus bibliographic metadata
Hybrid solar-driven interfacial evaporation systems for water-energy nexus: recent advances in freshwater and energy sustainability,Ge H.,2026,10.1016/j.apenergy.2026.127516,scopus:10.1016/j.apenergy.2026.127516,Scopus,,Applied Energy,https://api.elsevier.com/content/abstract/scopus_id/105031740755,desalination water energy nexus sustainability,2026-07-24T11:50:49.158161+00:00,Elsevier Scopus bibliographic metadata
"Integrated HTO@fiber interfacial evaporator for concurrent photovoltaic cooling, lithium extraction, and desalination",He Q.,2026,10.1016/j.desal.2025.119820,scopus:10.1016/j.desal.2025.119820,Scopus,,Desalination,https://api.elsevier.com/content/abstract/scopus_id/105026576303,desalination water energy nexus sustainability,2026-07-24T11:50:49.158168+00:00,Elsevier Scopus bibliographic metadata
Integrated solar desalination technologies for energy-efficient water treatment: a comprehensive review,Al Qassabi N.N.A.,2026,10.1007/s10973-026-15768-x,scopus:10.1007/s10973-026-15768-x,Scopus,,Journal of Thermal Analysis and Calorimetry,https://api.elsevier.com/content/abstract/scopus_id/105044317760,desalination water energy nexus sustainability,2026-07-24T11:50:49.158209+00:00,Elsevier Scopus bibliographic metadata
Mechanistic modeling and thermo-economic analysis of phase change material-enhanced solar-powered membrane-based humidification-dehumidification desalination system,Dong C.,2026,10.1016/j.energy.2026.141313,scopus:10.1016/j.energy.2026.141313,Scopus,,Energy,https://api.elsevier.com/content/abstract/scopus_id/105038865662,desalination water energy nexus sustainability,2026-07-24T11:50:49.158130+00:00,Elsevier Scopus bibliographic metadata
Multi-Criteria Decision Analysis of Water–Energy Strategies for Sustainability,Song Z.,2026,10.1007/s11269-025-04419-9,scopus:10.1007/s11269-025-04419-9,Scopus,,Water Resources Management,https://api.elsevier.com/content/abstract/scopus_id/105029978004,desalination water energy nexus sustainability,2026-07-24T11:50:49.158195+00:00,Elsevier Scopus bibliographic metadata
NAVIGATING THE WATER-ENERGY-FOOD NEXUS: ENVIRONMENTAL AND ECONOMIC FOOTPRINTS OF IRRIGATION TECHNOLOGIES IN JORDAN,Darwish M.,2026,10.26480/wcm.02.2026.340.345,scopus:10.26480/wcm.02.2026.340.345,Scopus,,Water Conservation and Management,https://api.elsevier.com/content/abstract/scopus_id/105042594020,desalination water energy nexus sustainability,2026-07-24T11:50:49.158220+00:00,Elsevier Scopus bibliographic metadata
Photothermal chemistry for environmental sustainability,Wu P.,2026,10.1016/j.trechm.2026.01.001,scopus:10.1016/j.trechm.2026.01.001,Scopus,,Trends in Chemistry,https://api.elsevier.com/content/abstract/scopus_id/105031088851,desalination water energy nexus sustainability,2026-07-24T11:50:49.158179+00:00,Elsevier Scopus bibliographic metadata
Process intensification of multistage freeze desalination for high-salinity brines utilizing LNG cryogenic energy: Advancing the water-energy nexus,Sahu P.,2026,10.1016/j.cep.2025.110677,scopus:10.1016/j.cep.2025.110677,Scopus,,Chemical Engineering and Processing Process Intensification,https://api.elsevier.com/content/abstract/scopus_id/105027253965,desalination water energy nexus sustainability,2026-07-24T11:50:49.158186+00:00,Elsevier Scopus bibliographic metadata
Quantifying the environmental trade-offs of large-scale seawater desalination: a nexus of water-energy-ecology,Mohammadi Jouzdani S.,2026,10.2166/wpt.2026.304,scopus:10.2166/wpt.2026.304,Scopus,,Water Practice and Technology,https://api.elsevier.com/content/abstract/scopus_id/105043937466,desalination water energy nexus sustainability,2026-07-24T11:50:49.158145+00:00,Elsevier Scopus bibliographic metadata
"Sustainable Co-production of water, energy, and hydrogen: Holistic multi-objective optimization of a hybrid PV-wind-battery-h2-reverse osmosis desalination plant",Ayaz M.,2026,10.1016/j.ijhydene.2026.154472,scopus:10.1016/j.ijhydene.2026.154472,Scopus,,International Journal of Hydrogen Energy,https://api.elsevier.com/content/abstract/scopus_id/105034271778,desalination water energy nexus sustainability,2026-07-24T11:50:49.158164+00:00,Elsevier Scopus bibliographic metadata
Sustainable membranes from industrial waste valorization for microbial electrochemical desalination systems,Sen H.,2026,10.1016/j.chemosphere.2025.144808,scopus:10.1016/j.chemosphere.2025.144808,Scopus,,Chemosphere,https://api.elsevier.com/content/abstract/scopus_id/105025883877,desalination water energy nexus sustainability,2026-07-24T11:50:49.158198+00:00,Elsevier Scopus bibliographic metadata
"Synergistic trigeneration of hydrogen, electricity, and freshwater using a small modular supercritical CO2 fast reactor",Dehghani F.,2026,10.1088/2516-1083/ae7f66,scopus:10.1088/2516-1083/ae7f66,Scopus,,Progress in Energy,https://api.elsevier.com/content/abstract/scopus_id/105044209476,desalination water energy nexus sustainability,2026-07-24T11:50:49.158105+00:00,Elsevier Scopus bibliographic metadata
The Feasibility of using wave energy in desalination plant case study of the AL Ghubrah reverse osmosis desalination plant,Shehhi F.A.,2026,10.1109/ICSEDI66420.2026.11568366,scopus:10.1109/ICSEDI66420.2026.11568366,Scopus,,2026 International Conference on Sustainable Engineering and Digital Innovation Icsedi 2026,https://api.elsevier.com/content/abstract/scopus_id/105044238661,desalination water energy nexus sustainability,2026-07-24T11:50:49.158217+00:00,Elsevier Scopus bibliographic metadata
"Water, Energy, and Food Security Nexus",Jamali M.,2026,10.1002/9781394248087.ch3,scopus:10.1002/9781394248087.ch3,Scopus,,Global Nexus Handbook Volume 1 3,https://api.elsevier.com/content/abstract/scopus_id/105032637269,desalination water energy nexus sustainability,2026-07-24T11:50:49.158206+00:00,Elsevier Scopus bibliographic metadata
"Water stress, agricultural efficiency, energy use, and CO₂ emissions: evidence from GCC countries",Ben Mbarek N.,2026,10.1007/s44447-026-00167-3,scopus:10.1007/s44447-026-00167-3,Scopus,,Journal of the Saudi Society of Agricultural Sciences,https://api.elsevier.com/content/abstract/scopus_id/105037525353,desalination water energy nexus sustainability,2026-07-24T11:50:49.158150+00:00,Elsevier Scopus bibliographic metadata
"A review of fundamentals, challenges, prospects, and emerging trends in hydrate-based desalination",Jalili A.,2025,10.1038/s41545-025-00484-0,scopus:10.1038/s41545-025-00484-0,Scopus,,Npj Clean Water,https://api.elsevier.com/content/abstract/scopus_id/105007683009,desalination water energy nexus sustainability,2026-07-24T11:50:49.158228+00:00,Elsevier Scopus bibliographic metadata
Towards sustainability for water-agriculture-energy-ecosystems nexus with interconnected uncertainty: A vine copula-based fixed-mix stochastic programming method,Zhou Y.,2025,10.1016/j.agwat.2025.109892,scopus:10.1016/j.agwat.2025.109892,Scopus,,Agricultural Water Management,https://api.elsevier.com/content/abstract/scopus_id/105021209844,desalination water energy nexus sustainability,2026-07-24T11:50:49.158224+00:00,Elsevier Scopus bibliographic metadata
How Far from the Shore? Federated Maritime Intelligence for Autonomous Ship and Harbor Maneuvering,Miller T.,2026,10.3390/app16126210,scopus:10.3390/app16126210,Scopus,,Applied Sciences Switzerland,https://api.elsevier.com/content/abstract/scopus_id/105042899924,maritime infrastructure cyber physical systems digital twin,2026-07-24T11:50:56.585802+00:00,Elsevier Scopus bibliographic metadata
Digital Twin Technologies for Vehicular Prototyping: A Survey,Kabir M.R.,2025,10.1109/OJITS.2025.3562504,scopus:10.1109/OJITS.2025.3562504,Scopus,,IEEE Open Journal of Intelligent Transportation Systems,https://api.elsevier.com/content/abstract/scopus_id/105002859545,maritime infrastructure cyber physical systems digital twin,2026-07-24T11:50:56.585836+00:00,Elsevier Scopus bibliographic metadata
Intelligent Maritime Shipping: A Bibliometric Analysis of Internet Technologies and Automated Port Infrastructure Applications,Zou Y.,2025,10.3390/jmse13050979,scopus:10.3390/jmse13050979,Scopus,,Journal of Marine Science and Engineering,https://api.elsevier.com/content/abstract/scopus_id/105006840718,maritime infrastructure cyber physical systems digital twin,2026-07-24T11:50:56.585832+00:00,Elsevier Scopus bibliographic metadata
International Dimension of Critical Infrastructure Resilience: Challenges of the Mediterranean Security Environment,Čaleta D.,2025,10.70908/2232-6022/18.177-205,scopus:10.70908/2232-6022/18.177-205,Scopus,,International Journal of Euro Mediterranean Studies,https://api.elsevier.com/content/abstract/scopus_id/105033712644,maritime infrastructure cyber physical systems digital twin,2026-07-24T11:50:56.585826+00:00,Elsevier Scopus bibliographic metadata
"6th International Conference on HCI for Cybersecurity, Privacy and Trust, HCI-CPT 2024, held as Part of the 26th HCI International Conference, HCII 2024",Unknown,2024,,scopus:https://api.elsevier.com/content/abstract/scopus_id/85195833423,Scopus,,Lecture Notes in Computer Science Including Subseries Lecture Notes in Artificial Intelligence and Lecture Notes in Bioinformatics,https://api.elsevier.com/content/abstract/scopus_id/85195833423,maritime infrastructure cyber physical systems digital twin,2026-07-24T11:50:56.585843+00:00,Elsevier Scopus bibliographic metadata
"8th International Conference on Civil, Structural and Transportation Engineering, ICCSTE 2023",Unknown,2023,,scopus:https://api.elsevier.com/content/abstract/scopus_id/85169107141,Scopus,,International Conference on Civil Structural and Transportation Engineering,https://api.elsevier.com/content/abstract/scopus_id/85169107141,maritime infrastructure cyber physical systems digital twin,2026-07-24T11:50:56.585885+00:00,Elsevier Scopus bibliographic metadata
MaCySTe: A virtual testbed for maritime cybersecurity,Longo G.,2023,10.1016/j.softx.2023.101426,scopus:10.1016/j.softx.2023.101426,Scopus,,Softwarex,https://api.elsevier.com/content/abstract/scopus_id/85161636497,maritime infrastructure cyber physical systems digital twin,2026-07-24T11:50:56.585856+00:00,Elsevier Scopus bibliographic metadata
Simulation-driven engineering for the management of harmful algal and cyanobacterial blooms,Risco-Martín J.L.,2023,10.1177/00375497231184246,scopus:10.1177/00375497231184246,Scopus,,Simulation,https://api.elsevier.com/content/abstract/scopus_id/85164465233,maritime infrastructure cyber physical systems digital twin,2026-07-24T11:50:56.585852+00:00,Elsevier Scopus bibliographic metadata
TwinPot: Digital Twin-assisted Honeypot for Cyber-Secure Smart Seaports,Yigit Y.,2023,10.1109/ICCWorkshops57953.2023.10283756,scopus:10.1109/ICCWorkshops57953.2023.10283756,Scopus,,2023 IEEE International Conference on Communications Workshops Sustainable Communications for Renaissance Icc Workshops 2023,https://api.elsevier.com/content/abstract/scopus_id/85174796946,maritime infrastructure cyber physical systems digital twin,2026-07-24T11:50:56.585878+00:00,Elsevier Scopus bibliographic metadata
Hybrid locomotion robot with semantic guided point cloud reconstruction for marine environments,Wang Z.,2026,10.1016/j.eswa.2026.132350,scopus:10.1016/j.eswa.2026.132350,Scopus,,Expert Systems with Applications,https://api.elsevier.com/content/abstract/scopus_id/105034746188,offshore robotics marine monitoring autonomous systems,2026-07-24T11:50:57.382913+00:00,Elsevier Scopus bibliographic metadata
Underwater Image Enhancement Method via Channel Variance and Axial Difference Convolution,Wen X.,2026,10.3788/LOP251940,scopus:10.3788/LOP251940,Scopus,,Laser and Optoelectronics Progress,https://api.elsevier.com/content/abstract/scopus_id/105039950425,offshore robotics marine monitoring autonomous systems,2026-07-24T11:50:57.382936+00:00,Elsevier Scopus bibliographic metadata
ACAMR: AI-Enabled Communication Algorithm in ROS to Improve Mobile Robot Connectivity in Internet of Robotic Things for AMVs,Sharma U.,2025,10.1007/s10846-025-02269-6,scopus:10.1007/s10846-025-02269-6,Scopus,,Journal of Intelligent and Robotic Systems Theory and Applications,https://api.elsevier.com/content/abstract/scopus_id/105007307166,offshore robotics marine monitoring autonomous systems,2026-07-24T11:50:57.382949+00:00,Elsevier Scopus bibliographic metadata
Integrated Fixed and Mobile Devices for CCS Monitoring-Baseline Campaign Results,Bruni F.,2025,10.2523/IPTC-24798-MS,scopus:10.2523/IPTC-24798-MS,Scopus,,International Petroleum Technology Conference Iptc 2025,https://api.elsevier.com/content/abstract/scopus_id/86000023351,offshore robotics marine monitoring autonomous systems,2026-07-24T11:50:57.382955+00:00,Elsevier Scopus bibliographic metadata
Real-Time Vision–Language Analysis for Autonomous Underwater Drones: A Cloud–Edge Framework Using Qwen2.5-VL,Li W.,2025,10.3390/drones9090605,scopus:10.3390/drones9090605,Scopus,,Drones,https://api.elsevier.com/content/abstract/scopus_id/105017964312,offshore robotics marine monitoring autonomous systems,2026-07-24T11:50:57.382942+00:00,Elsevier Scopus bibliographic metadata
Cooperative Navigation and Control of Multiple Autonomous Marine Vehicles using Bimodal Acoustic/Optical Communication Networks,Bettencourt M.,2024,10.1109/OCEANS51537.2024.10682241,scopus:10.1109/OCEANS51537.2024.10682241,Scopus,,Oceans Conference Record IEEE,https://api.elsevier.com/content/abstract/scopus_id/85206486263,offshore robotics marine monitoring autonomous systems,2026-07-24T11:50:57.382959+00:00,Elsevier Scopus bibliographic metadata
"Deep dive into underwater sensor networks (UWSNs): Architecture, protocols, challenges, applications, and security",Sisodia A.,2024,10.1201/9781003528982-18,scopus:10.1201/9781003528982-18,Scopus,,Wireless Ad Hoc and Sensor Networks Architecture Protocols and Applications,https://api.elsevier.com/content/abstract/scopus_id/85209861130,offshore robotics marine monitoring autonomous systems,2026-07-24T11:50:57.382963+00:00,Elsevier Scopus bibliographic metadata
Robotic Data Recovery from Seabed with Optical High-Bandwidth Communication from a Deep-Sea Lander,Almeida J.,2024,10.1109/OCEANS51537.2024.10682338,scopus:10.1109/OCEANS51537.2024.10682338,Scopus,,Oceans Conference Record IEEE,https://api.elsevier.com/content/abstract/scopus_id/85206434058,offshore robotics marine monitoring autonomous systems,2026-07-24T11:50:57.382966+00:00,Elsevier Scopus bibliographic metadata
Exploring the Advantages of a Simulation-Based Mission Planning for Underwater Robotics,Cannarsa F.,2023,10.1109/MetroSea58055.2023.10317565,scopus:10.1109/MetroSea58055.2023.10317565,Scopus,,2023 IEEE International Workshop on Metrology for the Sea Learning to Measure Sea Health Parameters Metrosea 2023 Proceedings,https://api.elsevier.com/content/abstract/scopus_id/85179754430,offshore robotics marine monitoring autonomous systems,2026-07-24T11:50:57.382970+00:00,Elsevier Scopus bibliographic metadata
Location-Based Symmetric Key Management,Téglásy B.Z.,2023,,scopus:https://api.elsevier.com/content/abstract/scopus_id/85187649072,Scopus,,Underwater Acoustic Conference and Exhibition Series,https://api.elsevier.com/content/abstract/scopus_id/85187649072,offshore robotics marine monitoring autonomous systems,2026-07-24T11:50:57.382977+00:00,Elsevier Scopus bibliographic metadata
MODULAR COLLISION AVOIDANCE USING PREDICTIVE SAFETY FILTERS,Vaaler A.,2023,10.1115/OMAE2023-103740,scopus:10.1115/OMAE2023-103740,Scopus,,Proceedings of the International Conference on Offshore Mechanics and Arctic Engineering OMAE,https://api.elsevier.com/content/abstract/scopus_id/85174050495,offshore robotics marine monitoring autonomous systems,2026-07-24T11:50:57.382974+00:00,Elsevier Scopus bibliographic metadata
Autonomous underwater acoustic localization through multiple unmanned surface vehicle,Hung C.T.,2022,10.1109/OCEANS47191.2022.9977104,scopus:10.1109/OCEANS47191.2022.9977104,Scopus,,Oceans Conference Record IEEE,https://api.elsevier.com/content/abstract/scopus_id/85145771994,offshore robotics marine monitoring autonomous systems,2026-07-24T11:50:57.382985+00:00,Elsevier Scopus bibliographic metadata
Development of a prototype autonomous inspection robot for offshore riser cables,Gotts C.,2022,10.1016/j.oceaneng.2022.111485,scopus:10.1016/j.oceaneng.2022.111485,Scopus,,Ocean Engineering,https://api.elsevier.com/content/abstract/scopus_id/85131711558,offshore robotics marine monitoring autonomous systems,2026-07-24T11:50:57.382981+00:00,Elsevier Scopus bibliographic metadata
Extended Deployment of an Automated Coastal Environment Monitoring System,Bennett K.,2022,10.1109/OCEANS47191.2022.9977108,scopus:10.1109/OCEANS47191.2022.9977108,Scopus,,Oceans Conference Record IEEE,https://api.elsevier.com/content/abstract/scopus_id/85145782559,offshore robotics marine monitoring autonomous systems,2026-07-24T11:50:57.382989+00:00,Elsevier Scopus bibliographic metadata
A kinetic simulator for distributed mechanically linked marine vehicles,Köster T.,2021,10.1016/j.ifacol.2021.10.103,scopus:10.1016/j.ifacol.2021.10.103,Scopus,,IFAC Papersonline,https://api.elsevier.com/content/abstract/scopus_id/85120893714,offshore robotics marine monitoring autonomous systems,2026-07-24T11:50:57.383008+00:00,Elsevier Scopus bibliographic metadata
Autonomous marine robot based on ai recognition for permanent surveillance in marine protected areas,Molina-Molina J.C.,2021,10.3390/s21082664,scopus:10.3390/s21082664,Scopus,,Sensors,https://api.elsevier.com/content/abstract/scopus_id/85103861817,offshore robotics marine monitoring autonomous systems,2026-07-24T11:50:57.382992+00:00,Elsevier Scopus bibliographic metadata
Marine and Maritime Intelligent Robotics (MIR),Marxer R.,2021,10.23919/OCEANS44145.2021.9706122,scopus:10.23919/OCEANS44145.2021.9706122,Scopus,,Oceans Conference Record IEEE,https://api.elsevier.com/content/abstract/scopus_id/85125925468,offshore robotics marine monitoring autonomous systems,2026-07-24T11:50:57.383000+00:00,Elsevier Scopus bibliographic metadata
Multi-domain inspection of offshore wind farms using an autonomous surface vehicle,Campos D.F.,2021,10.1007/s42452-021-04451-5,scopus:10.1007/s42452-021-04451-5,Scopus,,SN Applied Sciences,https://api.elsevier.com/content/abstract/scopus_id/85102521310,offshore robotics marine monitoring autonomous systems,2026-07-24T11:50:57.382996+00:00,Elsevier Scopus bibliographic metadata
Searay Autonomous Offshore Power System AOPS: Results of Sea Trials and Payload Support Demonstration,Lesemann A.R.,2021,10.4043/31042-MS,scopus:10.4043/31042-MS,Scopus,,Proceedings of the Annual Offshore Technology Conference,https://api.elsevier.com/content/abstract/scopus_id/85149341533,offshore robotics marine monitoring autonomous systems,2026-07-24T11:50:57.383004+00:00,Elsevier Scopus bibliographic metadata
Multi-domain mapping for offshore asset inspection using an autonomous surface vehicle,Campos D.F.,2020,10.1109/ICARSC49921.2020.9096097,scopus:10.1109/ICARSC49921.2020.9096097,Scopus,,2020 IEEE International Conference on Autonomous Robot Systems and Competitions Icarsc 2020,https://api.elsevier.com/content/abstract/scopus_id/85085924916,offshore robotics marine monitoring autonomous systems,2026-07-24T11:50:57.383012+00:00,Elsevier Scopus bibliographic metadata
Autonomous surface vehicles for persistent acoustic monitoring of zooplankton in a highly productive shelf area,Pedersen G.,2019,10.1109/OCEANSE.2019.8867089,scopus:10.1109/OCEANSE.2019.8867089,Scopus,,Oceans 2019 Marseille Oceans Marseille 2019,https://api.elsevier.com/content/abstract/scopus_id/85103688789,offshore robotics marine monitoring autonomous systems,2026-07-24T11:50:57.383015+00:00,Elsevier Scopus bibliographic metadata
"Pulse farmers’ adaptation to climate-induced variability in coastal Bangladesh: Perceptions, strategies, and drivers",Kundu N.D.,2026,10.1016/j.cliser.2026.100646,scopus:10.1016/j.cliser.2026.100646,Scopus,,Climate Services,https://api.elsevier.com/content/abstract/scopus_id/105030532208,smart coastal infrastructure flood risk adaptation,2026-07-24T11:50:59.229903+00:00,Elsevier Scopus bibliographic metadata
Railway Assets Resilience to Climate Change Application of the Smarter and Faster Adaptation EU Strategy,Mullard H.,2026,10.1007/978-3-032-04774-8_83,scopus:10.1007/978-3-032-04774-8_83,Scopus,,Lecture Notes in Mobility,https://api.elsevier.com/content/abstract/scopus_id/105017958427,smart coastal infrastructure flood risk adaptation,2026-07-24T11:50:59.229926+00:00,Elsevier Scopus bibliographic metadata
"Boston Reimagined - A Symphony of Connection, Cooling, and Absorption in the Smart City Era",Vaithilingam S.,2025,10.2174/9789815305548125010007,scopus:10.2174/9789815305548125010007,Scopus,,Cutting Edge Solutions for Advancing Sustainable Development Exploring Technological Horizons for Sustainability Part 1,https://api.elsevier.com/content/abstract/scopus_id/105003619993,smart coastal infrastructure flood risk adaptation,2026-07-24T11:50:59.229937+00:00,Elsevier Scopus bibliographic metadata
"Data-Driven Equitable Planning for Urban Resilience: Innovation, Risk, and Outcomes in Boston, New Orleans, and Norfolk",Rosero K.H.,2025,10.17645/up.10043,scopus:10.17645/up.10043,Scopus,,Urban Planning,https://api.elsevier.com/content/abstract/scopus_id/105022620741,smart coastal infrastructure flood risk adaptation,2026-07-24T11:50:59.229932+00:00,Elsevier Scopus bibliographic metadata
"Beyond the blue economy: indigenous knowledge, resilience, and the social ecologies of small-scale fisheries in the Philippines",Alinsug M.V.,2026,10.1007/s40152-026-00485-w,scopus:10.1007/s40152-026-00485-w,Scopus,,Maritime Studies,https://api.elsevier.com/content/abstract/scopus_id/105031652108,small scale fisheries livelihoods blue economy governance,2026-07-24T11:51:07.162583+00:00,Elsevier Scopus bibliographic metadata
Community-centered approaches to aquaculture in small-scale fisheries,Castillo L.S.,2026,10.1007/s13280-025-02302-w,scopus:10.1007/s13280-025-02302-w,Scopus,,Ambio,https://api.elsevier.com/content/abstract/scopus_id/105025375546,small scale fisheries livelihoods blue economy governance,2026-07-24T11:51:07.162505+00:00,Elsevier Scopus bibliographic metadata
Contested Coastal Governance and Livelihood Transitions: Evidence From Vietnam's Tam Giang-Cau Hai Lagoon,Quynh P.T.N.,2026,10.1111/geoj.70089,scopus:10.1111/geoj.70089,Scopus,,Geographical Journal,https://api.elsevier.com/content/abstract/scopus_id/105039673921,small scale fisheries livelihoods blue economy governance,2026-07-24T11:51:07.162509+00:00,Elsevier Scopus bibliographic metadata
Global assessment of financial mechanisms supporting blue livelihoods and sustainable development in coastal and marine fishing communities,Gorain S.,2026,10.1007/s44289-026-00140-6,scopus:10.1007/s44289-026-00140-6,Scopus,,Discover Oceans,https://api.elsevier.com/content/abstract/scopus_id/105039501653,small scale fisheries livelihoods blue economy governance,2026-07-24T11:51:07.162473+00:00,Elsevier Scopus bibliographic metadata
(In)justice in mega-development projects in Bangladesh: A case study on ensuring blue justice in coastal regions,Farbin T.,2026,10.1016/j.marpol.2026.107187,scopus:10.1016/j.marpol.2026.107187,Scopus,,Marine Policy,https://api.elsevier.com/content/abstract/scopus_id/105041009871,small scale fisheries livelihoods blue economy governance,2026-07-24T11:51:07.162498+00:00,Elsevier Scopus bibliographic metadata
Modeling the Contribution of Traditional Sero Fisheries to Blue Economy Goals: Evidence from Rural Indonesia,Patangngari F.,2026,10.20473/jipk.v18i1.80389,scopus:10.20473/jipk.v18i1.80389,Scopus,,Jurnal Ilmiah Perikanan Dan Kelautan,https://api.elsevier.com/content/abstract/scopus_id/105035171574,small scale fisheries livelihoods blue economy governance,2026-07-24T11:51:07.162587+00:00,Elsevier Scopus bibliographic metadata
Temporal and seasonal influences concerning the carbon footprint of pelagic fisheries,Syamdidi,2026,10.22034/gjesm.2026.03.08,scopus:10.22034/gjesm.2026.03.08,Scopus,,Global Journal of Environmental Science and Management,https://api.elsevier.com/content/abstract/scopus_id/105040960884,small scale fisheries livelihoods blue economy governance,2026-07-24T11:51:07.162513+00:00,Elsevier Scopus bibliographic metadata
Transition pathways from vulnerability to viability of small-scale fisheries in Africa and Asia,Muhl E.K.,2026,10.1002/pan3.70305,scopus:10.1002/pan3.70305,Scopus,,People and Nature,https://api.elsevier.com/content/abstract/scopus_id/105035184947,small scale fisheries livelihoods blue economy governance,2026-07-24T11:51:07.162517+00:00,Elsevier Scopus bibliographic metadata
"Net gains or enmeshed losses? Mangrove fishing transformations among the Balanta across coastal Guinea-Bissau, West Africa",Keleman P.J.,2025,10.1007/s40152-025-00453-w,scopus:10.1007/s40152-025-00453-w,Scopus,,Maritime Studies,https://api.elsevier.com/content/abstract/scopus_id/105019537553,small scale fisheries livelihoods blue economy governance,2026-07-24T11:51:07.162598+00:00,Elsevier Scopus bibliographic metadata
THE ROLE OF COASTAL FISHERIES INFRASTRUCTURE IN ENHANCING FOOD SECURITY: A CASE STUDY OF MAYANGAN PORT,Rahayu T.,2025,10.18697/ajfand.143.25725,scopus:10.18697/ajfand.143.25725,Scopus,,African Journal of Food Agriculture Nutrition and Development,https://api.elsevier.com/content/abstract/scopus_id/105015087274,small scale fisheries livelihoods blue economy governance,2026-07-24T11:51:07.162602+00:00,Elsevier Scopus bibliographic metadata
Indigenous self-determination in fisheries governance: implications from New Zealand and Atlantic Canada,Bodwitch H.,2024,10.3389/fmars.2024.1297975,scopus:10.3389/fmars.2024.1297975,Scopus,,Frontiers in Marine Science,https://api.elsevier.com/content/abstract/scopus_id/85198071591,small scale fisheries livelihoods blue economy governance,2026-07-24T11:51:07.162605+00:00,Elsevier Scopus bibliographic metadata
Policy gaps in the East African Blue economy: Perspectives of small-scale fishers on port development in Kenya and Tanzania,Thoya P.,2022,10.3389/fmars.2022.933111,scopus:10.3389/fmars.2022.933111,Scopus,,Frontiers in Marine Science,https://api.elsevier.com/content/abstract/scopus_id/85138004841,small scale fisheries livelihoods blue economy governance,2026-07-24T11:51:07.162609+00:00,Elsevier Scopus bibliographic metadata
The vital roles of blue foods in the global food system,Tigchelaar M.,2022,10.1016/j.gfs.2022.100637,scopus:10.1016/j.gfs.2022.100637,Scopus,,Global Food Security,https://api.elsevier.com/content/abstract/scopus_id/85128367843,small scale fisheries livelihoods blue economy governance,2026-07-24T11:51:07.162613+00:00,Elsevier Scopus bibliographic metadata
From conversion to conservation to carbon: The changing policy discourse on mangrove governance and use in the Philippines,Song A.M.,2021,10.1016/j.jrurstud.2021.01.008,scopus:10.1016/j.jrurstud.2021.01.008,Scopus,,Journal of Rural Studies,https://api.elsevier.com/content/abstract/scopus_id/85100110148,small scale fisheries livelihoods blue economy governance,2026-07-24T11:51:07.162617+00:00,Elsevier Scopus bibliographic metadata
Marine Social Science for the Peopled Seas,Bennett N.J.,2019,10.1080/08920753.2019.1564958,scopus:10.1080/08920753.2019.1564958,Scopus,,Coastal Management,https://api.elsevier.com/content/abstract/scopus_id/85060672316,small scale fisheries livelihoods blue economy governance,2026-07-24T11:51:07.162620+00:00,Elsevier Scopus bibliographic metadata
Securing a just space for small-scale fisheries in the blue economy,Cohen P.J.,2019,10.3389/fmars.2019.00171,scopus:10.3389/fmars.2019.00171,Scopus,,Frontiers in Marine Science,https://api.elsevier.com/content/abstract/scopus_id/85065407698,small scale fisheries livelihoods blue economy governance,2026-07-24T11:51:07.162624+00:00,Elsevier Scopus bibliographic metadata
"A multi-dimensional sustainability assessment of marine protected area management in Jemur Island on the Malacca Strait, Indonesia",Warningsih T.,2026,10.13057/biodiv/d270140,scopus:10.13057/biodiv/d270140,Scopus,,Biodiversitas,https://api.elsevier.com/content/abstract/scopus_id/105034699705,fisheries management sustainability marine protected areas,2026-07-24T11:51:07.966993+00:00,Elsevier Scopus bibliographic metadata
A quantitative risk assessment approach for longline fishing gear impacts on seafloor habitats,Doherty B.,2026,10.1093/icesjms/fsag037,scopus:10.1093/icesjms/fsag037,Scopus,,ICES Journal of Marine Science,https://api.elsevier.com/content/abstract/scopus_id/105037929591,fisheries management sustainability marine protected areas,2026-07-24T11:51:07.966960+00:00,Elsevier Scopus bibliographic metadata
Assessment of enforcement strategy highlights opportunities for more effective deterrence in a large-scale no-take MPA,Kerry C.,2026,10.1093/icesjms/fsag034,scopus:10.1093/icesjms/fsag034,Scopus,,ICES Journal of Marine Science,https://api.elsevier.com/content/abstract/scopus_id/105033041465,fisheries management sustainability marine protected areas,2026-07-24T11:51:07.966968+00:00,Elsevier Scopus bibliographic metadata
"Between vulnerable and sustainable: an assessment on livelihood of fishermen in Bintan Island, Indonesia",Sodri A.,2026,10.1016/j.marpolbul.2025.119018,scopus:10.1016/j.marpolbul.2025.119018,Scopus,,Marine Pollution Bulletin,https://api.elsevier.com/content/abstract/scopus_id/105022068344,fisheries management sustainability marine protected areas,2026-07-24T11:51:07.966984+00:00,Elsevier Scopus bibliographic metadata
Contribution of Marine Protected Areas (MPAs) towards ecosystem services and fisheries: An experts’ perspective from Mediterranean MPAs,Boubekri I.,2026,10.1016/j.ocecoaman.2025.108061,scopus:10.1016/j.ocecoaman.2025.108061,Scopus,,Ocean and Coastal Management,https://api.elsevier.com/content/abstract/scopus_id/105029678342,fisheries management sustainability marine protected areas,2026-07-24T11:51:07.966972+00:00,Elsevier Scopus bibliographic metadata
Ecological and economic outcomes of area-based conservation and sustainable fisheries management in the Mediterranean Sea,Castro-Cadenas M.D.,2026,10.1007/s11160-026-10044-5,scopus:10.1007/s11160-026-10044-5,Scopus,,Reviews in Fish Biology and Fisheries,https://api.elsevier.com/content/abstract/scopus_id/105033788330,fisheries management sustainability marine protected areas,2026-07-24T11:51:07.966893+00:00,Elsevier Scopus bibliographic metadata
Economic development and ocean sustainability: the Northeast Asian perspective,Yoon I.J.,2026,10.4337/9781035322596.00022,scopus:10.4337/9781035322596.00022,Scopus,,Handbook on Economic Growth and the Environment,https://api.elsevier.com/content/abstract/scopus_id/105037100286,fisheries management sustainability marine protected areas,2026-07-24T11:51:07.967004+00:00,Elsevier Scopus bibliographic metadata
Economically Synchronized Protection of Coastal and Marine Ecosystems Using an Action Impact Matrix: Advancing a Sustainable Blue Economy in South Asia,Guruge T.P.S.R.,2026,10.1007/978-3-032-19927-0_102,scopus:10.1007/978-3-032-19927-0_102,Scopus,,Handbook of Sustainable Blue Economy,https://api.elsevier.com/content/abstract/scopus_id/105043009184,fisheries management sustainability marine protected areas,2026-07-24T11:51:07.967019+00:00,Elsevier Scopus bibliographic metadata
Identifying priority areas for marine protection in Europe to support fisheries,Abinaya R.,2026,10.1038/s44183-025-00176-9,scopus:10.1038/s44183-025-00176-9,Scopus,,Npj Ocean Sustainability,https://api.elsevier.com/content/abstract/scopus_id/105028097481,fisheries management sustainability marine protected areas,2026-07-24T11:51:07.966916+00:00,Elsevier Scopus bibliographic metadata
"Integrated land–sea spatial planning for disaster risk reduction in Tanah Laut Regency, South Kalimantan, Indonesia",Setiawan K.P.,2026,10.1093/inteam/vjag035,scopus:10.1093/inteam/vjag035,Scopus,,Integrated Environmental Assessment and Management,https://api.elsevier.com/content/abstract/scopus_id/105043869118,fisheries management sustainability marine protected areas,2026-07-24T11:51:07.966927+00:00,Elsevier Scopus bibliographic metadata
Integrating benthic ecological status and spatial planning to guide sustainable bottom-contacting fisheries in the Eastern Mediterranean,Tsikopoulou I.,2026,10.3389/fmars.2026.1769853,scopus:10.3389/fmars.2026.1769853,Scopus,,Frontiers in Marine Science,https://api.elsevier.com/content/abstract/scopus_id/105032673966,fisheries management sustainability marine protected areas,2026-07-24T11:51:07.967011+00:00,Elsevier Scopus bibliographic metadata
Marine protected areas and global marine sustainability: an empirical study using the Pressure–State–Response framework,Kim D.E.,2026,10.1017/S1355770X2610045X,scopus:10.1017/S1355770X2610045X,Scopus,,Environment and Development Economics,https://api.elsevier.com/content/abstract/scopus_id/105031582392,fisheries management sustainability marine protected areas,2026-07-24T11:51:07.966996+00:00,Elsevier Scopus bibliographic metadata
"Marine Sustainability in the Era of SDGs: Progress, Challenges, and Future Directions",Kumar R.,2026,10.1007/978-3-032-13638-1_19,scopus:10.1007/978-3-032-13638-1_19,Scopus,,World Sustainability Series,https://api.elsevier.com/content/abstract/scopus_id/105029792240,fisheries management sustainability marine protected areas,2026-07-24T11:51:07.967008+00:00,Elsevier Scopus bibliographic metadata
Offshore fossil fuel extraction and marine conservation: intensifying regulatory challenges in Australia,M Rutherford J.,2026,10.1007/s11852-026-01216-3,scopus:10.1007/s11852-026-01216-3,Scopus,,Journal of Coastal Conservation,https://api.elsevier.com/content/abstract/scopus_id/105040928848,fisheries management sustainability marine protected areas,2026-07-24T11:51:07.966939+00:00,Elsevier Scopus bibliographic metadata
"Overexploitation of the Atlantic Sharpnose Shark (Rhizoprionodon terraenovae) in Marine Priority Regions of Tamaulipas, Mexico: Implications for Wetland Conservation and Data-Limited Fisheries Management",Rodríguez-Castro J.H.,2026,10.3390/fishes11050268,scopus:10.3390/fishes11050268,Scopus,,Fishes,https://api.elsevier.com/content/abstract/scopus_id/105039982283,fisheries management sustainability marine protected areas,2026-07-24T11:51:07.966949+00:00,Elsevier Scopus bibliographic metadata
Participatory approaches to improving recreational fisheries management in a remote island system,Collins C.,2026,10.1111/csp2.70065,scopus:10.1111/csp2.70065,Scopus,,Conservation Science and Practice,https://api.elsevier.com/content/abstract/scopus_id/105007699684,fisheries management sustainability marine protected areas,2026-07-24T11:51:07.966964+00:00,Elsevier Scopus bibliographic metadata
Scenarios of marine nature-based solutions and sustainable seafood harvesting in a future climate,Peck M.A.,2026,10.1016/j.nbsj.2026.100357,scopus:10.1016/j.nbsj.2026.100357,Scopus,,Nature Based Solutions,https://api.elsevier.com/content/abstract/scopus_id/105044435866,fisheries management sustainability marine protected areas,2026-07-24T11:51:07.966923+00:00,Elsevier Scopus bibliographic metadata
Spatially explicit conservation planning for reef fish: mapping ontogenetic habitat hotspots to guide reserve design in the southern Penghu Islands,Wen C.K.C.,2026,10.1071/PC25076,scopus:10.1071/PC25076,Scopus,,Pacific Conservation Biology,https://api.elsevier.com/content/abstract/scopus_id/105039189321,fisheries management sustainability marine protected areas,2026-07-24T11:51:07.966945+00:00,Elsevier Scopus bibliographic metadata
"Status, Constraints, and Potential of Fishing Reserves for Effective Conservation and Fisheries Management in Mauritius Island",Emrith V.,2026,10.1007/978-3-032-19927-0_119,scopus:10.1007/978-3-032-19927-0_119,Scopus,,Handbook of Sustainable Blue Economy,https://api.elsevier.com/content/abstract/scopus_id/105043153747,fisheries management sustainability marine protected areas,2026-07-24T11:51:07.967000+00:00,Elsevier Scopus bibliographic metadata
"Systematic conservation planning for pelagic fish habitats in the Sulawesi Sea, Indonesia",Hakim A.,2026,10.13057/biodiv/d270513,scopus:10.13057/biodiv/d270513,Scopus,,Biodiversitas,https://api.elsevier.com/content/abstract/scopus_id/105041279381,fisheries management sustainability marine protected areas,2026-07-24T11:51:07.966953+00:00,Elsevier Scopus bibliographic metadata
The impact of blue economy on sustainable development: An empirical study of BRICS nations,Mohanty R.,2026,10.1016/j.aquaculture.2026.743678,scopus:10.1016/j.aquaculture.2026.743678,Scopus,,Aquaculture,https://api.elsevier.com/content/abstract/scopus_id/105028479648,fisheries management sustainability marine protected areas,2026-07-24T11:51:07.966957+00:00,Elsevier Scopus bibliographic metadata
The Importance of Oceans in Achieving Global Sustainability,Ghosh O.,2026,10.4018/979-8-3373-5881-9.ch003,scopus:10.4018/979-8-3373-5881-9.ch003,Scopus,,Smart Technologies for Ocean Conservation Innovations in the Protection and Sustainable Use of the Seas,https://api.elsevier.com/content/abstract/scopus_id/105032589151,fisheries management sustainability marine protected areas,2026-07-24T11:51:07.967015+00:00,Elsevier Scopus bibliographic metadata
"The Vulnerable European spiny lobster Palinurus elephas (Fabricius, 1787): A body-size based and fishery study from NW Aegean Sea, Greece",Kampouris T.E.,2026,10.1016/j.rsma.2026.105221,scopus:10.1016/j.rsma.2026.105221,Scopus,,Regional Studies in Marine Science,https://api.elsevier.com/content/abstract/scopus_id/105044067046,fisheries management sustainability marine protected areas,2026-07-24T11:51:07.966935+00:00,Elsevier Scopus bibliographic metadata
"To GRaB or not to GRaB: a citizen science-based, decision-making index to assess the biological implications of lost fishing gears retrieval",Roveta C.,2026,10.1016/j.ocecoaman.2025.108072,scopus:10.1016/j.ocecoaman.2025.108072,Scopus,,Ocean and Coastal Management,https://api.elsevier.com/content/abstract/scopus_id/105027148201,fisheries management sustainability marine protected areas,2026-07-24T11:51:07.966989+00:00,Elsevier Scopus bibliographic metadata
Towards improved ecosystem service assessments in marine systems: A systematic review and evaluation of effectiveness,Socrate J.,2026,10.1007/s13280-025-02299-2,scopus:10.1007/s13280-025-02299-2,Scopus,,Ambio,https://api.elsevier.com/content/abstract/scopus_id/105021253653,fisheries management sustainability marine protected areas,2026-07-24T11:51:07.966931+00:00,Elsevier Scopus bibliographic metadata
Social licence to operate: Insights from a combined citizen-stakeholder survey of fish farming in the Finnish Baltic Sea,Salo M.,2025,10.1016/j.aquaculture.2025.742573,scopus:10.1016/j.aquaculture.2025.742573,Scopus,,Aquaculture,https://api.elsevier.com/content/abstract/scopus_id/105005275793,aquaculture social licence environmental impact governance,2026-07-24T11:51:08.675047+00:00,Elsevier Scopus bibliographic metadata
Enabling Indigenous innovations to re-centre social licence to operate in the Blue Economy,Lyons P.,2023,10.1016/j.marpol.2022.105384,scopus:10.1016/j.marpol.2022.105384,Scopus,,Marine Policy,https://api.elsevier.com/content/abstract/scopus_id/85141478210,aquaculture social licence environmental impact governance,2026-07-24T11:51:08.675070+00:00,Elsevier Scopus bibliographic metadata
Certification: implementation challenges in private–social partnerships,Vince J.,2019,10.4337/9781788978583.00017,scopus:10.4337/9781788978583.00017,Scopus,,Collaboration in Public Service Delivery Promise and Pitfalls,https://api.elsevier.com/content/abstract/scopus_id/85097941871,aquaculture social licence environmental impact governance,2026-07-24T11:51:08.675076+00:00,Elsevier Scopus bibliographic metadata
History matters: societal acceptance of deep-sea mining and incipient conflicts in Papua New Guinea,van Putten E.I.,2023,10.1007/s40152-023-00318-0,scopus:10.1007/s40152-023-00318-0,Scopus,,Maritime Studies,https://api.elsevier.com/content/abstract/scopus_id/85163888357,seabed mining governance environmental impact social licence,2026-07-24T11:51:16.475840+00:00,Elsevier Scopus bibliographic metadata
A Comprehensive Benefit Evaluation of Offshore Wind–Fishery Integration Projects from a Sustainable Development Perspective: Evidence from China,Fang Z.,2026,10.3390/su18052367,scopus:10.3390/su18052367,Scopus,,Sustainability Switzerland,https://api.elsevier.com/content/abstract/scopus_id/105032703819,offshore wind energy marine spatial planning governance,2026-07-24T11:51:24.278294+00:00,Elsevier Scopus bibliographic metadata
Bringing the Blue Economy into Marine Spatial Planning in Brazil,Santos T.,2026,10.1007/978-3-032-19927-0_54,scopus:10.1007/978-3-032-19927-0_54,Scopus,,Handbook of Sustainable Blue Economy,https://api.elsevier.com/content/abstract/scopus_id/105043120553,offshore wind energy marine spatial planning governance,2026-07-24T11:51:24.278312+00:00,Elsevier Scopus bibliographic metadata
Evolution of Offshore Renewable Energy Consenting Process in Ireland: Legal and Governance Reforms,Islek F.,2026,10.3390/en19132993,scopus:10.3390/en19132993,Scopus,,Energies,https://api.elsevier.com/content/abstract/scopus_id/105044510238,offshore wind energy marine spatial planning governance,2026-07-24T11:51:24.278281+00:00,Elsevier Scopus bibliographic metadata
FACILITATING COEXISTENCE BETWEEN FISHERIES AND OFFSHORE WIND THROUGH DIGITAL STAKEHOLDER ENGAGEMENT TECHNOLOGY,Kamhawi K.,2026,10.48336/WQ24-VQ46,scopus:10.48336/WQ24-VQ46,Scopus,,Journal of Ocean Technology,https://api.elsevier.com/content/abstract/scopus_id/105035798124,offshore wind energy marine spatial planning governance,2026-07-24T11:51:24.278305+00:00,Elsevier Scopus bibliographic metadata
Marine Spatial Planning Toward the Goal of Blue Economy Development: An Analytical Perspective of Vietnam,Do C.V.,2026,10.1007/978-3-032-19927-0_103,scopus:10.1007/978-3-032-19927-0_103,Scopus,,Handbook of Sustainable Blue Economy,https://api.elsevier.com/content/abstract/scopus_id/105043083012,offshore wind energy marine spatial planning governance,2026-07-24T11:51:24.278308+00:00,Elsevier Scopus bibliographic metadata
"Navigating the energy transition: Transdisciplinary insights from marine science, blue economy, energy analytics, and sustainability education",Hridoy M.A.A.M.,2026,10.1016/j.egyr.2026.109301,scopus:10.1016/j.egyr.2026.109301,Scopus,,Energy Reports,https://api.elsevier.com/content/abstract/scopus_id/105036529269,offshore wind energy marine spatial planning governance,2026-07-24T11:51:24.278285+00:00,Elsevier Scopus bibliographic metadata
"Offshore Renewable Energy Expansion, Marine Biodiversity Risk, and the Effectiveness of Marine Spatial Planning in Taiwan: A Spatial–Governance Assessment",Hu C.,2026,10.3390/jmse14131220,scopus:10.3390/jmse14131220,Scopus,,Journal of Marine Science and Engineering,https://api.elsevier.com/content/abstract/scopus_id/105044558435,offshore wind energy marine spatial planning governance,2026-07-24T11:51:24.278275+00:00,Elsevier Scopus bibliographic metadata
"Operationalizing marine multifunctionality in Europe: Policy mixes, activation modes, and governance functions",Barquet K.,2026,10.1016/j.marpol.2026.107202,scopus:10.1016/j.marpol.2026.107202,Scopus,,Marine Policy,https://api.elsevier.com/content/abstract/scopus_id/105043643051,offshore wind energy marine spatial planning governance,2026-07-24T11:51:24.278252+00:00,Elsevier Scopus bibliographic metadata
Stakeholder mapping and early detection of tensions in offshore wind development: A press analysis in the Gulf of Roses and Cap de Creus (NW Mediterranean),Garcia L.,2026,10.1016/j.marpol.2025.106978,scopus:10.1016/j.marpol.2025.106978,Scopus,,Marine Policy,https://api.elsevier.com/content/abstract/scopus_id/105024333159,offshore wind energy marine spatial planning governance,2026-07-24T11:51:24.278297+00:00,Elsevier Scopus bibliographic metadata
Synergistic operation and maintenance enabling lifecycle-aware opportunistic management of offshore wind energy,Zhang J.,2026,10.1016/j.apenergy.2026.127424,scopus:10.1016/j.apenergy.2026.127424,Scopus,,Applied Energy,https://api.elsevier.com/content/abstract/scopus_id/105028361096,offshore wind energy marine spatial planning governance,2026-07-24T11:51:24.278289+00:00,Elsevier Scopus bibliographic metadata
The Status of Marine Energy of Costa Rica: Challenges and Opportunities for Grid Integration,Rojas-Morales J.R.,2026,10.3390/en19051189,scopus:10.3390/en19051189,Scopus,,Energies,https://api.elsevier.com/content/abstract/scopus_id/105032737217,offshore wind energy marine spatial planning governance,2026-07-24T11:51:24.278301+00:00,Elsevier Scopus bibliographic metadata
Collective action governance of the offshore wind farms: An empirical Dutch perspective on the North Sea,Baan E.,2025,10.1016/j.joitmc.2025.100664,scopus:10.1016/j.joitmc.2025.100664,Scopus,,Journal of Open Innovation Technology Market and Complexity,https://api.elsevier.com/content/abstract/scopus_id/105019084382,offshore wind energy marine spatial planning governance,2026-07-24T11:51:24.278322+00:00,Elsevier Scopus bibliographic metadata
Ecosystem-based Governance for a Sustainable Blue Economy: Insights from Offshore Wind in Australia,Frohlich M.,2025,10.1201/9781003024613-15,scopus:10.1201/9781003024613-15,Scopus,,Marine Ecology an Ecosystemic View of Anthropogenic Impacts Volume 2,https://api.elsevier.com/content/abstract/scopus_id/105007396381,offshore wind energy marine spatial planning governance,2026-07-24T11:51:24.278337+00:00,Elsevier Scopus bibliographic metadata
Guiding Elements for Strengthening Cumulative Impact Assessment Regulations for Offshore Wind Energy,Dibo A.P.A.,2025,10.1007/s00267-025-02282-3,scopus:10.1007/s00267-025-02282-3,Scopus,,Environmental Management,https://api.elsevier.com/content/abstract/scopus_id/105016831213,offshore wind energy marine spatial planning governance,2026-07-24T11:51:24.278326+00:00,Elsevier Scopus bibliographic metadata
Policy implications for offshore renewable energy in Australia: An MSP approach supporting the energy transition,Griffiths L.L.,2025,10.1016/j.enpol.2025.114621,scopus:10.1016/j.enpol.2025.114621,Scopus,,Energy Policy,https://api.elsevier.com/content/abstract/scopus_id/105001261500,offshore wind energy marine spatial planning governance,2026-07-24T11:51:24.278334+00:00,Elsevier Scopus bibliographic metadata
Prospects of marine spatial planning in Türkiye,Baltaoğlu S.,2025,10.1016/j.rsma.2024.103997,scopus:10.1016/j.rsma.2024.103997,Scopus,,Regional Studies in Marine Science,https://api.elsevier.com/content/abstract/scopus_id/85214212271,offshore wind energy marine spatial planning governance,2026-07-24T11:51:24.278341+00:00,Elsevier Scopus bibliographic metadata
Unlocking multi-use synergies: Spanish industry perspectives on offshore wind and aquaculture integration,Weiss C.V.C.,2025,10.1016/j.marpol.2025.106786,scopus:10.1016/j.marpol.2025.106786,Scopus,,Marine Policy,https://api.elsevier.com/content/abstract/scopus_id/105007228477,offshore wind energy marine spatial planning governance,2026-07-24T11:51:24.278330+00:00,Elsevier Scopus bibliographic metadata
Addressing ocean planning challenges in a highly crowded sea space: a case study for the regional sea of Catalonia (Western Mediterranean),Depellegrin D.,2024,10.12688/openreseurope.16836.1,scopus:10.12688/openreseurope.16836.1,Scopus,,Open Research Europe,https://api.elsevier.com/content/abstract/scopus_id/85197540413,offshore wind energy marine spatial planning governance,2026-07-24T11:51:24.278362+00:00,Elsevier Scopus bibliographic metadata
Blue justice through and beyond equity and participation: a critical reading of capability-based recognitional justice in Poland’s marine spatial planning,Tafon R.,2024,10.1080/09640568.2023.2183823,scopus:10.1080/09640568.2023.2183823,Scopus,,Journal of Environmental Planning and Management,https://api.elsevier.com/content/abstract/scopus_id/85149362801,offshore wind energy marine spatial planning governance,2026-07-24T11:51:24.278359+00:00,Elsevier Scopus bibliographic metadata
Blueprint for Blue Economy implementation,Stephenson R.L.,2024,10.1016/j.marpol.2024.106129,scopus:10.1016/j.marpol.2024.106129,Scopus,,Marine Policy,https://api.elsevier.com/content/abstract/scopus_id/85189950130,offshore wind energy marine spatial planning governance,2026-07-24T11:51:24.278355+00:00,Elsevier Scopus bibliographic metadata
Co-creation of socio-ecological systems knowledge to adopt an Ecosystem-based Approach and Land-Sea Interactions in maritime spatial planning,Lähde E.,2024,10.1016/j.marpol.2024.106079,scopus:10.1016/j.marpol.2024.106079,Scopus,,Marine Policy,https://api.elsevier.com/content/abstract/scopus_id/85188176609,offshore wind energy marine spatial planning governance,2026-07-24T11:51:24.278352+00:00,Elsevier Scopus bibliographic metadata
"Site selection within the maritime spatial planning: Insights from use-cases on aquaculture, offshore wind energy and aggregates extraction",Abramic A.,2024,10.1016/j.ocecoaman.2024.107051,scopus:10.1016/j.ocecoaman.2024.107051,Scopus,,Ocean and Coastal Management,https://api.elsevier.com/content/abstract/scopus_id/85187232056,offshore wind energy marine spatial planning governance,2026-07-24T11:51:24.278348+00:00,Elsevier Scopus bibliographic metadata
8.14 Social and Policy Aspects of Offshore Renewable Energy,Potts T.,2022,10.1016/B978-0-12-819727-1.00168-0,scopus:10.1016/B978-0-12-819727-1.00168-0,Scopus,,Comprehensive Renewable Energy,https://api.elsevier.com/content/abstract/scopus_id/105040056502,offshore wind energy marine spatial planning governance,2026-07-24T11:51:24.278366+00:00,Elsevier Scopus bibliographic metadata
"Correction : A Review of Packaging Materials’ Consumption Regulation and Pollution Control (Sustainability, (2022), 14, 23, (15866), 10.3390/su142315866)",Wang L.,2026,10.3390/su18094302,scopus:10.3390/su18094302,Scopus,,Sustainability Switzerland,https://api.elsevier.com/content/abstract/scopus_id/105038738439,ocean renewable energy governance sustainability,2026-07-24T11:51:24.943495+00:00,Elsevier Scopus bibliographic metadata
"IoT Innovations for Marine Renewable Energies: Legal, Technical, and Policy Pathways for Decentralized Ocean Energy Systems",Bhattacharya S.,2026,10.1201/9781003671039-8,scopus:10.1201/9781003671039-8,Scopus,,Iot Technologies for Renewable Energy Generation Assessment Monitoring and Control of Resources,https://api.elsevier.com/content/abstract/scopus_id/105044184852,ocean renewable energy governance sustainability,2026-07-24T11:51:24.943524+00:00,Elsevier Scopus bibliographic metadata
The Precarious Balance Between Exploitation of Marine Resources and Conservation of Deep-Sea Ecosystems: The Role of Public Policy and Public-Private Partnerships,Castaldo F.,2026,10.1007/978-3-032-19927-0_12,scopus:10.1007/978-3-032-19927-0_12,Scopus,,Handbook of Sustainable Blue Economy,https://api.elsevier.com/content/abstract/scopus_id/105043017981,ocean renewable energy governance sustainability,2026-07-24T11:51:24.943533+00:00,Elsevier Scopus bibliographic metadata
Econometric Analysis of BRICS Countries’ Activities in 1990–2022: Seeking Evidence of Sustainability,Dobrowolski Z.,2025,10.3390/en18030656,scopus:10.3390/en18030656,Scopus,,Energies,https://api.elsevier.com/content/abstract/scopus_id/85217573500,ocean renewable energy governance sustainability,2026-07-24T11:51:24.943537+00:00,Elsevier Scopus bibliographic metadata
Green Investment and Fintech: Financing the Blue Economy,Jadhav H.L.,2025,10.1007/978-3-031-92390-6_5,scopus:10.1007/978-3-031-92390-6_5,Scopus,,World Sustainability Series,https://api.elsevier.com/content/abstract/scopus_id/105014362444,ocean renewable energy governance sustainability,2026-07-24T11:51:24.943540+00:00,Elsevier Scopus bibliographic metadata
"Navigating the Legal and Regulatory Frontiers of Urban AI, Autonomous Maritime Robots and Floating Cities",Wang B.T.,2025,10.1007/978-981-96-5435-2_18,scopus:10.1007/978-981-96-5435-2_18,Scopus,,Lecture Notes in Civil Engineering,https://api.elsevier.com/content/abstract/scopus_id/105020390167,ocean renewable energy governance sustainability,2026-07-24T11:51:24.943544+00:00,Elsevier Scopus bibliographic metadata
Advancing Governance Toward Sustainable Development Based on Multilateralism and Democracy: The Example of Chile,Vavrik U.A.,2024,10.1007/978-3-031-61976-2_8,scopus:10.1007/978-3-031-61976-2_8,Scopus,,Csr Sustainability Ethics and Governance,https://api.elsevier.com/content/abstract/scopus_id/85207898104,ocean renewable energy governance sustainability,2026-07-24T11:51:24.943556+00:00,Elsevier Scopus bibliographic metadata
Exploring the Potential of the Blue Economy: A Systematic Review of Strategies for Enhancing International Business in Bangladesh in the context of Indo-Pacific Region,Khan T.,2024,10.26794/2308-944X-2024-12-2-55-73,scopus:10.26794/2308-944X-2024-12-2-55-73,Scopus,,Review of Business and Economics Studies,https://api.elsevier.com/content/abstract/scopus_id/85205943773,ocean renewable energy governance sustainability,2026-07-24T11:51:24.943560+00:00,Elsevier Scopus bibliographic metadata
"Mapping flows of blue economy finance: ambitious narratives, opaque actions, and social equity risks",Schutter M.S.,2024,10.1016/j.oneear.2024.02.009,scopus:10.1016/j.oneear.2024.02.009,Scopus,,One Earth,https://api.elsevier.com/content/abstract/scopus_id/85187976649,ocean renewable energy governance sustainability,2026-07-24T11:51:24.943553+00:00,Elsevier Scopus bibliographic metadata
Holistic and integrated systemic policies and practices for decarbonization,Htun N.,2023,10.1002/ep.14102,scopus:10.1002/ep.14102,Scopus,,Environmental Progress and Sustainable Energy,https://api.elsevier.com/content/abstract/scopus_id/85151951481,ocean renewable energy governance sustainability,2026-07-24T11:51:24.943568+00:00,Elsevier Scopus bibliographic metadata
Socio-political acceptability of floating offshore wind farms in France: challenges and perspectives for marine governance towards sustainability,Fofack-Garcia R.,2023,10.1016/j.ocecoaman.2023.106513,scopus:10.1016/j.ocecoaman.2023.106513,Scopus,,Ocean and Coastal Management,https://api.elsevier.com/content/abstract/scopus_id/85148541306,ocean renewable energy governance sustainability,2026-07-24T11:51:24.943571+00:00,Elsevier Scopus bibliographic metadata
Supporting places left to the sea: A place-based research agenda for regional coastal transformations in the blue economy,Harris J.L.,2023,10.1177/27539687231212672,scopus:10.1177/27539687231212672,Scopus,,Progress in Environmental Geography,https://api.elsevier.com/content/abstract/scopus_id/105037149826,ocean renewable energy governance sustainability,2026-07-24T11:51:24.943564+00:00,Elsevier Scopus bibliographic metadata
"Oil, Transitions, and the Blue Economy in Canada",Fusco L.M.,2022,10.3390/su14138132,scopus:10.3390/su14138132,Scopus,,Sustainability Switzerland,https://api.elsevier.com/content/abstract/scopus_id/85133723610,ocean renewable energy governance sustainability,2026-07-24T11:51:24.943579+00:00,Elsevier Scopus bibliographic metadata
Balancing sustainability transitions through state‐led participatory processes: The case of the dutch north sea agreement,Koning S.d.,2021,10.3390/su13042297,scopus:10.3390/su13042297,Scopus,,Sustainability Switzerland,https://api.elsevier.com/content/abstract/scopus_id/85101887115,ocean renewable energy governance sustainability,2026-07-24T11:51:24.943594+00:00,Elsevier Scopus bibliographic metadata
Developing the blue economy,Brears R.C.,2021,10.1007/978-3-030-84216-1,scopus:10.1007/978-3-030-84216-1,Scopus,,Developing the Blue Economy,https://api.elsevier.com/content/abstract/scopus_id/85143145621,ocean renewable energy governance sustainability,2026-07-24T11:51:24.943583+00:00,Elsevier Scopus bibliographic metadata
Empowering blue economy: From underrated ecosystem to sustainable industry,Choudhary P.,2021,10.1016/j.jenvman.2021.112697,scopus:10.1016/j.jenvman.2021.112697,Scopus,,Journal of Environmental Management,https://api.elsevier.com/content/abstract/scopus_id/85107085813,ocean renewable energy governance sustainability,2026-07-24T11:51:24.943590+00:00,Elsevier Scopus bibliographic metadata
Implementation of voluntary verification of sustainability for solid biomass - A case study from Denmark,Larsen S.,2019,10.1186/s13705-019-0209-0,scopus:10.1186/s13705-019-0209-0,Scopus,,Energy Sustainability and Society,https://api.elsevier.com/content/abstract/scopus_id/85070186173,ocean renewable energy governance sustainability,2026-07-24T11:51:24.943607+00:00,Elsevier Scopus bibliographic metadata
A comprehensive review of floating renewable energy technologies,Baig M.B.,2026,10.1016/j.esr.2026.102082,scopus:10.1016/j.esr.2026.102082,Scopus,,Energy Strategy Reviews,https://api.elsevier.com/content/abstract/scopus_id/105029044271,tidal energy wave energy environmental impact,2026-07-24T11:51:25.872327+00:00,Elsevier Scopus bibliographic metadata
A review of biofouling characteristics and issues for offshore renewable energy industry,Portas A.,2026,10.1080/08927014.2026.2630946,scopus:10.1080/08927014.2026.2630946,Scopus,,Biofouling,https://api.elsevier.com/content/abstract/scopus_id/105031414880,tidal energy wave energy environmental impact,2026-07-24T11:51:25.872360+00:00,Elsevier Scopus bibliographic metadata
"A Review on Machine Learning and Bioinformatics to Study Biofouling in Marine Renewable Energy Devices: Modeling, Performance Prediction, and Maintenance Planning",Hasil S.D.,2026,10.3390/jmse14060549,scopus:10.3390/jmse14060549,Scopus,,Journal of Marine Science and Engineering,https://api.elsevier.com/content/abstract/scopus_id/105034179373,tidal energy wave energy environmental impact,2026-07-24T11:51:25.872335+00:00,Elsevier Scopus bibliographic metadata
Development and application of an environmental risk register for marine energy device and project developers,Freeman M.C.,2026,10.1016/j.ocecoaman.2026.108170,scopus:10.1016/j.ocecoaman.2026.108170,Scopus,,Ocean and Coastal Management,https://api.elsevier.com/content/abstract/scopus_id/105035637654,tidal energy wave energy environmental impact,2026-07-24T11:51:25.872323+00:00,Elsevier Scopus bibliographic metadata
Dynamic Characteristics of Offshore Wind Turbine Cap-Pile Group Structure Based on Experimental Modal Analysis,Liu Y.,2026,10.1007/978-981-95-4889-7_33,scopus:10.1007/978-981-95-4889-7_33,Scopus,,Lecture Notes in Civil Engineering,https://api.elsevier.com/content/abstract/scopus_id/105030326357,tidal energy wave energy environmental impact,2026-07-24T11:51:25.872364+00:00,Elsevier Scopus bibliographic metadata
Effects of the tidal dehydration stress on epiphytic bacterial community of the intertidal macroalga Sargassum thunbergii,Sun B.,2026,10.1128/spectrum.01948-25,scopus:10.1128/spectrum.01948-25,Scopus,,Microbiology Spectrum,https://api.elsevier.com/content/abstract/scopus_id/105029439671,tidal energy wave energy environmental impact,2026-07-24T11:51:25.872338+00:00,Elsevier Scopus bibliographic metadata
Environmental and social impacts of tidal energy developments: A review,Ayoub M.,2026,10.1016/j.egyr.2026.109422,scopus:10.1016/j.egyr.2026.109422,Scopus,,Energy Reports,https://api.elsevier.com/content/abstract/scopus_id/105043550913,tidal energy wave energy environmental impact,2026-07-24T11:51:25.872286+00:00,Elsevier Scopus bibliographic metadata
Harnessing the future of renewable energy: Integrated insights of ocean energy,Shyamala G.,2026,10.1016/j.nexus.2025.100622,scopus:10.1016/j.nexus.2025.100622,Scopus,,Energy Nexus,https://api.elsevier.com/content/abstract/scopus_id/105026825836,tidal energy wave energy environmental impact,2026-07-24T11:51:25.872330+00:00,Elsevier Scopus bibliographic metadata
"Marine renewable energy for hydrogen production: Advancing towards a sustainable future through technological, economic, and environmental frontiers– a review",Taroual K.,2026,10.1016/j.rser.2025.116304,scopus:10.1016/j.rser.2025.116304,Scopus,,Renewable and Sustainable Energy Reviews,https://api.elsevier.com/content/abstract/scopus_id/105016312174,tidal energy wave energy environmental impact,2026-07-24T11:51:25.872356+00:00,Elsevier Scopus bibliographic metadata
Next-Generation Renewables: AI Applications in Green Hydrogen Production and Marine Energy Harvesting,Kumar P.,2026,10.1002/9781394464364-03,scopus:10.1002/9781394464364-03,Scopus,,Artificial Intelligence for Sustainable Energy Systems 2 AI Driven Innovations Climate Intelligence and Pathways to Net Zero Energy,https://api.elsevier.com/content/abstract/scopus_id/105042760210,tidal energy wave energy environmental impact,2026-07-24T11:51:25.872352+00:00,Elsevier Scopus bibliographic metadata
No detectable impact of spat mussel collectors on sediment composition in high-energy Wadden Sea environments,Capelle J.J.,2026,10.3354/aei00521,scopus:10.3354/aei00521,Scopus,,Aquaculture Environment Interactions,https://api.elsevier.com/content/abstract/scopus_id/105039766634,tidal energy wave energy environmental impact,2026-07-24T11:51:25.872349+00:00,Elsevier Scopus bibliographic metadata
"Occurrence and morphometric analysis of sorted bedforms on the Alentejo continental shelf, Southwestern Portugal",Noiva J.,2026,10.1007/s00531-026-02594-7,scopus:10.1007/s00531-026-02594-7,Scopus,,International Journal of Earth Sciences,https://api.elsevier.com/content/abstract/scopus_id/105043503764,tidal energy wave energy environmental impact,2026-07-24T11:51:25.872309+00:00,Elsevier Scopus bibliographic metadata
Tidal and wave driven hydrokinetic power in atolls of an amphidromic region in the Pacific Ocean,Zilic de Arcos F.,2026,10.1016/j.renene.2025.124668,scopus:10.1016/j.renene.2025.124668,Scopus,,Renewable Energy,https://api.elsevier.com/content/abstract/scopus_id/105020861251,tidal energy wave energy environmental impact,2026-07-24T11:51:25.872342+00:00,Elsevier Scopus bibliographic metadata
"Tracking the trajectory of mangrove dynamics in the Zambezi Delta, East Africa's largest river Delta",Wu T.,2026,10.1016/j.jenvman.2026.130111,scopus:10.1016/j.jenvman.2026.130111,Scopus,,Journal of Environmental Management,https://api.elsevier.com/content/abstract/scopus_id/105041003280,tidal energy wave energy environmental impact,2026-07-24T11:51:25.872315+00:00,Elsevier Scopus bibliographic metadata
"A modeling study of ocean thermal energy conversion resource and potential environmental effects around Kailua-Kona, Hawaii",Park K.,2025,10.1016/j.renene.2025.123616,scopus:10.1016/j.renene.2025.123616,Scopus,,Renewable Energy,https://api.elsevier.com/content/abstract/scopus_id/105007362894,tidal energy wave energy environmental impact,2026-07-24T11:51:25.872383+00:00,Elsevier Scopus bibliographic metadata
A Review of Offshore Renewable Energy for Advancing the Clean Energy Transition,von Jouanne A.,2025,10.3390/en18184798,scopus:10.3390/en18184798,Scopus,,Energies,https://api.elsevier.com/content/abstract/scopus_id/105017280513,tidal energy wave energy environmental impact,2026-07-24T11:51:25.872476+00:00,Elsevier Scopus bibliographic metadata
Analysis of turbulence characteristics in a nearshore area beyond the surf zone of a mesotidal bay,Arias-Esquivel V.A.,2025,10.1016/j.csr.2025.105530,scopus:10.1016/j.csr.2025.105530,Scopus,,Continental Shelf Research,https://api.elsevier.com/content/abstract/scopus_id/105013093406,tidal energy wave energy environmental impact,2026-07-24T11:51:25.872464+00:00,Elsevier Scopus bibliographic metadata
Balancing cost-efficiency and sustainability in offshore hybrid renewable energy systems: A case study of Palau River,Terkes M.,2025,10.1016/j.egyr.2025.06.053,scopus:10.1016/j.egyr.2025.06.053,Scopus,,Energy Reports,https://api.elsevier.com/content/abstract/scopus_id/105011146420,tidal energy wave energy environmental impact,2026-07-24T11:51:25.872370+00:00,Elsevier Scopus bibliographic metadata
Edge AI and Explainable Models for Real-Time Decision-Making in Ocean Renewable Energy Systems,Sarode G.C.,2025,10.36956/sms.v7i3.2239,scopus:10.36956/sms.v7i3.2239,Scopus,,Sustainable Marine Structures,https://api.elsevier.com/content/abstract/scopus_id/105020427197,tidal energy wave energy environmental impact,2026-07-24T11:51:25.872479+00:00,Elsevier Scopus bibliographic metadata
Experimental study on the restoration and protection of mangrove tidal ecosystems flat located in a high wave area,Liu Q.,2025,10.1016/j.ecss.2025.109386,scopus:10.1016/j.ecss.2025.109386,Scopus,,Estuarine Coastal and Shelf Science,https://api.elsevier.com/content/abstract/scopus_id/105008247263,tidal energy wave energy environmental impact,2026-07-24T11:51:25.872472+00:00,Elsevier Scopus bibliographic metadata
Field trial research of a semisubmersible floating photovoltaic platform,Zhang P.,2025,10.1016/j.solener.2025.113982,scopus:10.1016/j.solener.2025.113982,Scopus,,Solar Energy,https://api.elsevier.com/content/abstract/scopus_id/105015989166,tidal energy wave energy environmental impact,2026-07-24T11:51:25.872373+00:00,Elsevier Scopus bibliographic metadata
Hydrodynamic model testing of a semi-submersible wind-tidal current combined power generation platform,Ma Y.,2025,10.1016/j.renene.2025.123184,scopus:10.1016/j.renene.2025.123184,Scopus,,Renewable Energy,https://api.elsevier.com/content/abstract/scopus_id/105003187090,tidal energy wave energy environmental impact,2026-07-24T11:51:25.872483+00:00,Elsevier Scopus bibliographic metadata
Integrating Marine Renewable Energy with Green Hydrogen Production from Seawater: Feasibility and Future Prospects for Sustainable Energy Development in Indonesia,Sari W.R.,2025,10.1007/s11804-025-00631-6,scopus:10.1007/s11804-025-00631-6,Scopus,,Journal of Marine Science and Application,https://api.elsevier.com/content/abstract/scopus_id/85214194808,tidal energy wave energy environmental impact,2026-07-24T11:51:25.872468+00:00,Elsevier Scopus bibliographic metadata
Life Cycle Assessment of Marine Renewable Energy Systems: A Literature Review for Environmental Sustainability Assessment of Floating Modular Energy Islands (FMEIs),Bas B.,2025,10.1088/1755-1315/1552/1/012039,scopus:10.1088/1755-1315/1552/1/012039,Scopus,,Iop Conference Series Earth and Environmental Science,https://api.elsevier.com/content/abstract/scopus_id/105023651119,tidal energy wave energy environmental impact,2026-07-24T11:51:25.872379+00:00,Elsevier Scopus bibliographic metadata
"Economic, Innovation, and Finance Perspectives of Sustainable Blue Economy: A Focus on Fisheries and Aquaculture",Kabaklarlı E.,2026,10.1007/978-3-032-19927-0_93,scopus:10.1007/978-3-032-19927-0_93,Scopus,,Handbook of Sustainable Blue Economy,https://api.elsevier.com/content/abstract/scopus_id/105043147264,maritime security governance blue economy,2026-07-24T11:51:34.342126+00:00,Elsevier Scopus bibliographic metadata
India Blue Economy: Challenges and Opportunities,Amoss L.D.,2026,,scopus:https://api.elsevier.com/content/abstract/scopus_id/105038914198,Scopus,,Geography Research Forum,https://api.elsevier.com/content/abstract/scopus_id/105038914198,maritime security governance blue economy,2026-07-24T11:51:34.342115+00:00,Elsevier Scopus bibliographic metadata
Major power competition in the Indo-Pacific and the blue economy: a catalyst for cooperation in small island states?,Sen G.,2026,10.1080/18366503.2025.2610125,scopus:10.1080/18366503.2025.2610125,Scopus,,Australian Journal of Maritime and Ocean Affairs,https://api.elsevier.com/content/abstract/scopus_id/105026691949,maritime security governance blue economy,2026-07-24T11:51:34.342123+00:00,Elsevier Scopus bibliographic metadata
Patterns of marine resource conflicts across Africa highlight need for fair access and benefit sharing for a blue economy,Selig E.R.,2026,10.1016/j.oneear.2026.101644,scopus:10.1016/j.oneear.2026.101644,Scopus,,One Earth,https://api.elsevier.com/content/abstract/scopus_id/105034670748,maritime security governance blue economy,2026-07-24T11:51:34.342092+00:00,Elsevier Scopus bibliographic metadata
Submarine cables and satellite networks as critical inter-domain infrastructure: profiles of legal governance and technological sovereignty,Luca Vincenzo Maria Salamone D.,2026,,scopus:https://api.elsevier.com/content/abstract/scopus_id/105035199358,Scopus,,Federalismi It,https://api.elsevier.com/content/abstract/scopus_id/105035199358,maritime security governance blue economy,2026-07-24T11:51:34.342098+00:00,Elsevier Scopus bibliographic metadata
Sustainable practices for india's marine heritage: legal perspectives in a blue economy,Mohanty R.,2026,10.4324/9781003716617-51,scopus:10.4324/9781003716617-51,Scopus,,Navigating Digital Disruption Strategies for Sustainable Business Management,https://api.elsevier.com/content/abstract/scopus_id/105026331546,maritime security governance blue economy,2026-07-24T11:51:34.342102+00:00,Elsevier Scopus bibliographic metadata
"Actors, themes, approaches, and imbalances in Blue Economy cooperation: A systematic review and future prospects",Li S.,2025,10.1016/j.ocecoaman.2025.107698,scopus:10.1016/j.ocecoaman.2025.107698,Scopus,,Ocean and Coastal Management,https://api.elsevier.com/content/abstract/scopus_id/105003638259,maritime security governance blue economy,2026-07-24T11:51:34.342134+00:00,Elsevier Scopus bibliographic metadata
Blue Economy Revolution: India's Economic Ambitions,Nithiya S.M.,2025,10.4324/9781003607434-29,scopus:10.4324/9781003607434-29,Scopus,,Routledge Handbook of Maritime India History Strategy and Engagement,https://api.elsevier.com/content/abstract/scopus_id/105010041761,maritime security governance blue economy,2026-07-24T11:51:34.342141+00:00,Elsevier Scopus bibliographic metadata
From Colony to Custodian: Namibia’s Maritime Policy and Regional Influence in the South Atlantic,Walker T.,2025,10.1007/978-981-95-1169-3_38,scopus:10.1007/978-981-95-1169-3_38,Scopus,,Palgrave Handbook on Geopolitics of Brazil and the South Atlantic,https://api.elsevier.com/content/abstract/scopus_id/105034609342,maritime security governance blue economy,2026-07-24T11:51:34.342172+00:00,Elsevier Scopus bibliographic metadata
From deprivation to criminality: Reversing the trend by harnessing the Blue Economy to address criminality at sea (CAS),Okafor-Yarwood I.,2025,10.1177/17488958251385477,scopus:10.1177/17488958251385477,Scopus,,Criminology and Criminal Justice,https://api.elsevier.com/content/abstract/scopus_id/105020450002,maritime security governance blue economy,2026-07-24T11:51:34.342159+00:00,Elsevier Scopus bibliographic metadata
From piracy to development in the Western Indian Ocean: Securing a blue economy space,Midlen A.,2025,10.1080/14781158.2025.2494118,scopus:10.1080/14781158.2025.2494118,Scopus,,Global Change Peace and Security,https://api.elsevier.com/content/abstract/scopus_id/105005415123,maritime security governance blue economy,2026-07-24T11:51:34.342163+00:00,Elsevier Scopus bibliographic metadata
India@100: A New Perspective Based on the Underwater Domain Awareness Framework,Das A.,2025,10.4324/9781003607434-27,scopus:10.4324/9781003607434-27,Scopus,,Routledge Handbook of Maritime India History Strategy and Engagement,https://api.elsevier.com/content/abstract/scopus_id/105010077906,maritime security governance blue economy,2026-07-24T11:51:34.342145+00:00,Elsevier Scopus bibliographic metadata
Ready for a Breakthrough: Prospects of India-EU Maritime Cooperation,Dutta A.,2025,10.4324/9781003505112-3,scopus:10.4324/9781003505112-3,Scopus,,Contours of India Eu Engagements Multiplicity of Experiences,https://api.elsevier.com/content/abstract/scopus_id/105021611214,maritime security governance blue economy,2026-07-24T11:51:34.342168+00:00,Elsevier Scopus bibliographic metadata
"Strategic narratives and public diplomacy: influencing global infrastructure politics, blue economy planning, and ocean governance",van Noort C.,2025,10.1057/s41254-025-00417-1,scopus:10.1057/s41254-025-00417-1,Scopus,,Place Branding and Public Diplomacy,https://api.elsevier.com/content/abstract/scopus_id/105024221851,maritime security governance blue economy,2026-07-24T11:51:34.342153+00:00,Elsevier Scopus bibliographic metadata
"The Role of the Fishing Sector in the Blue Economy: Prioritization, Environmental Challenges, and Sustainable Strategies in Europe, with a Focus on Spain",González-Cancelas N.,2025,10.3390/jmse13030621,scopus:10.3390/jmse13030621,Scopus,,Journal of Marine Science and Engineering,https://api.elsevier.com/content/abstract/scopus_id/105001105962,maritime security governance blue economy,2026-07-24T11:51:34.342149+00:00,Elsevier Scopus bibliographic metadata
Contribution and prospect of marine fisheries in the economy of Bangladesh and sustainable blue economy challenges: A review,Islam M.R.,2024,10.33714/masteb.1337034,scopus:10.33714/masteb.1337034,Scopus,,Marine Science and Technology Bulletin,https://api.elsevier.com/content/abstract/scopus_id/105028194412,maritime security governance blue economy,2026-07-24T11:51:34.342179+00:00,Elsevier Scopus bibliographic metadata
Feeling the tides of security: The evolving EU-Pacific Islands partnership in the Indo-Pacific era,Bozzato F.,2024,10.1007/978-981-97-4453-4_8,scopus:10.1007/978-981-97-4453-4_8,Scopus,,European Union as A Security Actor in the Indo Pacific Perceptions and Responses from the Region,https://api.elsevier.com/content/abstract/scopus_id/105003265303,maritime security governance blue economy,2026-07-24T11:51:34.342176+00:00,Elsevier Scopus bibliographic metadata
Maritime Security and Sustainability: An Outlook,Otto L.,2024,10.1007/978-3-031-59903-3_11,scopus:10.1007/978-3-031-59903-3_11,Scopus,,Advanced Sciences and Technologies for Security Applications,https://api.elsevier.com/content/abstract/scopus_id/85207866234,maritime security governance blue economy,2026-07-24T11:51:34.342191+00:00,Elsevier Scopus bibliographic metadata
Maritime Security and the Governance of ‘Sustainable’ Fisheries: Aligning Stakeholders Around Ecological Protection,Edwards S.,2024,10.1007/978-3-031-59903-3_4,scopus:10.1007/978-3-031-59903-3_4,Scopus,,Advanced Sciences and Technologies for Security Applications,https://api.elsevier.com/content/abstract/scopus_id/85207859811,maritime security governance blue economy,2026-07-24T11:51:34.342187+00:00,Elsevier Scopus bibliographic metadata
Strengthening Blue Economy Policy to Achieve Sustainable Fisheries,Sapriani,2024,10.1016/j.resourpol.2023.104331,scopus:10.1016/j.resourpol.2023.104331,Scopus,,Journal of Sustainable Development and Regulatory Issues,https://api.elsevier.com/content/abstract/scopus_id/105003023269,maritime security governance blue economy,2026-07-24T11:51:34.342183+00:00,Elsevier Scopus bibliographic metadata
Employment of Lighter-Than-Air Vehicles to Enhance Cost-Effectiveness of Naval Operations,Rana P.H.,2026,10.1007/978-981-96-8101-3_13,scopus:10.1007/978-981-96-8101-3_13,Scopus,,Lecture Notes in Mechanical Engineering,https://api.elsevier.com/content/abstract/scopus_id/105020021391,naval operations maritime domain awareness surveillance,2026-07-24T11:51:34.824280+00:00,Elsevier Scopus bibliographic metadata
Techno-economic modelling of fleet architectures for undersea surveillance,Milledge T.J.,2026,10.1177/15485129251415241,scopus:10.1177/15485129251415241,Scopus,,Journal of Defense Modeling and Simulation,https://api.elsevier.com/content/abstract/scopus_id/105029964619,naval operations maritime domain awareness surveillance,2026-07-24T11:51:34.824305+00:00,Elsevier Scopus bibliographic metadata
Navigating the future: the expanding role of unmanned surface vehicles in maritime security,Boretti A.,2025,10.1007/s12198-025-00314-x,scopus:10.1007/s12198-025-00314-x,Scopus,,Journal of Transportation Security,https://api.elsevier.com/content/abstract/scopus_id/105018640774,naval operations maritime domain awareness surveillance,2026-07-24T11:51:34.824310+00:00,Elsevier Scopus bibliographic metadata
"Optimising Satellite Constellations for Maritime Security, Furthering Space Applications, and Mitigating Space Debris in Africa",Kanjumba W.C.,2025,10.52202/083084-0112,scopus:10.52202/083084-0112,Scopus,,Proceedings of the International Astronautical Congress Iac,https://api.elsevier.com/content/abstract/scopus_id/105040835523,naval operations maritime domain awareness surveillance,2026-07-24T11:51:34.824318+00:00,Elsevier Scopus bibliographic metadata
Applying Artificial Intelligence for improving Situational awareness and Threat monitoring at sea as key factor for success in Naval operation,Dimitrov T.,2024,10.17770/etr2024vol4.8224,scopus:10.17770/etr2024vol4.8224,Scopus,,Vide Tehnologija Resursi Environment Technology Resources,https://api.elsevier.com/content/abstract/scopus_id/85200517562,naval operations maritime domain awareness surveillance,2026-07-24T11:51:34.824322+00:00,Elsevier Scopus bibliographic metadata
Ship Type Classification: a Handwriting Signature Verification Approach for Maritime Trajectories,Pohontu A.,2023,10.1109/ISEEE58596.2023.10310540,scopus:10.1109/ISEEE58596.2023.10310540,Scopus,,2023 8th International Symposium on Electrical and Electronics Engineering Iseee 2023 Proceedings,https://api.elsevier.com/content/abstract/scopus_id/85179525936,naval operations maritime domain awareness surveillance,2026-07-24T11:51:34.824332+00:00,Elsevier Scopus bibliographic metadata
CNN-based object detection and segmentation for maritime domain awareness,Nita C.,2020,10.1117/12.2573287,scopus:10.1117/12.2573287,Scopus,,Proceedings of SPIE the International Society for Optical Engineering,https://api.elsevier.com/content/abstract/scopus_id/85096362045,naval operations maritime domain awareness surveillance,2026-07-24T11:51:34.824336+00:00,Elsevier Scopus bibliographic metadata
Submarine cables and security competition in the South China Sea: pre-emptive infrastructure power and digital sea lines of communication,Hwang J.J.,2026,10.1080/14751798.2026.2695480,scopus:10.1080/14751798.2026.2695480,Scopus,,Defense and Security Analysis,https://api.elsevier.com/content/abstract/scopus_id/105044247265,critical maritime infrastructure protection governance,2026-07-24T11:51:35.345928+00:00,Elsevier Scopus bibliographic metadata
Exploring Communities of Practice for Maritime Security in the Gulf of Guinea: Opportunities and Constraints,Andersen M.Ø.,2025,10.31374/sjms.396,scopus:10.31374/sjms.396,Scopus,,Scandinavian Journal of Military Studies,https://api.elsevier.com/content/abstract/scopus_id/105026166932,critical maritime infrastructure protection governance,2026-07-24T11:51:35.345961+00:00,Elsevier Scopus bibliographic metadata
Innovative Approaches to Transport Challenges in Port Cities Based on Literature Review,Jankowska A.,2025,10.12716/1001.19.02.16,scopus:10.12716/1001.19.02.16,Scopus,,Transnav,https://api.elsevier.com/content/abstract/scopus_id/105015777496,critical maritime infrastructure protection governance,2026-07-24T11:51:35.345957+00:00,Elsevier Scopus bibliographic metadata
Modeling and analyzing cybersecurity risk propagation in ports using fuzzy cognitive maps: System sensitivity to key threat factors,Soner O.,2025,10.1016/j.ocecoaman.2025.107857,scopus:10.1016/j.ocecoaman.2025.107857,Scopus,,Ocean and Coastal Management,https://api.elsevier.com/content/abstract/scopus_id/105011381461,critical maritime infrastructure protection governance,2026-07-24T11:51:35.345951+00:00,Elsevier Scopus bibliographic metadata
The ocean and the geopolitics of energy: a question of critical infrastructure?,Moe E.,2025,10.1515/9783111195544-028,scopus:10.1515/9783111195544-028,Scopus,,De Gruyter Contemporary Social Sciences Handbooks,https://api.elsevier.com/content/abstract/scopus_id/105040925324,critical maritime infrastructure protection governance,2026-07-24T11:51:35.345965+00:00,Elsevier Scopus bibliographic metadata
"Under the radar: Ireland, maritime security capacity, and the governance of subsea infrastructure",McCabe R.,2024,10.1080/09662839.2023.2248001,scopus:10.1080/09662839.2023.2248001,Scopus,,European Security,https://api.elsevier.com/content/abstract/scopus_id/85168904290,critical maritime infrastructure protection governance,2026-07-24T11:51:35.345973+00:00,Elsevier Scopus bibliographic metadata
MARITIME ACTIVITIES MAPPING FOR MARINE SPATIAL PLANNING USING GEO-INFORMATICS TECHNOLOGY,Kaewpoo N.,2023,,scopus:https://api.elsevier.com/content/abstract/scopus_id/85191259675,Scopus,,44th Asian Conference on Remote Sensing Acrs 2023,https://api.elsevier.com/content/abstract/scopus_id/85191259675,critical maritime infrastructure protection governance,2026-07-24T11:51:35.345977+00:00,Elsevier Scopus bibliographic metadata
Protecting hidden infrastructure: The security politics of the global submarine data cable network,Bueger C.,2021,10.1080/13523260.2021.1907129,scopus:10.1080/13523260.2021.1907129,Scopus,,Contemporary Security Policy,https://api.elsevier.com/content/abstract/scopus_id/85103426920,critical maritime infrastructure protection governance,2026-07-24T11:51:35.345981+00:00,Elsevier Scopus bibliographic metadata
Towards the Design of Cyber Range Training Programs for Enhanced Preparedness: Investigating the Training Needs in Critical Infrastructures,Floros E.,2025,10.1109/EDUCON62633.2025.11016646,scopus:10.1109/EDUCON62633.2025.11016646,Scopus,,IEEE Global Engineering Education Conference Educon,https://api.elsevier.com/content/abstract/scopus_id/105008225650,maritime security workforce skills competences training professional development,2026-07-24T11:51:36.030299+00:00,Elsevier Scopus bibliographic metadata
A Comprehensive Study of Cold Ironing under FuelEU and EU ETS Regulations: Environmental and Economic Impacts Across Vessel Types,Zincir B.A.,2026,10.4274/jems.2026.26986,scopus:10.4274/jems.2026.26986,Scopus,,Journal of Eta Maritime Science,https://api.elsevier.com/content/abstract/scopus_id/105042695747,maritime transport decarbonization emissions reduction,2026-07-24T11:51:42.292447+00:00,Elsevier Scopus bibliographic metadata
Assessing Port-related Greenhouse Gas Emissions and Mitigation Pathways Through a Comprehensive Framework Applied to the Vancouver Fraser Port Authority,Wang Z.,2026,10.1007/s00267-026-02426-z,scopus:10.1007/s00267-026-02426-z,Scopus,,Environmental Management,https://api.elsevier.com/content/abstract/scopus_id/105034824144,maritime transport decarbonization emissions reduction,2026-07-24T11:51:42.292477+00:00,Elsevier Scopus bibliographic metadata
Assessing the integration of coastal passenger lines into the sustainable mobility system of the Split agglomeration,Vukić L.,2026,10.1016/j.cstp.2026.101760,scopus:10.1016/j.cstp.2026.101760,Scopus,,Case Studies on Transport Policy,https://api.elsevier.com/content/abstract/scopus_id/105030954169,maritime transport decarbonization emissions reduction,2026-07-24T11:51:42.292443+00:00,Elsevier Scopus bibliographic metadata
Comparative evaluation of carbon capture separation technologies for shipboard applications using multi-criteria decision analysis,Zincir B.A.,2026,10.1007/s11356-026-37836-3,scopus:10.1007/s11356-026-37836-3,Scopus,,Environmental Science and Pollution Research,https://api.elsevier.com/content/abstract/scopus_id/105039652417,maritime transport decarbonization emissions reduction,2026-07-24T11:51:42.292466+00:00,Elsevier Scopus bibliographic metadata
Decarbonizing maritime shipping: A comparative analysis of sustainable energy transitions in Finland and Sweden,Schwartz H.,2026,10.1016/j.erss.2026.104714,scopus:10.1016/j.erss.2026.104714,Scopus,,Energy Research and Social Science,https://api.elsevier.com/content/abstract/scopus_id/105036291346,maritime transport decarbonization emissions reduction,2026-07-24T11:51:42.292429+00:00,Elsevier Scopus bibliographic metadata
Economic competitiveness and environmental sustainability of container shipping routes in Japan,Tagawa H.,2026,10.1016/j.cstp.2026.101897,scopus:10.1016/j.cstp.2026.101897,Scopus,,Case Studies on Transport Policy,https://api.elsevier.com/content/abstract/scopus_id/105043634660,maritime transport decarbonization emissions reduction,2026-07-24T11:51:42.292391+00:00,Elsevier Scopus bibliographic metadata
"Electrofuels for Road, Rail, Maritime, and Aviation Sectors: Assessing the Potential Challenges and Opportunities for Decarbonization",Arumugampillai M.,2026,10.1021/acsomega.5c05945,scopus:10.1021/acsomega.5c05945,Scopus,,ACS Omega,https://api.elsevier.com/content/abstract/scopus_id/105037034790,maritime transport decarbonization emissions reduction,2026-07-24T11:51:42.292473+00:00,Elsevier Scopus bibliographic metadata
Energy efficiency technologies for waterborne transport: A systematic review and taxonomy pathway,Jacobo-Jara J.,2026,10.1016/j.esr.2026.102247,scopus:10.1016/j.esr.2026.102247,Scopus,,Energy Strategy Reviews,https://api.elsevier.com/content/abstract/scopus_id/105039699889,maritime transport decarbonization emissions reduction,2026-07-24T11:51:42.292462+00:00,Elsevier Scopus bibliographic metadata
Energy replenishment optimization for inland liner electric container ships using Benders decomposition,Liu Y.,2026,10.1016/j.tre.2026.104867,scopus:10.1016/j.tre.2026.104867,Scopus,,Transportation Research Part E Logistics and Transportation Review,https://api.elsevier.com/content/abstract/scopus_id/105035314771,maritime transport decarbonization emissions reduction,2026-07-24T11:51:42.292415+00:00,Elsevier Scopus bibliographic metadata
Evolution of Maritime CO₂ Performance Under the EU MRV Framework (2018–2023): Emission Patterns and a Baseline for Policy Assessment,Bouanani O.,2026,10.1007/s40825-026-00285-y,scopus:10.1007/s40825-026-00285-y,Scopus,,Emission Control Science and Technology,https://api.elsevier.com/content/abstract/scopus_id/105033826824,maritime transport decarbonization emissions reduction,2026-07-24T11:51:42.292426+00:00,Elsevier Scopus bibliographic metadata
From Smart Green Ports to Blue Economy: A Review of Sustainable Maritime Infrastructure and Policy,Kurniawan S.B.,2026,10.3390/su18084038,scopus:10.3390/su18084038,Scopus,,Sustainability Switzerland,https://api.elsevier.com/content/abstract/scopus_id/105037012701,maritime transport decarbonization emissions reduction,2026-07-24T11:51:42.292480+00:00,Elsevier Scopus bibliographic metadata
Hybrid hydrogen–e-fuels systems for decarbonizing heavy transport,Oguntuyi S.D.,2026,10.1016/j.ijhydene.2026.156340,scopus:10.1016/j.ijhydene.2026.156340,Scopus,,International Journal of Hydrogen Energy,https://api.elsevier.com/content/abstract/scopus_id/105043312919,maritime transport decarbonization emissions reduction,2026-07-24T11:51:42.292411+00:00,Elsevier Scopus bibliographic metadata
Institutional spillovers and energy efficiency in maritime transport: Evidence from the EU MRV dataset,Vaca-Cabrero J.,2026,10.1016/j.tranpol.2026.104031,scopus:10.1016/j.tranpol.2026.104031,Scopus,,Transport Policy,https://api.elsevier.com/content/abstract/scopus_id/105028246484,maritime transport decarbonization emissions reduction,2026-07-24T11:51:42.292458+00:00,Elsevier Scopus bibliographic metadata
"Integrated dynamic, regulatory, and economic assessment of onboard carbon capture systems",Elkafas A.G.,2026,10.1016/j.jclepro.2026.148640,scopus:10.1016/j.jclepro.2026.148640,Scopus,,Journal of Cleaner Production,https://api.elsevier.com/content/abstract/scopus_id/105040655399,maritime transport decarbonization emissions reduction,2026-07-24T11:51:42.292422+00:00,Elsevier Scopus bibliographic metadata
LCO2 Shipping network planning for onboard carbon capture and storage: A hub location and vessel scheduling optimization framework,Wang L.,2026,10.1016/j.multra.2026.100320,scopus:10.1016/j.multra.2026.100320,Scopus,,Multimodal Transportation,https://api.elsevier.com/content/abstract/scopus_id/105039706483,maritime transport decarbonization emissions reduction,2026-07-24T11:51:42.292362+00:00,Elsevier Scopus bibliographic metadata
Methodological Solutions for Selecting Priority for Decarbonization of an Operating Vessel,Lebedevas S.,2026,10.3390/jmse14111026,scopus:10.3390/jmse14111026,Scopus,,Journal of Marine Science and Engineering,https://api.elsevier.com/content/abstract/scopus_id/105041503408,maritime transport decarbonization emissions reduction,2026-07-24T11:51:42.292439+00:00,Elsevier Scopus bibliographic metadata
Modeling of the GHG Reduction Potential of NH3 Dual-fuel Engines with Tailored Exhaust Gas Aftertreatment,Voniati G.,2026,10.1007/s40825-026-00293-y,scopus:10.1007/s40825-026-00293-y,Scopus,,Emission Control Science and Technology,https://api.elsevier.com/content/abstract/scopus_id/105039806075,maritime transport decarbonization emissions reduction,2026-07-24T11:51:42.292433+00:00,Elsevier Scopus bibliographic metadata
Multi-loop PI-based energy management of a hybrid wind–PEM fuel cell–battery DC microgrid for low-emission marine vessels,Banawi H.A.,2026,10.1016/j.treng.2026.100447,scopus:10.1016/j.treng.2026.100447,Scopus,,Transportation Engineering,https://api.elsevier.com/content/abstract/scopus_id/105042669115,maritime transport decarbonization emissions reduction,2026-07-24T11:51:42.292402+00:00,Elsevier Scopus bibliographic metadata
Navigating uncertainty in maritime decarbonization: a multi-risk framework for fuel–technology decisions,Ye G.,2026,10.1016/j.tre.2026.105001,scopus:10.1016/j.tre.2026.105001,Scopus,,Transportation Research Part E Logistics and Transportation Review,https://api.elsevier.com/content/abstract/scopus_id/105041639647,maritime transport decarbonization emissions reduction,2026-07-24T11:51:42.292385+00:00,Elsevier Scopus bibliographic metadata
PI-based energy management of a hybrid Wind–Fuel Cell–Battery system for low-emission marine vessels,Banawi H.A.,2026,10.3389/fenrg.2026.1771179,scopus:10.3389/fenrg.2026.1771179,Scopus,,Frontiers in Energy Research,https://api.elsevier.com/content/abstract/scopus_id/105042339878,maritime transport decarbonization emissions reduction,2026-07-24T11:51:42.292455+00:00,Elsevier Scopus bibliographic metadata
Policy efficiency in maritime decarbonization: the role of emission taxes in energy transition considering the Arctic Sea Route,Ding W.,2026,10.1016/j.ecmx.2026.102088,scopus:10.1016/j.ecmx.2026.102088,Scopus,,Energy Conversion and Management X,https://api.elsevier.com/content/abstract/scopus_id/105043600779,maritime transport decarbonization emissions reduction,2026-07-24T11:51:42.292398+00:00,Elsevier Scopus bibliographic metadata
"Pricing, mandates, and tipping points in port–hinterland decarbonization",Biswas S.,2026,10.1016/j.tra.2026.105107,scopus:10.1016/j.tra.2026.105107,Scopus,,Transportation Research Part A Policy and Practice,https://api.elsevier.com/content/abstract/scopus_id/105041685962,maritime transport decarbonization emissions reduction,2026-07-24T11:51:42.292407+00:00,Elsevier Scopus bibliographic metadata
"Recycled CO₂ carbon composites for high-speed, carbon-negative marine vessels",Boretti A.,2026,10.1016/j.nxsust.2026.100290,scopus:10.1016/j.nxsust.2026.100290,Scopus,,Next Sustainability,https://api.elsevier.com/content/abstract/scopus_id/105034660759,maritime transport decarbonization emissions reduction,2026-07-24T11:51:42.292451+00:00,Elsevier Scopus bibliographic metadata
Review of Operational Optimization and Energy Management for Large Cruise Ships,Tai N.,2026,10.19423/j.cnki.31-1561/u.2026.074,scopus:10.19423/j.cnki.31-1561/u.2026.074,Scopus,,Ship and Boat,https://api.elsevier.com/content/abstract/scopus_id/105043830227,maritime transport decarbonization emissions reduction,2026-07-24T11:51:42.292418+00:00,Elsevier Scopus bibliographic metadata
Techno-economic and environmental impact assessment of chemical absorption based shipboard carbon capture and storage,He Z.,2026,10.1016/j.oceaneng.2026.124912,scopus:10.1016/j.oceaneng.2026.124912,Scopus,,Ocean Engineering,https://api.elsevier.com/content/abstract/scopus_id/105035264730,maritime transport decarbonization emissions reduction,2026-07-24T11:51:42.292470+00:00,Elsevier Scopus bibliographic metadata
Decarbonization in Antarctic tourism: integrating the global sectoral and regional regimes,Jin J.,2026,10.3389/fmars.2026.1737611,scopus:10.3389/fmars.2026.1737611,Scopus,,Frontiers in Marine Science,https://api.elsevier.com/content/abstract/scopus_id/105038371441,shipping governance international regulations IMO,2026-07-24T11:51:42.973985+00:00,Elsevier Scopus bibliographic metadata
Extraterritoriality controversy of EU shipping carbon legislation: multilateral governance tensions and China’s dual responses,Liu C.,2026,10.3389/fmars.2026.1804712,scopus:10.3389/fmars.2026.1804712,Scopus,,Frontiers in Marine Science,https://api.elsevier.com/content/abstract/scopus_id/105040371122,shipping governance international regulations IMO,2026-07-24T11:51:42.973961+00:00,Elsevier Scopus bibliographic metadata
"Greening the Maritime Sector Through Autonomous Shipping: Rethinking Safety, Liability, and Regulatory Frameworks",Jao J.C.,2026,10.1080/08920753.2026.2647527,scopus:10.1080/08920753.2026.2647527,Scopus,,Coastal Management,https://api.elsevier.com/content/abstract/scopus_id/105034751582,shipping governance international regulations IMO,2026-07-24T11:51:42.973995+00:00,Elsevier Scopus bibliographic metadata
Out of Sync: The Making and Remaking of Data and Regulations on Greenhouse Gases at the International Maritime Organization,Aalbu K.,2026,10.1177/01622439241279622,scopus:10.1177/01622439241279622,Scopus,,Science Technology and Human Values,https://api.elsevier.com/content/abstract/scopus_id/85202730909,shipping governance international regulations IMO,2026-07-24T11:51:42.973991+00:00,Elsevier Scopus bibliographic metadata
Regulatory Challenges of Maritime Autonomous Surface Ships (MASS): Advancing Towards a New Legal Framework,Nikhilesh N.,2026,10.1007/978-981-95-3978-9_18,scopus:10.1007/978-981-95-3978-9_18,Scopus,,Lecture Notes in Networks and Systems,https://api.elsevier.com/content/abstract/scopus_id/105040530724,shipping governance international regulations IMO,2026-07-24T11:51:42.974000+00:00,Elsevier Scopus bibliographic metadata
Decarbonizing Arctic shipping: governance pathways and future directions,Chen Y.,2025,10.3389/fmars.2025.1489091,scopus:10.3389/fmars.2025.1489091,Scopus,,Frontiers in Marine Science,https://api.elsevier.com/content/abstract/scopus_id/86000519854,shipping governance international regulations IMO,2026-07-24T11:51:42.974011+00:00,Elsevier Scopus bibliographic metadata
Global coordination and challenges of technical standards and application specifications for marine clean alternative fuels in the IMO’s new emission reduction regulations,Wang S.,2025,10.3389/fmars.2025.1683017,scopus:10.3389/fmars.2025.1683017,Scopus,,Frontiers in Marine Science,https://api.elsevier.com/content/abstract/scopus_id/105026824629,shipping governance international regulations IMO,2026-07-24T11:51:42.974021+00:00,Elsevier Scopus bibliographic metadata
"Governance strategies for emission control areas: a tripartite game perspective of port state, flag state and shipping company",Chen J.,2025,10.1504/IJSTL.2025.149594,scopus:10.1504/IJSTL.2025.149594,Scopus,,International Journal of Shipping and Transport Logistics,https://api.elsevier.com/content/abstract/scopus_id/105021226814,shipping governance international regulations IMO,2026-07-24T11:51:42.974014+00:00,Elsevier Scopus bibliographic metadata
Shipping decarbonization governance in Arctic waters: theoretic logic and implementation pathways,Li W.W.,2025,10.12429/j.advps.2025.0001,scopus:10.12429/j.advps.2025.0001,Scopus,,Advances in Polar Science,https://api.elsevier.com/content/abstract/scopus_id/105010267978,shipping governance international regulations IMO,2026-07-24T11:51:42.974007+00:00,Elsevier Scopus bibliographic metadata
Iberian Ports as a Funnel for Regulations on the Decarbonization of Maritime Transport,deManuel-López F.,2024,10.3390/su16020862,scopus:10.3390/su16020862,Scopus,,Sustainability Switzerland,https://api.elsevier.com/content/abstract/scopus_id/85183399633,shipping governance international regulations IMO,2026-07-24T11:51:42.974043+00:00,Elsevier Scopus bibliographic metadata
International governance of Arctic shipping black carbon emissions: Current situation and impediments to progress,Qi X.,2024,10.1016/j.marpol.2024.106043,scopus:10.1016/j.marpol.2024.106043,Scopus,,Marine Policy,https://api.elsevier.com/content/abstract/scopus_id/85185255020,shipping governance international regulations IMO,2026-07-24T11:51:42.974032+00:00,Elsevier Scopus bibliographic metadata
Maritime law and governance,Aiken D.M.,2024,10.4337/9781802206883.00014,scopus:10.4337/9781802206883.00014,Scopus,,Elgar Companion to the Law and Practice of the International Maritime Organization,https://api.elsevier.com/content/abstract/scopus_id/85214628034,shipping governance international regulations IMO,2026-07-24T11:51:42.974036+00:00,Elsevier Scopus bibliographic metadata
"Smart regulations in maritime governance: Efficacy, gaps, and stakeholder perspectives",Olaniyi E.O.,2024,10.1016/j.marpolbul.2024.116341,scopus:10.1016/j.marpolbul.2024.116341,Scopus,,Marine Pollution Bulletin,https://api.elsevier.com/content/abstract/scopus_id/85189861422,shipping governance international regulations IMO,2026-07-24T11:51:42.974028+00:00,Elsevier Scopus bibliographic metadata
The effectiveness of legal framework of Arctic vessel-source black carbon governance,Wang J.,2024,10.1007/s11356-024-32205-4,scopus:10.1007/s11356-024-32205-4,Scopus,,Environmental Science and Pollution Research,https://api.elsevier.com/content/abstract/scopus_id/85184931652,shipping governance international regulations IMO,2026-07-24T11:51:42.974025+00:00,Elsevier Scopus bibliographic metadata
The Game-Changing Role of Scope 3 Emissions in Logistics and Maritime Sustainability,Suboyin A.,2024,10.2118/222362-MS,scopus:10.2118/222362-MS,Scopus,,Society of Petroleum Engineers Adipec 2024,https://api.elsevier.com/content/abstract/scopus_id/85215118596,shipping governance international regulations IMO,2026-07-24T11:51:42.974047+00:00,Elsevier Scopus bibliographic metadata
The role of the IMO in promoting environmental protection,Tsimplis M.,2024,10.4337/9781802206883.00020,scopus:10.4337/9781802206883.00020,Scopus,,Elgar Companion to the Law and Practice of the International Maritime Organization,https://api.elsevier.com/content/abstract/scopus_id/85214608855,shipping governance international regulations IMO,2026-07-24T11:51:42.974039+00:00,Elsevier Scopus bibliographic metadata
An Analysis of Policy Options Available to the International Maritime Organization to Protect the Costa Rica Thermal Dome: Building the Case for a Particularly Sensitive Sea Area,Castillo Rodríguez R.,2023,10.1016/j.marpol.2022.105375,scopus:10.1016/j.marpol.2022.105375,Scopus,,Marine Policy,https://api.elsevier.com/content/abstract/scopus_id/85149732719,shipping governance international regulations IMO,2026-07-24T11:51:42.974051+00:00,Elsevier Scopus bibliographic metadata
Controlling International Shipping and Aviation Emissions: Governing the Global Climate Crisis,Deese D.A.,2023,10.4324/9781003352204,scopus:10.4324/9781003352204,Scopus,,Controlling International Shipping and Aviation Emissions Governing the Global Climate Crisis,https://api.elsevier.com/content/abstract/scopus_id/85165315833,shipping governance international regulations IMO,2026-07-24T11:51:42.974055+00:00,Elsevier Scopus bibliographic metadata
"Green Corridor: A Feasible Option for the UAE Decarbonization Pathway, Opportunities & Challenges",Diaz S.,2023,10.2118/216033-MS,scopus:10.2118/216033-MS,Scopus,,Society of Petroleum Engineers Adipec Adip 2023,https://api.elsevier.com/content/abstract/scopus_id/85176778122,shipping governance international regulations IMO,2026-07-24T11:51:42.974058+00:00,Elsevier Scopus bibliographic metadata
Decarbonisation of the shipping sector – Time to ban fossil fuels?,van Leeuwen J.,2022,10.1016/j.marpol.2022.105310,scopus:10.1016/j.marpol.2022.105310,Scopus,,Marine Policy,https://api.elsevier.com/content/abstract/scopus_id/85139844320,shipping governance international regulations IMO,2026-07-24T11:51:42.974062+00:00,Elsevier Scopus bibliographic metadata
Governance for Sustainable Development: The Value of Environmental Regulations and the Effect of Maritime Norms,Tsimplis M.,2022,10.1163/15718085-bja10088,scopus:10.1163/15718085-bja10088,Scopus,,International Journal of Marine and Coastal Law,https://api.elsevier.com/content/abstract/scopus_id/85126916693,shipping governance international regulations IMO,2026-07-24T11:51:42.974069+00:00,Elsevier Scopus bibliographic metadata
The supervision and multi-sectoral guarantee mechanism of the global marine sulphur limit—assessment from Chinese shipping industry,Liu X.,2022,10.3389/fmars.2022.1028388,scopus:10.3389/fmars.2022.1028388,Scopus,,Frontiers in Marine Science,https://api.elsevier.com/content/abstract/scopus_id/85140981552,shipping governance international regulations IMO,2026-07-24T11:51:42.974066+00:00,Elsevier Scopus bibliographic metadata
Addressing the pollution control potential of marine spatial planning for shipping activity,Sakib N.,2021,10.1016/j.marpol.2021.104648,scopus:10.1016/j.marpol.2021.104648,Scopus,,Marine Policy,https://api.elsevier.com/content/abstract/scopus_id/85108607938,shipping governance international regulations IMO,2026-07-24T11:51:42.974076+00:00,Elsevier Scopus bibliographic metadata
Assessing innovation in transport: An application of the Technology Adoption (TechAdo) model to Maritime Autonomous Surface Ships (MASS),Fonseca T.,2021,10.1016/j.tranpol.2021.09.005,scopus:10.1016/j.tranpol.2021.09.005,Scopus,,Transport Policy,https://api.elsevier.com/content/abstract/scopus_id/85116326886,shipping governance international regulations IMO,2026-07-24T11:51:42.974073+00:00,Elsevier Scopus bibliographic metadata
Climate strategy in the balance who decides?,Prehn M.,2021,10.1016/j.marpol.2021.104621,scopus:10.1016/j.marpol.2021.104621,Scopus,,Marine Policy,https://api.elsevier.com/content/abstract/scopus_id/85107992128,shipping governance international regulations IMO,2026-07-24T11:51:42.974080+00:00,Elsevier Scopus bibliographic metadata
A data-driven hybrid framework for analyzing vessel detentions in Australia,Sheriff A.M.,2026,10.1016/j.marpol.2025.106933,scopus:10.1016/j.marpol.2025.106933,Scopus,,Marine Policy,https://api.elsevier.com/content/abstract/scopus_id/105020967611,maritime safety maritime labour conditions,2026-07-24T11:51:44.931880+00:00,Elsevier Scopus bibliographic metadata
AI at Sea: Implications for Seafarers and Maritime Labor Law,Lagdami K.,2026,10.1017/9781009760171.007,scopus:10.1017/9781009760171.007,Scopus,,Marine Technology Ocean Development and the Law of the Sea,https://api.elsevier.com/content/abstract/scopus_id/105039628852,maritime safety maritime labour conditions,2026-07-24T11:51:44.931884+00:00,Elsevier Scopus bibliographic metadata
Seafarers’ Rights At Sea: The Legal Framework Of International Protections For Maritime Workers,Sabatira F.,2026,,scopus:https://api.elsevier.com/content/abstract/scopus_id/105038435969,Scopus,,Journal of Maritime Research,https://api.elsevier.com/content/abstract/scopus_id/105038435969,maritime safety maritime labour conditions,2026-07-24T11:51:44.931871+00:00,Elsevier Scopus bibliographic metadata
THE ROLE OF THE SAILORS TRADE UNION IN ENSURING HEALTH-PRESERVING ENVIRONMENT FOR FEMALE SAILORS,Tonkonog V.V.,2026,10.32687/0869-866X-2026-34-1-88-93,scopus:10.32687/0869-866X-2026-34-1-88-93,Scopus,,Problemy Sotsial Noi Gigieny Zdravookhraneniia I Istorii Meditsiny,https://api.elsevier.com/content/abstract/scopus_id/105030901898,maritime safety maritime labour conditions,2026-07-24T11:51:44.931833+00:00,Elsevier Scopus bibliographic metadata
"A Review on the Amendments (2014-2022) to the Maritime Labour Convention (MLC, 2006): Key Topics & Systemic Challenges in Practice",Yilmaz F.,2025,10.7225/toms.v14.n03.013,scopus:10.7225/toms.v14.n03.013,Scopus,,Transactions on Maritime Science,https://api.elsevier.com/content/abstract/scopus_id/105024339022,maritime safety maritime labour conditions,2026-07-24T11:51:44.931892+00:00,Elsevier Scopus bibliographic metadata
"City, port and labour: regulating the port of Genoa",Carta C.,2025,10.1441/117110,scopus:10.1441/117110,Scopus,,Lavoro E Diritto,https://api.elsevier.com/content/abstract/scopus_id/105010202245,maritime safety maritime labour conditions,2026-07-24T11:51:44.931903+00:00,Elsevier Scopus bibliographic metadata
Enhancing Safety Standards in Purse Seine Fisheries: An Assessment of Maritim Labor Convention (MLC) Compliance in Indonesian Waters,Sulkhani E.Y.,2025,10.18280/ijsse.150606,scopus:10.18280/ijsse.150606,Scopus,,International Journal of Safety and Security Engineering,https://api.elsevier.com/content/abstract/scopus_id/105011856241,maritime safety maritime labour conditions,2026-07-24T11:51:44.931900+00:00,Elsevier Scopus bibliographic metadata
Examining the Role of Maritime Education and Training Institutions in Addressing Mental Health Challenges Faced by Seafarers,Yasmin F.,2025,10.5755/e01.2351-7034.2025.P495-500,scopus:10.5755/e01.2351-7034.2025.P495-500,Scopus,,Transport Means Proceedings of the International Conference,https://api.elsevier.com/content/abstract/scopus_id/105038749985,maritime safety maritime labour conditions,2026-07-24T11:51:44.931907+00:00,Elsevier Scopus bibliographic metadata
Human response regulation in hot and humid environments with salt spray,Hou Y.,2025,10.1016/j.buildenv.2025.113151,scopus:10.1016/j.buildenv.2025.113151,Scopus,,Building and Environment,https://api.elsevier.com/content/abstract/scopus_id/105004874307,maritime safety maritime labour conditions,2026-07-24T11:51:44.931896+00:00,Elsevier Scopus bibliographic metadata
POLICING “SMALL BOATS” AND PERIPHERIES: CHANNEL CROSSINGS AS SITES OF MORAL PANIC,CAMPBELL S.,2025,10.15176/vol62no26,scopus:10.15176/vol62no26,Scopus,,Narodna Umjetnost,https://api.elsevier.com/content/abstract/scopus_id/105040358125,maritime safety maritime labour conditions,2026-07-24T11:51:44.931888+00:00,Elsevier Scopus bibliographic metadata
Advanced Capacitor-Based Battery Equalizer for Underwater Vehicles,Ho K.C.,2024,10.3390/jmse12081357,scopus:10.3390/jmse12081357,Scopus,,Journal of Marine Science and Engineering,https://api.elsevier.com/content/abstract/scopus_id/85202645868,maritime safety maritime labour conditions,2026-07-24T11:51:44.931915+00:00,Elsevier Scopus bibliographic metadata
Detection method of the buoy tilt based on machine vision,Zhao J.,2024,10.3969/j.issn.1000-4653.2024.04.006,scopus:10.3969/j.issn.1000-4653.2024.04.006,Scopus,,Navigation of China,https://api.elsevier.com/content/abstract/scopus_id/105036429089,maritime safety maritime labour conditions,2026-07-24T11:51:44.931911+00:00,Elsevier Scopus bibliographic metadata
Fisheries observers: An overlooked vulnerability for crime and corruption within the global fishing industry,Garcia E.L.,2024,10.1016/j.marpol.2024.106029,scopus:10.1016/j.marpol.2024.106029,Scopus,,Marine Policy,https://api.elsevier.com/content/abstract/scopus_id/85185516047,maritime safety maritime labour conditions,2026-07-24T11:51:44.931926+00:00,Elsevier Scopus bibliographic metadata
Impact on seafarers of extreme events: A case study arising out of the situation in Ukraine,Hebbar A.A.,2024,10.5603/imh.100443,scopus:10.5603/imh.100443,Scopus,,International Maritime Health,https://api.elsevier.com/content/abstract/scopus_id/85206345468,maritime safety maritime labour conditions,2026-07-24T11:51:44.931941+00:00,Elsevier Scopus bibliographic metadata
"Merchant Seafarers on British Ships: Lascars, Labour, Law and Empire in the Early Twentieth Century",Kirkby D.,2024,10.4324/9781032616216-17,scopus:10.4324/9781032616216-17,Scopus,,Legal Histories of Empire Navigating Legalities,https://api.elsevier.com/content/abstract/scopus_id/85207986715,maritime safety maritime labour conditions,2026-07-24T11:51:44.931937+00:00,Elsevier Scopus bibliographic metadata
Precariousness and vulnerability: Seafarers in the COVID-19 pandemic,Shan D.,2024,10.1177/01171968241245731,scopus:10.1177/01171968241245731,Scopus,,Asian and Pacific Migration Journal,https://api.elsevier.com/content/abstract/scopus_id/85193630697,maritime safety maritime labour conditions,2026-07-24T11:51:44.931922+00:00,Elsevier Scopus bibliographic metadata
"State-led Maritime Governance, Education and Training Nexus in South Africa",Mthuli S.A.,2024,,scopus:https://api.elsevier.com/content/abstract/scopus_id/85215686150,Scopus,,Proceedings of the European Conference on Management Leadership and Governance,https://api.elsevier.com/content/abstract/scopus_id/85215686150,maritime safety maritime labour conditions,2026-07-24T11:51:44.931930+00:00,Elsevier Scopus bibliographic metadata
The problematic issues of regulation and organization of labor safety of sailors as factor impacting life quality and health,Arestova Y.A.,2024,10.32687/0869-866X-2024-32-3-353-362,scopus:10.32687/0869-866X-2024-32-3-353-362,Scopus,,Problemy Sotsial Noi Gigieny Zdravookhraneniia I Istorii Meditsiny,https://api.elsevier.com/content/abstract/scopus_id/85198686586,maritime safety maritime labour conditions,2026-07-24T11:51:44.931918+00:00,Elsevier Scopus bibliographic metadata
Bidirectional Data-Driven Trajectory Prediction for Intelligent Maritime Traffic,Xiao Y.,2023,10.1109/TITS.2022.3219998,scopus:10.1109/TITS.2022.3219998,Scopus,,IEEE Transactions on Intelligent Transportation Systems,https://api.elsevier.com/content/abstract/scopus_id/85141579676,maritime safety maritime labour conditions,2026-07-24T11:51:44.931959+00:00,Elsevier Scopus bibliographic metadata
Enhancing crew protection in indonesian commercial fishing: A critical evaluation of ilo convention 188,Dewi D.M.,2023,10.15294/ildisea.v2i2.78310,scopus:10.15294/ildisea.v2i2.78310,Scopus,,International Law Discourse in Southeast Asia,https://api.elsevier.com/content/abstract/scopus_id/85216466686,maritime safety maritime labour conditions,2026-07-24T11:51:44.931955+00:00,Elsevier Scopus bibliographic metadata
Recognition of Damage Types of Chinese Gray-Brick Ancient Buildings Based on Machine Learning—Taking the Macau World Heritage Buffer Zone as an Example,Yang X.,2023,10.3390/atmos14020346,scopus:10.3390/atmos14020346,Scopus,,Atmosphere,https://api.elsevier.com/content/abstract/scopus_id/85149052647,maritime safety maritime labour conditions,2026-07-24T11:51:44.931963+00:00,Elsevier Scopus bibliographic metadata
Regulatory and legal bases for the establishment and functioning of seafarers' health protection centers in the Russian Federation,Voronkova S.V.,2023,10.31089/1026-9428-2023-63-9-586-595,scopus:10.31089/1026-9428-2023-63-9-586-595,Scopus,,Meditsina Truda I Promyshlennaya Ekologiya,https://api.elsevier.com/content/abstract/scopus_id/85174182145,maritime safety maritime labour conditions,2026-07-24T11:51:44.931966+00:00,Elsevier Scopus bibliographic metadata
Seafarers' welfare under the maritime labour convention of 2006,Daniş M.,2023,,scopus:https://api.elsevier.com/content/abstract/scopus_id/85172688301,Scopus,,Maritime Wellbeing,https://api.elsevier.com/content/abstract/scopus_id/85172688301,maritime safety maritime labour conditions,2026-07-24T11:51:44.931948+00:00,Elsevier Scopus bibliographic metadata
Statistical approaches to seafarers' fatigue,Kizilsac B.B.,2023,,scopus:https://api.elsevier.com/content/abstract/scopus_id/85172703059,Scopus,,Maritime Wellbeing,https://api.elsevier.com/content/abstract/scopus_id/85172703059,maritime safety maritime labour conditions,2026-07-24T11:51:44.931952+00:00,Elsevier Scopus bibliographic metadata
"The collective effort of the United Nations Specialised Agencies to tackle the global problem of illegal, unreported and unregulated (IUU) fishing",Auld K.,2023,10.1016/j.ocecoaman.2023.106720,scopus:10.1016/j.ocecoaman.2023.106720,Scopus,,Ocean and Coastal Management,https://api.elsevier.com/content/abstract/scopus_id/85164994596,maritime safety maritime labour conditions,2026-07-24T11:51:44.931944+00:00,Elsevier Scopus bibliographic metadata
Exploring the current practices and future needs of marine engineering education in Bangladesh,Tusher H.M.,2021,10.3390/jmse9101085,scopus:10.3390/jmse9101085,Scopus,,Journal of Marine Science and Engineering,https://api.elsevier.com/content/abstract/scopus_id/85117180258,seafarer workforce skills competences training professional development,2026-07-24T11:51:45.551479+00:00,Elsevier Scopus bibliographic metadata
A Sustainability-Oriented Framework for Evaluating the “Hardcore Strength” of World-Class Ports: Multi-Dimensional Indicators and Game-Theoretic Weight Integration,Jin X.,2026,10.3390/su18083751,scopus:10.3390/su18083751,Scopus,,Sustainability Switzerland,https://api.elsevier.com/content/abstract/scopus_id/105037036080,port governance maritime logistics sustainability,2026-07-24T11:51:51.319041+00:00,Elsevier Scopus bibliographic metadata
Advancing India’s green port agenda: The role of stakeholder engagement through structural equation modelling,Kumar R.,2026,10.1016/j.trip.2025.101796,scopus:10.1016/j.trip.2025.101796,Scopus,,Transportation Research Interdisciplinary Perspectives,https://api.elsevier.com/content/abstract/scopus_id/105025438060,port governance maritime logistics sustainability,2026-07-24T11:51:51.319067+00:00,Elsevier Scopus bibliographic metadata
Artificial intelligence-enabled digital twins for sustainable and carbon-neutral smart port operations,Menachof D.A.,2026,10.1007/s13437-026-00428-6,scopus:10.1007/s13437-026-00428-6,Scopus,,Wmu Journal of Maritime Affairs,https://api.elsevier.com/content/abstract/scopus_id/105043478380,port governance maritime logistics sustainability,2026-07-24T11:51:51.319003+00:00,Elsevier Scopus bibliographic metadata
Assessing cybersecurity resilience of digital ports using a BN-FAIR framework,Liu X.,2026,10.1016/j.trd.2026.105379,scopus:10.1016/j.trd.2026.105379,Scopus,,Transportation Research Part D Transport and Environment,https://api.elsevier.com/content/abstract/scopus_id/105036333677,port governance maritime logistics sustainability,2026-07-24T11:51:51.319033+00:00,Elsevier Scopus bibliographic metadata
Defining a Cloud-Based Platform for Monitoring Port Authority Performance,Risitano M.,2026,10.1007/978-3-031-99353-4_13,scopus:10.1007/978-3-031-99353-4_13,Scopus,,Communications in Computer and Information Science,https://api.elsevier.com/content/abstract/scopus_id/105015657216,port governance maritime logistics sustainability,2026-07-24T11:51:51.319074+00:00,Elsevier Scopus bibliographic metadata
Energy-Efficient and Low-Emission Maritime Transportation Systems Enabled by Intelligent Technologies,Menda V.,2026,10.1007/978-3-032-24338-6_13,scopus:10.1007/978-3-032-24338-6_13,Scopus,,Lecture Notes in Intelligent Transportation and Infrastructure,https://api.elsevier.com/content/abstract/scopus_id/105040734543,port governance maritime logistics sustainability,2026-07-24T11:51:51.319056+00:00,Elsevier Scopus bibliographic metadata
From Smart Ports to Sustainable Port Ecosystems: The Transformative Role of Artificial Intelligence,Castro M.,2026,10.3390/systems14020187,scopus:10.3390/systems14020187,Scopus,,Systems,https://api.elsevier.com/content/abstract/scopus_id/105031091680,port governance maritime logistics sustainability,2026-07-24T11:51:51.319049+00:00,Elsevier Scopus bibliographic metadata
IoT-Driven Smart Port Logistics for Renewable Energy Integration in Maritime Supply Chains,Kumar I.,2026,10.1201/9781003671039-3,scopus:10.1201/9781003671039-3,Scopus,,Iot Technologies for Renewable Energy Generation Assessment Monitoring and Control of Resources,https://api.elsevier.com/content/abstract/scopus_id/105044263329,port governance maritime logistics sustainability,2026-07-24T11:51:51.319053+00:00,Elsevier Scopus bibliographic metadata
MAPPING THE SCIENTIFIC LANDSCAPE OF URBAN EMISSIONS IN PORT CITIES: A BIBLIOMETRIC REVIEW,Fauzi I.,2026,10.21837/PM.V24I41.2024,scopus:10.21837/PM.V24I41.2024,Scopus,,Planning Malaysia,https://api.elsevier.com/content/abstract/scopus_id/105038797740,port governance maritime logistics sustainability,2026-07-24T11:51:51.319070+00:00,Elsevier Scopus bibliographic metadata
"Maritime logbooks as strategic infrastructure: Policy, technology, and the future of port operations",Novaes Mathias T.,2026,10.1016/j.marpol.2025.106975,scopus:10.1016/j.marpol.2025.106975,Scopus,,Marine Policy,https://api.elsevier.com/content/abstract/scopus_id/105023429308,port governance maritime logistics sustainability,2026-07-24T11:51:51.319045+00:00,Elsevier Scopus bibliographic metadata
Scaling IoT maturity for sustainable global ports,Stavroulakis P.J.,2026,10.1007/s40722-026-00500-6,scopus:10.1007/s40722-026-00500-6,Scopus,,Journal of Ocean Engineering and Marine Energy,https://api.elsevier.com/content/abstract/scopus_id/105035910673,port governance maritime logistics sustainability,2026-07-24T11:51:51.319027+00:00,Elsevier Scopus bibliographic metadata
Strategic Infrastructure and Logistics Transformation in South America: The Case of the Port of Chancay as a Node of Regional Integration and Global Competitiveness,Lizarzaburu E.,2026,10.1007/978-3-032-22091-2_28,scopus:10.1007/978-3-032-22091-2_28,Scopus,,Lecture Notes in Networks and Systems,https://api.elsevier.com/content/abstract/scopus_id/105040265055,port governance maritime logistics sustainability,2026-07-24T11:51:51.319060+00:00,Elsevier Scopus bibliographic metadata
07-010 – Assessing the degree of digitalisation in port authorities: a literature review,Valderrama-Traverso K.A.,2025,,scopus:https://api.elsevier.com/content/abstract/scopus_id/105022809006,Scopus,,Proceedings from the International Congress on Project Management and Engineering,https://api.elsevier.com/content/abstract/scopus_id/105022809006,port governance maritime logistics sustainability,2026-07-24T11:51:51.319117+00:00,Elsevier Scopus bibliographic metadata
A Systematic Literature Review of Sustainable Ports Strategies and Initiatives in the Arabian Gulf Ports – Lessons for Saudi Arabia and UAE,Helal O.,2025,10.64064/1658-4325.1014,scopus:10.64064/1658-4325.1014,Scopus,,Journal of King Abdulaziz University Marine Science,https://api.elsevier.com/content/abstract/scopus_id/105038753347,port governance maritime logistics sustainability,2026-07-24T11:51:51.319089+00:00,Elsevier Scopus bibliographic metadata
An Overview of Critical Success Factors for Digital Shipping Corridors: A Roadmap for Maritime Logistics Modernization,Alavi-Borazjani S.A.,2025,10.3390/su17125537,scopus:10.3390/su17125537,Scopus,,Sustainability Switzerland,https://api.elsevier.com/content/abstract/scopus_id/105009004110,port governance maritime logistics sustainability,2026-07-24T11:51:51.319081+00:00,Elsevier Scopus bibliographic metadata
Assessing the adoption of artificial intelligence in the maritime transport industry: an empirical exploration in the port of Rotterdam,Fani V.,2025,10.1057/s41278-025-00333-4,scopus:10.1057/s41278-025-00333-4,Scopus,,Maritime Economics and Logistics,https://api.elsevier.com/content/abstract/scopus_id/105017828325,port governance maritime logistics sustainability,2026-07-24T11:51:51.319092+00:00,Elsevier Scopus bibliographic metadata
Barriers and Success Indicators for Multimodal Transport Integration in Freight Logistics: A Systematic Literature Review,Katupitiya G.,2025,10.1109/ICEST65883.2025.11428722,scopus:10.1109/ICEST65883.2025.11428722,Scopus,,International Conference on Innovations in Engineering Science and Technology for Sustainable Development Icest 2025,https://api.elsevier.com/content/abstract/scopus_id/105038343079,port governance maritime logistics sustainability,2026-07-24T11:51:51.319121+00:00,Elsevier Scopus bibliographic metadata
Batam Free Port: Pathways to Clean Energy and Blue Economy Sustainability,Muzwardi A.,2025,10.1088/1755-1315/1559/1/012033,scopus:10.1088/1755-1315/1559/1/012033,Scopus,,Iop Conference Series Earth and Environmental Science,https://api.elsevier.com/content/abstract/scopus_id/105035082947,port governance maritime logistics sustainability,2026-07-24T11:51:51.319110+00:00,Elsevier Scopus bibliographic metadata
Comparative Machine Learning Analysis for Predicting Container Turnaround Time in ESG-Driven Port Marine Systems,Rabiha S.G.,2025,10.1109/ISRITI68345.2025.11393219,scopus:10.1109/ISRITI68345.2025.11393219,Scopus,,Proceedings 2025 8th International Seminar on Research of Information Technology and Intelligent Systems Isriti 2025,https://api.elsevier.com/content/abstract/scopus_id/105035734828,port governance maritime logistics sustainability,2026-07-24T11:51:51.319096+00:00,Elsevier Scopus bibliographic metadata
Enhancing maritime supply chain security and efficiency: a review of Zero-Knowledge Proofs in blockchain applications,Curado Silveirinha J.,2025,10.1080/03088839.2025.2580502,scopus:10.1080/03088839.2025.2580502,Scopus,,Maritime Policy and Management,https://api.elsevier.com/content/abstract/scopus_id/105022702012,port governance maritime logistics sustainability,2026-07-24T11:51:51.319100+00:00,Elsevier Scopus bibliographic metadata
Evaluating Maritime Education Effectiveness in Preparing Port Management Professionals for Green Transition,Barasa L.,2025,10.1088/1755-1315/1566/1/012020,scopus:10.1088/1755-1315/1566/1/012020,Scopus,,Iop Conference Series Earth and Environmental Science,https://api.elsevier.com/content/abstract/scopus_id/105034966196,port governance maritime logistics sustainability,2026-07-24T11:51:51.319085+00:00,Elsevier Scopus bibliographic metadata
"PORT POLICY, GOVERNANCE MODELS, AND THEIR INCENTIVES IN DEVELOPING COUNTRIES: A SYSTEMATIC REVIEW",Benavente Valdivia A.G.,2025,10.22495/jgrv14i4siart17,scopus:10.22495/jgrv14i4siart17,Scopus,,Journal of Governance and Regulation,https://api.elsevier.com/content/abstract/scopus_id/105025971905,port governance maritime logistics sustainability,2026-07-24T11:51:51.319106+00:00,Elsevier Scopus bibliographic metadata
Sustainable Maritime Infrastructure and Coastal Accessibility Policy for Marine Resource Utilization in the Kepulauan Riau Province,Samin R.,2025,10.1088/1755-1315/1559/1/012039,scopus:10.1088/1755-1315/1559/1/012039,Scopus,,Iop Conference Series Earth and Environmental Science,https://api.elsevier.com/content/abstract/scopus_id/105035067111,port governance maritime logistics sustainability,2026-07-24T11:51:51.319113+00:00,Elsevier Scopus bibliographic metadata
Waves in the Cloud: Rethinking Maritime Infrastructure in a Connected World,Malang B.,2025,10.4018/979-8-3373-3546-9.ch009,scopus:10.4018/979-8-3373-3546-9.ch009,Scopus,,Emerging Technologies in Vessels and Automated Drones for Maritime Innovation,https://api.elsevier.com/content/abstract/scopus_id/105024839590,port governance maritime logistics sustainability,2026-07-24T11:51:51.319078+00:00,Elsevier Scopus bibliographic metadata
A Comprehensive Resilience Assessment Model for Smart Ports: A System Dynamics Simulation of Ningbo-Zhoushan Port in the Context of Digital Transformation,Feng Y.,2026,10.3390/systems14040413,scopus:10.3390/systems14040413,Scopus,,Systems,https://api.elsevier.com/content/abstract/scopus_id/105036731284,smart ports digital transformation port operations,2026-07-24T11:51:53.059912+00:00,Elsevier Scopus bibliographic metadata
A systematic review of smart ports in global maritime trade: multi-dimensional evaluation framework and development trend analysis,Xu J.,2026,10.1080/20464177.2026.2634483,scopus:10.1080/20464177.2026.2634483,Scopus,,Journal of Marine Engineering and Technology,https://api.elsevier.com/content/abstract/scopus_id/105030687485,smart ports digital transformation port operations,2026-07-24T11:51:53.059942+00:00,Elsevier Scopus bibliographic metadata
Applications of Artificial Intelligence in Port Management and Operations: A Prisma-Based Review,Fernandes A.,2026,10.17818/NM/2026/1.1,scopus:10.17818/NM/2026/1.1,Scopus,,Nase More,https://api.elsevier.com/content/abstract/scopus_id/105038426921,smart ports digital transformation port operations,2026-07-24T11:51:53.059953+00:00,Elsevier Scopus bibliographic metadata
Artificial intelligence in ports: a bibliometric and evolutionary perspective,Oner G.,2026,10.1504/IJSTL.2026.10076003,scopus:10.1504/IJSTL.2026.10076003,Scopus,,International Journal of Shipping and Transport Logistics,https://api.elsevier.com/content/abstract/scopus_id/105039067088,smart ports digital transformation port operations,2026-07-24T11:51:53.059957+00:00,Elsevier Scopus bibliographic metadata
Cybersecurity in smart port systems: A systematic review and data-driven research agenda,Zhao Y.,2026,10.1016/j.tranpol.2026.104268,scopus:10.1016/j.tranpol.2026.104268,Scopus,,Transport Policy,https://api.elsevier.com/content/abstract/scopus_id/105043403804,smart ports digital transformation port operations,2026-07-24T11:51:53.059887+00:00,Elsevier Scopus bibliographic metadata
Digital Transformation in Port Logistics,Su Z.,2026,10.3390/encyclopedia6010028,scopus:10.3390/encyclopedia6010028,Scopus,,Encyclopedia,https://api.elsevier.com/content/abstract/scopus_id/105029018691,smart ports digital transformation port operations,2026-07-24T11:51:53.059939+00:00,Elsevier Scopus bibliographic metadata
Digital twin adoption in port authorities: a structured framework for use case assessment,Saragani C.,2026,10.1186/s41072-026-00234-6,scopus:10.1186/s41072-026-00234-6,Scopus,,Journal of Shipping and Trade,https://api.elsevier.com/content/abstract/scopus_id/105035541352,smart ports digital transformation port operations,2026-07-24T11:51:53.059881+00:00,Elsevier Scopus bibliographic metadata
Dynamic Simulation and Decision-Making Method for Port Digital Twins Based on a Hybrid LSTM-Transformer Architecture,Xu D.,2026,10.1145/3804504.3804534,scopus:10.1145/3804504.3804534,Scopus,,Proceedings of the 2nd International Conference on Digital Society Information Science and Risk Management Icdir 2026,https://api.elsevier.com/content/abstract/scopus_id/105038656276,smart ports digital transformation port operations,2026-07-24T11:51:53.059909+00:00,Elsevier Scopus bibliographic metadata
Editorial: Smartization and resilience of ports and shipping,Zhou S.,2026,10.3389/fmars.2026.1882539,scopus:10.3389/fmars.2026.1882539,Scopus,,Frontiers in Marine Science,https://api.elsevier.com/content/abstract/scopus_id/105042344649,smart ports digital transformation port operations,2026-07-24T11:51:53.059905+00:00,Elsevier Scopus bibliographic metadata
Enhancing Smart Seaport Operational Efficiency for Sustainable Development: A Configuration Analysis Using DEA and fsQCA,Qu L.,2026,10.3390/su18062770,scopus:10.3390/su18062770,Scopus,,Sustainability Switzerland,https://api.elsevier.com/content/abstract/scopus_id/105033946017,smart ports digital transformation port operations,2026-07-24T11:51:53.059923+00:00,Elsevier Scopus bibliographic metadata
Investigating the Structural Dynamics of Terminal Operating System Selection: A Holistic Framework from Automation to Intelligence in Container Terminals,Alnıpak S.,2026,10.3390/systems14020147,scopus:10.3390/systems14020147,Scopus,,Systems,https://api.elsevier.com/content/abstract/scopus_id/105031122654,smart ports digital transformation port operations,2026-07-24T11:51:53.059931+00:00,Elsevier Scopus bibliographic metadata
IoT-Based Lateral Buoy System for Monitoring Navigation Lights and Position,Rachman S.,2026,10.14445/23488352/IJCE-V13I3P115,scopus:10.14445/23488352/IJCE-V13I3P115,Scopus,,Ssrg International Journal of Civil Engineering,https://api.elsevier.com/content/abstract/scopus_id/105034281854,smart ports digital transformation port operations,2026-07-24T11:51:53.059927+00:00,Elsevier Scopus bibliographic metadata
NaviGate App: A Digital Catalyst Supporting Coordination in a Smart Port Ecosystem,Basulo-Ribeiro J.,2026,10.1109/ACCESS.2026.3681514,scopus:10.1109/ACCESS.2026.3681514,Scopus,,IEEE Access,https://api.elsevier.com/content/abstract/scopus_id/105035662334,smart ports digital transformation port operations,2026-07-24T11:51:53.059935+00:00,Elsevier Scopus bibliographic metadata
Navigating the Law of the Sea and Ports—the Impact of Technologies in the Maritime Sector and Navigation Law,De Robertis F.,2026,10.1007/978-3-032-08664-8_13,scopus:10.1007/978-3-032-08664-8_13,Scopus,,Polito Springer Series,https://api.elsevier.com/content/abstract/scopus_id/105027068059,smart ports digital transformation port operations,2026-07-24T11:51:53.059961+00:00,Elsevier Scopus bibliographic metadata
"Proceedings of 2026 International Conference on AI Decision-Making and Management, AIDMM 2026",Unknown,2026,,scopus:https://api.elsevier.com/content/abstract/scopus_id/105042297395,Scopus,,Proceedings of 2026 International Conference on AI Decision Making and Management Aidmm 2026,https://api.elsevier.com/content/abstract/scopus_id/105042297395,smart ports digital transformation port operations,2026-07-24T11:51:53.059901+00:00,Elsevier Scopus bibliographic metadata
Smart Contracts and Blockchain-Driven Decision Support in Port Concessions: Business Intelligence and Data Science Contributions for Sustainable Supply Chains in Angola,Gunza D.D.D.,2026,10.1007/978-3-032-16288-5_2,scopus:10.1007/978-3-032-16288-5_2,Scopus,,Smart Innovation Systems and Technologies,https://api.elsevier.com/content/abstract/scopus_id/105037463769,smart ports digital transformation port operations,2026-07-24T11:51:53.059950+00:00,Elsevier Scopus bibliographic metadata
Smart Governance using an Integrated IoT Model in the Sultanate of Oman: Architecture and Pilots,Bhat A.Z.,2026,10.1145/3787330.3787337,scopus:10.1145/3787330.3787337,Scopus,,Icit 2025 Proceedings of the 13th International Conference on Information Technology Iot and Smart City,https://api.elsevier.com/content/abstract/scopus_id/105035346572,smart ports digital transformation port operations,2026-07-24T11:51:53.059919+00:00,Elsevier Scopus bibliographic metadata
Systematic Review of Innovative Technologies used in the Framework of Smart Port,Belmoukari B.,2026,10.1007/978-3-031-82119-6_2,scopus:10.1007/978-3-031-82119-6_2,Scopus,,Green Innovation Protocols for Different Typologies of Ports Technological Innovations Sustainability Initiatives and Energy Transition,https://api.elsevier.com/content/abstract/scopus_id/105032921297,smart ports digital transformation port operations,2026-07-24T11:51:53.059946+00:00,Elsevier Scopus bibliographic metadata
Current Status and Trends of Application Scenarios and Industrial Development in the Agricultural Low-Altitude Economy,He Y.,2025,10.12133/j.smartag.SA202507014,scopus:10.12133/j.smartag.SA202507014,Scopus,,Smart Agriculture,https://api.elsevier.com/content/abstract/scopus_id/105033771859,smart ports digital transformation port operations,2026-07-24T11:51:53.059978+00:00,Elsevier Scopus bibliographic metadata
Hybrid energy storage device based on multi-port transformer and direct current bus connection,Zheng X.,2025,10.1186/s42162-025-00520-w,scopus:10.1186/s42162-025-00520-w,Scopus,,Energy Informatics,https://api.elsevier.com/content/abstract/scopus_id/105004411107,smart ports digital transformation port operations,2026-07-24T11:51:53.059974+00:00,Elsevier Scopus bibliographic metadata
Optimal quality design of smart technologies for port digitalization: A game theoretical approach under digitalization synergy,Li K.,2025,10.1016/j.tre.2025.104459,scopus:10.1016/j.tre.2025.104459,Scopus,,Transportation Research Part E Logistics and Transportation Review,https://api.elsevier.com/content/abstract/scopus_id/105017631477,smart ports digital transformation port operations,2026-07-24T11:51:53.059968+00:00,Elsevier Scopus bibliographic metadata
"Coastal Flooding on Transportation Infrastructures: Systematic Review of Patterns, Impacts, and Methodologies",Momin M.S.M.I.,2026,10.1177/03611981261435885,scopus:10.1177/03611981261435885,Scopus,,Transportation Research Record,https://api.elsevier.com/content/abstract/scopus_id/105039706529,port climate adaptation sea level rise flood risk,2026-07-24T11:51:55.359525+00:00,Elsevier Scopus bibliographic metadata
"Integrating Land-Use Modeling with Coastal Landscape Interventions: A Framework for Climate Adaptation Planning in Dalian, China",Pang B.,2026,10.3390/su18010370,scopus:10.3390/su18010370,Scopus,,Sustainability Switzerland,https://api.elsevier.com/content/abstract/scopus_id/105027071184,port climate adaptation sea level rise flood risk,2026-07-24T11:51:55.359501+00:00,Elsevier Scopus bibliographic metadata
Exposure of Greek Ports to Marine Flooding and Extreme Heat Under Climate Change: An Assessment,Monioudi I.N.,2025,10.3390/w17131897,scopus:10.3390/w17131897,Scopus,,Water Switzerland,https://api.elsevier.com/content/abstract/scopus_id/105010310446,port climate adaptation sea level rise flood risk,2026-07-24T11:51:55.359531+00:00,Elsevier Scopus bibliographic metadata
San Francisco Waterfront Resilience Program Draft Plan,Varata A.,2025,10.4324/9781003597209-15,scopus:10.4324/9781003597209-15,Scopus,,Waterfront Regeneration in A Time of Climate Change Recent Japanese and International Experiences,https://api.elsevier.com/content/abstract/scopus_id/105015689533,port climate adaptation sea level rise flood risk,2026-07-24T11:51:55.359535+00:00,Elsevier Scopus bibliographic metadata
Adaptation to sea level rise in France,Le Cozannet G.,2024,10.1007/s12210-024-01225-0,scopus:10.1007/s12210-024-01225-0,Scopus,,Rendiconti Lincei,https://api.elsevier.com/content/abstract/scopus_id/85188075296,port climate adaptation sea level rise flood risk,2026-07-24T11:51:55.359539+00:00,Elsevier Scopus bibliographic metadata
Determination of Current and Future Extreme Sea Levels at the Local Scale in Port-Bouët Bay (Côte d’Ivoire),Kouakou M.,2023,10.3390/jmse11040756,scopus:10.3390/jmse11040756,Scopus,,Journal of Marine Science and Engineering,https://api.elsevier.com/content/abstract/scopus_id/85154538191,port climate adaptation sea level rise flood risk,2026-07-24T11:51:55.359544+00:00,Elsevier Scopus bibliographic metadata
Holistic Design of Resilient and Adaptive Waterfronts and Application in San Francisco,Bassetti L.,2022,10.1061/9780784484401.014,scopus:10.1061/9780784484401.014,Scopus,,Ports 2022 Port Engineering Papers from Sessions of the 16th Triennial International Conference,https://api.elsevier.com/content/abstract/scopus_id/85139553259,port climate adaptation sea level rise flood risk,2026-07-24T11:51:55.359557+00:00,Elsevier Scopus bibliographic metadata
IMPROVED CLIMATE CHANGE ADAPTATION in PORT of BRISBANE USING A DIGITAL TWIN CLOUD-BASED MODELLING APPROACH,Karatvuo H.,2022,10.1115/OMAE2022-79613,scopus:10.1115/OMAE2022-79613,Scopus,,Proceedings of the International Conference on Offshore Mechanics and Arctic Engineering OMAE,https://api.elsevier.com/content/abstract/scopus_id/85140838775,port climate adaptation sea level rise flood risk,2026-07-24T11:51:55.359553+00:00,Elsevier Scopus bibliographic metadata
Sea level rise risk to critical infrastructures: assessment and adaptation using open-access tools and data,Bolangi M.,2022,,scopus:https://api.elsevier.com/content/abstract/scopus_id/85138380798,Scopus,,Proceedings of the International Conference on Natural Hazards and Infrastructure,https://api.elsevier.com/content/abstract/scopus_id/85138380798,port climate adaptation sea level rise flood risk,2026-07-24T11:51:55.359549+00:00,Elsevier Scopus bibliographic metadata
Coastal inundation modelling and adaptation assessment for the Bellarine Peninsula,Weeraratne V.C.N.,2021,,scopus:https://api.elsevier.com/content/abstract/scopus_id/85177042003,Scopus,,Proceedings of the International Congress on Modelling and Simulation Modsim,https://api.elsevier.com/content/abstract/scopus_id/85177042003,port climate adaptation sea level rise flood risk,2026-07-24T11:51:55.359565+00:00,Elsevier Scopus bibliographic metadata
Impact Assessment of Climate Change on Coastal Transport Systems in the Greater Thessaloniki Area,Papagiannakis A.,2021,10.1007/978-3-030-61075-3_73,scopus:10.1007/978-3-030-61075-3_73,Scopus,,Advances in Intelligent Systems and Computing,https://api.elsevier.com/content/abstract/scopus_id/85096420314,port climate adaptation sea level rise flood risk,2026-07-24T11:51:55.359561+00:00,Elsevier Scopus bibliographic metadata
Climate change and coastal transport infrastructure—How do we keep Australia moving?,Fisk G.,2019,10.1007/978-3-319-95711-1_17,scopus:10.1007/978-3-319-95711-1_17,Scopus,,Lecture Notes in Mechanical Engineering,https://api.elsevier.com/content/abstract/scopus_id/85056614122,port climate adaptation sea level rise flood risk,2026-07-24T11:51:55.359573+00:00,Elsevier Scopus bibliographic metadata
Current and potential impacts of sea level rise in the coastal areas of Malaysia,Ehsan S.,2019,10.1088/1755-1315/228/1/012023,scopus:10.1088/1755-1315/228/1/012023,Scopus,,Iop Conference Series Earth and Environmental Science,https://api.elsevier.com/content/abstract/scopus_id/85062553208,port climate adaptation sea level rise flood risk,2026-07-24T11:51:55.359569+00:00,Elsevier Scopus bibliographic metadata
A Digital Twin Prototype for a Deep-Sea Observation Network: Virtual Environment Reconstruction and Data-Driven Predictive Analytics,Zhang X.,2026,10.3390/jmse14090800,scopus:10.3390/jmse14090800,Scopus,,Journal of Marine Science and Engineering,https://api.elsevier.com/content/abstract/scopus_id/105038461823,ocean observation marine monitoring data infrastructure,2026-07-24T11:52:04.783582+00:00,Elsevier Scopus bibliographic metadata
A non-linear granger causality-driven dynamic graph neural network for marine buoy data imputation,Zhu Q.,2026,10.1016/j.asoc.2026.115709,scopus:10.1016/j.asoc.2026.115709,Scopus,,Applied Soft Computing,https://api.elsevier.com/content/abstract/scopus_id/105042256196,ocean observation marine monitoring data infrastructure,2026-07-24T11:52:04.783558+00:00,Elsevier Scopus bibliographic metadata
A Reliable Offshore Sensing Framework for Social Ocean Systems Based on Self-Supervised Progressive Masked Denoising,Shan C.,2026,10.1109/TCSS.2026.3682013,scopus:10.1109/TCSS.2026.3682013,Scopus,,IEEE Transactions on Computational Social Systems,https://api.elsevier.com/content/abstract/scopus_id/105039042443,ocean observation marine monitoring data infrastructure,2026-07-24T11:52:04.783607+00:00,Elsevier Scopus bibliographic metadata
A review of joint target detection and recognition techniques for microwave and optical remote sensing imagery,Yang J.,2026,10.11834/jig.250648,scopus:10.11834/jig.250648,Scopus,,Journal of Image and Graphics,https://api.elsevier.com/content/abstract/scopus_id/105042270552,ocean observation marine monitoring data infrastructure,2026-07-24T11:52:04.783615+00:00,Elsevier Scopus bibliographic metadata
A Systematic Review of the Application of Chinese Satellite Observations for Water Quality Remote Sensing,Han B.,2026,10.1007/s11769-026-1624-8,scopus:10.1007/s11769-026-1624-8,Scopus,,Chinese Geographical Science,https://api.elsevier.com/content/abstract/scopus_id/105039758752,ocean observation marine monitoring data infrastructure,2026-07-24T11:52:04.783588+00:00,Elsevier Scopus bibliographic metadata
Deep learning-based object detection of offshore platforms on Sentinel-1 imagery and the impact of synthetic training data,Spanier R.,2026,10.1080/01431161.2026.2612908,scopus:10.1080/01431161.2026.2612908,Scopus,,International Journal of Remote Sensing,https://api.elsevier.com/content/abstract/scopus_id/105028009894,ocean observation marine monitoring data infrastructure,2026-07-24T11:52:04.783611+00:00,Elsevier Scopus bibliographic metadata
"Global Analysis of Shallow Underwater Fish Observation Research: 70 Years of Progress, Persistent Geographic Biases and a Path Forward",van Wyk A.J.,2026,10.1111/faf.70072,scopus:10.1111/faf.70072,Scopus,,Fish and Fisheries,https://api.elsevier.com/content/abstract/scopus_id/105030132401,ocean observation marine monitoring data infrastructure,2026-07-24T11:52:04.783595+00:00,Elsevier Scopus bibliographic metadata
Marine Robotics: Automated Exploration and Conservation,Antonio-Yañez E.D.,2026,10.4018/979-8-3373-5881-9.ch012,scopus:10.4018/979-8-3373-5881-9.ch012,Scopus,,Smart Technologies for Ocean Conservation Innovations in the Protection and Sustainable Use of the Seas,https://api.elsevier.com/content/abstract/scopus_id/105032589884,ocean observation marine monitoring data infrastructure,2026-07-24T11:52:04.783599+00:00,Elsevier Scopus bibliographic metadata
"Scalable low-cost seabed landers: the missing link for sustained, integrated, long-term observations in dynamic shallow seas",Calonge A.,2026,10.1002/rse2.70072,scopus:10.1002/rse2.70072,Scopus,,Remote Sensing in Ecology and Conservation,https://api.elsevier.com/content/abstract/scopus_id/105034674124,ocean observation marine monitoring data infrastructure,2026-07-24T11:52:04.783603+00:00,Elsevier Scopus bibliographic metadata
A new framework for selecting observation points and reconstructing wave fields under sparse observations,Lv T.,2025,10.1016/j.coastaleng.2025.104836,scopus:10.1016/j.coastaleng.2025.104836,Scopus,,Coastal Engineering,https://api.elsevier.com/content/abstract/scopus_id/105010939536,ocean observation marine monitoring data infrastructure,2026-07-24T11:52:04.783619+00:00,Elsevier Scopus bibliographic metadata
A roadmap for designing a virtual interface to explore a digital twin of the oceans for marine ecosystems monitoring,Clavel-Henry M.,2025,10.1016/j.ecoinf.2025.103483,scopus:10.1016/j.ecoinf.2025.103483,Scopus,,Ecological Informatics,https://api.elsevier.com/content/abstract/scopus_id/105020909261,ocean observation marine monitoring data infrastructure,2026-07-24T11:52:04.783622+00:00,Elsevier Scopus bibliographic metadata
Blue-Cloud Virtual Labs in Support of Sustainable Development Goals,Delvenne C.,2025,10.1109/OCEANS58557.2025.11104725,scopus:10.1109/OCEANS58557.2025.11104725,Scopus,,Oceans Conference Record IEEE,https://api.elsevier.com/content/abstract/scopus_id/105015048291,ocean observation marine monitoring data infrastructure,2026-07-24T11:52:04.783648+00:00,Elsevier Scopus bibliographic metadata
"Building Capacity to Measure and Assess Offshore, Full-frequency Water Level Fluctuations to Support Coastal Hazard Observation and Prediction",Yeo A.,2025,10.23919/OCEANS59106.2025.11245121,scopus:10.23919/OCEANS59106.2025.11245121,Scopus,,Oceans Conference Record IEEE,https://api.elsevier.com/content/abstract/scopus_id/105029554276,ocean observation marine monitoring data infrastructure,2026-07-24T11:52:04.783663+00:00,Elsevier Scopus bibliographic metadata
Collapse of cetacean biodiversity in the North Yellow Sea: Social media and AIS data uncover anthropogenic threats and conservation hotspots,Cheng Z.,2025,10.1016/j.ocecoaman.2025.107897,scopus:10.1016/j.ocecoaman.2025.107897,Scopus,,Ocean and Coastal Management,https://api.elsevier.com/content/abstract/scopus_id/105013492912,ocean observation marine monitoring data infrastructure,2026-07-24T11:52:04.783626+00:00,Elsevier Scopus bibliographic metadata
European metrology network for radiation protection: Quality infrastructure for a stronger Europe,Röttger A.,2025,10.1016/j.measen.2025.101826,scopus:10.1016/j.measen.2025.101826,Scopus,,Measurement Sensors,https://api.elsevier.com/content/abstract/scopus_id/85217941130,ocean observation marine monitoring data infrastructure,2026-07-24T11:52:04.783637+00:00,Elsevier Scopus bibliographic metadata
"Fjordlab: A Full-Scale Marine Field Laboratory for Innovation, Research, and Education in Ocean Science and Technology",Ludvigsen M.,2025,10.1109/OCEANS58557.2025.11104555,scopus:10.1109/OCEANS58557.2025.11104555,Scopus,,Oceans Conference Record IEEE,https://api.elsevier.com/content/abstract/scopus_id/105015041681,ocean observation marine monitoring data infrastructure,2026-07-24T11:52:04.783644+00:00,Elsevier Scopus bibliographic metadata
"Global Ocean Science Infrastructures, Technological Development and Plankton Research",Morgado F.,2025,10.1201/9781032662275-2,scopus:10.1201/9781032662275-2,Scopus,,Zooplankton Challenges in A Changing World Volume 1 A Worldwide Perspective and Research Approach,https://api.elsevier.com/content/abstract/scopus_id/85216695408,ocean observation marine monitoring data infrastructure,2026-07-24T11:52:04.783641+00:00,Elsevier Scopus bibliographic metadata
IWS - Internal Waves Service: a world-first repository for planetary-scale internal solitary waves monitoring,Pinelo J.,2025,10.1117/12.3069138,scopus:10.1117/12.3069138,Scopus,,Proceedings of SPIE the International Society for Optical Engineering,https://api.elsevier.com/content/abstract/scopus_id/105024939902,ocean observation marine monitoring data infrastructure,2026-07-24T11:52:04.783630+00:00,Elsevier Scopus bibliographic metadata
Maximising societal benefits from space R&D: a sustainability driven approach,Lopez M.C.S.,2025,10.52202/083101-0009,scopus:10.52202/083101-0009,Scopus,,Proceedings of the International Astronautical Congress Iac,https://api.elsevier.com/content/abstract/scopus_id/105032946710,ocean observation marine monitoring data infrastructure,2026-07-24T11:52:04.783667+00:00,Elsevier Scopus bibliographic metadata
"Short-Term Response of Mandous Severe Cyclone on Coastal Water Quality Along Southwestern Bay of Bengal, India",Pradhan S.,2025,10.1007/s00024-025-03708-z,scopus:10.1007/s00024-025-03708-z,Scopus,,Pure and Applied Geophysics,https://api.elsevier.com/content/abstract/scopus_id/105002347374,ocean observation marine monitoring data infrastructure,2026-07-24T11:52:04.783633+00:00,Elsevier Scopus bibliographic metadata
"A Modular Smart Ocean Observatory for Development of Sensors, Underwater Communication and Surveillance of Environmental Parameters",Bergh Ø.,2024,10.3390/s24206530,scopus:10.3390/s24206530,Scopus,,Sensors,https://api.elsevier.com/content/abstract/scopus_id/85207451258,ocean observation marine monitoring data infrastructure,2026-07-24T11:52:04.783674+00:00,Elsevier Scopus bibliographic metadata
Laser Underwater Frequency Transmission Based on Digital Phase Compensation,Han L.,2024,10.3788/CJL240621,scopus:10.3788/CJL240621,Scopus,,Zhongguo Jiguang Chinese Journal of Lasers,https://api.elsevier.com/content/abstract/scopus_id/85210044583,ocean observation marine monitoring data infrastructure,2026-07-24T11:52:04.783670+00:00,Elsevier Scopus bibliographic metadata
"Real-Time, Year-Round, Cross-Arctic Observations Integrating Three Complementary Technologies into Submarine Telecommunication Cables",Pirenne B.,2024,10.1109/OCEANS55160.2024.10753815,scopus:10.1109/OCEANS55160.2024.10753815,Scopus,,Oceans Conference Record IEEE,https://api.elsevier.com/content/abstract/scopus_id/85212398231,ocean observation marine monitoring data infrastructure,2026-07-24T11:52:04.783678+00:00,Elsevier Scopus bibliographic metadata
Environmental Observations at the First Offshore Solar Farm in the North Sea,Vlaswinkel B.,2023,10.3390/su15086533,scopus:10.3390/su15086533,Scopus,,Sustainability Switzerland,https://api.elsevier.com/content/abstract/scopus_id/85156141849,ocean observation marine monitoring data infrastructure,2026-07-24T11:52:04.783685+00:00,Elsevier Scopus bibliographic metadata
Towards Digital Twins of the Oceans: The Potential of Machine Learning for Monitoring the Impacts of Offshore Wind Farms on Marine Environments,Schneider J.,2023,10.3390/s23104581,scopus:10.3390/s23104581,Scopus,,Sensors,https://api.elsevier.com/content/abstract/scopus_id/85160399716,ocean observation marine monitoring data infrastructure,2026-07-24T11:52:04.783681+00:00,Elsevier Scopus bibliographic metadata
Mapping the Evolution and Intellectual Structure of Marine Spatial Data Infrastructure (MSDI): A Systematic Review and Bibliometric Analysis,Al-Subhi N.H.,2026,10.3390/geographies6020039,scopus:10.3390/geographies6020039,Scopus,,Geographies,https://api.elsevier.com/content/abstract/scopus_id/105042733570,ocean data governance FAIR CARE principles,2026-07-24T11:52:06.923794+00:00,Elsevier Scopus bibliographic metadata
Blue Economy: Harnessing Sustainable Marine Potential for Future Prosperity,Sharma M.,2026,10.1108/978-1-80592-212-420261002,scopus:10.1108/978-1-80592-212-420261002,Scopus,,Green Technology and the Circular Economy Towards A Sustainable Future,https://api.elsevier.com/content/abstract/scopus_id/105036800765,blue economy research innovation policy governance,2026-07-24T11:52:07.786828+00:00,Elsevier Scopus bibliographic metadata
"Blue economy readiness and community engagement in Qatif city, Saudi Arabia",Alhowaish A.K.,2026,10.3389/fmars.2026.1741296,scopus:10.3389/fmars.2026.1741296,Scopus,,Frontiers in Marine Science,https://api.elsevier.com/content/abstract/scopus_id/105041374067,blue economy research innovation policy governance,2026-07-24T11:52:07.786836+00:00,Elsevier Scopus bibliographic metadata
COASTAL GOVERNANCE IN THE CLIMATE CRISIS ERA: CENTERING COMMUNITY PARTICIPATION FOR JUSTICE AND RESILIENCE,Tarigan M.I.,2026,10.25234/pv/36881,scopus:10.25234/pv/36881,Scopus,,Pravni Vjesnik,https://api.elsevier.com/content/abstract/scopus_id/105038107608,blue economy research innovation policy governance,2026-07-24T11:52:07.786805+00:00,Elsevier Scopus bibliographic metadata
Digital mapping of the blue economy: data -driven insights into research trends and funding flows,Sardianos C.,2026,10.1108/RAF-04-2025-0154,scopus:10.1108/RAF-04-2025-0154,Scopus,,Review of Accounting and Finance,https://api.elsevier.com/content/abstract/scopus_id/105037637166,blue economy research innovation policy governance,2026-07-24T11:52:07.786821+00:00,Elsevier Scopus bibliographic metadata
"Divergence and Convergence in the Bay of Bengal: India, Bangladesh, and the Pursuit of a Circular Space Economy Through BIMSTEC",Polas M.R.H.,2026,10.4018/979-8-3373-1782-3.ch008,scopus:10.4018/979-8-3373-1782-3.ch008,Scopus,,Economic Cooperation Bilateral and Regional Trade Agreements and Investments for Improved International Relations,https://api.elsevier.com/content/abstract/scopus_id/105042866735,blue economy research innovation policy governance,2026-07-24T11:52:07.786847+00:00,Elsevier Scopus bibliographic metadata
"Employability and Sustainability in the Brazilian Naval Industry: Training, Innovation, and Energy Transition",Weber R.A.,2026,10.1007/978-3-032-19927-0_75,scopus:10.1007/978-3-032-19927-0_75,Scopus,,Handbook of Sustainable Blue Economy,https://api.elsevier.com/content/abstract/scopus_id/105043122905,blue economy research innovation policy governance,2026-07-24T11:52:07.786843+00:00,Elsevier Scopus bibliographic metadata
Global Research Trends in Sustainable Blue Economy Governance and Policy Reform: A Bibliometric Analysis from 2013 to 2026,Ducut G.M.,2026,10.21608/ejabf.2026.512204,scopus:10.21608/ejabf.2026.512204,Scopus,,Egyptian Journal of Aquatic Biology and Fisheries,https://api.elsevier.com/content/abstract/scopus_id/105042962082,blue economy research innovation policy governance,2026-07-24T11:52:07.786773+00:00,Elsevier Scopus bibliographic metadata
Harnessing the Blue Economy for Innovative Fisheries Management in Nigeria: Sustainable Strategies and Innovations,Eyo V.O.,2026,10.1007/978-3-032-19927-0_88,scopus:10.1007/978-3-032-19927-0_88,Scopus,,Handbook of Sustainable Blue Economy,https://api.elsevier.com/content/abstract/scopus_id/105043152035,blue economy research innovation policy governance,2026-07-24T11:52:07.786832+00:00,Elsevier Scopus bibliographic metadata
Local blue economy transitions: Stakeholder conflicts and strategic implications in Taiwan's deep seawater initiatives,Chen Y.S.,2026,10.1016/j.ocecoaman.2026.108145,scopus:10.1016/j.ocecoaman.2026.108145,Scopus,,Ocean and Coastal Management,https://api.elsevier.com/content/abstract/scopus_id/105034573991,blue economy research innovation policy governance,2026-07-24T11:52:07.786797+00:00,Elsevier Scopus bibliographic metadata
"Phototrophic Carbon Capture in Marine Algae: Comparative Efficiencies, Sequestration Dynamics, and Climate Implications",Pereira L.,2026,10.3390/jmse14050518,scopus:10.3390/jmse14050518,Scopus,,Journal of Marine Science and Engineering,https://api.elsevier.com/content/abstract/scopus_id/105032638616,blue economy research innovation policy governance,2026-07-24T11:52:07.786813+00:00,Elsevier Scopus bibliographic metadata
"Port City Regions in Transition: Skills, Inclusion, and Innovative VET Pathways for the Twin Transformation",Andrinos M.,2026,10.3390/su18052538,scopus:10.3390/su18052538,Scopus,,Sustainability Switzerland,https://api.elsevier.com/content/abstract/scopus_id/105032690042,blue economy research innovation policy governance,2026-07-24T11:52:07.786817+00:00,Elsevier Scopus bibliographic metadata
Strengthening alliances for a sustainable blue economy and governance: Advancing the implementation of the SDGs in Murcia and Valencia Regions,Argente-Garcia J.E.,2026,10.1016/j.marpol.2025.106963,scopus:10.1016/j.marpol.2025.106963,Scopus,,Marine Policy,https://api.elsevier.com/content/abstract/scopus_id/105021977108,blue economy research innovation policy governance,2026-07-24T11:52:07.786810+00:00,Elsevier Scopus bibliographic metadata
"The hidden currents of marine economies: assessing informal market behavior across fisheries, tourism, and logistics in Saudi Arabia’s Eastern Province",Alhowaish A.K.,2026,10.3389/fmars.2026.1750173,scopus:10.3389/fmars.2026.1750173,Scopus,,Frontiers in Marine Science,https://api.elsevier.com/content/abstract/scopus_id/105031687057,blue economy research innovation policy governance,2026-07-24T11:52:07.786851+00:00,Elsevier Scopus bibliographic metadata
Approaches to legal governance in constructing Nanhai National Marine Park,Huang Y.,2025,10.3389/fmars.2025.1683006,scopus:10.3389/fmars.2025.1683006,Scopus,,Frontiers in Marine Science,https://api.elsevier.com/content/abstract/scopus_id/105021608826,blue economy research innovation policy governance,2026-07-24T11:52:07.786908+00:00,Elsevier Scopus bibliographic metadata
"Correction to: Comprehensive Review of Carbon Capture and Storage Integration in Hydrogen Production: Opportunities, Challenges, and Future Perspectives (Energies, (2024), 17, 21, (5330), 10.3390/en17215330)",Alizadeh S.M.,2025,10.3390/en18071678,scopus:10.3390/en18071678,Scopus,,Energies,https://api.elsevier.com/content/abstract/scopus_id/105002449706,blue economy research innovation policy governance,2026-07-24T11:52:07.786894+00:00,Elsevier Scopus bibliographic metadata
"Investments, innovation and growth: a Panel-ARDL analysis of Southeast Asia’s blue economy",Rafiq M.I.,2025,10.1108/RAF-12-2024-0576,scopus:10.1108/RAF-12-2024-0576,Scopus,,Review of Accounting and Finance,https://api.elsevier.com/content/abstract/scopus_id/105006895073,blue economy research innovation policy governance,2026-07-24T11:52:07.786891+00:00,Elsevier Scopus bibliographic metadata
Multi-Stakeholder Networks as Governance Structures and ICT Tools to Boost Blue Biotechnology in Spain,Argente-Garcia J.E.,2025,10.3390/su17010155,scopus:10.3390/su17010155,Scopus,,Sustainability Switzerland,https://api.elsevier.com/content/abstract/scopus_id/85214489423,blue economy research innovation policy governance,2026-07-24T11:52:07.786902+00:00,Elsevier Scopus bibliographic metadata
Seychelles’ blue finance: A blueprint for marine conservation?,Hunt A.,2025,10.1016/j.marpol.2025.106717,scopus:10.1016/j.marpol.2025.106717,Scopus,,Marine Policy,https://api.elsevier.com/content/abstract/scopus_id/105003889689,blue economy research innovation policy governance,2026-07-24T11:52:07.786880+00:00,Elsevier Scopus bibliographic metadata
Strengthening Community-Based Fisheries Governance in Indonesia's Coastal Areas,Wiranti,2025,10.1051/bioconf/202518506001,scopus:10.1051/bioconf/202518506001,Scopus,,Bio Web of Conferences,https://api.elsevier.com/content/abstract/scopus_id/105014480289,blue economy research innovation policy governance,2026-07-24T11:52:07.786883+00:00,Elsevier Scopus bibliographic metadata
"The Blue Finance Frontier: Mapping Sustainability, Innovation, and Resilience in Ocean Investment Research",Jellouli I.,2025,10.3390/su172310751,scopus:10.3390/su172310751,Scopus,,Sustainability Switzerland,https://api.elsevier.com/content/abstract/scopus_id/105024583447,blue economy research innovation policy governance,2026-07-24T11:52:07.786855+00:00,Elsevier Scopus bibliographic metadata
The transition to a sustainable blue economy explored through frameworks and SDG alignment,Gerou A.,2025,10.1007/s43621-025-01953-9,scopus:10.1007/s43621-025-01953-9,Scopus,,Discover Sustainability,https://api.elsevier.com/content/abstract/scopus_id/105018596959,blue economy research innovation policy governance,2026-07-24T11:52:07.786873+00:00,Elsevier Scopus bibliographic metadata
"Stakeholder Perspectives on Multipurpose Shipyard Integration in Indonesia: Benefits, Challenges, and Implementation Pathways",Arif M.S.,2025,10.3390/su17188368,scopus:10.3390/su17188368,Scopus,,Sustainability Switzerland,https://api.elsevier.com/content/abstract/scopus_id/105017129048,ship repair shipyard workforce skills training,2026-07-24T11:52:15.340607+00:00,Elsevier Scopus bibliographic metadata
Predicting Ship Maintenance and Repair Labor with Artificial Neural Networks,Fruytier P.A.M.,2022,10.5957/JSPD.10200027,scopus:10.5957/JSPD.10200027,Scopus,,Journal of Ship Production and Design,https://api.elsevier.com/content/abstract/scopus_id/85125866753,ship repair shipyard workforce skills training,2026-07-24T11:52:15.340656+00:00,Elsevier Scopus bibliographic metadata
