query_id,sector_slug,sector_label,axis_target,axis_group,axis_code,query_family,provider,query_text,raw_record_count,normalized_record_count,unique_source_ids,coverage_record_count,has_raw_payload_envelope,raw_payload_sha256,raw_payload_captured_at,protocol_binding
Q_BLUE_BIOTECH_COMP_001,blue_biotech,Blue Biotech,M,MARINE,M,competence_demand,crossref,marine biotechnology workforce skills competences training,150,19,19,19,true,1397e3d9c98bdeb7c5cb2892d76bb3ead3327709963bbf4996ecef21925ba4ae,2026-07-25T23:04:43+00:00,bound
Q_BLUE_BIOTECH_COMP_001,blue_biotech,Blue Biotech,M,MARINE,M,competence_demand,openalex,marine biotechnology workforce skills competences training,150,150,135,150,false,,,bound
Q_BLUE_BIOTECH_COMP_001,blue_biotech,Blue Biotech,M,MARINE,M,competence_demand,scopus,marine biotechnology workforce skills competences training,0,0,0,0,true,232ddc96dd6025e363a22fb34babf6b6863b29eaaadb0d369e22a77ada3794eb,2026-07-25T23:04:43+00:00,bound
Q_BLUE_BIOTECH_COMP_001,blue_biotech,Blue Biotech,M,MARINE,M,competence_demand,wos,marine biotechnology workforce skills competences training,0,0,0,0,false,,,bound
Q_BLUE_BIOTECH_COMP_002,blue_biotech,Blue Biotech,M,MARINE,M,competence_demand,crossref,blue bioeconomy education learning outcomes curriculum qualification,150,0,0,0,true,d8e3a97d7cb57685d85724e7543d3d81737ee0d2054c6d978c6799006d040f47,2026-07-25T23:04:43+00:00,bound
Q_BLUE_BIOTECH_COMP_002,blue_biotech,Blue Biotech,M,MARINE,M,competence_demand,openalex,blue bioeconomy education learning outcomes curriculum qualification,13,13,10,13,false,,,bound
Q_BLUE_BIOTECH_COMP_002,blue_biotech,Blue Biotech,M,MARINE,M,competence_demand,scopus,blue bioeconomy education learning outcomes curriculum qualification,0,0,0,0,true,48cc46292d6b3e4f974fc0aa1645f2d3c836fce26ee596ef810d1b5b238445ab,2026-07-25T23:04:43+00:00,bound
Q_BLUE_BIOTECH_COMP_002,blue_biotech,Blue Biotech,M,MARINE,M,competence_demand,wos,blue bioeconomy education learning outcomes curriculum qualification,0,0,0,0,false,,,bound
Q_BLUE_BIOTECH_CORE_001,blue_biotech,Blue Biotech,M,MARINE,M,core_sector,crossref,marine biotechnology blue bioeconomy innovation governance,150,0,0,0,true,d058e2542a08dac7e03bf70fc210429b9137df0eeeaa99ee4a491ec586a8894d,2026-07-25T23:04:43+00:00,bound
Q_BLUE_BIOTECH_CORE_001,blue_biotech,Blue Biotech,M,MARINE,M,core_sector,openalex,marine biotechnology blue bioeconomy innovation governance,150,150,142,150,false,,,bound
Q_BLUE_BIOTECH_CORE_001,blue_biotech,Blue Biotech,M,MARINE,M,core_sector,scopus,marine biotechnology blue bioeconomy innovation governance,0,0,0,0,true,1e301f75504d774704a36a7f6a68dc53fc2916269cf82459ba95c0538f990127,2026-07-25T23:04:43+00:00,bound
Q_BLUE_BIOTECH_CORE_001,blue_biotech,Blue Biotech,M,MARINE,M,core_sector,wos,marine biotechnology blue bioeconomy innovation governance,0,0,0,0,false,,,bound
Q_BLUE_BIOTECH_CORE_002,blue_biotech,Blue Biotech,M,MARINE,M,core_sector,crossref,bioprospecting marine genetic resources benefit sharing,150,0,0,0,true,1268869e9378bcf4f14d443dadca6a3641f05d1f86c4afa3e70b1e5aecf952c7,2026-07-25T23:04:43+00:00,bound
Q_BLUE_BIOTECH_CORE_002,blue_biotech,Blue Biotech,M,MARINE,M,core_sector,openalex,bioprospecting marine genetic resources benefit sharing,150,150,148,150,false,,,bound
Q_BLUE_BIOTECH_CORE_002,blue_biotech,Blue Biotech,M,MARINE,M,core_sector,scopus,bioprospecting marine genetic resources benefit sharing,25,14,14,14,true,09eff932d073779f882139796bda47655952487d1889e1e91d6d96428e634996,2026-07-25T23:04:43+00:00,bound
Q_BLUE_BIOTECH_CORE_002,blue_biotech,Blue Biotech,M,MARINE,M,core_sector,web of science (clarivate),bioprospecting marine genetic resources benefit sharing,8,2,8,0,false,,,bound
Q_BLUE_BIOTECH_CORE_002,blue_biotech,Blue Biotech,M,MARINE,M,core_sector,wos,bioprospecting marine genetic resources benefit sharing,16,8,0,8,false,,,bound
Q_BLUE_BIOTECH_CORE_003,blue_biotech,Blue Biotech,M,MARINE,M,core_sector,crossref,marine biomaterials pharmaceuticals bioremediation sustainability,150,0,0,0,true,8a5472ed073caa790cb970d6f356f78b1bb9a6edf498654606734515ef04d0be,2026-07-25T23:04:43+00:00,bound
Q_BLUE_BIOTECH_CORE_003,blue_biotech,Blue Biotech,M,MARINE,M,core_sector,openalex,marine biomaterials pharmaceuticals bioremediation sustainability,150,150,143,150,false,,,bound
Q_BLUE_BIOTECH_CORE_003,blue_biotech,Blue Biotech,M,MARINE,M,core_sector,scopus,marine biomaterials pharmaceuticals bioremediation sustainability,2,2,2,2,true,0d7b9de0890b60c469dfa0742eef99412411e1fc841b41b55424fb76d393817c,2026-07-25T23:04:43+00:00,bound
Q_BLUE_BIOTECH_CORE_003,blue_biotech,Blue Biotech,M,MARINE,M,core_sector,web of science (clarivate),marine biomaterials pharmaceuticals bioremediation sustainability,1,1,1,0,false,,,bound
Q_BLUE_BIOTECH_CORE_003,blue_biotech,Blue Biotech,M,MARINE,M,core_sector,wos,marine biomaterials pharmaceuticals bioremediation sustainability,1,1,0,1,false,,,bound
Q_BLUE_BIOTECH_EMRG_001,blue_biotech,Blue Biotech,M,MARINE,M,emerging_demand,crossref,marine biotechnology AI digital twin sustainability just transition,150,0,0,0,true,331fcf0af52ea85e2c9767713bb0f09d2ffa5c6ca61525520eb1176e051902e8,2026-07-25T23:04:43+00:00,bound
Q_BLUE_BIOTECH_EMRG_001,blue_biotech,Blue Biotech,M,MARINE,M,emerging_demand,openalex,marine biotechnology AI digital twin sustainability just transition,150,150,139,150,false,,,bound
Q_BLUE_BIOTECH_EMRG_001,blue_biotech,Blue Biotech,M,MARINE,M,emerging_demand,scopus,marine biotechnology AI digital twin sustainability just transition,0,0,0,0,true,fd7dd731757bad45b4bbaba8f7348eadd89be5ef4d04f019e06213a7451f6672,2026-07-25T23:04:43+00:00,bound
Q_BLUE_BIOTECH_EMRG_001,blue_biotech,Blue Biotech,M,MARINE,M,emerging_demand,wos,marine biotechnology AI digital twin sustainability just transition,0,0,0,0,false,,,bound
Q_BLUE_BIOTECH_EMRG_002,blue_biotech,Blue Biotech,O,OCEANIC,O,emerging_demand,crossref,marine genetic resources ocean literacy governance climate adaptation,150,0,0,0,true,bd8b85771a02730c2c6cc2285697a92498b304bf2a034f728030d2b4e00f2f30,2026-07-25T23:04:43+00:00,bound
Q_BLUE_BIOTECH_EMRG_002,blue_biotech,Blue Biotech,O,OCEANIC,O,emerging_demand,openalex,marine genetic resources ocean literacy governance climate adaptation,150,150,136,150,false,,,bound
Q_BLUE_BIOTECH_EMRG_002,blue_biotech,Blue Biotech,O,OCEANIC,O,emerging_demand,scopus,marine genetic resources ocean literacy governance climate adaptation,0,0,0,0,true,436f3c0d7a0e01defc7478c9fee6bf3f0c8ea2bcfb10a761724994f59339b6fb,2026-07-25T23:04:43+00:00,bound
Q_BLUE_BIOTECH_EMRG_002,blue_biotech,Blue Biotech,O,OCEANIC,O,emerging_demand,wos,marine genetic resources ocean literacy governance climate adaptation,0,0,0,0,false,,,bound
Q_BLUE_BIOTECH_HYP_001,blue_biotech,Blue Biotech,M,MARINE,M,hypothesis_verification,crossref,blue biotech maritimisation marinization oceanisation hydrosocial de-base-re hypothesis verification indicators,150,146,146,146,true,5da8b6020b069b3a77e2b299455178e4009cfcdf23cb3eed07ed43547ab9235f,2026-07-25T23:04:43+00:00,bound
Q_BLUE_BIOTECH_HYP_001,blue_biotech,Blue Biotech,M,MARINE,M,hypothesis_verification,openalex,blue biotech maritimisation marinization oceanisation hydrosocial de-base-re hypothesis verification indicators,0,0,0,0,false,,,bound
Q_BLUE_BIOTECH_HYP_001,blue_biotech,Blue Biotech,M,MARINE,M,hypothesis_verification,scopus,blue biotech maritimisation marinization oceanisation hydrosocial de-base-re hypothesis verification indicators,0,0,0,0,true,12d83b9154c7ce81ea094f5a84ec993c110bc06e2391c927cebd3e5d3a7efbf8,2026-07-25T23:04:43+00:00,bound
Q_BLUE_BIOTECH_HYP_001,blue_biotech,Blue Biotech,M,MARINE,M,hypothesis_verification,wos,blue biotech maritimisation marinization oceanisation hydrosocial de-base-re hypothesis verification indicators,0,0,0,0,false,,,bound
Q_BLUE_BIOTECH_THY_001,blue_biotech,Blue Biotech,O,OCEANIC,O,theory_translation,crossref,blue biotech qmbd axis translation marine maritime oceanic hydronization theory terms taxonomy mapping,150,147,147,147,true,c0075c1f185099346dc17868c2fe215bf796706ccb403e5993f22d5eceb34fe8,2026-07-25T23:04:43+00:00,bound
Q_BLUE_BIOTECH_THY_001,blue_biotech,Blue Biotech,O,OCEANIC,O,theory_translation,openalex,blue biotech qmbd axis translation marine maritime oceanic hydronization theory terms taxonomy mapping,0,0,0,0,false,,,bound
Q_BLUE_BIOTECH_THY_001,blue_biotech,Blue Biotech,O,OCEANIC,O,theory_translation,scopus,blue biotech qmbd axis translation marine maritime oceanic hydronization theory terms taxonomy mapping,0,0,0,0,true,dbb496a3f72f08085f5403d5935fa3586916aca66d5b04572ff5477df2c0c026,2026-07-25T23:04:43+00:00,bound
Q_BLUE_BIOTECH_THY_001,blue_biotech,Blue Biotech,O,OCEANIC,O,theory_translation,wos,blue biotech qmbd axis translation marine maritime oceanic hydronization theory terms taxonomy mapping,0,0,0,0,false,,,bound
Q_BLUE_BIOTECH_VAL_001,blue_biotech,Blue Biotech,M,MARINE,M,validation_eqf_translation,crossref,marine biotechnology EQF qualification framework micro-credential professional development,150,0,0,0,true,a44dad6101dd2293aa2e1d8a52c1d99e69d41260be005614018b53eaa7ed68bd,2026-07-25T23:04:43+00:00,bound
Q_BLUE_BIOTECH_VAL_001,blue_biotech,Blue Biotech,M,MARINE,M,validation_eqf_translation,openalex,marine biotechnology EQF qualification framework micro-credential professional development,2,2,2,2,false,,,bound
Q_BLUE_BIOTECH_VAL_001,blue_biotech,Blue Biotech,M,MARINE,M,validation_eqf_translation,scopus,marine biotechnology EQF qualification framework micro-credential professional development,0,0,0,0,true,c5b2f67a7d053f494a2a98efa40512973da71c0cc617316e784478769e5274d1,2026-07-25T23:04:43+00:00,bound
Q_BLUE_BIOTECH_VAL_001,blue_biotech,Blue Biotech,M,MARINE,M,validation_eqf_translation,wos,marine biotechnology EQF qualification framework micro-credential professional development,0,0,0,0,false,,,bound
Q_COASTAL_TOURISM_COMP_001,coastal_tourism,Coastal Tourism,O,OCEANIC,O,competence_demand,crossref,coastal tourism workforce skills competences training professional development,150,0,0,0,true,c686934c5e5f8183e5b1e747168ee3058807c2de54b2464eaeeb5b5d87fbaaa8,2026-07-25T23:04:43+00:00,bound
Q_COASTAL_TOURISM_COMP_001,coastal_tourism,Coastal Tourism,O,OCEANIC,O,competence_demand,openalex,coastal tourism workforce skills competences training professional development,150,150,132,150,false,,,bound
Q_COASTAL_TOURISM_COMP_001,coastal_tourism,Coastal Tourism,O,OCEANIC,O,competence_demand,scopus,coastal tourism workforce skills competences training professional development,0,0,0,0,true,cdbea7a413ab5d6d668555486176bc3e8ffa6bb62c898ad2a6183695ba2074e3,2026-07-25T23:04:43+00:00,bound
Q_COASTAL_TOURISM_COMP_001,coastal_tourism,Coastal Tourism,O,OCEANIC,O,competence_demand,wos,coastal tourism workforce skills competences training professional development,0,0,0,0,false,,,bound
Q_COASTAL_TOURISM_COMP_002,coastal_tourism,Coastal Tourism,O,OCEANIC,O,competence_demand,crossref,marine ecotourism education learning outcomes curriculum qualification,150,0,0,0,true,ae1194516311869488fde504c455d02e3f035f28113e0ab1fafd0acb12add640,2026-07-25T23:04:43+00:00,bound
Q_COASTAL_TOURISM_COMP_002,coastal_tourism,Coastal Tourism,O,OCEANIC,O,competence_demand,openalex,marine ecotourism education learning outcomes curriculum qualification,38,38,34,38,false,,,bound
Q_COASTAL_TOURISM_COMP_002,coastal_tourism,Coastal Tourism,O,OCEANIC,O,competence_demand,scopus,marine ecotourism education learning outcomes curriculum qualification,0,0,0,0,true,4e04dc9ed91a66f0d9e6c0ac7a426dff196120712d2421926a7fea9db5a4383c,2026-07-25T23:04:43+00:00,bound
Q_COASTAL_TOURISM_COMP_002,coastal_tourism,Coastal Tourism,O,OCEANIC,O,competence_demand,wos,marine ecotourism education learning outcomes curriculum qualification,0,0,0,0,false,,,bound
Q_COASTAL_TOURISM_CORE_001,coastal_tourism,Coastal Tourism,O,OCEANIC,O,core_sector,crossref,coastal tourism sustainability overtourism management,150,0,0,0,true,01f79b6dce43da27974c1574733ff622169378ddcf4e1eeaec5102d36089056e,2026-07-25T23:04:43+00:00,bound
Q_COASTAL_TOURISM_CORE_001,coastal_tourism,Coastal Tourism,O,OCEANIC,O,core_sector,openalex,coastal tourism sustainability overtourism management,150,150,141,150,false,,,bound
Q_COASTAL_TOURISM_CORE_001,coastal_tourism,Coastal Tourism,O,OCEANIC,O,core_sector,scopus,coastal tourism sustainability overtourism management,8,8,8,8,true,26f7de79b2861d2e04143659c365c77dfb6a81e61b193480a27a5d90be75ebd9,2026-07-25T23:04:43+00:00,bound
Q_COASTAL_TOURISM_CORE_001,coastal_tourism,Coastal Tourism,O,OCEANIC,O,core_sector,web of science (clarivate),coastal tourism sustainability overtourism management,5,3,5,0,false,,,bound
Q_COASTAL_TOURISM_CORE_001,coastal_tourism,Coastal Tourism,O,OCEANIC,O,core_sector,wos,coastal tourism sustainability overtourism management,5,5,0,5,false,,,bound
Q_COASTAL_TOURISM_CORE_002,coastal_tourism,Coastal Tourism,O,OCEANIC,O,core_sector,crossref,marine ecotourism blue economy livelihoods governance,150,62,62,62,true,da544d58dc113854d1c6f2207bb08bb3de2d67cbb5b48555b945e3b2f890fd30,2026-07-25T23:04:43+00:00,bound
Q_COASTAL_TOURISM_CORE_002,coastal_tourism,Coastal Tourism,O,OCEANIC,O,core_sector,openalex,marine ecotourism blue economy livelihoods governance,150,150,143,150,false,,,bound
Q_COASTAL_TOURISM_CORE_002,coastal_tourism,Coastal Tourism,O,OCEANIC,O,core_sector,scopus,marine ecotourism blue economy livelihoods governance,1,1,1,1,true,cdbf4acd80b529a36194429e4c1ca496e78137f7a53c629a6f544d7b911c0b79,2026-07-25T23:04:43+00:00,bound
Q_COASTAL_TOURISM_CORE_002,coastal_tourism,Coastal Tourism,O,OCEANIC,O,core_sector,web of science (clarivate),marine ecotourism blue economy livelihoods governance,2,1,2,0,false,,,bound
Q_COASTAL_TOURISM_CORE_002,coastal_tourism,Coastal Tourism,O,OCEANIC,O,core_sector,wos,marine ecotourism blue economy livelihoods governance,2,2,0,2,false,,,bound
Q_COASTAL_TOURISM_CORE_003,coastal_tourism,Coastal Tourism,O,OCEANIC,O,core_sector,crossref,cruise tourism environmental impact governance,150,0,0,0,true,721300c39623c2e8b157c5b55464deda8d95dfd0cf82727c5cfdd42f22c26e4e,2026-07-25T23:04:43+00:00,bound
Q_COASTAL_TOURISM_CORE_003,coastal_tourism,Coastal Tourism,O,OCEANIC,O,core_sector,openalex,cruise tourism environmental impact governance,150,150,142,150,false,,,bound
Q_COASTAL_TOURISM_CORE_003,coastal_tourism,Coastal Tourism,O,OCEANIC,O,core_sector,scopus,cruise tourism environmental impact governance,19,12,12,12,true,8fee8ac660a842d5993fda31476c3f6d74cbf9716a61e4de94cd541802051ebf,2026-07-25T23:04:43+00:00,bound
Q_COASTAL_TOURISM_CORE_003,coastal_tourism,Coastal Tourism,O,OCEANIC,O,core_sector,web of science (clarivate),cruise tourism environmental impact governance,13,8,13,0,false,,,bound
Q_COASTAL_TOURISM_CORE_003,coastal_tourism,Coastal Tourism,O,OCEANIC,O,core_sector,wos,cruise tourism environmental impact governance,19,13,0,13,false,,,bound
Q_COASTAL_TOURISM_EMRG_001,coastal_tourism,Coastal Tourism,O,OCEANIC,O,emerging_demand,crossref,coastal tourism climate adaptation resilience just transition safety,150,0,0,0,true,9f165fbfe67a728c5cde843d43ba3ca4e63bdb89747edee8effc4f48f0b60057,2026-07-25T23:04:43+00:00,bound
Q_COASTAL_TOURISM_EMRG_001,coastal_tourism,Coastal Tourism,O,OCEANIC,O,emerging_demand,openalex,coastal tourism climate adaptation resilience just transition safety,150,150,136,150,false,,,bound
Q_COASTAL_TOURISM_EMRG_001,coastal_tourism,Coastal Tourism,O,OCEANIC,O,emerging_demand,scopus,coastal tourism climate adaptation resilience just transition safety,0,0,0,0,true,0b44b31cc5a4ebe17f462fb12ec46d9cd34265d93d150904d6e6b6391dadb637,2026-07-25T23:04:43+00:00,bound
Q_COASTAL_TOURISM_EMRG_001,coastal_tourism,Coastal Tourism,O,OCEANIC,O,emerging_demand,wos,coastal tourism climate adaptation resilience just transition safety,0,0,0,0,false,,,bound
Q_COASTAL_TOURISM_EMRG_002,coastal_tourism,Coastal Tourism,O,OCEANIC,O,emerging_demand,crossref,coastal tourism AI digital twin ocean literacy hydrosocial,150,0,0,0,true,1190c50eb8f527ff30b1bf327e5f73b9d63011a9349b26adf1d97b8caea178d0,2026-07-25T23:04:43+00:00,bound
Q_COASTAL_TOURISM_EMRG_002,coastal_tourism,Coastal Tourism,O,OCEANIC,O,emerging_demand,openalex,coastal tourism AI digital twin ocean literacy hydrosocial,0,0,0,0,false,,,bound
Q_COASTAL_TOURISM_EMRG_002,coastal_tourism,Coastal Tourism,O,OCEANIC,O,emerging_demand,scopus,coastal tourism AI digital twin ocean literacy hydrosocial,0,0,0,0,true,33d6f49a193b5c85b80462c6d052b864c03b8d8404a0c9fa2038a9982b40ba0d,2026-07-25T23:04:43+00:00,bound
Q_COASTAL_TOURISM_EMRG_002,coastal_tourism,Coastal Tourism,O,OCEANIC,O,emerging_demand,wos,coastal tourism AI digital twin ocean literacy hydrosocial,0,0,0,0,false,,,bound
Q_COASTAL_TOURISM_HYP_001,coastal_tourism,Coastal Tourism,O,OCEANIC,O,hypothesis_verification,crossref,coastal tourism maritimisation marinization oceanisation hydrosocial de-base-re hypothesis verification indicators,150,145,145,145,true,7e7c85cb9b629ae6a83dc0614fb2dcc9d6669802c7e4bbdef66f7f04956bc96b,2026-07-25T23:04:43+00:00,bound
Q_COASTAL_TOURISM_HYP_001,coastal_tourism,Coastal Tourism,O,OCEANIC,O,hypothesis_verification,openalex,coastal tourism maritimisation marinization oceanisation hydrosocial de-base-re hypothesis verification indicators,0,0,0,0,false,,,bound
Q_COASTAL_TOURISM_HYP_001,coastal_tourism,Coastal Tourism,O,OCEANIC,O,hypothesis_verification,scopus,coastal tourism maritimisation marinization oceanisation hydrosocial de-base-re hypothesis verification indicators,0,0,0,0,true,cdf8a9975ca4492eb1854916ea3921511c37ef14ff31e83dc4fe86a2d58d73fc,2026-07-25T23:04:43+00:00,bound
Q_COASTAL_TOURISM_HYP_001,coastal_tourism,Coastal Tourism,O,OCEANIC,O,hypothesis_verification,wos,coastal tourism maritimisation marinization oceanisation hydrosocial de-base-re hypothesis verification indicators,0,0,0,0,false,,,bound
Q_COASTAL_TOURISM_THY_001,coastal_tourism,Coastal Tourism,O,OCEANIC,O,theory_translation,crossref,coastal tourism qmbd axis translation marine maritime oceanic hydronization theory terms taxonomy mapping,150,146,146,146,true,25bc75924bc0ff863eee4151a358e9bd453ab5cd2a94906084d2bdc368c66c12,2026-07-25T23:04:43+00:00,bound
Q_COASTAL_TOURISM_THY_001,coastal_tourism,Coastal Tourism,O,OCEANIC,O,theory_translation,openalex,coastal tourism qmbd axis translation marine maritime oceanic hydronization theory terms taxonomy mapping,0,0,0,0,false,,,bound
Q_COASTAL_TOURISM_THY_001,coastal_tourism,Coastal Tourism,O,OCEANIC,O,theory_translation,scopus,coastal tourism qmbd axis translation marine maritime oceanic hydronization theory terms taxonomy mapping,0,0,0,0,true,e11ef8332fcdc3573e24da2c2b5fa27ce3c8d63a877452dfc5d184d4b30b8971,2026-07-25T23:04:43+00:00,bound
Q_COASTAL_TOURISM_THY_001,coastal_tourism,Coastal Tourism,O,OCEANIC,O,theory_translation,wos,coastal tourism qmbd axis translation marine maritime oceanic hydronization theory terms taxonomy mapping,0,0,0,0,false,,,bound
Q_COASTAL_TOURISM_VAL_001,coastal_tourism,Coastal Tourism,O,OCEANIC,O,validation_eqf_translation,crossref,coastal tourism EQF qualification framework micro-credential learning outcomes,150,0,0,0,true,a5a363bbce90c685f540a26fc1ec99ec25d025a431c0c2a7595df958602a35fc,2026-07-25T23:04:43+00:00,bound
Q_COASTAL_TOURISM_VAL_001,coastal_tourism,Coastal Tourism,O,OCEANIC,O,validation_eqf_translation,openalex,coastal tourism EQF qualification framework micro-credential learning outcomes,2,2,2,2,false,,,bound
Q_COASTAL_TOURISM_VAL_001,coastal_tourism,Coastal Tourism,O,OCEANIC,O,validation_eqf_translation,scopus,coastal tourism EQF qualification framework micro-credential learning outcomes,0,0,0,0,true,23bcf35e54fda6f6dfffb7e3e4e3c8fd80128a69025853f427789a554db4aa70,2026-07-25T23:04:43+00:00,bound
Q_COASTAL_TOURISM_VAL_001,coastal_tourism,Coastal Tourism,O,OCEANIC,O,validation_eqf_translation,wos,coastal tourism EQF qualification framework micro-credential learning outcomes,0,0,0,0,false,,,bound
Q_DESALINATION_COMP_001,desalination,Desalination,H,HYDRONIZATION,H,competence_demand,crossref,desalination workforce skills competences training professional development,150,0,0,0,true,f395901b0b5cde7f6727f5edbdd45871c733cbae040fe98714897e72c4ee1e20,2026-07-25T23:04:43+00:00,bound
Q_DESALINATION_COMP_001,desalination,Desalination,H,HYDRONIZATION,H,competence_demand,openalex,desalination workforce skills competences training professional development,150,150,142,150,false,,,bound
Q_DESALINATION_COMP_001,desalination,Desalination,H,HYDRONIZATION,H,competence_demand,scopus,desalination workforce skills competences training professional development,0,0,0,0,true,f4af15a314698c0627392fd9bdd883065c2595b36b82103781aeb57c83ba8f9d,2026-07-25T23:04:43+00:00,bound
Q_DESALINATION_COMP_001,desalination,Desalination,H,HYDRONIZATION,H,competence_demand,wos,desalination workforce skills competences training professional development,0,0,0,0,false,,,bound
Q_DESALINATION_COMP_002,desalination,Desalination,H,HYDRONIZATION,H,competence_demand,crossref,desalination operator education learning outcomes curriculum qualification,150,0,0,0,true,4218f32f568a44860f5f74244a0e7419adcaf6b194e22175ee4fda7897d29153,2026-07-25T23:04:43+00:00,bound
Q_DESALINATION_COMP_002,desalination,Desalination,H,HYDRONIZATION,H,competence_demand,openalex,desalination operator education learning outcomes curriculum qualification,17,17,17,17,false,,,bound
Q_DESALINATION_COMP_002,desalination,Desalination,H,HYDRONIZATION,H,competence_demand,scopus,desalination operator education learning outcomes curriculum qualification,0,0,0,0,true,518524773eba1c670477fcf3d61d342e717776c6a71af453e33e9740e17eba3b,2026-07-25T23:04:43+00:00,bound
Q_DESALINATION_COMP_002,desalination,Desalination,H,HYDRONIZATION,H,competence_demand,wos,desalination operator education learning outcomes curriculum qualification,0,0,0,0,false,,,bound
Q_DESALINATION_CORE_001,desalination,Desalination,H,HYDRONIZATION,H,core_sector,crossref,desalination brine management environmental impact governance,150,0,0,0,true,c9e7ccaf552319f6c5391abed6e3491609081d32e8152209ea55fb38743125a8,2026-07-25T23:04:43+00:00,bound
Q_DESALINATION_CORE_001,desalination,Desalination,H,HYDRONIZATION,H,core_sector,openalex,desalination brine management environmental impact governance,150,150,141,150,false,,,bound
Q_DESALINATION_CORE_001,desalination,Desalination,H,HYDRONIZATION,H,core_sector,scopus,desalination brine management environmental impact governance,4,4,4,4,true,148fb6f121699474e7be66c80730836bb45670aa77f07cd20ca46d268d2d8002,2026-07-25T23:04:43+00:00,bound
Q_DESALINATION_CORE_001,desalination,Desalination,H,HYDRONIZATION,H,core_sector,web of science (clarivate),desalination brine management environmental impact governance,4,2,4,0,false,,,bound
Q_DESALINATION_CORE_001,desalination,Desalination,H,HYDRONIZATION,H,core_sector,wos,desalination brine management environmental impact governance,4,4,0,4,false,,,bound
Q_DESALINATION_CORE_002,desalination,Desalination,H,HYDRONIZATION,H,core_sector,crossref,desalination water energy nexus sustainability,150,0,0,0,true,8c8b4d6edd79f00edda9e78c09dce4130715c8e22c52a40516868c15c328b0a5,2026-07-25T23:04:43+00:00,bound
Q_DESALINATION_CORE_002,desalination,Desalination,H,HYDRONIZATION,H,core_sector,openalex,desalination water energy nexus sustainability,150,150,147,150,false,,,bound
Q_DESALINATION_CORE_002,desalination,Desalination,H,HYDRONIZATION,H,core_sector,scopus,desalination water energy nexus sustainability,150,132,132,132,true,1aaae989dd1d71676401f1905c3051812f5d7841f7b255eeb56cee8741f5e3fe,2026-07-25T23:04:43+00:00,bound
Q_DESALINATION_CORE_002,desalination,Desalination,H,HYDRONIZATION,H,core_sector,web of science (clarivate),desalination water energy nexus sustainability,117,24,117,0,false,,,bound
Q_DESALINATION_CORE_002,desalination,Desalination,H,HYDRONIZATION,H,core_sector,wos,desalination water energy nexus sustainability,143,117,0,117,false,,,bound
Q_DESALINATION_CORE_003,desalination,Desalination,H,HYDRONIZATION,H,core_sector,crossref,desalination hydrosocial water justice governance,150,0,0,0,true,f52c375e01f73849960384706ab868a47ce887917846385cf002af32dff473f0,2026-07-25T23:04:43+00:00,bound
Q_DESALINATION_CORE_003,desalination,Desalination,H,HYDRONIZATION,H,core_sector,openalex,desalination hydrosocial water justice governance,129,129,119,129,false,,,bound
Q_DESALINATION_CORE_003,desalination,Desalination,H,HYDRONIZATION,H,core_sector,scopus,desalination hydrosocial water justice governance,0,0,0,0,true,3c5209a421b262d7b86bb348ab2a089448871e43337d4e2cc763a583a53aac35,2026-07-25T23:04:43+00:00,bound
Q_DESALINATION_CORE_003,desalination,Desalination,H,HYDRONIZATION,H,core_sector,wos,desalination hydrosocial water justice governance,0,0,0,0,false,,,bound
Q_DESALINATION_EMRG_001,desalination,Desalination,H,HYDRONIZATION,H,emerging_demand,crossref,desalination AI digital twin autonomous systems resilience,150,0,0,0,true,ba94971e5c109d9f1e6cccc7ff350c7ae24de9e4dd888d588d15f6f34762d5fe,2026-07-25T23:04:43+00:00,bound
Q_DESALINATION_EMRG_001,desalination,Desalination,H,HYDRONIZATION,H,emerging_demand,openalex,desalination AI digital twin autonomous systems resilience,150,150,143,150,false,,,bound
Q_DESALINATION_EMRG_001,desalination,Desalination,H,HYDRONIZATION,H,emerging_demand,scopus,desalination AI digital twin autonomous systems resilience,0,0,0,0,true,72396d7838a108d447e6b04af2a9330cbaeee0b8df9cd5672040d269b51f6eab,2026-07-25T23:04:43+00:00,bound
Q_DESALINATION_EMRG_001,desalination,Desalination,H,HYDRONIZATION,H,emerging_demand,wos,desalination AI digital twin autonomous systems resilience,0,0,0,0,false,,,bound
Q_DESALINATION_EMRG_002,desalination,Desalination,H,HYDRONIZATION,H,emerging_demand,crossref,desalination climate adaptation just transition hydrosocial safety,150,0,0,0,true,5198c1fedd5847538f07479911efc8bbaae178a6cdeedc69e90490d83b48c562,2026-07-25T23:04:43+00:00,bound
Q_DESALINATION_EMRG_002,desalination,Desalination,H,HYDRONIZATION,H,emerging_demand,openalex,desalination climate adaptation just transition hydrosocial safety,33,33,31,33,false,,,bound
Q_DESALINATION_EMRG_002,desalination,Desalination,H,HYDRONIZATION,H,emerging_demand,scopus,desalination climate adaptation just transition hydrosocial safety,0,0,0,0,true,080216373663ef048a08bfc819c882d8992d713c78f5228ad3d36943ab99b070,2026-07-25T23:04:43+00:00,bound
Q_DESALINATION_EMRG_002,desalination,Desalination,H,HYDRONIZATION,H,emerging_demand,wos,desalination climate adaptation just transition hydrosocial safety,0,0,0,0,false,,,bound
Q_DESALINATION_HYP_001,desalination,Desalination,H,HYDRONIZATION,H,hypothesis_verification,crossref,desalination maritimisation marinization oceanisation hydrosocial de-base-re hypothesis verification indicators,150,146,146,146,true,042d298f152ad1e9cf82ac86c646c138b36116a288370f3104094ae1251c8096,2026-07-25T23:04:43+00:00,bound
Q_DESALINATION_HYP_001,desalination,Desalination,H,HYDRONIZATION,H,hypothesis_verification,openalex,desalination maritimisation marinization oceanisation hydrosocial de-base-re hypothesis verification indicators,0,0,0,0,false,,,bound
Q_DESALINATION_HYP_001,desalination,Desalination,H,HYDRONIZATION,H,hypothesis_verification,scopus,desalination maritimisation marinization oceanisation hydrosocial de-base-re hypothesis verification indicators,0,0,0,0,true,f3b5fcf4fa3cd436be925baf4280f411468cb4995dd75bdaf5b452470a2cbff3,2026-07-25T23:04:43+00:00,bound
Q_DESALINATION_HYP_001,desalination,Desalination,H,HYDRONIZATION,H,hypothesis_verification,wos,desalination maritimisation marinization oceanisation hydrosocial de-base-re hypothesis verification indicators,0,0,0,0,false,,,bound
Q_DESALINATION_THY_001,desalination,Desalination,O,OCEANIC,O,theory_translation,crossref,desalination qmbd axis translation marine maritime oceanic hydronization theory terms taxonomy mapping,150,147,147,147,true,4f3e148286e246238da1443527671ce02fd155d2a67dcb1ae3a636a7bdeac1f8,2026-07-25T23:04:43+00:00,bound
Q_DESALINATION_THY_001,desalination,Desalination,O,OCEANIC,O,theory_translation,openalex,desalination qmbd axis translation marine maritime oceanic hydronization theory terms taxonomy mapping,0,0,0,0,false,,,bound
Q_DESALINATION_THY_001,desalination,Desalination,O,OCEANIC,O,theory_translation,scopus,desalination qmbd axis translation marine maritime oceanic hydronization theory terms taxonomy mapping,0,0,0,0,true,3a92554b2896d80afbdd525c3653e0f576e572cd8ecfa6e3332f7a197a51c39c,2026-07-25T23:04:43+00:00,bound
Q_DESALINATION_THY_001,desalination,Desalination,O,OCEANIC,O,theory_translation,wos,desalination qmbd axis translation marine maritime oceanic hydronization theory terms taxonomy mapping,0,0,0,0,false,,,bound
Q_DESALINATION_VAL_001,desalination,Desalination,H,HYDRONIZATION,H,validation_eqf_translation,crossref,desalination EQF qualification framework micro-credential learning outcomes,150,0,0,0,true,59f0b0c82435ef5948a243539b4155d3392cc89778683f93e8718ec4b780bbb7,2026-07-25T23:04:43+00:00,bound
Q_DESALINATION_VAL_001,desalination,Desalination,H,HYDRONIZATION,H,validation_eqf_translation,openalex,desalination EQF qualification framework micro-credential learning outcomes,0,0,0,0,false,,,bound
Q_DESALINATION_VAL_001,desalination,Desalination,H,HYDRONIZATION,H,validation_eqf_translation,scopus,desalination EQF qualification framework micro-credential learning outcomes,0,0,0,0,true,28a7b535fb05a2f7c329a9850c8589a5ea219baff3f08473df12d0ac226e0557,2026-07-25T23:04:43+00:00,bound
Q_DESALINATION_VAL_001,desalination,Desalination,H,HYDRONIZATION,H,validation_eqf_translation,wos,desalination EQF qualification framework micro-credential learning outcomes,0,0,0,0,false,,,bound
Q_INFRA_ROBOTICS_COMP_001,infra_robotics,Infra & Robotics,T,MARITIME,T,competence_demand,crossref,offshore robotics workforce skills competences training professional development,150,0,0,0,true,35f49776d04ead970771698a7e174bc424f0ac5a948e1c7758a2e8e375aed60f,2026-07-25T23:04:43+00:00,bound
Q_INFRA_ROBOTICS_COMP_001,infra_robotics,Infra & Robotics,T,MARITIME,T,competence_demand,openalex,offshore robotics workforce skills competences training professional development,150,150,131,150,false,,,bound
Q_INFRA_ROBOTICS_COMP_001,infra_robotics,Infra & Robotics,T,MARITIME,T,competence_demand,scopus,offshore robotics workforce skills competences training professional development,0,0,0,0,true,15208bdb0eeb1f1bf329377a2adb6b82cdef94a7110bb55da6ab44554c9a8751,2026-07-25T23:04:43+00:00,bound
Q_INFRA_ROBOTICS_COMP_001,infra_robotics,Infra & Robotics,T,MARITIME,T,competence_demand,wos,offshore robotics workforce skills competences training professional development,0,0,0,0,false,,,bound
Q_INFRA_ROBOTICS_COMP_002,infra_robotics,Infra & Robotics,T,MARITIME,T,competence_demand,crossref,maritime robotics engineer education learning outcomes curriculum qualification,150,0,0,0,true,159d7821dc0f4d25cb00ae46051664cf02c74d59b08f17135d601907f2538b98,2026-07-25T23:04:43+00:00,bound
Q_INFRA_ROBOTICS_COMP_002,infra_robotics,Infra & Robotics,T,MARITIME,T,competence_demand,openalex,maritime robotics engineer education learning outcomes curriculum qualification,126,126,113,126,false,,,bound
Q_INFRA_ROBOTICS_COMP_002,infra_robotics,Infra & Robotics,T,MARITIME,T,competence_demand,scopus,maritime robotics engineer education learning outcomes curriculum qualification,0,0,0,0,true,dffee61ffe45486aa292e4adf8c3b793043410a9630d0b65016a322dd79b9073,2026-07-25T23:04:43+00:00,bound
Q_INFRA_ROBOTICS_COMP_002,infra_robotics,Infra & Robotics,T,MARITIME,T,competence_demand,wos,maritime robotics engineer education learning outcomes curriculum qualification,0,0,0,0,false,,,bound
Q_INFRA_ROBOTICS_CORE_001,infra_robotics,Infra & Robotics,T,MARITIME,T,core_sector,crossref,maritime infrastructure cyber physical systems digital twin,150,0,0,0,true,ab329361320819de6279cc6454f99fd1c75715246eb76bdd3da2712b43ea1e23,2026-07-25T23:04:43+00:00,bound
Q_INFRA_ROBOTICS_CORE_001,infra_robotics,Infra & Robotics,T,MARITIME,T,core_sector,openalex,maritime infrastructure cyber physical systems digital twin,150,150,134,150,false,,,bound
Q_INFRA_ROBOTICS_CORE_001,infra_robotics,Infra & Robotics,T,MARITIME,T,core_sector,scopus,maritime infrastructure cyber physical systems digital twin,10,10,10,10,true,2dd0502ecb378e5865e0b6639d461b20c1ab30cea8f6555fc355498195adcc9f,2026-07-25T23:04:43+00:00,bound
Q_INFRA_ROBOTICS_CORE_001,infra_robotics,Infra & Robotics,T,MARITIME,T,core_sector,web of science (clarivate),maritime infrastructure cyber physical systems digital twin,7,1,7,0,false,,,bound
Q_INFRA_ROBOTICS_CORE_001,infra_robotics,Infra & Robotics,T,MARITIME,T,core_sector,wos,maritime infrastructure cyber physical systems digital twin,7,7,0,7,false,,,bound
Q_INFRA_ROBOTICS_CORE_002,infra_robotics,Infra & Robotics,T,MARITIME,T,core_sector,crossref,offshore robotics marine monitoring autonomous systems,150,0,0,0,true,7a300b2d74ae80f15c052f5dd37e2f21173a7a9ab3dd6902f37ad5150bfca78a,2026-07-25T23:04:43+00:00,bound
Q_INFRA_ROBOTICS_CORE_002,infra_robotics,Infra & Robotics,T,MARITIME,T,core_sector,openalex,offshore robotics marine monitoring autonomous systems,150,150,123,150,false,,,bound
Q_INFRA_ROBOTICS_CORE_002,infra_robotics,Infra & Robotics,T,MARITIME,T,core_sector,scopus,offshore robotics marine monitoring autonomous systems,32,21,21,21,true,743f45ebd864769ee6d853856c45cac1038d25c9636f58c62c9d6cb38c8389c4,2026-07-25T23:04:43+00:00,bound
Q_INFRA_ROBOTICS_CORE_002,infra_robotics,Infra & Robotics,T,MARITIME,T,core_sector,web of science (clarivate),offshore robotics marine monitoring autonomous systems,17,3,17,0,false,,,bound
Q_INFRA_ROBOTICS_CORE_002,infra_robotics,Infra & Robotics,T,MARITIME,T,core_sector,wos,offshore robotics marine monitoring autonomous systems,22,17,0,17,false,,,bound
Q_INFRA_ROBOTICS_CORE_003,infra_robotics,Infra & Robotics,T,MARITIME,T,core_sector,crossref,smart coastal infrastructure flood risk adaptation,150,0,0,0,true,e638e1c736b3d72a3739559b0528f2bb1353b4e993d7efe74ea2c00f4d5748e4,2026-07-25T23:04:43+00:00,bound
Q_INFRA_ROBOTICS_CORE_003,infra_robotics,Infra & Robotics,T,MARITIME,T,core_sector,openalex,smart coastal infrastructure flood risk adaptation,150,150,150,150,false,,,bound
Q_INFRA_ROBOTICS_CORE_003,infra_robotics,Infra & Robotics,T,MARITIME,T,core_sector,scopus,smart coastal infrastructure flood risk adaptation,4,4,4,4,true,779ca3ed3e90805a05bb20fcfa67afa00feef478fa270784020912f25c311f4e,2026-07-25T23:04:43+00:00,bound
Q_INFRA_ROBOTICS_CORE_003,infra_robotics,Infra & Robotics,T,MARITIME,T,core_sector,web of science (clarivate),smart coastal infrastructure flood risk adaptation,8,5,8,0,false,,,bound
Q_INFRA_ROBOTICS_CORE_003,infra_robotics,Infra & Robotics,T,MARITIME,T,core_sector,wos,smart coastal infrastructure flood risk adaptation,8,8,0,8,false,,,bound
Q_INFRA_ROBOTICS_EMRG_001,infra_robotics,Infra & Robotics,T,MARITIME,T,emerging_demand,crossref,offshore robotics AI digital twin autonomous systems resilience,150,0,0,0,true,ebb9399d5a3c2a8a6b31c08abe6d8e5a89e0a6f9b573e5c3f2ee8e2b2f0bd111,2026-07-25T23:04:43+00:00,bound
Q_INFRA_ROBOTICS_EMRG_001,infra_robotics,Infra & Robotics,T,MARITIME,T,emerging_demand,openalex,offshore robotics AI digital twin autonomous systems resilience,150,150,136,150,false,,,bound
Q_INFRA_ROBOTICS_EMRG_001,infra_robotics,Infra & Robotics,T,MARITIME,T,emerging_demand,scopus,offshore robotics AI digital twin autonomous systems resilience,0,0,0,0,true,9878fd5c4f727425e082605a2419c76a14b0719028589078e08e74ad82e54462,2026-07-25T23:04:43+00:00,bound
Q_INFRA_ROBOTICS_EMRG_001,infra_robotics,Infra & Robotics,T,MARITIME,T,emerging_demand,wos,offshore robotics AI digital twin autonomous systems resilience,0,0,0,0,false,,,bound
Q_INFRA_ROBOTICS_EMRG_002,infra_robotics,Infra & Robotics,T,MARITIME,T,emerging_demand,crossref,maritime cyber-physical systems climate adaptation safety port-city,150,0,0,0,true,63a31a5c49ad844c1341f2d312f1687150adc8f7c67972b782d451efd3d59ad7,2026-07-25T23:04:43+00:00,bound
Q_INFRA_ROBOTICS_EMRG_002,infra_robotics,Infra & Robotics,T,MARITIME,T,emerging_demand,openalex,maritime cyber-physical systems climate adaptation safety port-city,150,150,135,150,false,,,bound
Q_INFRA_ROBOTICS_EMRG_002,infra_robotics,Infra & Robotics,T,MARITIME,T,emerging_demand,scopus,maritime cyber-physical systems climate adaptation safety port-city,0,0,0,0,true,6877bd85836faf4af16b8e864033d61bc3786a68eb204b8f91b7f21f55298e56,2026-07-25T23:04:43+00:00,bound
Q_INFRA_ROBOTICS_EMRG_002,infra_robotics,Infra & Robotics,T,MARITIME,T,emerging_demand,wos,maritime cyber-physical systems climate adaptation safety port-city,0,0,0,0,false,,,bound
Q_INFRA_ROBOTICS_HYP_001,infra_robotics,Infra & Robotics,T,MARITIME,T,hypothesis_verification,crossref,infra & robotics maritimisation marinization oceanisation hydrosocial de-base-re hypothesis verification indicators,150,145,145,145,true,76e2ab5af1ffc04544fc322d1639c09ab5870e1472c6bc957dbaa80536159676,2026-07-25T23:04:43+00:00,bound
Q_INFRA_ROBOTICS_HYP_001,infra_robotics,Infra & Robotics,T,MARITIME,T,hypothesis_verification,openalex,infra & robotics maritimisation marinization oceanisation hydrosocial de-base-re hypothesis verification indicators,0,0,0,0,false,,,bound
Q_INFRA_ROBOTICS_HYP_001,infra_robotics,Infra & Robotics,T,MARITIME,T,hypothesis_verification,scopus,infra & robotics maritimisation marinization oceanisation hydrosocial de-base-re hypothesis verification indicators,0,0,0,0,true,91931f0fd44999b90690b90eaab5326f68f700be25a48b9fbb00a91f29656781,2026-07-25T23:04:43+00:00,bound
Q_INFRA_ROBOTICS_HYP_001,infra_robotics,Infra & Robotics,T,MARITIME,T,hypothesis_verification,wos,infra & robotics maritimisation marinization oceanisation hydrosocial de-base-re hypothesis verification indicators,0,0,0,0,false,,,bound
Q_INFRA_ROBOTICS_THY_001,infra_robotics,Infra & Robotics,O,OCEANIC,O,theory_translation,crossref,infra & robotics qmbd axis translation marine maritime oceanic hydronization theory terms taxonomy mapping,150,147,146,147,true,bee4e8ffb7592e2f7514b92951fd9b85c15b4b4393dcb172117fba4c56ee8e55,2026-07-25T23:04:43+00:00,bound
Q_INFRA_ROBOTICS_THY_001,infra_robotics,Infra & Robotics,O,OCEANIC,O,theory_translation,openalex,infra & robotics qmbd axis translation marine maritime oceanic hydronization theory terms taxonomy mapping,0,0,0,0,false,,,bound
Q_INFRA_ROBOTICS_THY_001,infra_robotics,Infra & Robotics,O,OCEANIC,O,theory_translation,scopus,infra & robotics qmbd axis translation marine maritime oceanic hydronization theory terms taxonomy mapping,0,0,0,0,true,28e48c52c18681b4c37d8354208b6e70291396791984b5faf1a2c2e7e6af42a1,2026-07-25T23:04:43+00:00,bound
Q_INFRA_ROBOTICS_THY_001,infra_robotics,Infra & Robotics,O,OCEANIC,O,theory_translation,wos,infra & robotics qmbd axis translation marine maritime oceanic hydronization theory terms taxonomy mapping,0,0,0,0,false,,,bound
Q_INFRA_ROBOTICS_VAL_001,infra_robotics,Infra & Robotics,T,MARITIME,T,validation_eqf_translation,crossref,offshore robotics EQF qualification framework micro-credential learning outcomes,150,0,0,0,true,b8473131caae4f6b5e12b45633f1e7e4d3e328fd71ef76c2d2b7bbeac6eeaa33,2026-07-25T23:04:43+00:00,bound
Q_INFRA_ROBOTICS_VAL_001,infra_robotics,Infra & Robotics,T,MARITIME,T,validation_eqf_translation,openalex,offshore robotics EQF qualification framework micro-credential learning outcomes,2,2,2,2,false,,,bound
Q_INFRA_ROBOTICS_VAL_001,infra_robotics,Infra & Robotics,T,MARITIME,T,validation_eqf_translation,scopus,offshore robotics EQF qualification framework micro-credential learning outcomes,0,0,0,0,true,7d6253ae93bfca0e5d767cbecb26ff965c06b200ab79967c43c3684c1759d9fe,2026-07-25T23:04:43+00:00,bound
Q_INFRA_ROBOTICS_VAL_001,infra_robotics,Infra & Robotics,T,MARITIME,T,validation_eqf_translation,wos,offshore robotics EQF qualification framework micro-credential learning outcomes,0,0,0,0,false,,,bound
Q_LIVING_RES_COMP_001,living_res,Living Res.,M,MARINE,M,competence_demand,crossref,fisheries workforce skills competences training professional development,150,0,0,0,true,d440d516e668f2d84ee437e2bef56d27b600924e863116251ceccf9b6ff604cb,2026-07-25T23:04:43+00:00,bound
Q_LIVING_RES_COMP_001,living_res,Living Res.,M,MARINE,M,competence_demand,openalex,fisheries workforce skills competences training professional development,150,150,141,150,false,,,bound
Q_LIVING_RES_COMP_001,living_res,Living Res.,M,MARINE,M,competence_demand,scopus,fisheries workforce skills competences training professional development,0,0,0,0,true,45de3472a34efb39754922c123e3bfbea254678a08575f32964677f0b76ddb16,2026-07-25T23:04:43+00:00,bound
Q_LIVING_RES_COMP_001,living_res,Living Res.,M,MARINE,M,competence_demand,wos,fisheries workforce skills competences training professional development,0,0,0,0,false,,,bound
Q_LIVING_RES_COMP_002,living_res,Living Res.,M,MARINE,M,competence_demand,crossref,aquaculture education learning outcomes curriculum qualification,150,0,0,0,true,deef1c2b9e70efa915518c9d05238f1d5d2ba2d3edbbebea3eab8295bfd9619d,2026-07-25T23:04:43+00:00,bound
Q_LIVING_RES_COMP_002,living_res,Living Res.,M,MARINE,M,competence_demand,openalex,aquaculture education learning outcomes curriculum qualification,150,150,138,150,false,,,bound
Q_LIVING_RES_COMP_002,living_res,Living Res.,M,MARINE,M,competence_demand,scopus,aquaculture education learning outcomes curriculum qualification,0,0,0,0,true,6e307cfca25b2eb790923fe9703a6c1d91e2223b15561df14004d2b4765b1bba,2026-07-25T23:04:43+00:00,bound
Q_LIVING_RES_COMP_002,living_res,Living Res.,M,MARINE,M,competence_demand,wos,aquaculture education learning outcomes curriculum qualification,0,0,0,0,false,,,bound
Q_LIVING_RES_CORE_001,living_res,Living Res.,M,MARINE,M,core_sector,crossref,small scale fisheries livelihoods blue economy governance,150,0,0,0,true,5e88b1d3e192e14cfc2e9d407dfb694c5644233789037844cb5fa2e78c97dc22,2026-07-25T23:04:43+00:00,bound
Q_LIVING_RES_CORE_001,living_res,Living Res.,M,MARINE,M,core_sector,openalex,small scale fisheries livelihoods blue economy governance,150,150,149,150,false,,,bound
Q_LIVING_RES_CORE_001,living_res,Living Res.,M,MARINE,M,core_sector,scopus,small scale fisheries livelihoods blue economy governance,20,19,19,19,true,f4114642d9ad2e83d8db85935aba0c91cbd2e64844c5cef619ec77c504805be9,2026-07-25T23:04:43+00:00,bound
Q_LIVING_RES_CORE_001,living_res,Living Res.,M,MARINE,M,core_sector,web of science (clarivate),small scale fisheries livelihoods blue economy governance,20,6,20,0,false,,,bound
Q_LIVING_RES_CORE_001,living_res,Living Res.,M,MARINE,M,core_sector,wos,small scale fisheries livelihoods blue economy governance,21,20,0,20,false,,,bound
Q_LIVING_RES_CORE_002,living_res,Living Res.,M,MARINE,M,core_sector,crossref,fisheries management sustainability marine protected areas,150,0,0,0,true,a6ec534abb2318b20bf46073b73e8e76621d05aee0cc6216891aa051ccf8d2db,2026-07-25T23:04:43+00:00,bound
Q_LIVING_RES_CORE_002,living_res,Living Res.,M,MARINE,M,core_sector,openalex,fisheries management sustainability marine protected areas,150,150,145,150,false,,,bound
Q_LIVING_RES_CORE_002,living_res,Living Res.,M,MARINE,M,core_sector,scopus,fisheries management sustainability marine protected areas,150,150,150,150,true,e542aec70ec7b1203b91f57b0dde52fed6c6fba9953e7a7c5ca7ce281918bdeb,2026-07-25T23:04:43+00:00,bound
Q_LIVING_RES_CORE_002,living_res,Living Res.,M,MARINE,M,core_sector,wos,fisheries management sustainability marine protected areas,150,0,0,0,false,,,bound
Q_LIVING_RES_CORE_003,living_res,Living Res.,M,MARINE,M,core_sector,crossref,aquaculture social licence environmental impact governance,150,0,0,0,true,99c73eb6ca5853cbe716281dfbbf8f5e24cee4836cceec6d0fa2f1d221958e75,2026-07-25T23:04:43+00:00,bound
Q_LIVING_RES_CORE_003,living_res,Living Res.,M,MARINE,M,core_sector,openalex,aquaculture social licence environmental impact governance,150,150,148,150,false,,,bound
Q_LIVING_RES_CORE_003,living_res,Living Res.,M,MARINE,M,core_sector,scopus,aquaculture social licence environmental impact governance,4,3,3,3,true,b463e08c7ee8ae1ba61db6076a3e3b22779e6ff5c9595951e3c76f4272336139,2026-07-25T23:04:43+00:00,bound
Q_LIVING_RES_CORE_003,living_res,Living Res.,M,MARINE,M,core_sector,web of science (clarivate),aquaculture social licence environmental impact governance,14,11,14,0,false,,,bound
Q_LIVING_RES_CORE_003,living_res,Living Res.,M,MARINE,M,core_sector,wos,aquaculture social licence environmental impact governance,15,14,0,14,false,,,bound
Q_LIVING_RES_EMRG_001,living_res,Living Res.,M,MARINE,M,emerging_demand,crossref,fisheries AI digital twin resilience climate adaptation just transition,150,0,0,0,true,beb9fc058fe058894def8ba18c52520b34badf9d6297c0889c3ef9fd4c0b4b2a,2026-07-25T23:04:43+00:00,bound
Q_LIVING_RES_EMRG_001,living_res,Living Res.,M,MARINE,M,emerging_demand,openalex,fisheries AI digital twin resilience climate adaptation just transition,150,150,129,150,false,,,bound
Q_LIVING_RES_EMRG_001,living_res,Living Res.,M,MARINE,M,emerging_demand,scopus,fisheries AI digital twin resilience climate adaptation just transition,0,0,0,0,true,3ec6ac8b3a7ad42228af8c2a64e1c40f53ce77af2f99fd784830c336bc1b2b65,2026-07-25T23:04:43+00:00,bound
Q_LIVING_RES_EMRG_001,living_res,Living Res.,M,MARINE,M,emerging_demand,wos,fisheries AI digital twin resilience climate adaptation just transition,0,0,0,0,false,,,bound
Q_LIVING_RES_EMRG_002,living_res,Living Res.,O,OCEANIC,O,emerging_demand,crossref,small scale fisheries blue economy labour ocean literacy marine governance,150,142,142,142,true,775426533ba8b45d417468391bfaf68d2c99e5655368eecb05ef5dc06f694ab3,2026-07-25T23:04:43+00:00,bound
Q_LIVING_RES_EMRG_002,living_res,Living Res.,O,OCEANIC,O,emerging_demand,openalex,small scale fisheries blue economy labour ocean literacy marine governance,150,150,124,150,false,,,bound
Q_LIVING_RES_EMRG_002,living_res,Living Res.,O,OCEANIC,O,emerging_demand,scopus,small scale fisheries blue economy labour ocean literacy marine governance,0,0,0,0,true,1e067f57f9c797608574f785e6d4e76cca3e335f8b9d4e8a29acf3aff294d9b2,2026-07-25T23:04:43+00:00,bound
Q_LIVING_RES_EMRG_002,living_res,Living Res.,O,OCEANIC,O,emerging_demand,wos,small scale fisheries blue economy labour ocean literacy marine governance,0,0,0,0,false,,,bound
Q_LIVING_RES_HYP_001,living_res,Living Res.,M,MARINE,M,hypothesis_verification,crossref,living res. maritimisation marinization oceanisation hydrosocial de-base-re hypothesis verification indicators,150,145,145,145,true,c94713f11736e9cca67d5941b4c9ce5de5aff294268ad1705506e4e6a3804496,2026-07-25T23:04:43+00:00,bound
Q_LIVING_RES_HYP_001,living_res,Living Res.,M,MARINE,M,hypothesis_verification,openalex,living res. maritimisation marinization oceanisation hydrosocial de-base-re hypothesis verification indicators,0,0,0,0,false,,,bound
Q_LIVING_RES_HYP_001,living_res,Living Res.,M,MARINE,M,hypothesis_verification,scopus,living res. maritimisation marinization oceanisation hydrosocial de-base-re hypothesis verification indicators,0,0,0,0,true,8fdbdad3cac955b5843be99fede7baa1d2b04a04a3aad55ebaeae88f535d2d45,2026-07-25T23:04:43+00:00,bound
Q_LIVING_RES_HYP_001,living_res,Living Res.,M,MARINE,M,hypothesis_verification,wos,living res. maritimisation marinization oceanisation hydrosocial de-base-re hypothesis verification indicators,0,0,0,0,false,,,bound
Q_LIVING_RES_THY_001,living_res,Living Res.,O,OCEANIC,O,theory_translation,crossref,living res. qmbd axis translation marine maritime oceanic hydronization theory terms taxonomy mapping,150,147,147,147,true,5b23aecd026609b3456522b6db60c11a1b0015fcf2064cf08840ba0e8c3d1cf1,2026-07-25T23:04:43+00:00,bound
Q_LIVING_RES_THY_001,living_res,Living Res.,O,OCEANIC,O,theory_translation,openalex,living res. qmbd axis translation marine maritime oceanic hydronization theory terms taxonomy mapping,0,0,0,0,false,,,bound
Q_LIVING_RES_THY_001,living_res,Living Res.,O,OCEANIC,O,theory_translation,scopus,living res. qmbd axis translation marine maritime oceanic hydronization theory terms taxonomy mapping,0,0,0,0,true,d122d36940d34c9b4f5aea270144bd3d69b33515f3e40d00c289a9b5160a79a5,2026-07-25T23:04:43+00:00,bound
Q_LIVING_RES_THY_001,living_res,Living Res.,O,OCEANIC,O,theory_translation,wos,living res. qmbd axis translation marine maritime oceanic hydronization theory terms taxonomy mapping,0,0,0,0,false,,,bound
Q_LIVING_RES_VAL_001,living_res,Living Res.,M,MARINE,M,validation_eqf_translation,crossref,fisheries aquaculture EQF qualification framework micro-credential learning outcomes,150,0,0,0,true,70cccfa8e6733323cbdbdd0d8f29ba6be41e93601706811ef40ca4eee0cdf3cf,2026-07-25T23:04:43+00:00,bound
Q_LIVING_RES_VAL_001,living_res,Living Res.,M,MARINE,M,validation_eqf_translation,openalex,fisheries aquaculture EQF qualification framework micro-credential learning outcomes,1,1,1,1,false,,,bound
Q_LIVING_RES_VAL_001,living_res,Living Res.,M,MARINE,M,validation_eqf_translation,scopus,fisheries aquaculture EQF qualification framework micro-credential learning outcomes,0,0,0,0,true,f83545b4b5263e79f81f711447234007da9c959bff858d0bb3a4f5a19b360f89,2026-07-25T23:04:43+00:00,bound
Q_LIVING_RES_VAL_001,living_res,Living Res.,M,MARINE,M,validation_eqf_translation,wos,fisheries aquaculture EQF qualification framework micro-credential learning outcomes,0,0,0,0,false,,,bound
Q_MARITIME_DEFENCE_COMP_001,maritime_defence,Maritime Defence,T,MARITIME,T,competence_demand,crossref,maritime security workforce skills competences training professional development,150,0,0,0,true,5ed388cf7f98e69d61d16a0e274adb353c8f028813fb64adef891ec4c863cfa1,2026-07-25T23:04:43+00:00,bound
Q_MARITIME_DEFENCE_COMP_001,maritime_defence,Maritime Defence,T,MARITIME,T,competence_demand,openalex,maritime security workforce skills competences training professional development,150,150,145,150,false,,,bound
Q_MARITIME_DEFENCE_COMP_001,maritime_defence,Maritime Defence,T,MARITIME,T,competence_demand,scopus,maritime security workforce skills competences training professional development,1,1,1,1,true,2b2e8767e2696b0ecc97ed6d84a73cc60a442f9d7d8428eb470eea2234621a69,2026-07-25T23:04:43+00:00,bound
Q_MARITIME_DEFENCE_COMP_001,maritime_defence,Maritime Defence,T,MARITIME,T,competence_demand,wos,maritime security workforce skills competences training professional development,0,0,0,0,false,,,bound
Q_MARITIME_DEFENCE_COMP_002,maritime_defence,Maritime Defence,T,MARITIME,T,competence_demand,crossref,naval operations education learning outcomes curriculum qualification,150,0,0,0,true,5ac5759feaafc7f01f59420eb1971b67c30884f0c37001cbd85e4ed87175adb7,2026-07-25T23:04:43+00:00,bound
Q_MARITIME_DEFENCE_COMP_002,maritime_defence,Maritime Defence,T,MARITIME,T,competence_demand,openalex,naval operations education learning outcomes curriculum qualification,150,150,140,150,false,,,bound
Q_MARITIME_DEFENCE_COMP_002,maritime_defence,Maritime Defence,T,MARITIME,T,competence_demand,scopus,naval operations education learning outcomes curriculum qualification,0,0,0,0,true,b7b7592f57c21f550e7a7445802d1d823cb549f00175abd5e85866dd8c2dfec7,2026-07-25T23:04:43+00:00,bound
Q_MARITIME_DEFENCE_COMP_002,maritime_defence,Maritime Defence,T,MARITIME,T,competence_demand,wos,naval operations education learning outcomes curriculum qualification,0,0,0,0,false,,,bound
Q_MARITIME_DEFENCE_CORE_001,maritime_defence,Maritime Defence,T,MARITIME,T,core_sector,crossref,maritime security governance blue economy,150,0,0,0,true,1750cb74a05bc92e845ce7b3e6de49e09f33ff0f1a1756f8071a3035c96af5ab,2026-07-25T23:04:43+00:00,bound
Q_MARITIME_DEFENCE_CORE_001,maritime_defence,Maritime Defence,T,MARITIME,T,core_sector,openalex,maritime security governance blue economy,150,150,147,150,false,,,bound
Q_MARITIME_DEFENCE_CORE_001,maritime_defence,Maritime Defence,T,MARITIME,T,core_sector,scopus,maritime security governance blue economy,52,46,46,46,true,91c3c3a588a0dc1f920387ccbf5e23a408b296b640c0815986f2c046ca00114a,2026-07-25T23:04:43+00:00,bound
Q_MARITIME_DEFENCE_CORE_001,maritime_defence,Maritime Defence,T,MARITIME,T,core_sector,web of science (clarivate),maritime security governance blue economy,17,5,17,0,false,,,bound
Q_MARITIME_DEFENCE_CORE_001,maritime_defence,Maritime Defence,T,MARITIME,T,core_sector,wos,maritime security governance blue economy,20,17,0,17,false,,,bound
Q_MARITIME_DEFENCE_CORE_002,maritime_defence,Maritime Defence,T,MARITIME,T,core_sector,crossref,naval operations maritime domain awareness surveillance,150,19,19,19,true,b35f26cec8e6b03a2aaf079c0d2fe198dceb7f58939b4216dc3d22a06dc4729c,2026-07-25T23:04:43+00:00,bound
Q_MARITIME_DEFENCE_CORE_002,maritime_defence,Maritime Defence,T,MARITIME,T,core_sector,openalex,naval operations maritime domain awareness surveillance,150,150,131,150,false,,,bound
Q_MARITIME_DEFENCE_CORE_002,maritime_defence,Maritime Defence,T,MARITIME,T,core_sector,scopus,naval operations maritime domain awareness surveillance,12,8,8,8,true,51a847707e08e224f6d70c36fd9b11003d49954f330d9dd42e678b90fb3f5ed2,2026-07-25T23:04:43+00:00,bound
Q_MARITIME_DEFENCE_CORE_002,maritime_defence,Maritime Defence,T,MARITIME,T,core_sector,web of science (clarivate),naval operations maritime domain awareness surveillance,3,0,3,0,false,,,bound
Q_MARITIME_DEFENCE_CORE_002,maritime_defence,Maritime Defence,T,MARITIME,T,core_sector,wos,naval operations maritime domain awareness surveillance,4,3,0,3,false,,,bound
Q_MARITIME_DEFENCE_CORE_003,maritime_defence,Maritime Defence,T,MARITIME,T,core_sector,crossref,critical maritime infrastructure protection governance,150,0,0,0,true,3863f1987f53b64040fb1d7e7209ea7734c4b8b74b31f8bbe74e8d71ad66d345,2026-07-25T23:04:43+00:00,bound
Q_MARITIME_DEFENCE_CORE_003,maritime_defence,Maritime Defence,T,MARITIME,T,core_sector,openalex,critical maritime infrastructure protection governance,150,150,145,150,false,,,bound
Q_MARITIME_DEFENCE_CORE_003,maritime_defence,Maritime Defence,T,MARITIME,T,core_sector,scopus,critical maritime infrastructure protection governance,10,9,9,9,true,eb732ee37e5625f33b2c43fbf05503d26c99ffa2674198fa88bd644f2a863c28,2026-07-25T23:04:43+00:00,bound
Q_MARITIME_DEFENCE_CORE_003,maritime_defence,Maritime Defence,T,MARITIME,T,core_sector,web of science (clarivate),critical maritime infrastructure protection governance,8,2,8,0,false,,,bound
Q_MARITIME_DEFENCE_CORE_003,maritime_defence,Maritime Defence,T,MARITIME,T,core_sector,wos,critical maritime infrastructure protection governance,9,8,0,8,false,,,bound
Q_MARITIME_DEFENCE_EMRG_001,maritime_defence,Maritime Defence,T,MARITIME,T,emerging_demand,crossref,maritime domain awareness AI autonomous systems digital twin resilience,150,0,0,0,true,9e7dcdeed5fbe8a6df1a83572184aa4b304becec4657fc1fa141e0d16dc2114f,2026-07-25T23:04:43+00:00,bound
Q_MARITIME_DEFENCE_EMRG_001,maritime_defence,Maritime Defence,T,MARITIME,T,emerging_demand,openalex,maritime domain awareness AI autonomous systems digital twin resilience,150,150,135,150,false,,,bound
Q_MARITIME_DEFENCE_EMRG_001,maritime_defence,Maritime Defence,T,MARITIME,T,emerging_demand,scopus,maritime domain awareness AI autonomous systems digital twin resilience,0,0,0,0,true,311388a1226f0f7f2e0db0ab3b4c665e5a82fd582221dfb6e02a849af8ce8c91,2026-07-25T23:04:43+00:00,bound
Q_MARITIME_DEFENCE_EMRG_001,maritime_defence,Maritime Defence,T,MARITIME,T,emerging_demand,wos,maritime domain awareness AI autonomous systems digital twin resilience,0,0,0,0,false,,,bound
Q_MARITIME_DEFENCE_EMRG_002,maritime_defence,Maritime Defence,O,OCEANIC,O,emerging_demand,crossref,maritime security climate adaptation marine governance safety port-city,150,0,0,0,true,ef1c5560e45619e4e0f2f7b67b78b847a25f6c2060faadef5314fbc7ffc86612,2026-07-25T23:04:43+00:00,bound
Q_MARITIME_DEFENCE_EMRG_002,maritime_defence,Maritime Defence,O,OCEANIC,O,emerging_demand,openalex,maritime security climate adaptation marine governance safety port-city,150,150,137,150,false,,,bound
Q_MARITIME_DEFENCE_EMRG_002,maritime_defence,Maritime Defence,O,OCEANIC,O,emerging_demand,scopus,maritime security climate adaptation marine governance safety port-city,0,0,0,0,false,,,bound
Q_MARITIME_DEFENCE_EMRG_002,maritime_defence,Maritime Defence,O,OCEANIC,O,emerging_demand,wos,maritime security climate adaptation marine governance safety port-city,0,0,0,0,false,,,bound
Q_MARITIME_DEFENCE_HYP_001,maritime_defence,Maritime Defence,T,MARITIME,T,hypothesis_verification,crossref,maritime defence maritimisation marinization oceanisation hydrosocial de-base-re hypothesis verification indicators,150,144,144,144,true,46b10bedadcf0e50fcbb75cb7fe08e8ba664b48db6b6f072cb6a141b1dec7c28,2026-07-25T23:04:43+00:00,bound
Q_MARITIME_DEFENCE_HYP_001,maritime_defence,Maritime Defence,T,MARITIME,T,hypothesis_verification,openalex,maritime defence maritimisation marinization oceanisation hydrosocial de-base-re hypothesis verification indicators,0,0,0,0,false,,,bound
Q_MARITIME_DEFENCE_HYP_001,maritime_defence,Maritime Defence,T,MARITIME,T,hypothesis_verification,scopus,maritime defence maritimisation marinization oceanisation hydrosocial de-base-re hypothesis verification indicators,0,0,0,0,true,8cc0eb3113f0bdc214969b4d02045cdcd98f755e612c32857f53efe88c85b7b8,2026-07-25T23:04:43+00:00,bound
Q_MARITIME_DEFENCE_HYP_001,maritime_defence,Maritime Defence,T,MARITIME,T,hypothesis_verification,wos,maritime defence maritimisation marinization oceanisation hydrosocial de-base-re hypothesis verification indicators,0,0,0,0,false,,,bound
Q_MARITIME_DEFENCE_THY_001,maritime_defence,Maritime Defence,O,OCEANIC,O,theory_translation,crossref,maritime defence qmbd axis translation marine maritime oceanic hydronization theory terms taxonomy mapping,150,89,89,89,true,16d437af4d4063e72fa5cf7d53b3e408d9ff4da17478db4214f4eae7acf328d0,2026-07-25T23:04:43+00:00,bound
Q_MARITIME_DEFENCE_THY_001,maritime_defence,Maritime Defence,O,OCEANIC,O,theory_translation,openalex,maritime defence qmbd axis translation marine maritime oceanic hydronization theory terms taxonomy mapping,0,0,0,0,false,,,bound
Q_MARITIME_DEFENCE_THY_001,maritime_defence,Maritime Defence,O,OCEANIC,O,theory_translation,scopus,maritime defence qmbd axis translation marine maritime oceanic hydronization theory terms taxonomy mapping,0,0,0,0,true,7e0e4be3a95e67a4a4e4c4ceef7f19b895ffdd4751655ab26a11227ca48c6c5f,2026-07-25T23:04:43+00:00,bound
Q_MARITIME_DEFENCE_THY_001,maritime_defence,Maritime Defence,O,OCEANIC,O,theory_translation,wos,maritime defence qmbd axis translation marine maritime oceanic hydronization theory terms taxonomy mapping,0,0,0,0,false,,,bound
Q_MARITIME_DEFENCE_VAL_001,maritime_defence,Maritime Defence,T,MARITIME,T,validation_eqf_translation,crossref,maritime defence EQF qualification framework micro-credential learning outcomes,150,0,0,0,true,748f1feb3f0c8092b6f75d44ff08a86ec74eb93607151f83f32a6c52aa55984c,2026-07-25T23:04:43+00:00,bound
Q_MARITIME_DEFENCE_VAL_001,maritime_defence,Maritime Defence,T,MARITIME,T,validation_eqf_translation,openalex,maritime defence EQF qualification framework micro-credential learning outcomes,0,0,0,0,false,,,bound
Q_MARITIME_DEFENCE_VAL_001,maritime_defence,Maritime Defence,T,MARITIME,T,validation_eqf_translation,scopus,maritime defence EQF qualification framework micro-credential learning outcomes,0,0,0,0,true,30852cdab81e4d2f5735bc302282399589c8b40826d91356760c01c0877ef541,2026-07-25T23:04:43+00:00,bound
Q_MARITIME_DEFENCE_VAL_001,maritime_defence,Maritime Defence,T,MARITIME,T,validation_eqf_translation,wos,maritime defence EQF qualification framework micro-credential learning outcomes,0,0,0,0,false,,,bound
Q_MARITIME_TRANSPORT_COMP_001,maritime_transport,Maritime Transport,T,MARITIME,T,competence_demand,crossref,seafarer workforce skills competences training professional development,150,0,0,0,true,a88b1d95b1712d09b62cd0d124f046570736050711bf182ffb30d74420d2d192,2026-07-25T23:04:43+00:00,bound
Q_MARITIME_TRANSPORT_COMP_001,maritime_transport,Maritime Transport,T,MARITIME,T,competence_demand,openalex,seafarer workforce skills competences training professional development,150,150,139,150,false,,,bound
Q_MARITIME_TRANSPORT_COMP_001,maritime_transport,Maritime Transport,T,MARITIME,T,competence_demand,scopus,seafarer workforce skills competences training professional development,1,1,1,1,true,a3876a22ff5922d786c605af70eac233ef60fbf0fecf7e97424ef3aef68a5f14,2026-07-25T23:04:43+00:00,bound
Q_MARITIME_TRANSPORT_COMP_001,maritime_transport,Maritime Transport,T,MARITIME,T,competence_demand,web of science (clarivate),seafarer workforce skills competences training professional development,1,0,1,0,false,,,bound
Q_MARITIME_TRANSPORT_COMP_001,maritime_transport,Maritime Transport,T,MARITIME,T,competence_demand,wos,seafarer workforce skills competences training professional development,1,1,0,1,false,,,bound
Q_MARITIME_TRANSPORT_COMP_002,maritime_transport,Maritime Transport,T,MARITIME,T,competence_demand,crossref,maritime officer education learning outcomes curriculum qualification,150,0,0,0,true,4aa60b0645075206c3886d244d4ec9120468d58e287618b8f8db57e7f9124e8c,2026-07-25T23:04:43+00:00,bound
Q_MARITIME_TRANSPORT_COMP_002,maritime_transport,Maritime Transport,T,MARITIME,T,competence_demand,openalex,maritime officer education learning outcomes curriculum qualification,150,150,140,150,false,,,bound
Q_MARITIME_TRANSPORT_COMP_002,maritime_transport,Maritime Transport,T,MARITIME,T,competence_demand,scopus,maritime officer education learning outcomes curriculum qualification,0,0,0,0,true,9bad68c2a047d9cd07a8c442c4caf5ab89927dfb29443df3146e5331de2aa119,2026-07-25T23:04:43+00:00,bound
Q_MARITIME_TRANSPORT_COMP_002,maritime_transport,Maritime Transport,T,MARITIME,T,competence_demand,wos,maritime officer education learning outcomes curriculum qualification,0,0,0,0,false,,,bound
Q_MARITIME_TRANSPORT_CORE_001,maritime_transport,Maritime Transport,T,MARITIME,T,core_sector,crossref,maritime transport decarbonization emissions reduction,150,0,0,0,true,16e9109b7a50043cc1e92455327e6596ba885205769339989f232597a8fceae0,2026-07-25T23:04:43+00:00,bound
Q_MARITIME_TRANSPORT_CORE_001,maritime_transport,Maritime Transport,T,MARITIME,T,core_sector,openalex,maritime transport decarbonization emissions reduction,150,150,146,150,false,,,bound
Q_MARITIME_TRANSPORT_CORE_001,maritime_transport,Maritime Transport,T,MARITIME,T,core_sector,scopus,maritime transport decarbonization emissions reduction,148,144,144,144,true,896448eb9a45e1a313c597146953688b0ea5edbe889042f6deeb30df8b0c85d8,2026-07-25T23:04:43+00:00,bound
Q_MARITIME_TRANSPORT_CORE_001,maritime_transport,Maritime Transport,T,MARITIME,T,core_sector,web of science (clarivate),maritime transport decarbonization emissions reduction,148,49,148,0,false,,,bound
Q_MARITIME_TRANSPORT_CORE_001,maritime_transport,Maritime Transport,T,MARITIME,T,core_sector,wos,maritime transport decarbonization emissions reduction,150,148,0,148,false,,,bound
Q_MARITIME_TRANSPORT_CORE_002,maritime_transport,Maritime Transport,T,MARITIME,T,core_sector,crossref,shipping governance international regulations IMO,150,0,0,0,true,e4e975ed689c2f0d63a66acaa15fa1769564072161026a148d5e89203e1d9db7,2026-07-25T23:04:43+00:00,bound
Q_MARITIME_TRANSPORT_CORE_002,maritime_transport,Maritime Transport,T,MARITIME,T,core_sector,openalex,shipping governance international regulations IMO,150,150,145,150,false,,,bound
Q_MARITIME_TRANSPORT_CORE_002,maritime_transport,Maritime Transport,T,MARITIME,T,core_sector,scopus,shipping governance international regulations IMO,32,29,29,29,true,ef22d6a2bf33f85583238ea5fc8b78e19d504192161ba047adeb6ae4da602b69,2026-07-25T23:04:43+00:00,bound
Q_MARITIME_TRANSPORT_CORE_002,maritime_transport,Maritime Transport,T,MARITIME,T,core_sector,web of science (clarivate),shipping governance international regulations IMO,26,9,26,0,false,,,bound
Q_MARITIME_TRANSPORT_CORE_002,maritime_transport,Maritime Transport,T,MARITIME,T,core_sector,wos,shipping governance international regulations IMO,29,26,0,26,false,,,bound
Q_MARITIME_TRANSPORT_CORE_003,maritime_transport,Maritime Transport,T,MARITIME,T,core_sector,crossref,maritime safety maritime labour conditions,150,0,0,0,true,36d39d814640d801739f8c2e2d9e17d12075475ab6a71baa60a935a452c923bd,2026-07-25T23:04:43+00:00,bound
Q_MARITIME_TRANSPORT_CORE_003,maritime_transport,Maritime Transport,T,MARITIME,T,core_sector,openalex,maritime safety maritime labour conditions,150,150,147,150,false,,,bound
Q_MARITIME_TRANSPORT_CORE_003,maritime_transport,Maritime Transport,T,MARITIME,T,core_sector,scopus,maritime safety maritime labour conditions,54,37,37,37,true,9f1f961834c8970cf05b092668383e5cacf151fc295f25226efc212206a1f8ba,2026-07-25T23:04:43+00:00,bound
Q_MARITIME_TRANSPORT_CORE_003,maritime_transport,Maritime Transport,T,MARITIME,T,core_sector,web of science (clarivate),maritime safety maritime labour conditions,21,3,21,0,false,,,bound
Q_MARITIME_TRANSPORT_CORE_003,maritime_transport,Maritime Transport,T,MARITIME,T,core_sector,wos,maritime safety maritime labour conditions,36,21,0,21,false,,,bound
Q_MARITIME_TRANSPORT_EMRG_001,maritime_transport,Maritime Transport,T,MARITIME,T,emerging_demand,crossref,shipping AI digital twin autonomous systems decarbonization resilience,150,0,0,0,true,c47748cca8b60e3e57093a1ac6e8578c53f735e504bc608f9d7915114bfd4fac,2026-07-25T23:04:43+00:00,bound
Q_MARITIME_TRANSPORT_EMRG_001,maritime_transport,Maritime Transport,T,MARITIME,T,emerging_demand,openalex,shipping AI digital twin autonomous systems decarbonization resilience,150,150,140,150,false,,,bound
Q_MARITIME_TRANSPORT_EMRG_001,maritime_transport,Maritime Transport,T,MARITIME,T,emerging_demand,scopus,shipping AI digital twin autonomous systems decarbonization resilience,0,0,0,0,true,36e0778aa56b1950ae60e875f0028aa8319a2948e56218b681f06b86a97a9b14,2026-07-25T23:04:43+00:00,bound
Q_MARITIME_TRANSPORT_EMRG_001,maritime_transport,Maritime Transport,T,MARITIME,T,emerging_demand,wos,shipping AI digital twin autonomous systems decarbonization resilience,0,0,0,0,false,,,bound
Q_MARITIME_TRANSPORT_EMRG_002,maritime_transport,Maritime Transport,O,OCEANIC,O,emerging_demand,crossref,shipping just transition blue economy labour ocean literacy marine governance safety,150,144,144,144,true,a0431d07e4a9cf996126b4f080d81421ae5ed9b30a18cb4b521b33a3280c9a94,2026-07-25T23:04:43+00:00,bound
Q_MARITIME_TRANSPORT_EMRG_002,maritime_transport,Maritime Transport,O,OCEANIC,O,emerging_demand,openalex,shipping just transition blue economy labour ocean literacy marine governance safety,73,73,54,73,false,,,bound
Q_MARITIME_TRANSPORT_EMRG_002,maritime_transport,Maritime Transport,O,OCEANIC,O,emerging_demand,scopus,shipping just transition blue economy labour ocean literacy marine governance safety,0,0,0,0,true,71f843cf49ee98059128a6432c7799bf1fc4acb4b7cc46a198a30eb810cb3e28,2026-07-25T23:04:43+00:00,bound
Q_MARITIME_TRANSPORT_EMRG_002,maritime_transport,Maritime Transport,O,OCEANIC,O,emerging_demand,wos,shipping just transition blue economy labour ocean literacy marine governance safety,0,0,0,0,false,,,bound
Q_MARITIME_TRANSPORT_HYP_001,maritime_transport,Maritime Transport,T,MARITIME,T,hypothesis_verification,crossref,maritime transport maritimisation marinization oceanisation hydrosocial de-base-re hypothesis verification indicators,150,143,143,143,true,d71b0d719d038b96f5a9e38ed220b3149bcc4b95c68f95a38fd189df4c4252d3,2026-07-25T23:04:43+00:00,bound
Q_MARITIME_TRANSPORT_HYP_001,maritime_transport,Maritime Transport,T,MARITIME,T,hypothesis_verification,openalex,maritime transport maritimisation marinization oceanisation hydrosocial de-base-re hypothesis verification indicators,0,0,0,0,false,,,bound
Q_MARITIME_TRANSPORT_HYP_001,maritime_transport,Maritime Transport,T,MARITIME,T,hypothesis_verification,scopus,maritime transport maritimisation marinization oceanisation hydrosocial de-base-re hypothesis verification indicators,0,0,0,0,true,7c7fa702ae8cabe90c2a645fb6f9213d830e30d632f465a9fce2035a8d1da94f,2026-07-25T23:04:43+00:00,bound
Q_MARITIME_TRANSPORT_HYP_001,maritime_transport,Maritime Transport,T,MARITIME,T,hypothesis_verification,wos,maritime transport maritimisation marinization oceanisation hydrosocial de-base-re hypothesis verification indicators,0,0,0,0,false,,,bound
Q_MARITIME_TRANSPORT_THY_001,maritime_transport,Maritime Transport,O,OCEANIC,O,theory_translation,crossref,maritime transport qmbd axis translation marine maritime oceanic hydronization theory terms taxonomy mapping,150,89,89,89,true,ed9e5c8346fdf4e9047e87eed0f667416fa6fa4cb530658ee8e84171cbcf8126,2026-07-25T23:04:43+00:00,bound
Q_MARITIME_TRANSPORT_THY_001,maritime_transport,Maritime Transport,O,OCEANIC,O,theory_translation,openalex,maritime transport qmbd axis translation marine maritime oceanic hydronization theory terms taxonomy mapping,0,0,0,0,false,,,bound
Q_MARITIME_TRANSPORT_THY_001,maritime_transport,Maritime Transport,O,OCEANIC,O,theory_translation,scopus,maritime transport qmbd axis translation marine maritime oceanic hydronization theory terms taxonomy mapping,0,0,0,0,true,75feb0b8eb3c235853557ce4e317036bfb1e1ce2e78db3c7ce10e563761f602a,2026-07-25T23:04:43+00:00,bound
Q_MARITIME_TRANSPORT_THY_001,maritime_transport,Maritime Transport,O,OCEANIC,O,theory_translation,wos,maritime transport qmbd axis translation marine maritime oceanic hydronization theory terms taxonomy mapping,0,0,0,0,false,,,bound
Q_MARITIME_TRANSPORT_VAL_001,maritime_transport,Maritime Transport,T,MARITIME,T,validation_eqf_translation,crossref,maritime transport EQF qualification framework micro-credential STCW learning outcomes,150,87,87,87,true,982f06960de340ae3a0cbf9d4bf4064b7abe2619185bda1ef0122928aeb8f1e4,2026-07-25T23:04:43+00:00,bound
Q_MARITIME_TRANSPORT_VAL_001,maritime_transport,Maritime Transport,T,MARITIME,T,validation_eqf_translation,openalex,maritime transport EQF qualification framework micro-credential STCW learning outcomes,1,1,1,1,false,,,bound
Q_MARITIME_TRANSPORT_VAL_001,maritime_transport,Maritime Transport,T,MARITIME,T,validation_eqf_translation,scopus,maritime transport EQF qualification framework micro-credential STCW learning outcomes,0,0,0,0,true,4649ba2665a745809dab9cd88217ff86345ec2d66b9da88f0a78ddfcaf2e6dd4,2026-07-25T23:04:43+00:00,bound
Q_MARITIME_TRANSPORT_VAL_001,maritime_transport,Maritime Transport,T,MARITIME,T,validation_eqf_translation,wos,maritime transport EQF qualification framework micro-credential STCW learning outcomes,0,0,0,0,false,,,bound
Q_NON_LIVING_RES_COMP_001,non_living_res,Non-living Res.,M,MARINE,M,competence_demand,crossref,seabed mining workforce skills competences training professional development,150,0,0,0,true,4e3744ee296c94944c9c9ffa96145f6ac357ee2e188e562c2d792202f985cfeb,2026-07-25T23:04:43+00:00,bound
Q_NON_LIVING_RES_COMP_001,non_living_res,Non-living Res.,M,MARINE,M,competence_demand,openalex,seabed mining workforce skills competences training professional development,61,61,55,61,false,,,bound
Q_NON_LIVING_RES_COMP_001,non_living_res,Non-living Res.,M,MARINE,M,competence_demand,scopus,seabed mining workforce skills competences training professional development,0,0,0,0,true,7a030e2a47ab17c54aea402cd7c5e0c13546fda0f5c1a4e103e5f40bf03bbd9d,2026-07-25T23:04:43+00:00,bound
Q_NON_LIVING_RES_COMP_001,non_living_res,Non-living Res.,M,MARINE,M,competence_demand,wos,seabed mining workforce skills competences training professional development,0,0,0,0,false,,,bound
Q_NON_LIVING_RES_COMP_002,non_living_res,Non-living Res.,M,MARINE,M,competence_demand,crossref,marine aggregates education learning outcomes curriculum qualification,150,0,0,0,true,7467f00c899bd63f941b868b5209387f1e3c3b3d35c904583f8588aecf0b0ec7,2026-07-25T23:04:43+00:00,bound
Q_NON_LIVING_RES_COMP_002,non_living_res,Non-living Res.,M,MARINE,M,competence_demand,openalex,marine aggregates education learning outcomes curriculum qualification,150,150,141,150,false,,,bound
Q_NON_LIVING_RES_COMP_002,non_living_res,Non-living Res.,M,MARINE,M,competence_demand,scopus,marine aggregates education learning outcomes curriculum qualification,0,0,0,0,true,af2be7b83d8b1d550a77266da46c708478bb66f3b29bef8a5e3d25cb3a350ad3,2026-07-25T23:04:43+00:00,bound
Q_NON_LIVING_RES_COMP_002,non_living_res,Non-living Res.,M,MARINE,M,competence_demand,wos,marine aggregates education learning outcomes curriculum qualification,0,0,0,0,false,,,bound
Q_NON_LIVING_RES_CORE_001,non_living_res,Non-living Res.,M,MARINE,M,core_sector,crossref,seabed mining governance environmental impact social licence,150,0,0,0,true,e908689c6455fbdab40a2569b6006bc873c51a0eb712c621340e6cb6c4c5c1f3,2026-07-25T23:04:43+00:00,bound
Q_NON_LIVING_RES_CORE_001,non_living_res,Non-living Res.,M,MARINE,M,core_sector,openalex,seabed mining governance environmental impact social licence,150,150,141,150,false,,,bound
Q_NON_LIVING_RES_CORE_001,non_living_res,Non-living Res.,M,MARINE,M,core_sector,scopus,seabed mining governance environmental impact social licence,1,1,1,1,true,555270e751eaa69b12212c80e44875cc9cda56289e14a6268ae8d65ede3ed983,2026-07-25T23:04:43+00:00,bound
Q_NON_LIVING_RES_CORE_001,non_living_res,Non-living Res.,M,MARINE,M,core_sector,web of science (clarivate),seabed mining governance environmental impact social licence,2,1,2,0,false,,,bound
Q_NON_LIVING_RES_CORE_001,non_living_res,Non-living Res.,M,MARINE,M,core_sector,wos,seabed mining governance environmental impact social licence,2,2,0,2,false,,,bound
Q_NON_LIVING_RES_CORE_002,non_living_res,Non-living Res.,M,MARINE,M,core_sector,crossref,marine aggregates extraction coastal governance sustainability,150,4,4,4,true,46f0c5a26c167766d61f6589348e7b2092ed0c2b6f8c8a3ee5bad6fdd94f9d2a,2026-07-25T23:04:43+00:00,bound
Q_NON_LIVING_RES_CORE_002,non_living_res,Non-living Res.,M,MARINE,M,core_sector,openalex,marine aggregates extraction coastal governance sustainability,150,150,147,150,false,,,bound
Q_NON_LIVING_RES_CORE_002,non_living_res,Non-living Res.,M,MARINE,M,core_sector,scopus,marine aggregates extraction coastal governance sustainability,0,0,0,0,true,9afed82e21203cb9450e5f162f58a80b1d5252c49972ee369306c0bd05879d7a,2026-07-25T23:04:43+00:00,bound
Q_NON_LIVING_RES_CORE_002,non_living_res,Non-living Res.,M,MARINE,M,core_sector,wos,marine aggregates extraction coastal governance sustainability,0,0,0,0,false,,,bound
Q_NON_LIVING_RES_CORE_003,non_living_res,Non-living Res.,M,MARINE,M,core_sector,crossref,critical raw materials offshore extraction governance,150,0,0,0,true,8a49c824ca4fc0123daad1291724bf1913ad8bf4d009f2d166073537ecf25f8e,2026-07-25T23:04:43+00:00,bound
Q_NON_LIVING_RES_CORE_003,non_living_res,Non-living Res.,M,MARINE,M,core_sector,openalex,critical raw materials offshore extraction governance,150,150,140,150,false,,,bound
Q_NON_LIVING_RES_CORE_003,non_living_res,Non-living Res.,M,MARINE,M,core_sector,scopus,critical raw materials offshore extraction governance,0,0,0,0,true,11c0fcff41deeefd26082283a3cb4cee7580eb73d515d4d1134a58b4ea3882c2,2026-07-25T23:04:43+00:00,bound
Q_NON_LIVING_RES_CORE_003,non_living_res,Non-living Res.,M,MARINE,M,core_sector,wos,critical raw materials offshore extraction governance,0,0,0,0,false,,,bound
Q_NON_LIVING_RES_EMRG_001,non_living_res,Non-living Res.,M,MARINE,M,emerging_demand,crossref,seabed mining AI autonomous systems safety climate adaptation,150,0,0,0,true,5d1c5b3d1b18ea2ccf10c4c92040177ed880c82e73c8330eeea668d9e2fc7254,2026-07-25T23:04:43+00:00,bound
Q_NON_LIVING_RES_EMRG_001,non_living_res,Non-living Res.,M,MARINE,M,emerging_demand,openalex,seabed mining AI autonomous systems safety climate adaptation,150,150,135,150,false,,,bound
Q_NON_LIVING_RES_EMRG_001,non_living_res,Non-living Res.,M,MARINE,M,emerging_demand,scopus,seabed mining AI autonomous systems safety climate adaptation,0,0,0,0,true,5703c1f598352dc205e8668eac8b6c81e91c1f308a1ab3b5f1e216316a4e5bf6,2026-07-25T23:04:43+00:00,bound
Q_NON_LIVING_RES_EMRG_001,non_living_res,Non-living Res.,M,MARINE,M,emerging_demand,wos,seabed mining AI autonomous systems safety climate adaptation,0,0,0,0,false,,,bound
Q_NON_LIVING_RES_EMRG_002,non_living_res,Non-living Res.,O,OCEANIC,O,emerging_demand,crossref,critical raw materials just transition marine governance blue economy labour,150,130,129,130,true,0b70fc6c2755a8c0ab72423d83598b2fe06660f897ffcdac85269f9d868c27e3,2026-07-25T23:04:43+00:00,bound
Q_NON_LIVING_RES_EMRG_002,non_living_res,Non-living Res.,O,OCEANIC,O,emerging_demand,openalex,critical raw materials just transition marine governance blue economy labour,150,150,123,150,false,,,bound
Q_NON_LIVING_RES_EMRG_002,non_living_res,Non-living Res.,O,OCEANIC,O,emerging_demand,scopus,critical raw materials just transition marine governance blue economy labour,0,0,0,0,true,7c01633b19b2bce904f1b2328a16e68d90b76d40a4f121fd69c097b59e1aaac4,2026-07-25T23:04:43+00:00,bound
Q_NON_LIVING_RES_EMRG_002,non_living_res,Non-living Res.,O,OCEANIC,O,emerging_demand,wos,critical raw materials just transition marine governance blue economy labour,0,0,0,0,false,,,bound
Q_NON_LIVING_RES_HYP_001,non_living_res,Non-living Res.,M,MARINE,M,hypothesis_verification,crossref,non-living res. maritimisation marinization oceanisation hydrosocial de-base-re hypothesis verification indicators,150,136,136,136,true,51519a43e12d9c0f6c5ae45e6848a3afba5c933d70330c3ccd0219ab59163157,2026-07-25T23:04:43+00:00,bound
Q_NON_LIVING_RES_HYP_001,non_living_res,Non-living Res.,M,MARINE,M,hypothesis_verification,openalex,non-living res. maritimisation marinization oceanisation hydrosocial de-base-re hypothesis verification indicators,0,0,0,0,false,,,bound
Q_NON_LIVING_RES_HYP_001,non_living_res,Non-living Res.,M,MARINE,M,hypothesis_verification,scopus,non-living res. maritimisation marinization oceanisation hydrosocial de-base-re hypothesis verification indicators,0,0,0,0,true,06a98c007ced3ead28f0b2b03cfcc017a87ae568c89c2f3ebd47b87a9e5de7bf,2026-07-25T23:04:43+00:00,bound
Q_NON_LIVING_RES_HYP_001,non_living_res,Non-living Res.,M,MARINE,M,hypothesis_verification,wos,non-living res. maritimisation marinization oceanisation hydrosocial de-base-re hypothesis verification indicators,0,0,0,0,false,,,bound
Q_NON_LIVING_RES_THY_001,non_living_res,Non-living Res.,O,OCEANIC,O,theory_translation,crossref,non-living res. qmbd axis translation marine maritime oceanic hydronization theory terms taxonomy mapping,150,144,144,144,true,01018c6805a38976ad847902e7d130cf6e0e047d1aa7907c1b7abad8bba4eaac,2026-07-25T23:04:43+00:00,bound
Q_NON_LIVING_RES_THY_001,non_living_res,Non-living Res.,O,OCEANIC,O,theory_translation,openalex,non-living res. qmbd axis translation marine maritime oceanic hydronization theory terms taxonomy mapping,0,0,0,0,false,,,bound
Q_NON_LIVING_RES_THY_001,non_living_res,Non-living Res.,O,OCEANIC,O,theory_translation,scopus,non-living res. qmbd axis translation marine maritime oceanic hydronization theory terms taxonomy mapping,0,0,0,0,true,cb332ec14a51d0deb70e5fef474c2b33ce98d97698f3ffd57ee9ced4968c7e83,2026-07-25T23:04:43+00:00,bound
Q_NON_LIVING_RES_THY_001,non_living_res,Non-living Res.,O,OCEANIC,O,theory_translation,wos,non-living res. qmbd axis translation marine maritime oceanic hydronization theory terms taxonomy mapping,0,0,0,0,false,,,bound
Q_NON_LIVING_RES_VAL_001,non_living_res,Non-living Res.,M,MARINE,M,validation_eqf_translation,crossref,seabed extraction EQF qualification framework micro-credential learning outcomes,150,0,0,0,true,354ef3c995a931cad5bdc5243cb6df9f5ddeb240830f05a6f7aa72f8c7258cf6,2026-07-25T23:04:43+00:00,bound
Q_NON_LIVING_RES_VAL_001,non_living_res,Non-living Res.,M,MARINE,M,validation_eqf_translation,openalex,seabed extraction EQF qualification framework micro-credential learning outcomes,0,0,0,0,false,,,bound
Q_NON_LIVING_RES_VAL_001,non_living_res,Non-living Res.,M,MARINE,M,validation_eqf_translation,scopus,seabed extraction EQF qualification framework micro-credential learning outcomes,0,0,0,0,true,f9e78b7d3cc158956846d3df09cf74f9e3a982bd64a4f81758952e1d5930827a,2026-07-25T23:04:43+00:00,bound
Q_NON_LIVING_RES_VAL_001,non_living_res,Non-living Res.,M,MARINE,M,validation_eqf_translation,wos,seabed extraction EQF qualification framework micro-credential learning outcomes,0,0,0,0,false,,,bound
Q_PORT_ACTIVITIES_COMP_001,port_activities,Port Activities,T,MARITIME,T,competence_demand,crossref,port worker workforce skills competences training professional development,150,0,0,0,true,386e26895ef85565a60a9622eab03b5999c5e9cac80702711f1939965ba93855,2026-07-25T23:04:43+00:00,bound
Q_PORT_ACTIVITIES_COMP_001,port_activities,Port Activities,T,MARITIME,T,competence_demand,openalex,port worker workforce skills competences training professional development,150,150,132,150,false,,,bound
Q_PORT_ACTIVITIES_COMP_001,port_activities,Port Activities,T,MARITIME,T,competence_demand,scopus,port worker workforce skills competences training professional development,0,0,0,0,true,3fb2119ceeb7b770b296519224d8d8f190d9919b40072af289a03de8ce705d69,2026-07-25T23:04:43+00:00,bound
Q_PORT_ACTIVITIES_COMP_001,port_activities,Port Activities,T,MARITIME,T,competence_demand,wos,port worker workforce skills competences training professional development,0,0,0,0,false,,,bound
Q_PORT_ACTIVITIES_COMP_002,port_activities,Port Activities,T,MARITIME,T,competence_demand,crossref,port operations education learning outcomes curriculum qualification,150,0,0,0,true,1a6a05c1a263f72a43f5f119ca05b2c5acb1202b59ef2efc8ce315e53cb559a0,2026-07-25T23:04:43+00:00,bound
Q_PORT_ACTIVITIES_COMP_002,port_activities,Port Activities,T,MARITIME,T,competence_demand,openalex,port operations education learning outcomes curriculum qualification,150,150,135,150,false,,,bound
Q_PORT_ACTIVITIES_COMP_002,port_activities,Port Activities,T,MARITIME,T,competence_demand,scopus,port operations education learning outcomes curriculum qualification,0,0,0,0,true,4fc2befedc2dd5f704f9094c713af5efebfc46be4c7cfc1996339dd4c93d417b,2026-07-25T23:04:43+00:00,bound
Q_PORT_ACTIVITIES_COMP_002,port_activities,Port Activities,T,MARITIME,T,competence_demand,wos,port operations education learning outcomes curriculum qualification,0,0,0,0,false,,,bound
Q_PORT_ACTIVITIES_CORE_001,port_activities,Port Activities,T,MARITIME,T,core_sector,crossref,port governance maritime logistics sustainability,150,0,0,0,true,3601a91b1057986fe59bc154f22292e63c541d05481b1e4597a37886b08da6c1,2026-07-25T23:04:43+00:00,bound
Q_PORT_ACTIVITIES_CORE_001,port_activities,Port Activities,T,MARITIME,T,core_sector,openalex,port governance maritime logistics sustainability,150,150,147,150,false,,,bound
Q_PORT_ACTIVITIES_CORE_001,port_activities,Port Activities,T,MARITIME,T,core_sector,scopus,port governance maritime logistics sustainability,29,29,29,29,true,cfc76c28f0af486d5f0a37437833e65b27c46b44575fadfbac7d4c488bc8cd37,2026-07-25T23:04:43+00:00,bound
Q_PORT_ACTIVITIES_CORE_001,port_activities,Port Activities,T,MARITIME,T,core_sector,web of science (clarivate),port governance maritime logistics sustainability,18,5,18,0,false,,,bound
Q_PORT_ACTIVITIES_CORE_001,port_activities,Port Activities,T,MARITIME,T,core_sector,wos,port governance maritime logistics sustainability,18,18,0,18,false,,,bound
Q_PORT_ACTIVITIES_CORE_002,port_activities,Port Activities,T,MARITIME,T,core_sector,crossref,smart ports digital transformation port operations,150,0,0,0,true,6a70acde9153f39506c55047725053f2aef8250624037007364722a9afb8eb08,2026-07-25T23:04:43+00:00,bound
Q_PORT_ACTIVITIES_CORE_002,port_activities,Port Activities,T,MARITIME,T,core_sector,openalex,smart ports digital transformation port operations,150,150,140,150,false,,,bound
Q_PORT_ACTIVITIES_CORE_002,port_activities,Port Activities,T,MARITIME,T,core_sector,scopus,smart ports digital transformation port operations,79,77,77,77,true,798b756bc0ed593484d9f9a5925067d91781b663c5dfbfcca3aee3ac4dc0d618,2026-07-25T23:04:43+00:00,bound
Q_PORT_ACTIVITIES_CORE_002,port_activities,Port Activities,T,MARITIME,T,core_sector,web of science (clarivate),smart ports digital transformation port operations,43,9,43,0,false,,,bound
Q_PORT_ACTIVITIES_CORE_002,port_activities,Port Activities,T,MARITIME,T,core_sector,wos,smart ports digital transformation port operations,45,43,0,43,false,,,bound
Q_PORT_ACTIVITIES_CORE_003,port_activities,Port Activities,T,MARITIME,T,core_sector,crossref,port climate adaptation sea level rise flood risk,150,0,0,0,true,2db7954686ee466335d940d81e359bb4d3440611add434118138ad631f01b048,2026-07-25T23:04:43+00:00,bound
Q_PORT_ACTIVITIES_CORE_003,port_activities,Port Activities,T,MARITIME,T,core_sector,openalex,port climate adaptation sea level rise flood risk,150,150,150,150,false,,,bound
Q_PORT_ACTIVITIES_CORE_003,port_activities,Port Activities,T,MARITIME,T,core_sector,scopus,port climate adaptation sea level rise flood risk,24,13,13,13,true,cf05582a574119d0d1cbea7e915dbe80d9c1fefa3aa21b8b0e078a04aff046c2,2026-07-25T23:04:43+00:00,bound
Q_PORT_ACTIVITIES_CORE_003,port_activities,Port Activities,T,MARITIME,T,core_sector,web of science (clarivate),port climate adaptation sea level rise flood risk,21,15,21,0,false,,,bound
Q_PORT_ACTIVITIES_CORE_003,port_activities,Port Activities,T,MARITIME,T,core_sector,wos,port climate adaptation sea level rise flood risk,40,21,0,21,false,,,bound
Q_PORT_ACTIVITIES_EMRG_001,port_activities,Port Activities,T,MARITIME,T,emerging_demand,crossref,smart port AI digital twin autonomous systems resilience,150,0,0,0,true,36a74f061a3c573008fc5e09ea195bfca9acebdf30cae2a28a29514f7d59b3d5,2026-07-25T23:04:43+00:00,bound
Q_PORT_ACTIVITIES_EMRG_001,port_activities,Port Activities,T,MARITIME,T,emerging_demand,openalex,smart port AI digital twin autonomous systems resilience,150,150,138,150,false,,,bound
Q_PORT_ACTIVITIES_EMRG_001,port_activities,Port Activities,T,MARITIME,T,emerging_demand,scopus,smart port AI digital twin autonomous systems resilience,0,0,0,0,true,992208dc6e875943ac23cee88ac7e1d2896a64260024aeb1eb88b5674be2bb59,2026-07-25T23:04:43+00:00,bound
Q_PORT_ACTIVITIES_EMRG_001,port_activities,Port Activities,T,MARITIME,T,emerging_demand,wos,smart port AI digital twin autonomous systems resilience,0,0,0,0,false,,,bound
Q_PORT_ACTIVITIES_EMRG_002,port_activities,Port Activities,O,OCEANIC,O,emerging_demand,crossref,port-city climate adaptation just transition ocean literacy marine governance hydrosocial,150,143,143,143,true,93555a3e09ff73c28acbd680d15ed616f975c4cb1af5121bd0272d93e20b074a,2026-07-25T23:04:43+00:00,bound
Q_PORT_ACTIVITIES_EMRG_002,port_activities,Port Activities,O,OCEANIC,O,emerging_demand,openalex,port-city climate adaptation just transition ocean literacy marine governance hydrosocial,1,1,1,1,false,,,bound
Q_PORT_ACTIVITIES_EMRG_002,port_activities,Port Activities,O,OCEANIC,O,emerging_demand,scopus,port-city climate adaptation just transition ocean literacy marine governance hydrosocial,0,0,0,0,true,462ee461fcecce15e8cbf586988a22c28ccd11a1761b6e2eb79f41bb0f38b7cd,2026-07-25T23:04:43+00:00,bound
Q_PORT_ACTIVITIES_EMRG_002,port_activities,Port Activities,O,OCEANIC,O,emerging_demand,wos,port-city climate adaptation just transition ocean literacy marine governance hydrosocial,0,0,0,0,false,,,bound
Q_PORT_ACTIVITIES_HYP_001,port_activities,Port Activities,T,MARITIME,T,hypothesis_verification,crossref,port activities maritimisation marinization oceanisation hydrosocial de-base-re hypothesis verification indicators,150,146,146,146,true,c9ae9d0f0b515bba9c6f05a4cdfc0a4978a83c54668ade4909536f16d0f8b1d5,2026-07-25T23:04:43+00:00,bound
Q_PORT_ACTIVITIES_HYP_001,port_activities,Port Activities,T,MARITIME,T,hypothesis_verification,openalex,port activities maritimisation marinization oceanisation hydrosocial de-base-re hypothesis verification indicators,0,0,0,0,false,,,bound
Q_PORT_ACTIVITIES_HYP_001,port_activities,Port Activities,T,MARITIME,T,hypothesis_verification,scopus,port activities maritimisation marinization oceanisation hydrosocial de-base-re hypothesis verification indicators,0,0,0,0,true,5b0b805bee0bc8f5be462635e206de017f3524137172a2b8c93028ac68c0f4e5,2026-07-25T23:04:43+00:00,bound
Q_PORT_ACTIVITIES_HYP_001,port_activities,Port Activities,T,MARITIME,T,hypothesis_verification,wos,port activities maritimisation marinization oceanisation hydrosocial de-base-re hypothesis verification indicators,0,0,0,0,false,,,bound
Q_PORT_ACTIVITIES_THY_001,port_activities,Port Activities,O,OCEANIC,O,theory_translation,crossref,port activities qmbd axis translation marine maritime oceanic hydronization theory terms taxonomy mapping,150,146,146,146,true,5524162305541f41f4c35dc189a9a670acb9cc196a2a67e454142f97bfc41d3e,2026-07-25T23:04:43+00:00,bound
Q_PORT_ACTIVITIES_THY_001,port_activities,Port Activities,O,OCEANIC,O,theory_translation,openalex,port activities qmbd axis translation marine maritime oceanic hydronization theory terms taxonomy mapping,0,0,0,0,false,,,bound
Q_PORT_ACTIVITIES_THY_001,port_activities,Port Activities,O,OCEANIC,O,theory_translation,scopus,port activities qmbd axis translation marine maritime oceanic hydronization theory terms taxonomy mapping,0,0,0,0,true,773175957c710b71800333a801b06d1c1618099ae71fd7439587580adf6955ba,2026-07-25T23:04:43+00:00,bound
Q_PORT_ACTIVITIES_THY_001,port_activities,Port Activities,O,OCEANIC,O,theory_translation,wos,port activities qmbd axis translation marine maritime oceanic hydronization theory terms taxonomy mapping,0,0,0,0,false,,,bound
Q_PORT_ACTIVITIES_VAL_001,port_activities,Port Activities,T,MARITIME,T,validation_eqf_translation,crossref,port operations EQF qualification framework micro-credential learning outcomes,150,0,0,0,true,afb45db3dc42bc01b62a492c1ba6925db55a694da5401b02a03ba9a9456f7b5e,2026-07-25T23:04:43+00:00,bound
Q_PORT_ACTIVITIES_VAL_001,port_activities,Port Activities,T,MARITIME,T,validation_eqf_translation,openalex,port operations EQF qualification framework micro-credential learning outcomes,2,2,2,2,false,,,bound
Q_PORT_ACTIVITIES_VAL_001,port_activities,Port Activities,T,MARITIME,T,validation_eqf_translation,scopus,port operations EQF qualification framework micro-credential learning outcomes,0,0,0,0,true,b293eb111a8594d48f6602886e5fbd552213505031b93ec13d326a9633eb970e,2026-07-25T23:04:43+00:00,bound
Q_PORT_ACTIVITIES_VAL_001,port_activities,Port Activities,T,MARITIME,T,validation_eqf_translation,wos,port operations EQF qualification framework micro-credential learning outcomes,0,0,0,0,false,,,bound
Q_RENEWABLE_ENERGY_COMP_001,renewable_energy,Renewable Energy,T,MARITIME,T,competence_demand,crossref,offshore wind workforce skills competences training professional development,150,0,0,0,true,1bb58e724355d78a379e4750021ca2b5c72b04b49e7df6ddd299f26eb012741b,2026-07-25T23:04:43+00:00,bound
Q_RENEWABLE_ENERGY_COMP_001,renewable_energy,Renewable Energy,T,MARITIME,T,competence_demand,openalex,offshore wind workforce skills competences training professional development,150,150,129,150,false,,,bound
Q_RENEWABLE_ENERGY_COMP_001,renewable_energy,Renewable Energy,T,MARITIME,T,competence_demand,scopus,offshore wind workforce skills competences training professional development,0,0,0,0,true,341d47f1fb89790f69abc36f83a2d45de868000a648f7a7085725fe375c54a35,2026-07-25T23:04:43+00:00,bound
Q_RENEWABLE_ENERGY_COMP_001,renewable_energy,Renewable Energy,T,MARITIME,T,competence_demand,wos,offshore wind workforce skills competences training professional development,0,0,0,0,false,,,bound
Q_RENEWABLE_ENERGY_COMP_002,renewable_energy,Renewable Energy,T,MARITIME,T,competence_demand,crossref,ocean renewable energy education learning outcomes curriculum qualification,150,0,0,0,true,ca4df939ce8572341a97b4f00be5e1f9a24b887ed8be346a2a1481c784927604,2026-07-25T23:04:43+00:00,bound
Q_RENEWABLE_ENERGY_COMP_002,renewable_energy,Renewable Energy,T,MARITIME,T,competence_demand,openalex,ocean renewable energy education learning outcomes curriculum qualification,150,150,131,150,false,,,bound
Q_RENEWABLE_ENERGY_COMP_002,renewable_energy,Renewable Energy,T,MARITIME,T,competence_demand,scopus,ocean renewable energy education learning outcomes curriculum qualification,0,0,0,0,true,7c01eb5b77b635696e093927bb8acac7ab3262172a3886387e4b2630fc676a73,2026-07-25T23:04:43+00:00,bound
Q_RENEWABLE_ENERGY_COMP_002,renewable_energy,Renewable Energy,T,MARITIME,T,competence_demand,wos,ocean renewable energy education learning outcomes curriculum qualification,0,0,0,0,false,,,bound
Q_RENEWABLE_ENERGY_CORE_001,renewable_energy,Renewable Energy,T,MARITIME,T,core_sector,crossref,offshore wind energy marine spatial planning governance,150,0,0,0,true,7f99136a59e360ccb74518ef53d30a21f227f70ace4a31646d0aaed9351cdc03,2026-07-25T23:04:43+00:00,bound
Q_RENEWABLE_ENERGY_CORE_001,renewable_energy,Renewable Energy,T,MARITIME,T,core_sector,openalex,offshore wind energy marine spatial planning governance,150,150,141,150,false,,,bound
Q_RENEWABLE_ENERGY_CORE_001,renewable_energy,Renewable Energy,T,MARITIME,T,core_sector,scopus,offshore wind energy marine spatial planning governance,33,28,27,28,true,16f6ae492e1788d95f2bc3a3f9fd3cfc9080b7263ecbb6f9c6f392b17b9e3949,2026-07-25T23:04:43+00:00,bound
Q_RENEWABLE_ENERGY_CORE_001,renewable_energy,Renewable Energy,T,MARITIME,T,core_sector,web of science (clarivate),offshore wind energy marine spatial planning governance,27,7,27,0,false,,,bound
Q_RENEWABLE_ENERGY_CORE_001,renewable_energy,Renewable Energy,T,MARITIME,T,core_sector,wos,offshore wind energy marine spatial planning governance,32,27,0,27,false,,,bound
Q_RENEWABLE_ENERGY_CORE_002,renewable_energy,Renewable Energy,T,MARITIME,T,core_sector,crossref,ocean renewable energy governance sustainability,150,0,0,0,true,379306e45b1c46ff49f6f4241410f0187c46f0dd532891a83754c641636b206c,2026-07-25T23:04:43+00:00,bound
Q_RENEWABLE_ENERGY_CORE_002,renewable_energy,Renewable Energy,T,MARITIME,T,core_sector,openalex,ocean renewable energy governance sustainability,150,150,145,150,false,,,bound
Q_RENEWABLE_ENERGY_CORE_002,renewable_energy,Renewable Energy,T,MARITIME,T,core_sector,scopus,ocean renewable energy governance sustainability,33,23,23,23,true,efe63d80a1cad57a200a0badcee4097559d4ec708a185f56c2cc658dc45e2c2a,2026-07-25T23:04:43+00:00,bound
Q_RENEWABLE_ENERGY_CORE_002,renewable_energy,Renewable Energy,T,MARITIME,T,core_sector,web of science (clarivate),ocean renewable energy governance sustainability,11,4,11,0,false,,,bound
Q_RENEWABLE_ENERGY_CORE_002,renewable_energy,Renewable Energy,T,MARITIME,T,core_sector,wos,ocean renewable energy governance sustainability,17,11,0,11,false,,,bound
Q_RENEWABLE_ENERGY_CORE_003,renewable_energy,Renewable Energy,T,MARITIME,T,core_sector,crossref,tidal energy wave energy environmental impact,150,0,0,0,true,e936e72abaa1f5408fb18b816e7bc8ab643515891d637d8b9d95e7c5bfd8183b,2026-07-25T23:04:43+00:00,bound
Q_RENEWABLE_ENERGY_CORE_003,renewable_energy,Renewable Energy,T,MARITIME,T,core_sector,openalex,tidal energy wave energy environmental impact,150,150,141,150,false,,,bound
Q_RENEWABLE_ENERGY_CORE_003,renewable_energy,Renewable Energy,T,MARITIME,T,core_sector,scopus,tidal energy wave energy environmental impact,150,150,147,150,true,4daf25e6712c9152ff8fa543f3a7cca9e90830ed06aa967eac25bbea85009d72,2026-07-25T23:04:43+00:00,bound
Q_RENEWABLE_ENERGY_CORE_003,renewable_energy,Renewable Energy,T,MARITIME,T,core_sector,web of science (clarivate),tidal energy wave energy environmental impact,36,26,36,0,false,,,bound
Q_RENEWABLE_ENERGY_CORE_003,renewable_energy,Renewable Energy,T,MARITIME,T,core_sector,wos,tidal energy wave energy environmental impact,150,36,0,36,false,,,bound
Q_RENEWABLE_ENERGY_EMRG_001,renewable_energy,Renewable Energy,T,MARITIME,T,emerging_demand,crossref,offshore wind AI digital twin autonomous systems resilience,150,0,0,0,true,eee5b8d1eeee484ca48f4cc443b20dcf81824febb81018a6e903f9cabab642ca,2026-07-25T23:04:43+00:00,bound
Q_RENEWABLE_ENERGY_EMRG_001,renewable_energy,Renewable Energy,T,MARITIME,T,emerging_demand,openalex,offshore wind AI digital twin autonomous systems resilience,150,150,143,150,false,,,bound
Q_RENEWABLE_ENERGY_EMRG_001,renewable_energy,Renewable Energy,T,MARITIME,T,emerging_demand,scopus,offshore wind AI digital twin autonomous systems resilience,0,0,0,0,true,0fe253f1a2756dd8d97caa0e3479d8ef9bb0cdf1cfe3a96913fd63461861f7d8,2026-07-25T23:04:43+00:00,bound
Q_RENEWABLE_ENERGY_EMRG_001,renewable_energy,Renewable Energy,T,MARITIME,T,emerging_demand,wos,offshore wind AI digital twin autonomous systems resilience,0,0,0,0,false,,,bound
Q_RENEWABLE_ENERGY_EMRG_002,renewable_energy,Renewable Energy,O,OCEANIC,O,emerging_demand,crossref,offshore wind just transition climate adaptation marine governance safety,150,0,0,0,true,deebf14a2d6728e25527ac96785b6f0d200848596e16c3f1fcdd0cbd517b10e1,2026-07-25T23:04:43+00:00,bound
Q_RENEWABLE_ENERGY_EMRG_002,renewable_energy,Renewable Energy,O,OCEANIC,O,emerging_demand,openalex,offshore wind just transition climate adaptation marine governance safety,150,150,130,150,false,,,bound
Q_RENEWABLE_ENERGY_EMRG_002,renewable_energy,Renewable Energy,O,OCEANIC,O,emerging_demand,scopus,offshore wind just transition climate adaptation marine governance safety,0,0,0,0,true,cd8abfb7f5e51d80c1a02d5a9506403485a58aa7f0ee711d26ffcc3c658e9a1d,2026-07-25T23:04:43+00:00,bound
Q_RENEWABLE_ENERGY_EMRG_002,renewable_energy,Renewable Energy,O,OCEANIC,O,emerging_demand,wos,offshore wind just transition climate adaptation marine governance safety,0,0,0,0,false,,,bound
Q_RENEWABLE_ENERGY_HYP_001,renewable_energy,Renewable Energy,T,MARITIME,T,hypothesis_verification,crossref,renewable energy maritimisation marinization oceanisation hydrosocial de-base-re hypothesis verification indicators,150,112,112,112,true,f31bf34e1f49c4b777e26caa458ee111a2941151b61c25a7240feba15684ae29,2026-07-25T23:04:43+00:00,bound
Q_RENEWABLE_ENERGY_HYP_001,renewable_energy,Renewable Energy,T,MARITIME,T,hypothesis_verification,openalex,renewable energy maritimisation marinization oceanisation hydrosocial de-base-re hypothesis verification indicators,0,0,0,0,false,,,bound
Q_RENEWABLE_ENERGY_HYP_001,renewable_energy,Renewable Energy,T,MARITIME,T,hypothesis_verification,scopus,renewable energy maritimisation marinization oceanisation hydrosocial de-base-re hypothesis verification indicators,0,0,0,0,true,5851c2c94dc9bd7d562d50ee179b84e1274b2320f460c6b4bb336aa015608bf4,2026-07-25T23:04:43+00:00,bound
Q_RENEWABLE_ENERGY_HYP_001,renewable_energy,Renewable Energy,T,MARITIME,T,hypothesis_verification,wos,renewable energy maritimisation marinization oceanisation hydrosocial de-base-re hypothesis verification indicators,0,0,0,0,false,,,bound
Q_RENEWABLE_ENERGY_THY_001,renewable_energy,Renewable Energy,O,OCEANIC,O,theory_translation,crossref,renewable energy qmbd axis translation marine maritime oceanic hydronization theory terms taxonomy mapping,150,120,120,120,true,f18ed843fe6aa6cb9d0a0d68af16fd38daec10f96a7154c1a429bb40aa0358a6,2026-07-25T23:04:43+00:00,bound
Q_RENEWABLE_ENERGY_THY_001,renewable_energy,Renewable Energy,O,OCEANIC,O,theory_translation,openalex,renewable energy qmbd axis translation marine maritime oceanic hydronization theory terms taxonomy mapping,0,0,0,0,false,,,bound
Q_RENEWABLE_ENERGY_THY_001,renewable_energy,Renewable Energy,O,OCEANIC,O,theory_translation,scopus,renewable energy qmbd axis translation marine maritime oceanic hydronization theory terms taxonomy mapping,0,0,0,0,true,02b517783768ddb495b7d745860bfe175d956fb0cfa492f02517d90662b49206,2026-07-25T23:04:43+00:00,bound
Q_RENEWABLE_ENERGY_THY_001,renewable_energy,Renewable Energy,O,OCEANIC,O,theory_translation,wos,renewable energy qmbd axis translation marine maritime oceanic hydronization theory terms taxonomy mapping,0,0,0,0,false,,,bound
Q_RENEWABLE_ENERGY_VAL_001,renewable_energy,Renewable Energy,T,MARITIME,T,validation_eqf_translation,crossref,offshore renewable energy EQF qualification framework micro-credential learning outcomes,150,40,40,40,true,01924fc950aa5e9a91cb3638c709bc7f4a80af00ba45b10cf5c9a0012e29a699,2026-07-25T23:04:43+00:00,bound
Q_RENEWABLE_ENERGY_VAL_001,renewable_energy,Renewable Energy,T,MARITIME,T,validation_eqf_translation,openalex,offshore renewable energy EQF qualification framework micro-credential learning outcomes,1,1,1,1,false,,,bound
Q_RENEWABLE_ENERGY_VAL_001,renewable_energy,Renewable Energy,T,MARITIME,T,validation_eqf_translation,scopus,offshore renewable energy EQF qualification framework micro-credential learning outcomes,0,0,0,0,true,08ce2dcf8817f37279f545e4e3e4e0be695b6bb1262d8c8e6bb892cedc7b9ccc,2026-07-25T23:04:43+00:00,bound
Q_RENEWABLE_ENERGY_VAL_001,renewable_energy,Renewable Energy,T,MARITIME,T,validation_eqf_translation,wos,offshore renewable energy EQF qualification framework micro-credential learning outcomes,0,0,0,0,false,,,bound
Q_R_I_COMP_001,r_i,R&I,O,OCEANIC,O,competence_demand,crossref,blue economy researcher workforce skills competences training professional development,150,0,0,0,true,05cb842c34451bc71ef4f7e7c69e09ee2d8ccf98ffe298156bb9a2e23474d2dc,2026-07-25T23:04:43+00:00,bound
Q_R_I_COMP_001,r_i,R&I,O,OCEANIC,O,competence_demand,openalex,blue economy researcher workforce skills competences training professional development,150,150,136,150,false,,,bound
Q_R_I_COMP_001,r_i,R&I,O,OCEANIC,O,competence_demand,scopus,blue economy researcher workforce skills competences training professional development,0,0,0,0,true,8bc883814e854627dbe030ff3ae5d4bb17e51b058ff08b2060264cab4a1aeb69,2026-07-25T23:04:43+00:00,bound
Q_R_I_COMP_001,r_i,R&I,O,OCEANIC,O,competence_demand,wos,blue economy researcher workforce skills competences training professional development,0,0,0,0,false,,,bound
Q_R_I_COMP_002,r_i,R&I,O,OCEANIC,O,competence_demand,crossref,ocean science education learning outcomes curriculum qualification,150,0,0,0,true,070628e40faf4ab3291edfee10dc0f98eb07b830c2202e569067e3b7ccecbe20,2026-07-25T23:04:43+00:00,bound
Q_R_I_COMP_002,r_i,R&I,O,OCEANIC,O,competence_demand,openalex,ocean science education learning outcomes curriculum qualification,150,150,127,150,false,,,bound
Q_R_I_COMP_002,r_i,R&I,O,OCEANIC,O,competence_demand,scopus,ocean science education learning outcomes curriculum qualification,0,0,0,0,true,62c70f5efe7b53f49086826507daad878c049e14b75474214fe25dfadf088404,2026-07-25T23:04:43+00:00,bound
Q_R_I_COMP_002,r_i,R&I,O,OCEANIC,O,competence_demand,wos,ocean science education learning outcomes curriculum qualification,0,0,0,0,false,,,bound
Q_R_I_CORE_001,r_i,R&I,O,OCEANIC,O,core_sector,crossref,ocean observation marine monitoring data infrastructure,150,0,0,0,true,e789c752b647f2656f9f13d4c70698c9835f0441b64fe7c47c7463b9b17d39ab,2026-07-25T23:04:43+00:00,bound
Q_R_I_CORE_001,r_i,R&I,O,OCEANIC,O,core_sector,openalex,ocean observation marine monitoring data infrastructure,150,150,148,150,false,,,bound
Q_R_I_CORE_001,r_i,R&I,O,OCEANIC,O,core_sector,scopus,ocean observation marine monitoring data infrastructure,87,52,52,52,true,82a10d79054f7309c4952e71e90ed31c6f412a4ecf4e915dbb633cab621c065f,2026-07-25T23:04:43+00:00,bound
Q_R_I_CORE_001,r_i,R&I,O,OCEANIC,O,core_sector,web of science (clarivate),ocean observation marine monitoring data infrastructure,39,9,39,0,false,,,bound
Q_R_I_CORE_001,r_i,R&I,O,OCEANIC,O,core_sector,wos,ocean observation marine monitoring data infrastructure,63,39,0,39,false,,,bound
Q_R_I_CORE_002,r_i,R&I,O,OCEANIC,O,core_sector,crossref,ocean data governance FAIR CARE principles,150,0,0,0,true,1a3362b7f1f90c6e80f2224d74c859ae85c16b6eebda65dfd3c221d2014332ed,2026-07-25T23:04:43+00:00,bound
Q_R_I_CORE_002,r_i,R&I,O,OCEANIC,O,core_sector,openalex,ocean data governance FAIR CARE principles,150,150,134,150,false,,,bound
Q_R_I_CORE_002,r_i,R&I,O,OCEANIC,O,core_sector,scopus,ocean data governance FAIR CARE principles,1,1,1,1,true,152506bd3134f0bc7dd0e8e44e0eb4117e65cd5c735006852ccafed4ded2bbbe,2026-07-25T23:04:43+00:00,bound
Q_R_I_CORE_002,r_i,R&I,O,OCEANIC,O,core_sector,web of science (clarivate),ocean data governance FAIR CARE principles,1,0,1,0,false,,,bound
Q_R_I_CORE_002,r_i,R&I,O,OCEANIC,O,core_sector,wos,ocean data governance FAIR CARE principles,1,1,0,1,false,,,bound
Q_R_I_CORE_003,r_i,R&I,O,OCEANIC,O,core_sector,crossref,blue economy research innovation policy governance,150,0,0,0,true,3553e282d44f296994e87e5fb0ce087d10c9532367c3d907ca0f0146eed907c7,2026-07-25T23:04:43+00:00,bound
Q_R_I_CORE_003,r_i,R&I,O,OCEANIC,O,core_sector,openalex,blue economy research innovation policy governance,150,150,144,150,false,,,bound
Q_R_I_CORE_003,r_i,R&I,O,OCEANIC,O,core_sector,scopus,blue economy research innovation policy governance,33,32,32,32,true,8fc1b2e00f8673d2b4274981619e9169c9ef550e7ce9c3d216d0d62229bfa237,2026-07-25T23:04:43+00:00,bound
Q_R_I_CORE_003,r_i,R&I,O,OCEANIC,O,core_sector,web of science (clarivate),blue economy research innovation policy governance,19,4,19,0,false,,,bound
Q_R_I_CORE_003,r_i,R&I,O,OCEANIC,O,core_sector,wos,blue economy research innovation policy governance,21,19,0,19,false,,,bound
Q_R_I_EMRG_001,r_i,R&I,O,OCEANIC,O,emerging_demand,crossref,ocean observation AI digital twin autonomous systems resilience climate adaptation,150,42,42,42,true,6e3645049172a83665c553248066127d565d94fe98140fd4e40120566c3e2aad,2026-07-25T23:04:43+00:00,bound
Q_R_I_EMRG_001,r_i,R&I,O,OCEANIC,O,emerging_demand,openalex,ocean observation AI digital twin autonomous systems resilience climate adaptation,150,150,133,150,false,,,bound
Q_R_I_EMRG_001,r_i,R&I,O,OCEANIC,O,emerging_demand,scopus,ocean observation AI digital twin autonomous systems resilience climate adaptation,0,0,0,0,true,8842d6b47bb50b689b4375140a2d6175053f64b467c56f3d71cedaae610e8ce0,2026-07-25T23:04:43+00:00,bound
Q_R_I_EMRG_001,r_i,R&I,O,OCEANIC,O,emerging_demand,wos,ocean observation AI digital twin autonomous systems resilience climate adaptation,0,0,0,0,false,,,bound
Q_R_I_EMRG_002,r_i,R&I,O,OCEANIC,O,emerging_demand,crossref,blue economy research just transition ocean literacy marine governance hydrosocial,150,127,127,127,true,6102edec28c396e07f5b00916ea44fe44acbe2844e5140a61e3f23c8ce658cce,2026-07-25T23:04:43+00:00,bound
Q_R_I_EMRG_002,r_i,R&I,O,OCEANIC,O,emerging_demand,openalex,blue economy research just transition ocean literacy marine governance hydrosocial,1,1,1,1,false,,,bound
Q_R_I_EMRG_002,r_i,R&I,O,OCEANIC,O,emerging_demand,scopus,blue economy research just transition ocean literacy marine governance hydrosocial,0,0,0,0,true,c42bd00a61705caa5f1a30e6ac21180eb7d1b39876c74ee6630163084c0cccf7,2026-07-25T23:04:43+00:00,bound
Q_R_I_EMRG_002,r_i,R&I,O,OCEANIC,O,emerging_demand,wos,blue economy research just transition ocean literacy marine governance hydrosocial,0,0,0,0,false,,,bound
Q_R_I_HYP_001,r_i,R&I,O,OCEANIC,O,hypothesis_verification,crossref,r&i maritimisation marinization oceanisation hydrosocial de-base-re hypothesis verification indicators,150,97,97,97,true,935f7b7fe7a01912dcf33e329da387e44b5a5a87c44d511bb3316c6aca8dd7e6,2026-07-25T23:04:43+00:00,bound
Q_R_I_HYP_001,r_i,R&I,O,OCEANIC,O,hypothesis_verification,openalex,r&i maritimisation marinization oceanisation hydrosocial de-base-re hypothesis verification indicators,0,0,0,0,false,,,bound
Q_R_I_HYP_001,r_i,R&I,O,OCEANIC,O,hypothesis_verification,scopus,r&i maritimisation marinization oceanisation hydrosocial de-base-re hypothesis verification indicators,0,0,0,0,true,731ce42cec2388ee3ac6126e451da9f0be3d945ee8674967385cf778338e83ac,2026-07-25T23:04:43+00:00,bound
Q_R_I_HYP_001,r_i,R&I,O,OCEANIC,O,hypothesis_verification,wos,r&i maritimisation marinization oceanisation hydrosocial de-base-re hypothesis verification indicators,0,0,0,0,false,,,bound
Q_R_I_THY_001,r_i,R&I,O,OCEANIC,O,theory_translation,crossref,r&i qmbd axis translation marine maritime oceanic hydronization theory terms taxonomy mapping,150,124,124,124,true,fbb4ea4f0764355b11f03735ee880c1bcbee94ed7c6dea2a6ad98deec786ff2d,2026-07-25T23:04:43+00:00,bound
Q_R_I_THY_001,r_i,R&I,O,OCEANIC,O,theory_translation,openalex,r&i qmbd axis translation marine maritime oceanic hydronization theory terms taxonomy mapping,0,0,0,0,false,,,bound
Q_R_I_THY_001,r_i,R&I,O,OCEANIC,O,theory_translation,scopus,r&i qmbd axis translation marine maritime oceanic hydronization theory terms taxonomy mapping,0,0,0,0,true,b5dc29cfe50778285995306bf0ecb84d08d216d4fe11a13e0326a7d550a497bb,2026-07-25T23:04:43+00:00,bound
Q_R_I_THY_001,r_i,R&I,O,OCEANIC,O,theory_translation,wos,r&i qmbd axis translation marine maritime oceanic hydronization theory terms taxonomy mapping,0,0,0,0,false,,,bound
Q_R_I_VAL_001,r_i,R&I,O,OCEANIC,O,validation_eqf_translation,crossref,ocean science EQF qualification framework micro-credential learning outcomes,150,0,0,0,true,dcd1f09853f55b47511041797088c15d991303a5d3b74408ccb8bf5d7310d51f,2026-07-25T23:04:43+00:00,bound
Q_R_I_VAL_001,r_i,R&I,O,OCEANIC,O,validation_eqf_translation,openalex,ocean science EQF qualification framework micro-credential learning outcomes,4,4,4,4,false,,,bound
Q_R_I_VAL_001,r_i,R&I,O,OCEANIC,O,validation_eqf_translation,scopus,ocean science EQF qualification framework micro-credential learning outcomes,0,0,0,0,true,f91bb170c9f168583d9dcca238b456936da51f01858db72fb0f0c9b9d5a9162d,2026-07-25T23:04:43+00:00,bound
Q_R_I_VAL_001,r_i,R&I,O,OCEANIC,O,validation_eqf_translation,wos,ocean science EQF qualification framework micro-credential learning outcomes,0,0,0,0,false,,,bound
Q_SHIP_REPAIR_COMP_001,ship_repair,Ship Repair,T,MARITIME,T,competence_demand,crossref,shipyard worker workforce skills competences training professional development,150,0,0,0,true,a3db136970388f0d98840211ebc19841c8f68489d1e25dc8231bcb71ac0cfdf5,2026-07-25T23:04:43+00:00,bound
Q_SHIP_REPAIR_COMP_001,ship_repair,Ship Repair,T,MARITIME,T,competence_demand,openalex,shipyard worker workforce skills competences training professional development,150,150,132,150,false,,,bound
Q_SHIP_REPAIR_COMP_001,ship_repair,Ship Repair,T,MARITIME,T,competence_demand,scopus,shipyard worker workforce skills competences training professional development,0,0,0,0,true,004239baa5ace22aef225864ebfc9f732290264102384fbde2e7e05e66689533,2026-07-25T23:04:43+00:00,bound
Q_SHIP_REPAIR_COMP_001,ship_repair,Ship Repair,T,MARITIME,T,competence_demand,wos,shipyard worker workforce skills competences training professional development,0,0,0,0,false,,,bound
Q_SHIP_REPAIR_COMP_002,ship_repair,Ship Repair,T,MARITIME,T,competence_demand,crossref,ship repair engineer education learning outcomes curriculum qualification,150,0,0,0,true,aa52b3c94a913b6c973174798da373a79b2a2d5bd3b0aa3123ddda84140f02b9,2026-07-25T23:04:43+00:00,bound
Q_SHIP_REPAIR_COMP_002,ship_repair,Ship Repair,T,MARITIME,T,competence_demand,openalex,ship repair engineer education learning outcomes curriculum qualification,128,128,105,128,false,,,bound
Q_SHIP_REPAIR_COMP_002,ship_repair,Ship Repair,T,MARITIME,T,competence_demand,scopus,ship repair engineer education learning outcomes curriculum qualification,0,0,0,0,true,8afe6ad301b1a67710c1db20fc5ce94d945fd6e35db8ecab1b7c8d091fb993ba,2026-07-25T23:04:43+00:00,bound
Q_SHIP_REPAIR_COMP_002,ship_repair,Ship Repair,T,MARITIME,T,competence_demand,wos,ship repair engineer education learning outcomes curriculum qualification,0,0,0,0,false,,,bound
Q_SHIP_REPAIR_CORE_001,ship_repair,Ship Repair,T,MARITIME,T,core_sector,crossref,ship repair shipyard workforce skills training,150,73,73,73,true,5b40dbca2f30cd5a2c2b163378443f1d84666fef69bfc5b94f6e37a10c6803c8,2026-07-25T23:04:43+00:00,bound
Q_SHIP_REPAIR_CORE_001,ship_repair,Ship Repair,T,MARITIME,T,core_sector,openalex,ship repair shipyard workforce skills training,150,150,136,150,false,,,bound
Q_SHIP_REPAIR_CORE_001,ship_repair,Ship Repair,T,MARITIME,T,core_sector,scopus,ship repair shipyard workforce skills training,5,2,2,2,true,249f2e3837add2bf63478529f6dd82895ee5362a95488df55e400045a8c2a814,2026-07-25T23:04:43+00:00,bound
Q_SHIP_REPAIR_CORE_001,ship_repair,Ship Repair,T,MARITIME,T,core_sector,web of science (clarivate),ship repair shipyard workforce skills training,2,0,2,0,false,,,bound
Q_SHIP_REPAIR_CORE_001,ship_repair,Ship Repair,T,MARITIME,T,core_sector,wos,ship repair shipyard workforce skills training,2,2,0,2,false,,,bound
Q_SHIP_REPAIR_CORE_002,ship_repair,Ship Repair,T,MARITIME,T,core_sector,crossref,ship retrofit decarbonization maintenance governance,150,88,88,88,true,c122de14023f8288db793cf4746789756f0c6a2e793c0e22d5f904d1505ddf7f,2026-07-25T23:04:43+00:00,bound
Q_SHIP_REPAIR_CORE_002,ship_repair,Ship Repair,T,MARITIME,T,core_sector,openalex,ship retrofit decarbonization maintenance governance,150,150,135,150,false,,,bound
Q_SHIP_REPAIR_CORE_002,ship_repair,Ship Repair,T,MARITIME,T,core_sector,scopus,ship retrofit decarbonization maintenance governance,0,0,0,0,true,737581c12f192ce5b55c460d569a660aff90322ca175c78856474a96546855ab,2026-07-25T23:04:43+00:00,bound
Q_SHIP_REPAIR_CORE_002,ship_repair,Ship Repair,T,MARITIME,T,core_sector,wos,ship retrofit decarbonization maintenance governance,0,0,0,0,false,,,bound
Q_SHIP_REPAIR_CORE_003,ship_repair,Ship Repair,T,MARITIME,T,core_sector,crossref,maritime repair supply chain safety standards,150,0,0,0,true,6dfba52b90b08caa224a01f0ae06dfee4c1d622b1f76d4fe634c7455c51af0d8,2026-07-25T23:04:43+00:00,bound
Q_SHIP_REPAIR_CORE_003,ship_repair,Ship Repair,T,MARITIME,T,core_sector,openalex,maritime repair supply chain safety standards,150,150,126,150,false,,,bound
Q_SHIP_REPAIR_CORE_003,ship_repair,Ship Repair,T,MARITIME,T,core_sector,scopus,maritime repair supply chain safety standards,0,0,0,0,true,362d2f950cd370ac5c203c03576a1e5ba6da8fb9d99fd778fc507b46edc7c80c,2026-07-25T23:04:43+00:00,bound
Q_SHIP_REPAIR_CORE_003,ship_repair,Ship Repair,T,MARITIME,T,core_sector,wos,maritime repair supply chain safety standards,0,0,0,0,false,,,bound
Q_SHIP_REPAIR_EMRG_001,ship_repair,Ship Repair,T,MARITIME,T,emerging_demand,crossref,ship repair AI digital twin autonomous systems resilience,150,0,0,0,true,a34682341f964746e15160f2717bd8aa7549499317a2a4f433357695f9f2576b,2026-07-25T23:04:43+00:00,bound
Q_SHIP_REPAIR_EMRG_001,ship_repair,Ship Repair,T,MARITIME,T,emerging_demand,openalex,ship repair AI digital twin autonomous systems resilience,150,150,139,150,false,,,bound
Q_SHIP_REPAIR_EMRG_001,ship_repair,Ship Repair,T,MARITIME,T,emerging_demand,scopus,ship repair AI digital twin autonomous systems resilience,0,0,0,0,true,c0b8515d573f2c00ad184d3575f1cba36f33f9b0e94807486560862fb55ba67f,2026-07-25T23:04:43+00:00,bound
Q_SHIP_REPAIR_EMRG_001,ship_repair,Ship Repair,T,MARITIME,T,emerging_demand,wos,ship repair AI digital twin autonomous systems resilience,0,0,0,0,false,,,bound
Q_SHIP_REPAIR_EMRG_002,ship_repair,Ship Repair,O,OCEANIC,O,emerging_demand,crossref,ship retrofit just transition climate adaptation marine governance safety,150,0,0,0,true,cb106ca86e519c6a7ee115af11c1ab21f98657f3620a57f21a756b98cd4ff503,2026-07-25T23:04:43+00:00,bound
Q_SHIP_REPAIR_EMRG_002,ship_repair,Ship Repair,O,OCEANIC,O,emerging_demand,openalex,ship retrofit just transition climate adaptation marine governance safety,147,147,124,147,false,,,bound
Q_SHIP_REPAIR_EMRG_002,ship_repair,Ship Repair,O,OCEANIC,O,emerging_demand,scopus,ship retrofit just transition climate adaptation marine governance safety,0,0,0,0,true,fa246fa95690477a597c67e9cce2c286ef24a5c2f406c71c21f2157d227ecb2f,2026-07-25T23:04:43+00:00,bound
Q_SHIP_REPAIR_EMRG_002,ship_repair,Ship Repair,O,OCEANIC,O,emerging_demand,wos,ship retrofit just transition climate adaptation marine governance safety,0,0,0,0,false,,,bound
Q_SHIP_REPAIR_HYP_001,ship_repair,Ship Repair,T,MARITIME,T,hypothesis_verification,crossref,ship repair maritimisation marinization oceanisation hydrosocial de-base-re hypothesis verification indicators,150,145,145,145,true,8a075a41d1ed22f8e1668f0681e04e4895939cfc000384fb63d193787e1698d9,2026-07-25T23:04:43+00:00,bound
Q_SHIP_REPAIR_HYP_001,ship_repair,Ship Repair,T,MARITIME,T,hypothesis_verification,openalex,ship repair maritimisation marinization oceanisation hydrosocial de-base-re hypothesis verification indicators,0,0,0,0,false,,,bound
Q_SHIP_REPAIR_HYP_001,ship_repair,Ship Repair,T,MARITIME,T,hypothesis_verification,scopus,ship repair maritimisation marinization oceanisation hydrosocial de-base-re hypothesis verification indicators,0,0,0,0,true,48be4c458d4959e2fc95c4d747be69a6ade085d87f96692f20df087d563db897,2026-07-25T23:04:43+00:00,bound
Q_SHIP_REPAIR_HYP_001,ship_repair,Ship Repair,T,MARITIME,T,hypothesis_verification,wos,ship repair maritimisation marinization oceanisation hydrosocial de-base-re hypothesis verification indicators,0,0,0,0,false,,,bound
Q_SHIP_REPAIR_THY_001,ship_repair,Ship Repair,O,OCEANIC,O,theory_translation,crossref,ship repair qmbd axis translation marine maritime oceanic hydronization theory terms taxonomy mapping,150,146,146,146,true,ffeb1c2764ed00bfcdc1b23097df057b1cc8ee3e73c885ed56152961bdc1556c,2026-07-25T23:04:43+00:00,bound
Q_SHIP_REPAIR_THY_001,ship_repair,Ship Repair,O,OCEANIC,O,theory_translation,openalex,ship repair qmbd axis translation marine maritime oceanic hydronization theory terms taxonomy mapping,0,0,0,0,false,,,bound
Q_SHIP_REPAIR_THY_001,ship_repair,Ship Repair,O,OCEANIC,O,theory_translation,scopus,ship repair qmbd axis translation marine maritime oceanic hydronization theory terms taxonomy mapping,0,0,0,0,true,de485f90a4df5ae6bed06d7bd5fbcdb84f9e06f9989c170ee23456a3c78c813a,2026-07-25T23:04:43+00:00,bound
Q_SHIP_REPAIR_THY_001,ship_repair,Ship Repair,O,OCEANIC,O,theory_translation,wos,ship repair qmbd axis translation marine maritime oceanic hydronization theory terms taxonomy mapping,0,0,0,0,false,,,bound
Q_SHIP_REPAIR_VAL_001,ship_repair,Ship Repair,T,MARITIME,T,validation_eqf_translation,crossref,ship repair EQF qualification framework micro-credential learning outcomes,150,0,0,0,true,038b914dd2cba6eccbf2a437c9fb7b6887146384ce56cf855c377f8bfb0151e6,2026-07-25T23:04:43+00:00,bound
Q_SHIP_REPAIR_VAL_001,ship_repair,Ship Repair,T,MARITIME,T,validation_eqf_translation,openalex,ship repair EQF qualification framework micro-credential learning outcomes,1,1,1,1,false,,,bound
Q_SHIP_REPAIR_VAL_001,ship_repair,Ship Repair,T,MARITIME,T,validation_eqf_translation,scopus,ship repair EQF qualification framework micro-credential learning outcomes,0,0,0,0,true,47b5d9eb5d97cb502ca7e01a8ea6e4594a7abdc7d8a64759ad80575a99a248c4,2026-07-25T23:04:43+00:00,bound
Q_SHIP_REPAIR_VAL_001,ship_repair,Ship Repair,T,MARITIME,T,validation_eqf_translation,wos,ship repair EQF qualification framework micro-credential learning outcomes,0,0,0,0,false,,,bound
